{"ok":1,"data":{"cardlistInfo":{"containerid":"1076031401527553","v_p":42,"show_style":1,"total":15518,"page":50},"cards":[{"card_type":9,"itemid":"1076031401527553_-_3516963202862312","scheme":"https:\/\/m.weibo.cn\/status\/z77i0c0Ck?mblogid=z77i0c0Ck&luicode=10000011&lfid=1076031401527553","mblog":{"created_at":"2012-11-27","id":"3516963202862312","idstr":"3516963202862312","mid":"3516963202862312","can_edit":false,"text":"\u5f20\u98de\u65a5\u5415\u5e03\u4e3a\u201c\u4e09\u59d3\u5bb6\u5974\u201d\uff0c\u5415\u5e03\u5a07\u55d4\u9053\uff1a\u201c\u5974\u5bb6\u5bf9\u6bcf\u4e2a\u4e3b\u516c\u90fd\u662f\u771f\u5fc3\u7684\u201d\u3002\u6b7b\u4e8e\u767d\u95e8\u697c\u540e\uff0c\u4e00\u70b9\u7cbe\u9b42\u98d8\u8361800\u5e74\uff0c\u6295\u80ce\u5230\u5927\u7406\u6bb5\u5bb6\uff0c\u7559\u4e0b\u540d\u8a00\uff1a\u201c\u4f60\u4eec\u6bcf\u4e00\u4e2a\u6211\u90fd\u7231\u201d\u3002\u6bb5\u6b63\u6df3\u6b7b\u540e\u4e3a\u62a5\u4f17\u5973\u5b50\u4e4b\u6069\u60c5\uff0c\u5c06\u9b42\u9b44\u6563\u4f5c\u5343\u4e07\u7f15\uff0c\u5404\u81ea\u6258\u751f\u3002","source":"\u5fae\u535a weibo.com","favorited":false,"is_paid":false,"mblog_vip_type":0,"user":{"id":1401527553,"screen_name":"tombkeeper","profile_image_url":"https:\/\/tva2.sinaimg.cn\/crop.0.0.180.180.180\/53899d01jw8fcb9qpe7vbj2050050mx8.jpg","profile_url":"https:\/\/m.weibo.cn\/u\/1401527553?uid=1401527553&luicode=10000011&lfid=1076031401527553","statuses_count":15425,"verified":true,"verified_type":0,"verified_type_ext":1,"verified_reason":"\u77e5\u540d\u4e92\u8054\u7f51\u8d44\u8baf\u535a\u4e3b","close_blue_v":false,"description":"\u5fae\u535a\u672c\u5730\u8d44\u8baf\u535a\u4e3b\uff08\u521a\u679c\u5e03\u62c9\u67f4\u7ef4\u5c14\uff09","gender":"m","mbtype":12,"urank":48,"mbrank":6,"follow_me":false,"following":false,"followers_count":192533,"follow_count":277,"cover_image_phone":"https:\/\/tva1.sinaimg.cn\/crop.0.0.640.640.640\/549d0121tw1egm1kjly3jj20hs0hsq4f.jpg","avatar_hd":"https:\/\/ww2.sinaimg.cn\/orj480\/53899d01jw8fcb9qpe7vbj2050050mx8.jpg","like":false,"like_me":false,"badge":{"bind_taobao":1,"dzwbqlx_2016":1,"follow_whitelist_video":1,"hongbao_2018":1}},"retweeted_status":{"created_at":"2012-11-27","id":"3516957732886767","idstr":"3516957732886767","mid":"3516957732886767","can_edit":false,"text":"\u90a3\u4e9b\u603b\u5bf9\u6211\u8bf4\u300c\u8001\u4e1c\u5bb6\u300d\u8fd9\u4e2a\u8bcd\u513f\u7684\u4eba\uff0c\u4f60\u4eec\u4e0a\u8f88\u5b50\u662f\u505a\u957f\u5de5\u7684\u4e48? \u200b\u200b\u200b","source":"\u5fae\u535a weibo.com","favorited":false,"is_paid":false,"mblog_vip_type":0,"user":{"id":1577826897,"screen_name":"Fenng","profile_image_url":"https:\/\/tva3.sinaimg.cn\/crop.0.0.750.750.180\/5e0bba51jw8eznr420aofj20ku0kudgf.jpg","profile_url":"https:\/\/m.weibo.cn\/u\/1577826897?uid=1577826897&luicode=10000011&lfid=1076031401527553","statuses_count":25422,"verified":true,"verified_type":0,"verified_type_ext":1,"verified_reason":"\u300c\u5c0f\u9053\u6d88\u606f\u300d\u51fa\u54c1\u4eba","close_blue_v":false,"description":"\u624b\u827a\u4eba\uff0c\u5199\u5b57\u513f\u7684\u3002\u505a\u8fc7\u4e0d\u4f1a\u5199\u4ee3\u7801\u7684\u6c34\u8d27 CTO\u3002\u73b0\u5728\u6b63\u5728\u521b\u4e1a\u3002","gender":"m","mbtype":12,"urank":48,"mbrank":7,"follow_me":false,"following":false,"followers_count":1825690,"follow_count":3629,"cover_image_phone":"https:\/\/tva1.sinaimg.cn\/crop.0.0.640.640.640\/9d44112bjw1f1xl1c10tuj20hs0hs0tw.jpg","avatar_hd":"https:\/\/ww3.sinaimg.cn\/orj480\/5e0bba51jw8eznr420aofj20ku0kudgf.jpg","like":false,"like_me":false,"badge":{"bind_taobao":1,"self_media":1,"dzwbqlx_2016":1,"follow_whitelist_video":1,"hongbao_2018":1,"user_name_certificate":1}},"reposts_count":17,"comments_count":29,"attitudes_count":1,"pending_approval_count":0,"isLongText":false,"visible":{"type":0,"list_id":0},"more_info_type":0,"content_auth":0,"edit_config":{"edited":false},"bid":"z779bc6YL"},"reposts_count":4,"comments_count":2,"attitudes_count":0,"pending_approval_count":0,"isLongText":false,"visible":{"type":0,"list_id":0},"more_info_type":0,"content_auth":0,"edit_config":{"edited":false},"mblogtype":0,"obj_ext":"","raw_text":"\u5f20\u98de\u65a5\u5415\u5e03\u4e3a\u201c\u4e09\u59d3\u5bb6\u5974\u201d\uff0c\u5415\u5e03\u5a07\u55d4\u9053\uff1a\u201c\u5974\u5bb6\u5bf9\u6bcf\u4e2a\u4e3b\u516c\u90fd\u662f\u771f\u5fc3\u7684\u201d\u3002\u6b7b\u4e8e\u767d\u95e8\u697c\u540e\uff0c\u4e00\u70b9\u7cbe\u9b42\u98d8\u8361800\u5e74\uff0c\u6295\u80ce\u5230\u5927\u7406\u6bb5\u5bb6\uff0c\u7559\u4e0b\u540d\u8a00\uff1a\u201c\u4f60\u4eec\u6bcf\u4e00\u4e2a\u6211\u90fd\u7231\u201d\u3002\u6bb5\u6b63\u6df3\u6b7b\u540e\u4e3a\u62a5\u4f17\u5973\u5b50\u4e4b\u6069\u60c5\uff0c\u5c06\u9b42\u9b44\u6563\u4f5c\u5343\u4e07\u7f15\uff0c\u5404\u81ea\u6258\u751f\u3002","bid":"z77i0c0Ck"},"show_type":0},{"card_type":9,"itemid":"1076031401527553_-_3516962572977078","scheme":"https:\/\/m.weibo.cn\/status\/z77gZcuto?mblogid=z77gZcuto&luicode=10000011&lfid=1076031401527553","mblog":{"created_at":"2012-11-27","id":"3516962572977078","idstr":"3516962572977078","mid":"3516962572977078","can_edit":false,"text":"\u6211\u89c9\u5f97\u6709\u51e0\u4e2a\u53ef\u80fd\uff1a1\u3001\u5373\u4f7f\u572822\u4e2a\u534a\u8870\u671f\u4e4b\u540e\uff0c\u6b8b\u5b58\u7684\u948b210\u4ecd\u53ef\u80fd\u88ab\u8d28\u8c31\u4eea\u68c0\u6d4b\u51fa\u6765\u30022\u3001\u68c0\u6d4b\u6b8b\u5b58\u948b210\u53d1\u51fa\u7684\u963f\u5c14\u6cd5\u5c04\u7ebf\u30023\u3001\u948b210\u8870\u53d8\u6210\u94c5206\uff0c\u4f1a\u4f7f\u8eab\u4f53\u4e2d\u94c5206\u4e30\u5ea6\u504f\u9ad8\u3002 \/\/<a href='https:\/\/m.weibo.cn\/n\/\u7834\u7834\u7684\u6865'>@\u7834\u7834\u7684\u6865<\/a>: \u5c31\u948b\u8fd9\u534a\u8870\u671f\uff0c04\u5e74\u4ee5\u524d\u7684\u8863\u7269\u91cc\uff0c\u8fd8\u80fd\u68c0\u51fa\u5565\u3002\u3002\u3002","source":"\u5fae\u535a weibo.com","favorited":false,"is_paid":false,"mblog_vip_type":0,"user":{"id":1401527553,"screen_name":"tombkeeper","profile_image_url":"https:\/\/tva2.sinaimg.cn\/crop.0.0.180.180.180\/53899d01jw8fcb9qpe7vbj2050050mx8.jpg","profile_url":"https:\/\/m.weibo.cn\/u\/1401527553?uid=1401527553&luicode=10000011&lfid=1076031401527553","statuses_count":15425,"verified":true,"verified_type":0,"verified_type_ext":1,"verified_reason":"\u77e5\u540d\u4e92\u8054\u7f51\u8d44\u8baf\u535a\u4e3b","close_blue_v":false,"description":"\u5fae\u535a\u672c\u5730\u8d44\u8baf\u535a\u4e3b\uff08\u521a\u679c\u5e03\u62c9\u67f4\u7ef4\u5c14\uff09","gender":"m","mbtype":12,"urank":48,"mbrank":6,"follow_me":false,"following":false,"followers_count":192533,"follow_count":277,"cover_image_phone":"https:\/\/tva1.sinaimg.cn\/crop.0.0.640.640.640\/549d0121tw1egm1kjly3jj20hs0hsq4f.jpg","avatar_hd":"https:\/\/ww2.sinaimg.cn\/orj480\/53899d01jw8fcb9qpe7vbj2050050mx8.jpg","like":false,"like_me":false,"badge":{"bind_taobao":1,"dzwbqlx_2016":1,"follow_whitelist_video":1,"hongbao_2018":1}},"pid":3516958245017077,"retweeted_status":{"created_at":"2012-11-27","id":"3516957003231934","idstr":"3516957003231934","mid":"3516957003231934","can_edit":false,"text":"\u3010\u963f\u62c9\u6cd5\u7279\u7075\u67e9\u5df2\u6253\u5f00 \u4e13\u5bb6\u6b63\u53d6\u51fa\u5176\u9057\u9aa8\u3011\u636e\u5df4\u52d2\u65af\u5766\u6d88\u606f\u4eba\u58eb\u4eca\u65e5\u900f\u9732\uff0c\u5df4\u52d2\u65af\u5766\u524d\u9886\u5bfc\u4eba\u963f\u62c9\u6cd5\u7279\u7075\u67e9\u5df2\u7ecf\u6253\u5f00\uff0c\u4e13\u5bb6\u6b63\u53d6\u51fa\u963f\u62c9\u6cd5\u7279\u9057\u9aa8\uff0c\u5e76\u63d0\u53d6\u6837\u54c1\u4ee5\u5907\u8c03\u67e5\u6b7b\u56e0\u3002\u963f\u62c9\u6cd5\u72792004\u5e74\u53bb\u4e16\uff0c\u4eca\u5e747\u6708\uff0c\u745e\u58eb\u4e00\u5bb6\u7814\u7a76\u6240\u4ece\u5176\u751f\u524d\u8863\u7269\u68c0\u6d4b\u51fa\u9ad8\u653e\u5c04\u6027\u7269\u8d28\u948b\uff0c\u5f15\u53d1\u963f\u62c9\u6cd5\u7279\u53ef\u80fd\u4e2d\u6bd2\u8eab\u4ea1\u731c\u6d4b\u3002<a data-url=\"http:\/\/t.cn\/zjqhDpI\" href=\"http:\/\/news.sina.com.cn\/w\/2012-11-27\/123525672741.shtml?luicode=10000011&lfid=1076031401527553&ep=z7780dyLY%252C1618051664%252Cz7780dyLY%252C1618051664\" data-hide=\"\"><span class=\"url-icon\"><img src=\"\/\/h5.sinaimg.cn\/upload\/2015\/09\/25\/3\/timeline_card_small_web_default.png\"><\/span><\/i><span class=\"surl-text\">\u963f\u62c9\u6cd5\u7279\u7075\u67e9\u5df2\u7ecf\u6253\u5f00 \u4e13\u5bb6\u6b63\u53d6\u51fa\u5176\u9057\u9aa8<\/a> \u200b\u200b\u200b","source":"\u5fae\u535a weibo.com","favorited":false,"thumbnail_pic":"http:\/\/ww2.sinaimg.cn\/thumbnail\/60718250jw1dz9i1joo8pj.jpg","bmiddle_pic":"http:\/\/ww2.sinaimg.cn\/bmiddle\/60718250jw1dz9i1joo8pj.jpg","original_pic":"http:\/\/ww2.sinaimg.cn\/large\/60718250jw1dz9i1joo8pj.jpg","is_paid":false,"mblog_vip_type":0,"user":{"id":1618051664,"screen_name":"\u5934\u6761\u65b0\u95fb","profile_image_url":"https:\/\/tvax2.sinaimg.cn\/crop.18.21.500.500.180\/60718250ly1fe7kog3jroj20f00f03zj.jpg","profile_url":"https:\/\/m.weibo.cn\/u\/1618051664?uid=1618051664&luicode=10000011&lfid=1076031401527553","statuses_count":136522,"verified":true,"verified_type":3,"verified_type_ext":0,"verified_reason":"\u65b0\u6d6a\u65b0\u95fb\u4e2d\u5fc324\u5c0f\u65f6\u64ad\u62a5\u5168\u7403\u91cd\u5927\u65b0\u95fb","close_blue_v":false,"description":"\u6bcf\u65e5\u64ad\u62a5\u5168\u7403\u5404\u7c7b\u91cd\u8981\u8d44\u8baf\u3001\u7a81\u53d1\u65b0\u95fb\uff0c\u5168\u592924\u5c0f\u65f6\u5373\u65f6\u53d1\u5e03\u3002\u6b22\u8fce\u62a5\u6599\u3001\u6295\u7a3f\uff0c\u8bf7\u53d1\u79c1\u4fe1\u6216\u8005\u90ae\u4ef6\uff1axlttnews@vip.sina.com\u3002","gender":"f","mbtype":2,"urank":45,"mbrank":4,"follow_me":false,"following":false,"followers_count":52654315,"follow_count":1168,"cover_image_phone":"https:\/\/tva1.sinaimg.cn\/crop.0.0.640.640.640\/549d0121tw1egm1kjly3jj20hs0hsq4f.jpg","avatar_hd":"https:\/\/wx2.sinaimg.cn\/orj480\/60718250ly1fe7kog3jroj20f00f03zj.jpg","like":false,"like_me":false,"badge":{"enterprise":1,"zongyiji":1,"dzwbqlx_2016":1,"follow_whitelist_video":1,"hongbao_2018":1}},"reposts_count":468,"comments_count":273,"attitudes_count":7,"pending_approval_count":0,"isLongText":false,"visible":{"type":0,"list_id":0},"more_info_type":0,"content_auth":0,"edit_config":{"edited":false},"bid":"z7780dyLY","pics":[{"pid":"60718250jw1dz9i1joo8pj","url":"https:\/\/ww2.sinaimg.cn\/orj360\/60718250jw1dz9i1joo8pj.jpg","size":"orj360","geo":false,"large":{"size":"large","url":"https:\/\/ww2.sinaimg.cn\/large\/60718250jw1dz9i1joo8pj.jpg","geo":false}}]},"reposts_count":2,"comments_count":4,"attitudes_count":0,"pending_approval_count":0,"isLongText":false,"visible":{"type":0,"list_id":0},"more_info_type":0,"content_auth":0,"edit_config":{"edited":false},"mblogtype":0,"obj_ext":"","raw_text":"\u6211\u89c9\u5f97\u6709\u51e0\u4e2a\u53ef\u80fd\uff1a1\u3001\u5373\u4f7f\u572822\u4e2a\u534a\u8870\u671f\u4e4b\u540e\uff0c\u6b8b\u5b58\u7684\u948b210\u4ecd\u53ef\u80fd\u88ab\u8d28\u8c31\u4eea\u68c0\u6d4b\u51fa\u6765\u30022\u3001\u68c0\u6d4b\u6b8b\u5b58\u948b210\u53d1\u51fa\u7684\u963f\u5c14\u6cd5\u5c04\u7ebf\u30023\u3001\u948b210\u8870\u53d8\u6210\u94c5206\uff0c\u4f1a\u4f7f\u8eab\u4f53\u4e2d\u94c5206\u4e30\u5ea6\u504f\u9ad8\u3002 \/\/@\u7834\u7834\u7684\u6865: \u5c31\u948b\u8fd9\u534a\u8870\u671f\uff0c04\u5e74\u4ee5\u524d\u7684\u8863\u7269\u91cc\uff0c\u8fd8\u80fd\u68c0\u51fa\u5565\u3002\u3002\u3002","bid":"z77gZcuto"},"show_type":0},{"card_type":9,"itemid":"1076031401527553_-_3516926325819615","scheme":"https:\/\/m.weibo.cn\/status\/z76kwopWL?mblogid=z76kwopWL&luicode=10000011&lfid=1076031401527553","mblog":{"created_at":"2012-11-27","id":"3516926325819615","idstr":"3516926325819615","mid":"3516926325819615","can_edit":false,"text":"\u817e\u8baf\u8bdd\u9898\uff1a\u300a\u8089\u9e2145\u5929&quot;\u901f\u6210&quot;\u6709\u4f55\u4e0d\u53ef\uff1f\u300b<a data-url=\"http:\/\/t.cn\/zjGnZOV\" target=\"_blank\" href=\"https:\/\/weibo.cn\/sinaurl\/blockedca013e84?luicode=10000011&lfid=1076031401527553&u=http%3A%2F%2Fview.news.qq.com%2Fzt2012%2Fchicken%2Findex.htm&ep=z76kwopWL%252C1401527553%252Cz76kwopWL%252C1401527553\" class=\"\"><span class=\"url-icon\"><img src=\"\/\/h5.sinaimg.cn\/upload\/2015\/09\/25\/3\/timeline_card_small_web_default.png\"><\/span><\/i><span class=\"surl-text\">\u7f51\u9875\u94fe\u63a5<\/a>\u3002\u4f5c\u4e3a\u5a92\u4f53\uff0c\u4e0d\u5a9a\u4e0a\u96be\u5f97\uff0c\u4e0d\u5a9a\u4e0b\u5219\u5c24\u4e3a\u96be\u5f97\u3002 \u200b\u200b\u200b","source":"\u5fae\u535a weibo.com","favorited":false,"is_paid":false,"mblog_vip_type":0,"user":{"id":1401527553,"screen_name":"tombkeeper","profile_image_url":"https:\/\/tva2.sinaimg.cn\/crop.0.0.180.180.180\/53899d01jw8fcb9qpe7vbj2050050mx8.jpg","profile_url":"https:\/\/m.weibo.cn\/u\/1401527553?uid=1401527553&luicode=10000011&lfid=1076031401527553","statuses_count":15425,"verified":true,"verified_type":0,"verified_type_ext":1,"verified_reason":"\u77e5\u540d\u4e92\u8054\u7f51\u8d44\u8baf\u535a\u4e3b","close_blue_v":false,"description":"\u5fae\u535a\u672c\u5730\u8d44\u8baf\u535a\u4e3b\uff08\u521a\u679c\u5e03\u62c9\u67f4\u7ef4\u5c14\uff09","gender":"m","mbtype":12,"urank":48,"mbrank":6,"follow_me":false,"following":false,"followers_count":192533,"follow_count":277,"cover_image_phone":"https:\/\/tva1.sinaimg.cn\/crop.0.0.640.640.640\/549d0121tw1egm1kjly3jj20hs0hsq4f.jpg","avatar_hd":"https:\/\/ww2.sinaimg.cn\/orj480\/53899d01jw8fcb9qpe7vbj2050050mx8.jpg","like":false,"like_me":false,"badge":{"bind_taobao":1,"dzwbqlx_2016":1,"follow_whitelist_video":1,"hongbao_2018":1}},"reposts_count":68,"comments_count":23,"attitudes_count":0,"pending_approval_count":0,"isLongText":false,"visible":{"type":0,"list_id":0},"more_info_type":0,"content_auth":0,"edit_config":{"edited":false},"mblogtype":0,"bid":"z76kwopWL"},"show_type":0},{"card_type":9,"itemid":"1076031401527553_-_3516917065176924","scheme":"https:\/\/m.weibo.cn\/status\/z765AlIKM?mblogid=z765AlIKM&luicode=10000011&lfid=1076031401527553","mblog":{"created_at":"2012-11-27","id":"3516917065176924","idstr":"3516917065176924","mid":"3516917065176924","can_edit":false,"text":"\u6709\u4e00\u4e2a\u5f88\u7b80\u5355\u7684\u9053\u7406\uff1a\u6709\u4eba\u8bf4\u201c\u6211\u7231\u4f60\u201d\uff0c\u53ef\u80fd\u662f\u771f\u7231\uff0c\u4e5f\u53ef\u80fd\u53ea\u662f\u60f3\u6027\u4ea4\uff1b\u6709\u4eba\u8bf4\u201c\u6211\u7231\u56fd\u201d\uff0c\u53ef\u80fd\u662f\u771f\u7231\uff0c\u4e5f\u53ef\u80fd\u662f\u56e0\u4e3a\u522b\u7684\u3002\u6240\u4ee5\uff0c\u505a\u5229\u5bb3\u5224\u65ad\u7684\u65f6\u5019\uff0c\u6700\u597d\u8fd8\u662f\u4ee5\u5ba2\u89c2\u53ef\u5ea6\u91cf\u7684\u4e8b\u7269\u4e3a\u6807\u5c3a\uff0c\u4e0d\u80fd\u56e0\u4e3a\u4e00\u53e5\u201c\u6211\u7231\u4f60\u201d\u5c31\u8ddf\u4eba\u6027\u4ea4\u3002\u53e6\u5916\uff0c\u6211\u89c9\u5f97\u5979\u7684\u8868\u60c5\u52a8\u4f5c\u4e0d\u662f\u5f88\u81ea\u7136\uff0c\u6709\u6539\u8fdb\u7684\u7a7a\u95f4\u3002<a data-url=\"http:\/\/t.cn\/zjbQMK8\" target=\"_blank\" href=\"http:\/\/weibo.cn\/sinaurl\/blocked9fd3d97c?url=http%3A%2F%2Fv.ifeng.com%2Fnews%2Fsociety%2F201211%2F37c212bc-adf6-4844-b32a-0c99c0706025.shtml&sinainternalbrowser=topnav&share_menu=1&url_type=39&object_type=video&pos=1&luicode=10000011&lfid=1076031401527553&u=http%3A%2F%2Fv.ifeng.com%2Fnews%2Fsociety%2F201211%2F37c212bc-adf6-4844-b32a-0c99c0706025.shtml&ep=z765AlIKM%252C1401527553%252Cz765AlIKM%252C1401527553\" class=\"\"><span class=\"url-icon\"><img src=\"https:\/\/h5.sinaimg.cn\/upload\/2015\/09\/25\/3\/timeline_card_small_video_default.png\"><\/span><\/i><span class=\"surl-text\">\u5f20\u5170\u5927\u8c08\u6548\u5fe0\u56fd\u5bb6 \u79f0\u79fb\u6c11\u6d77\u5916\u7684\u4eba\u4e0d\u7231\u56fd<\/a> \u200b\u200b\u200b","source":"\u5fae\u535a weibo.com","favorited":false,"is_paid":false,"mblog_vip_type":0,"user":{"id":1401527553,"screen_name":"tombkeeper","profile_image_url":"https:\/\/tva2.sinaimg.cn\/crop.0.0.180.180.180\/53899d01jw8fcb9qpe7vbj2050050mx8.jpg","profile_url":"https:\/\/m.weibo.cn\/u\/1401527553?uid=1401527553&luicode=10000011&lfid=1076031401527553","statuses_count":15425,"verified":true,"verified_type":0,"verified_type_ext":1,"verified_reason":"\u77e5\u540d\u4e92\u8054\u7f51\u8d44\u8baf\u535a\u4e3b","close_blue_v":false,"description":"\u5fae\u535a\u672c\u5730\u8d44\u8baf\u535a\u4e3b\uff08\u521a\u679c\u5e03\u62c9\u67f4\u7ef4\u5c14\uff09","gender":"m","mbtype":12,"urank":48,"mbrank":6,"follow_me":false,"following":false,"followers_count":192533,"follow_count":277,"cover_image_phone":"https:\/\/tva1.sinaimg.cn\/crop.0.0.640.640.640\/549d0121tw1egm1kjly3jj20hs0hsq4f.jpg","avatar_hd":"https:\/\/ww2.sinaimg.cn\/orj480\/53899d01jw8fcb9qpe7vbj2050050mx8.jpg","like":false,"like_me":false,"badge":{"bind_taobao":1,"dzwbqlx_2016":1,"follow_whitelist_video":1,"hongbao_2018":1}},"reposts_count":10,"comments_count":11,"attitudes_count":0,"pending_approval_count":0,"isLongText":false,"visible":{"type":0,"list_id":0},"more_info_type":0,"content_auth":0,"edit_config":{"edited":false},"mblogtype":0,"page_info":{"page_pic":{"url":"http:\/\/img.ifeng.com\/itvimg\/\/2012\/11\/26\/3d0e9cb2-97b0-4089-af9a-a8dfbc74b1b6140.jpg"},"page_url":"http:\/\/weibo.cn\/sinaurl\/blockede8c2568b?url=http%3A%2F%2Fv.ifeng.com%2Fnews%2Fsociety%2F201211%2F37c212bc-adf6-4844-b32a-0c99c0706025.shtml&sinainternalbrowser=topnav&share_menu=1&url_type=39&object_type=video&pos=2&luicode=10000011&lfid=1076031401527553&u=http%3A%2F%2Fv.ifeng.com%2Fnews%2Fsociety%2F201211%2F37c212bc-adf6-4844-b32a-0c99c0706025.shtml","page_title":"\u5f20\u5170\u5927\u8c08\u6548\u5fe0\u56fd\u5bb6 \u79f0\u79fb\u6c11\u6d77\u5916\u7684\u4eba\u4e0d\u7231\u56fd","content1":"\u5f20\u5170\u5927\u8c08\u6548\u5fe0\u56fd\u5bb6 \u79f0\u79fb\u6c11\u6d77\u5916\u7684\u4eba\u4e0d\u7231\u56fd","content2":"\u79e6\u8bd7\u6587\u4ece\u63a5\u53e3494\u4e0b\u7ebf\u6570\u636e id:1142450","type":"video","media_info":{"stream_url":""}},"bid":"z765AlIKM"},"show_type":0},{"card_type":9,"itemid":"1076031401527553_-_3516907757568658","scheme":"https:\/\/m.weibo.cn\/status\/z75QzvKX8?mblogid=z75QzvKX8&luicode=10000011&lfid=1076031401527553","mblog":{"created_at":"2012-11-27","id":"3516907757568658","idstr":"3516907757568658","mid":"3516907757568658","can_edit":false,"text":"\u56de\u590d<a href='https:\/\/m.weibo.cn\/n\/\u5e15\u5e15\u7956'>@\u5e15\u5e15\u7956<\/a>: 1\u3001<a class='k' href='https:\/\/m.weibo.cn\/k\/%E4%B8%80%E8%88%AC%E6%9D%A5%E8%AF%B4?from=feed'>#\u4e00\u822c\u6765\u8bf4#<\/a>\uff0c\u4ece\u8bd5\u56fe\u83b7\u5f97\u56fd\u7c4d\u5230\u5b9e\u9645\u53d6\u5f97\u56fd\u7c4d\uff0c\u662f\u4e00\u4e2a\u633a\u957f\u7684\u8fc7\u7a0b\u30022\u3001\u90a3\u671f\u201c\u4e00\u864e\u4e00\u5e2d\u8c08\u201d\u662f2010\u5e747\u6708\u7684\u4e8b\uff0c\u8ddd\u4eca\u4e0d\u8fc7\u4e24\u5e74\u591a\u3002\/\/<a href='https:\/\/m.weibo.cn\/n\/\u5e15\u5e15\u7956'>@\u5e15\u5e15\u7956<\/a>: \u4e5f\u8bb8\u540e\u6765\u89c2\u5ff5\u53d8\u4e86 \u6211\u5927\u5b66\u5bf9\u5f88\u591a\u4e8b\u60c5\u7684\u770b\u6cd5\u8ddf\u73b0\u5728\u4e5f\u662f\u5929\u7ffb\u5730\u8986\u7684 \uff0c\u4e5f\u4e0d\u80fd\u8bf4\u6211\u5f53\u65f6\u7684\u60f3\u6cd5\u662f\u865a\u5047\u7684\uff0c\u4eba\u7684\u89c2\u5ff5\u6539\u53d8\u6709\u65f6\u5c31\u90a3\u4e48\u4e00\u77ac\u95f4","source":"\u5fae\u535a weibo.com","favorited":false,"is_paid":false,"mblog_vip_type":0,"user":{"id":1401527553,"screen_name":"tombkeeper","profile_image_url":"https:\/\/tva2.sinaimg.cn\/crop.0.0.180.180.180\/53899d01jw8fcb9qpe7vbj2050050mx8.jpg","profile_url":"https:\/\/m.weibo.cn\/u\/1401527553?uid=1401527553&luicode=10000011&lfid=1076031401527553","statuses_count":15425,"verified":true,"verified_type":0,"verified_type_ext":1,"verified_reason":"\u77e5\u540d\u4e92\u8054\u7f51\u8d44\u8baf\u535a\u4e3b","close_blue_v":false,"description":"\u5fae\u535a\u672c\u5730\u8d44\u8baf\u535a\u4e3b\uff08\u521a\u679c\u5e03\u62c9\u67f4\u7ef4\u5c14\uff09","gender":"m","mbtype":12,"urank":48,"mbrank":6,"follow_me":false,"following":false,"followers_count":192533,"follow_count":277,"cover_image_phone":"https:\/\/tva1.sinaimg.cn\/crop.0.0.640.640.640\/549d0121tw1egm1kjly3jj20hs0hsq4f.jpg","avatar_hd":"https:\/\/ww2.sinaimg.cn\/orj480\/53899d01jw8fcb9qpe7vbj2050050mx8.jpg","like":false,"like_me":false,"badge":{"bind_taobao":1,"dzwbqlx_2016":1,"follow_whitelist_video":1,"hongbao_2018":1}},"pid":3516756024861716,"retweeted_status":{"created_at":"2012-11-21","id":"3514731493331946","idstr":"3514731493331946","mid":"3514731493331946","can_edit":false,"text":"\u5f53\u6211\u628a\u624b\u653e\u5728\u80f8\u53e3\u4e0a\u65f6\uff0c\u5f53\u8981\u6211\u5ba3\u8a93\u6c38\u8fdc\u5fe0\u8bda\u4e8e\u52a0\u62ff\u5927\u7684\u65f6\u5019\uff0c\u6211\u53d1\u73b0\u6211\u505a\u4e0d\u5230\uff0c\u6211\u53ea\u80fd\u6548\u5fe0\u4e8e\u81ea\u5df1\u7684\u56fd\u5bb6\uff0c\u56e0\u4e3a\u6211\u662f\u4e2d\u56fd\u4eba\u3002---- \u8fd9\u662f\u597d\u4e45\u524d\u770b\u4e00\u864e\u4e00\u5e2d\u8c08\u542c\u5230\u8fc7\u5f88\u6df1\u523b\u7684\u4e00\u53e5\u8bdd\u3002\u8bf4\u8fd9\u53e5\u8bdd\u7684\u4eba\u6b63\u662f\u5f20\u5170\u3002  \u200b\u200b\u200b","source":"iPad\u5ba2\u6237\u7aef","favorited":false,"is_paid":false,"mblog_vip_type":0,"user":{"id":2553172701,"screen_name":"Haha_not_so_much","profile_image_url":"https:\/\/tva1.sinaimg.cn\/crop.0.0.180.180.180\/982e52ddjw1e8qgp5bmzyj2050050aa8.jpg","profile_url":"https:\/\/m.weibo.cn\/u\/2553172701?uid=2553172701&luicode=10000011&lfid=1076031401527553","statuses_count":262,"verified":false,"verified_type":-1,"close_blue_v":false,"description":"","gender":"m","mbtype":0,"urank":21,"mbrank":0,"follow_me":false,"following":false,"followers_count":97,"follow_count":373,"cover_image_phone":"https:\/\/tva1.sinaimg.cn\/crop.0.0.640.640.640\/549d0121tw1egm1kjly3jj20hs0hsq4f.jpg","avatar_hd":"https:\/\/ww1.sinaimg.cn\/orj480\/982e52ddjw1e8qgp5bmzyj2050050aa8.jpg","like":false,"like_me":false,"badge":{"bind_taobao":1,"unread_pool_ext":1,"hongbao_2018":1,"user_name_certificate":1}},"reposts_count":16,"comments_count":5,"attitudes_count":0,"pending_approval_count":0,"isLongText":false,"visible":{"type":0,"list_id":0},"more_info_type":0,"content_auth":0,"edit_config":{"edited":false},"bid":"z6betdYN4"},"reposts_count":3,"comments_count":7,"attitudes_count":2,"pending_approval_count":0,"isLongText":false,"visible":{"type":0,"list_id":0},"more_info_type":0,"content_auth":0,"edit_config":{"edited":false},"mblogtype":0,"obj_ext":"","raw_text":"\u56de\u590d@\u5e15\u5e15\u7956: 1\u3001#\u4e00\u822c\u6765\u8bf4#\uff0c\u4ece\u8bd5\u56fe\u83b7\u5f97\u56fd\u7c4d\u5230\u5b9e\u9645\u53d6\u5f97\u56fd\u7c4d\uff0c\u662f\u4e00\u4e2a\u633a\u957f\u7684\u8fc7\u7a0b\u30022\u3001\u90a3\u671f\u201c\u4e00\u864e\u4e00\u5e2d\u8c08\u201d\u662f2010\u5e747\u6708\u7684\u4e8b\uff0c\u8ddd\u4eca\u4e0d\u8fc7\u4e24\u5e74\u591a\u3002\/\/@\u5e15\u5e15\u7956: \u4e5f\u8bb8\u540e\u6765\u89c2\u5ff5\u53d8\u4e86 \u6211\u5927\u5b66\u5bf9\u5f88\u591a\u4e8b\u60c5\u7684\u770b\u6cd5\u8ddf\u73b0\u5728\u4e5f\u662f\u5929\u7ffb\u5730\u8986\u7684 \uff0c\u4e5f\u4e0d\u80fd\u8bf4\u6211\u5f53\u65f6\u7684\u60f3\u6cd5\u662f\u865a\u5047\u7684\uff0c\u4eba\u7684\u89c2\u5ff5\u6539\u53d8\u6709\u65f6\u5c31\u90a3\u4e48\u4e00\u77ac\u95f4","bid":"z75QzvKX8"},"show_type":0},{"card_type":9,"itemid":"1076031401527553_-_3516756024861716","scheme":"https:\/\/m.weibo.cn\/status\/z71TQkoKM?mblogid=z71TQkoKM&luicode=10000011&lfid=1076031401527553","mblog":{"created_at":"2012-11-26","id":"3516756024861716","idstr":"3516756024861716","mid":"3516756024861716","can_edit":false,"text":"<a data-url=\"http:\/\/t.cn\/zjbRCh4\" target=\"_blank\" href=\"https:\/\/weibo.cn\/sinaurl\/blocked71aa148e?luicode=10000011&lfid=1076031401527553&u=http%3A%2F%2Fnews.163.com%2F12%2F1126%2F06%2F8H7H4JJS00014JB5.html&ep=z71TQkoKM%252C1401527553%252Cz6betdYN4%252C2553172701\" class=\"\"><span class=\"url-icon\"><img src=\"\/\/h5.sinaimg.cn\/upload\/2015\/09\/25\/3\/timeline_card_small_web_default.png\"><\/span><\/i><span class=\"surl-text\">\u7f51\u9875\u94fe\u63a5<\/a>","source":"\u5fae\u535a weibo.com","favorited":false,"is_paid":false,"mblog_vip_type":0,"user":{"id":1401527553,"screen_name":"tombkeeper","profile_image_url":"https:\/\/tva2.sinaimg.cn\/crop.0.0.180.180.180\/53899d01jw8fcb9qpe7vbj2050050mx8.jpg","profile_url":"https:\/\/m.weibo.cn\/u\/1401527553?uid=1401527553&luicode=10000011&lfid=1076031401527553","statuses_count":15425,"verified":true,"verified_type":0,"verified_type_ext":1,"verified_reason":"\u77e5\u540d\u4e92\u8054\u7f51\u8d44\u8baf\u535a\u4e3b","close_blue_v":false,"description":"\u5fae\u535a\u672c\u5730\u8d44\u8baf\u535a\u4e3b\uff08\u521a\u679c\u5e03\u62c9\u67f4\u7ef4\u5c14\uff09","gender":"m","mbtype":12,"urank":48,"mbrank":6,"follow_me":false,"following":false,"followers_count":192533,"follow_count":277,"cover_image_phone":"https:\/\/tva1.sinaimg.cn\/crop.0.0.640.640.640\/549d0121tw1egm1kjly3jj20hs0hsq4f.jpg","avatar_hd":"https:\/\/ww2.sinaimg.cn\/orj480\/53899d01jw8fcb9qpe7vbj2050050mx8.jpg","like":false,"like_me":false,"badge":{"bind_taobao":1,"dzwbqlx_2016":1,"follow_whitelist_video":1,"hongbao_2018":1}},"retweeted_status":{"created_at":"2012-11-21","id":"3514731493331946","idstr":"3514731493331946","mid":"3514731493331946","can_edit":false,"text":"\u5f53\u6211\u628a\u624b\u653e\u5728\u80f8\u53e3\u4e0a\u65f6\uff0c\u5f53\u8981\u6211\u5ba3\u8a93\u6c38\u8fdc\u5fe0\u8bda\u4e8e\u52a0\u62ff\u5927\u7684\u65f6\u5019\uff0c\u6211\u53d1\u73b0\u6211\u505a\u4e0d\u5230\uff0c\u6211\u53ea\u80fd\u6548\u5fe0\u4e8e\u81ea\u5df1\u7684\u56fd\u5bb6\uff0c\u56e0\u4e3a\u6211\u662f\u4e2d\u56fd\u4eba\u3002---- \u8fd9\u662f\u597d\u4e45\u524d\u770b\u4e00\u864e\u4e00\u5e2d\u8c08\u542c\u5230\u8fc7\u5f88\u6df1\u523b\u7684\u4e00\u53e5\u8bdd\u3002\u8bf4\u8fd9\u53e5\u8bdd\u7684\u4eba\u6b63\u662f\u5f20\u5170\u3002  \u200b\u200b\u200b","source":"iPad\u5ba2\u6237\u7aef","favorited":false,"is_paid":false,"mblog_vip_type":0,"user":{"id":2553172701,"screen_name":"Haha_not_so_much","profile_image_url":"https:\/\/tva1.sinaimg.cn\/crop.0.0.180.180.180\/982e52ddjw1e8qgp5bmzyj2050050aa8.jpg","profile_url":"https:\/\/m.weibo.cn\/u\/2553172701?uid=2553172701&luicode=10000011&lfid=1076031401527553","statuses_count":262,"verified":false,"verified_type":-1,"close_blue_v":false,"description":"","gender":"m","mbtype":0,"urank":21,"mbrank":0,"follow_me":false,"following":false,"followers_count":97,"follow_count":373,"cover_image_phone":"https:\/\/tva1.sinaimg.cn\/crop.0.0.640.640.640\/549d0121tw1egm1kjly3jj20hs0hsq4f.jpg","avatar_hd":"https:\/\/ww1.sinaimg.cn\/orj480\/982e52ddjw1e8qgp5bmzyj2050050aa8.jpg","like":false,"like_me":false,"badge":{"bind_taobao":1,"unread_pool_ext":1,"hongbao_2018":1,"user_name_certificate":1}},"reposts_count":16,"comments_count":5,"attitudes_count":0,"pending_approval_count":0,"isLongText":false,"visible":{"type":0,"list_id":0},"more_info_type":0,"content_auth":0,"edit_config":{"edited":false},"bid":"z6betdYN4"},"reposts_count":11,"comments_count":1,"attitudes_count":0,"pending_approval_count":0,"isLongText":false,"visible":{"type":0,"list_id":0},"more_info_type":0,"content_auth":0,"edit_config":{"edited":false},"mblogtype":0,"obj_ext":"","raw_text":"http:\/\/t.cn\/zjbRCh4","bid":"z71TQkoKM"},"show_type":0},{"card_type":9,"itemid":"1076031401527553_-_3516755676346107","scheme":"https:\/\/m.weibo.cn\/status\/z71ThqCUz?mblogid=z71ThqCUz&luicode=10000011&lfid=1076031401527553","mblog":{"created_at":"2012-11-26","id":"3516755676346107","idstr":"3516755676346107","mid":"3516755676346107","can_edit":false,"text":"<a data-url=\"http:\/\/t.cn\/zjbRCh4\" target=\"_blank\" href=\"https:\/\/weibo.cn\/sinaurl\/blocked71aa148e?luicode=10000011&lfid=1076031401527553&u=http%3A%2F%2Fnews.163.com%2F12%2F1126%2F06%2F8H7H4JJS00014JB5.html&ep=z71ThqCUz%252C1401527553%252Cz6b0zfX2S%252C1838672663\" class=\"\"><span class=\"url-icon\"><img src=\"\/\/h5.sinaimg.cn\/upload\/2015\/09\/25\/3\/timeline_card_small_web_default.png\"><\/span><\/i><span class=\"surl-text\">\u7f51\u9875\u94fe\u63a5<\/a> \/\/<a href='https:\/\/m.weibo.cn\/n\/nemopostbox'>@nemopostbox<\/a>: \u5f53\u5e74\uff0c\u5f20\u5170\u5973\u58eb\u5728\u51e4\u51f0\u536b\u89c6\u7684\u201c\u4e00\u864e\u4e00\u5e2d\u8c08\u201d\u4e0a\uff0c\u5927\u9a82\u79fb\u6c11\u6d77\u5916\u7684\u4eba\u4e0d\u7231\u56fd\uff0c\u8bf4\u81ea\u5df1\u62d2\u7edd\u4e86\u591a\u56fd\u7684\u79fb\u6c11\u9080\u8bf7\uff0c\u5f53\u65f6\u7684\u5979\u8868\u73b0\u51fa\u7684\u201c\u5d07\u9ad8\u7684\u7231\u56fd\u4e3b\u4e49\u7cbe\u795e\u201d\u8d62\u5f97\u573a\u4e0b\u89c2\u4f17\u70ed\u70c8\u638c\u58f0\u3002\u5982\u4eca\u8fd9\u4f4d\u201c\u7231\u56fd\u4eba\u58eb\u201d\u5374\u795e\u4e0d\u77e5\uff0c\u9b3c\u4e0d\u89c9\u5730\u52a0\u5165\u4e86\u5916\u56fd\u56fd\u7c4d","source":"\u5fae\u535a weibo.com","favorited":false,"is_paid":false,"mblog_vip_type":0,"user":{"id":1401527553,"screen_name":"tombkeeper","profile_image_url":"https:\/\/tva2.sinaimg.cn\/crop.0.0.180.180.180\/53899d01jw8fcb9qpe7vbj2050050mx8.jpg","profile_url":"https:\/\/m.weibo.cn\/u\/1401527553?uid=1401527553&luicode=10000011&lfid=1076031401527553","statuses_count":15425,"verified":true,"verified_type":0,"verified_type_ext":1,"verified_reason":"\u77e5\u540d\u4e92\u8054\u7f51\u8d44\u8baf\u535a\u4e3b","close_blue_v":false,"description":"\u5fae\u535a\u672c\u5730\u8d44\u8baf\u535a\u4e3b\uff08\u521a\u679c\u5e03\u62c9\u67f4\u7ef4\u5c14\uff09","gender":"m","mbtype":12,"urank":48,"mbrank":6,"follow_me":false,"following":false,"followers_count":192533,"follow_count":277,"cover_image_phone":"https:\/\/tva1.sinaimg.cn\/crop.0.0.640.640.640\/549d0121tw1egm1kjly3jj20hs0hsq4f.jpg","avatar_hd":"https:\/\/ww2.sinaimg.cn\/orj480\/53899d01jw8fcb9qpe7vbj2050050mx8.jpg","like":false,"like_me":false,"badge":{"bind_taobao":1,"dzwbqlx_2016":1,"follow_whitelist_video":1,"hongbao_2018":1}},"pid":3514736920322861,"retweeted_status":{"created_at":"2012-11-21","id":"3514722873801894","idstr":"3514722873801894","mid":"3514722873801894","can_edit":false,"text":"\u3010\u4fcf\u6c5f\u5357\u8463\u4e8b\u957f\u5f20\u5170\u795e\u79d8\u9500\u6237\uff1a\u5df2\u52a0\u5165\u5916\u56fd\u7c4d\u3011\u4fcf\u6c5f\u5357\u8463\u4e8b\u957f\u5f20\u5170\u5408\u540c\u7ea0\u7eb7\u7ee7\u7eed\u53d1\u9175\uff0c \u636e\u5317\u4eac\u5e02\u671d\u9633\u533a\u4eba\u6c11\u6cd5\u9662\u7684\u6d88\u606f\uff0c\u6628\u5929\u65e9\u4e0a\u6cd5\u9662\u63a5\u5230\u4e86\u81ea\u79f0\u662f\u5f20\u5170\u4ee3\u7406\u4eba\u7684\u7535\u8bdd\uff0c\u8868\u793a\u4f1a\u5c3d\u5feb\u529e\u597d\u5f20\u5170\u7ed9\u4ed6\u7684\u59d4\u6258\u624b\u7eed\uff0c\u5f20\u5170\u73b0\u5728\u5df2\u7ecf\u4e0d\u662f\u4e2d\u56fd\u56fd\u7c4d\u3002\u6cd5\u9662\u8868\u793a\u8fd8\u4f1a\u7ee7\u7eed\u5bfb\u627e\u6709\u6548\u7684\u4f20\u7968\u9001\u8fbe\u65b9\u5f0f\u3002 \u200b\u200b\u200b","source":"\u5fae\u535a weibo.com","favorited":false,"thumbnail_pic":"http:\/\/ww4.sinaimg.cn\/thumbnail\/6d97eb17jw1dz2d5vkdn6j.jpg","bmiddle_pic":"http:\/\/ww4.sinaimg.cn\/bmiddle\/6d97eb17jw1dz2d5vkdn6j.jpg","original_pic":"http:\/\/ww4.sinaimg.cn\/large\/6d97eb17jw1dz2d5vkdn6j.jpg","is_paid":false,"mblog_vip_type":0,"user":{"id":1838672663,"screen_name":"\u534e\u590f\u65f6\u62a5","profile_image_url":"https:\/\/tva3.sinaimg.cn\/crop.0.0.180.180.180\/6d97eb17jw1e8qgp5bmzyj2050050aa8.jpg","profile_url":"https:\/\/m.weibo.cn\/u\/1838672663?uid=1838672663&luicode=10000011&lfid=1076031401527553","statuses_count":33945,"verified":true,"verified_type":3,"verified_type_ext":0,"verified_reason":"\u300a\u534e\u590f\u65f6\u62a5\u300b\u5b98\u65b9\u5fae\u535a","close_blue_v":false,"description":"\u300a\u534e\u590f\u65f6\u62a5\u300b\u7531\u4e2d\u56fd\u6b8b\u75be\u4eba\u8054\u5408\u4f1a\u4e3b\u7ba1\u4e3b\u529e\u3002\u7531\u8457\u540d\u8d22\u7ecf\u8bc4\u8bba\u5bb6\u6c34\u76ae\u5148\u751f\u62c5\u4efb\u793e\u957f\u517c\u603b\u7f16\u8f91\u30022007\u5e74\u5f15\u5165\u4e07\u8fbe\u6295\u8d44\uff0c\u8f6c\u578b\u4e3a\u9762\u5411\u5168\u56fd\u53d1\u884c\u7684\u7efc\u5408\u6027\u4e3b\u6d41\u8d22\u7ecf\u5927\u62a5","gender":"m","mbtype":0,"urank":42,"mbrank":0,"follow_me":false,"following":false,"followers_count":3583287,"follow_count":993,"cover_image_phone":"https:\/\/tva1.sinaimg.cn\/crop.0.0.640.640.640\/549d0121tw1egm1kjly3jj20hs0hsq4f.jpg","avatar_hd":"https:\/\/ww3.sinaimg.cn\/orj480\/6d97eb17jw1e8qgp5bmzyj2050050aa8.jpg","like":false,"like_me":false,"badge":{"enterprise":1,"dzwbqlx_2016":1,"follow_whitelist_video":1,"wbzy_2017":1,"hongbao_2018":1}},"reposts_count":1183,"comments_count":22,"attitudes_count":0,"pending_approval_count":0,"isLongText":false,"visible":{"type":0,"list_id":0},"more_info_type":0,"content_auth":0,"edit_config":{"edited":false},"bid":"z6b0zfX2S","pics":[{"pid":"6d97eb17jw1dz2d5vkdn6j","url":"https:\/\/ww4.sinaimg.cn\/orj360\/6d97eb17jw1dz2d5vkdn6j.jpg","size":"orj360","geo":false,"large":{"size":"large","url":"https:\/\/ww4.sinaimg.cn\/large\/6d97eb17jw1dz2d5vkdn6j.jpg","geo":false}}]},"reposts_count":11,"comments_count":8,"attitudes_count":1,"pending_approval_count":0,"isLongText":false,"visible":{"type":0,"list_id":0},"more_info_type":0,"content_auth":0,"edit_config":{"edited":false},"mblogtype":0,"obj_ext":"","raw_text":"http:\/\/t.cn\/zjbRCh4 \/\/@nemopostbox: \u5f53\u5e74\uff0c\u5f20\u5170\u5973\u58eb\u5728\u51e4\u51f0\u536b\u89c6\u7684\u201c\u4e00\u864e\u4e00\u5e2d\u8c08\u201d\u4e0a\uff0c\u5927\u9a82\u79fb\u6c11\u6d77\u5916\u7684\u4eba\u4e0d\u7231\u56fd\uff0c\u8bf4\u81ea\u5df1\u62d2\u7edd\u4e86\u591a\u56fd\u7684\u79fb\u6c11\u9080\u8bf7\uff0c\u5f53\u65f6\u7684\u5979\u8868\u73b0\u51fa\u7684\u201c\u5d07\u9ad8\u7684\u7231\u56fd\u4e3b\u4e49\u7cbe\u795e\u201d\u8d62\u5f97\u573a\u4e0b\u89c2\u4f17\u70ed\u70c8\u638c\u58f0\u3002\u5982\u4eca\u8fd9\u4f4d\u201c\u7231\u56fd\u4eba\u58eb\u201d\u5374\u795e\u4e0d\u77e5\uff0c\u9b3c\u4e0d\u89c9\u5730\u52a0\u5165\u4e86\u5916\u56fd\u56fd\u7c4d","bid":"z71ThqCUz"},"show_type":0},{"card_type":9,"itemid":"1076031401527553_-_3516733673357277","scheme":"https:\/\/m.weibo.cn\/status\/z71jNe5nD?mblogid=z71jNe5nD&luicode=10000011&lfid=1076031401527553","mblog":{"created_at":"2012-11-26","id":"3516733673357277","idstr":"3516733673357277","mid":"3516733673357277","can_edit":false,"text":"\u8fd9\u662f3.01\u7248\uff1a<a data-url=\"http:\/\/t.cn\/zjGcOSt\" target=\"_blank\" href=\"https:\/\/weibo.cn\/sinaurl\/blockedc494c786?luicode=10000011&lfid=1076031401527553&u=http%3A%2F%2Fd1.brcdn.cn%2F%2Fdownload%2F2012%2F08%2F13%2F1_SinaWeiBo_S60_3_0_1_Release_signed%2FSinaWeiBo_S60_3_0_1_Release_signed.sis&ep=z71jNe5nD%252C1401527553%252Cz6ZMloMfF%252C1401527553\" class=\"\"><span class=\"url-icon\"><img src=\"\/\/h5.sinaimg.cn\/upload\/2015\/09\/25\/3\/timeline_card_small_web_default.png\"><\/span><\/i><span class=\"surl-text\">\u7f51\u9875\u94fe\u63a5<\/a>\uff0c\u53ef\u80fd\u662f3.10\u524d\u6700\u540e\u4e00\u4e2a\u7248\u672c\u3002 \/\/<a href='https:\/\/m.weibo.cn\/n\/tombkeeper'>@tombkeeper<\/a>: \u89e3\u51b3\u529e\u6cd5\uff1a1\u3001\u5378\u8f7d\u73b0\u67093.1\u7248\uff1b2\u3001\u4e0b\u8f7d\u5b89\u88c5\u8001\u76843.0\u7248\uff1a <a data-url=\"http:\/\/t.cn\/zWvIiZ2\" href=\"http:\/\/s1.sina.cn\/tv\/soft\/weibo\/SinaWeibo_S60_v3_0_0_Release_signed_3333_1111.sis?from=qudao&wm=3049_b111&luicode=10000011&lfid=1076031401527553&ep=z71jNe5nD%252C1401527553%252Cz6ZMloMfF%252C1401527553\" data-hide=\"\"><span class=\"url-icon\"><img src=\"\/\/h5.sinaimg.cn\/upload\/2015\/09\/25\/3\/timeline_card_small_web_default.png\"><\/span><\/i><span class=\"surl-text\">\u7f51\u9875\u94fe\u63a5<\/a>","source":"\u5fae\u535a weibo.com","favorited":false,"is_paid":false,"mblog_vip_type":0,"user":{"id":1401527553,"screen_name":"tombkeeper","profile_image_url":"https:\/\/tva2.sinaimg.cn\/crop.0.0.180.180.180\/53899d01jw8fcb9qpe7vbj2050050mx8.jpg","profile_url":"https:\/\/m.weibo.cn\/u\/1401527553?uid=1401527553&luicode=10000011&lfid=1076031401527553","statuses_count":15425,"verified":true,"verified_type":0,"verified_type_ext":1,"verified_reason":"\u77e5\u540d\u4e92\u8054\u7f51\u8d44\u8baf\u535a\u4e3b","close_blue_v":false,"description":"\u5fae\u535a\u672c\u5730\u8d44\u8baf\u535a\u4e3b\uff08\u521a\u679c\u5e03\u62c9\u67f4\u7ef4\u5c14\uff09","gender":"m","mbtype":12,"urank":48,"mbrank":6,"follow_me":false,"following":false,"followers_count":192533,"follow_count":277,"cover_image_phone":"https:\/\/tva1.sinaimg.cn\/crop.0.0.640.640.640\/549d0121tw1egm1kjly3jj20hs0hsq4f.jpg","avatar_hd":"https:\/\/ww2.sinaimg.cn\/orj480\/53899d01jw8fcb9qpe7vbj2050050mx8.jpg","like":false,"like_me":false,"badge":{"bind_taobao":1,"dzwbqlx_2016":1,"follow_whitelist_video":1,"hongbao_2018":1}},"pid":3516703252164869,"retweeted_status":{"created_at":"2012-11-26","id":"3516674495905355","idstr":"3516674495905355","mid":"3516674495905355","can_edit":false,"text":"\u65b0\u6d6a\u5fae\u535aS60\u5ba2\u6237\u7aef\u4ece3.0\u7248\u5347\u7ea7\u52303.10\u7248\u540e\uff0c\u5373\u4f7f\u4e0d\u8fd0\u884c\u5fae\u535a\u5ba2\u6237\u7aef\uff0c\u624b\u673a\u4e5f\u4f1a\u5728<a class='k' href='https:\/\/m.weibo.cn\/k\/%E6%97%A0%E4%BB%BB%E4%BD%95%E6%8F%90%E7%A4%BA?from=feed'>#\u65e0\u4efb\u4f55\u63d0\u793a#<\/a>\u7684\u60c5\u51b5\u4e0b\u81ea\u52a8\u8054\u7f51\u3002\u68c0\u67e5\u540e\u53d1\u73b03.10\u7248\u5305\u542b\u7684\u201cMessagePushV3\u201d\u8fdb\u7a0b\u968f\u7cfb\u7edf\u81ea\u542f\u52a8\uff0c\u4f1a\u53cd\u590d\u5c1d\u8bd5\u8fde\u63a5\u7f51\u7edc\uff0c\u5fae\u535a\u5ba2\u6237\u7aef\u7684\u5173\u95ed\u540e\u8be5\u8fdb\u7a0b\u4ecd\u7ee7\u7eed\u8fd0\u884c\u3002\u6740\u6389\u8be5\u8fdb\u7a0b\u540e\u81ea\u52a8\u8054\u7f51\u7684\u73b0\u8c61\u6d88\u5931\u3002 \u200b\u200b\u200b","source":"\u5fae\u535a weibo.com","favorited":false,"is_paid":false,"mblog_vip_type":0,"user":{"id":1401527553,"screen_name":"tombkeeper","profile_image_url":"https:\/\/tva2.sinaimg.cn\/crop.0.0.180.180.180\/53899d01jw8fcb9qpe7vbj2050050mx8.jpg","profile_url":"https:\/\/m.weibo.cn\/u\/1401527553?uid=1401527553&luicode=10000011&lfid=1076031401527553","statuses_count":15425,"verified":true,"verified_type":0,"verified_type_ext":1,"verified_reason":"\u77e5\u540d\u4e92\u8054\u7f51\u8d44\u8baf\u535a\u4e3b","close_blue_v":false,"description":"\u5fae\u535a\u672c\u5730\u8d44\u8baf\u535a\u4e3b\uff08\u521a\u679c\u5e03\u62c9\u67f4\u7ef4\u5c14\uff09","gender":"m","mbtype":12,"urank":48,"mbrank":6,"follow_me":false,"following":false,"followers_count":192533,"follow_count":277,"cover_image_phone":"https:\/\/tva1.sinaimg.cn\/crop.0.0.640.640.640\/549d0121tw1egm1kjly3jj20hs0hsq4f.jpg","avatar_hd":"https:\/\/ww2.sinaimg.cn\/orj480\/53899d01jw8fcb9qpe7vbj2050050mx8.jpg","like":false,"like_me":false,"badge":{"bind_taobao":1,"dzwbqlx_2016":1,"follow_whitelist_video":1,"hongbao_2018":1}},"reposts_count":19,"comments_count":17,"attitudes_count":0,"pending_approval_count":0,"isLongText":false,"visible":{"type":0,"list_id":0},"more_info_type":0,"content_auth":0,"edit_config":{"edited":false},"bid":"z6ZMloMfF"},"reposts_count":0,"comments_count":1,"attitudes_count":0,"pending_approval_count":0,"isLongText":false,"visible":{"type":0,"list_id":0},"more_info_type":0,"content_auth":0,"edit_config":{"edited":false},"mblogtype":0,"obj_ext":"","raw_text":"\u8fd9\u662f3.01\u7248\uff1ahttp:\/\/t.cn\/zjGcOSt\uff0c\u53ef\u80fd\u662f3.10\u524d\u6700\u540e\u4e00\u4e2a\u7248\u672c\u3002 \/\/@tombkeeper: \u89e3\u51b3\u529e\u6cd5\uff1a1\u3001\u5378\u8f7d\u73b0\u67093.1\u7248\uff1b2\u3001\u4e0b\u8f7d\u5b89\u88c5\u8001\u76843.0\u7248\uff1a http:\/\/t.cn\/zWvIiZ2","bid":"z71jNe5nD"},"show_type":0},{"card_type":9,"itemid":"1076031401527553_-_3516703252164869","scheme":"https:\/\/m.weibo.cn\/status\/z70wJ95bf?mblogid=z70wJ95bf&luicode=10000011&lfid=1076031401527553","mblog":{"created_at":"2012-11-26","id":"3516703252164869","idstr":"3516703252164869","mid":"3516703252164869","can_edit":false,"text":"\u89e3\u51b3\u529e\u6cd5\uff1a1\u3001\u5378\u8f7d\u73b0\u67093.1\u7248\uff1b2\u3001\u4e0b\u8f7d\u5b89\u88c5\u8001\u76843.0\u7248\uff1a <a data-url=\"http:\/\/t.cn\/zWvIiZ2\" href=\"http:\/\/s1.sina.cn\/tv\/soft\/weibo\/SinaWeibo_S60_v3_0_0_Release_signed_3333_1111.sis?from=qudao&wm=3049_b111&luicode=10000011&lfid=1076031401527553&ep=z70wJ95bf%252C1401527553%252Cz6ZMloMfF%252C1401527553\" data-hide=\"\"><span class=\"url-icon\"><img src=\"\/\/h5.sinaimg.cn\/upload\/2015\/09\/25\/3\/timeline_card_small_web_default.png\"><\/span><\/i><span class=\"surl-text\">\u7f51\u9875\u94fe\u63a5<\/a>","source":"\u5fae\u535a weibo.com","favorited":false,"is_paid":false,"mblog_vip_type":0,"user":{"id":1401527553,"screen_name":"tombkeeper","profile_image_url":"https:\/\/tva2.sinaimg.cn\/crop.0.0.180.180.180\/53899d01jw8fcb9qpe7vbj2050050mx8.jpg","profile_url":"https:\/\/m.weibo.cn\/u\/1401527553?uid=1401527553&luicode=10000011&lfid=1076031401527553","statuses_count":15425,"verified":true,"verified_type":0,"verified_type_ext":1,"verified_reason":"\u77e5\u540d\u4e92\u8054\u7f51\u8d44\u8baf\u535a\u4e3b","close_blue_v":false,"description":"\u5fae\u535a\u672c\u5730\u8d44\u8baf\u535a\u4e3b\uff08\u521a\u679c\u5e03\u62c9\u67f4\u7ef4\u5c14\uff09","gender":"m","mbtype":12,"urank":48,"mbrank":6,"follow_me":false,"following":false,"followers_count":192533,"follow_count":277,"cover_image_phone":"https:\/\/tva1.sinaimg.cn\/crop.0.0.640.640.640\/549d0121tw1egm1kjly3jj20hs0hsq4f.jpg","avatar_hd":"https:\/\/ww2.sinaimg.cn\/orj480\/53899d01jw8fcb9qpe7vbj2050050mx8.jpg","like":false,"like_me":false,"badge":{"bind_taobao":1,"dzwbqlx_2016":1,"follow_whitelist_video":1,"hongbao_2018":1}},"retweeted_status":{"created_at":"2012-11-26","id":"3516674495905355","idstr":"3516674495905355","mid":"3516674495905355","can_edit":false,"text":"\u65b0\u6d6a\u5fae\u535aS60\u5ba2\u6237\u7aef\u4ece3.0\u7248\u5347\u7ea7\u52303.10\u7248\u540e\uff0c\u5373\u4f7f\u4e0d\u8fd0\u884c\u5fae\u535a\u5ba2\u6237\u7aef\uff0c\u624b\u673a\u4e5f\u4f1a\u5728<a class='k' href='https:\/\/m.weibo.cn\/k\/%E6%97%A0%E4%BB%BB%E4%BD%95%E6%8F%90%E7%A4%BA?from=feed'>#\u65e0\u4efb\u4f55\u63d0\u793a#<\/a>\u7684\u60c5\u51b5\u4e0b\u81ea\u52a8\u8054\u7f51\u3002\u68c0\u67e5\u540e\u53d1\u73b03.10\u7248\u5305\u542b\u7684\u201cMessagePushV3\u201d\u8fdb\u7a0b\u968f\u7cfb\u7edf\u81ea\u542f\u52a8\uff0c\u4f1a\u53cd\u590d\u5c1d\u8bd5\u8fde\u63a5\u7f51\u7edc\uff0c\u5fae\u535a\u5ba2\u6237\u7aef\u7684\u5173\u95ed\u540e\u8be5\u8fdb\u7a0b\u4ecd\u7ee7\u7eed\u8fd0\u884c\u3002\u6740\u6389\u8be5\u8fdb\u7a0b\u540e\u81ea\u52a8\u8054\u7f51\u7684\u73b0\u8c61\u6d88\u5931\u3002 \u200b\u200b\u200b","source":"\u5fae\u535a weibo.com","favorited":false,"is_paid":false,"mblog_vip_type":0,"user":{"id":1401527553,"screen_name":"tombkeeper","profile_image_url":"https:\/\/tva2.sinaimg.cn\/crop.0.0.180.180.180\/53899d01jw8fcb9qpe7vbj2050050mx8.jpg","profile_url":"https:\/\/m.weibo.cn\/u\/1401527553?uid=1401527553&luicode=10000011&lfid=1076031401527553","statuses_count":15425,"verified":true,"verified_type":0,"verified_type_ext":1,"verified_reason":"\u77e5\u540d\u4e92\u8054\u7f51\u8d44\u8baf\u535a\u4e3b","close_blue_v":false,"description":"\u5fae\u535a\u672c\u5730\u8d44\u8baf\u535a\u4e3b\uff08\u521a\u679c\u5e03\u62c9\u67f4\u7ef4\u5c14\uff09","gender":"m","mbtype":12,"urank":48,"mbrank":6,"follow_me":false,"following":false,"followers_count":192533,"follow_count":277,"cover_image_phone":"https:\/\/tva1.sinaimg.cn\/crop.0.0.640.640.640\/549d0121tw1egm1kjly3jj20hs0hsq4f.jpg","avatar_hd":"https:\/\/ww2.sinaimg.cn\/orj480\/53899d01jw8fcb9qpe7vbj2050050mx8.jpg","like":false,"like_me":false,"badge":{"bind_taobao":1,"dzwbqlx_2016":1,"follow_whitelist_video":1,"hongbao_2018":1}},"reposts_count":19,"comments_count":17,"attitudes_count":0,"pending_approval_count":0,"isLongText":false,"visible":{"type":0,"list_id":0},"more_info_type":0,"content_auth":0,"edit_config":{"edited":false},"bid":"z6ZMloMfF"},"reposts_count":2,"comments_count":3,"attitudes_count":0,"pending_approval_count":0,"isLongText":false,"visible":{"type":0,"list_id":0},"more_info_type":0,"content_auth":0,"edit_config":{"edited":false},"mblogtype":0,"obj_ext":"","raw_text":"\u89e3\u51b3\u529e\u6cd5\uff1a1\u3001\u5378\u8f7d\u73b0\u67093.1\u7248\uff1b2\u3001\u4e0b\u8f7d\u5b89\u88c5\u8001\u76843.0\u7248\uff1a http:\/\/t.cn\/zWvIiZ2","bid":"z70wJ95bf"},"show_type":0}],"showAppTips":0,"scheme":"sinaweibo:\/\/cardlist?containerid=1076031401527553&extparam=&luicode=10000011&lfid=&featurecode="}}