{"ok":1,"data":{"cardlistInfo":{"containerid":"1076031401527553","v_p":42,"show_style":1,"total":15518,"page":50},"cards":[{"card_type":9,"itemid":"1076031401527553_-_3513755062821360","scheme":"https:\/\/m.weibo.cn\/status\/z5LPAbPXO?mblogid=z5LPAbPXO&luicode=10000011&lfid=1076031401527553","mblog":{"created_at":"2012-11-18","id":"3513755062821360","idstr":"3513755062821360","mid":"3513755062821360","can_edit":false,"text":"\u662f\u798f\u4e0d\u662f\u7978\uff0c\u662f\u7978\u65e5\u5b50\u4e5f\u5f97\u8fc7\u3002 \u200b\u200b\u200b","source":"\u5fae\u535a weibo.com","favorited":false,"is_paid":false,"mblog_vip_type":0,"user":{"id":1401527553,"screen_name":"tombkeeper","profile_image_url":"https:\/\/tva2.sinaimg.cn\/crop.0.0.180.180.180\/53899d01jw8fcb9qpe7vbj2050050mx8.jpg","profile_url":"https:\/\/m.weibo.cn\/u\/1401527553?uid=1401527553&luicode=10000011&lfid=1076031401527553","statuses_count":15425,"verified":true,"verified_type":0,"verified_type_ext":1,"verified_reason":"\u77e5\u540d\u4e92\u8054\u7f51\u8d44\u8baf\u535a\u4e3b","close_blue_v":false,"description":"\u5fae\u535a\u672c\u5730\u8d44\u8baf\u535a\u4e3b\uff08\u521a\u679c\u5e03\u62c9\u67f4\u7ef4\u5c14\uff09","gender":"m","mbtype":12,"urank":48,"mbrank":6,"follow_me":false,"following":false,"followers_count":192533,"follow_count":277,"cover_image_phone":"https:\/\/tva1.sinaimg.cn\/crop.0.0.640.640.640\/549d0121tw1egm1kjly3jj20hs0hsq4f.jpg","avatar_hd":"https:\/\/ww2.sinaimg.cn\/orj480\/53899d01jw8fcb9qpe7vbj2050050mx8.jpg","like":false,"like_me":false,"badge":{"bind_taobao":1,"dzwbqlx_2016":1,"follow_whitelist_video":1,"hongbao_2018":1}},"reposts_count":2,"comments_count":3,"attitudes_count":1,"pending_approval_count":0,"isLongText":false,"visible":{"type":0,"list_id":0},"more_info_type":0,"content_auth":0,"edit_config":{"edited":false},"mblogtype":0,"bid":"z5LPAbPXO"},"show_type":0},{"card_type":9,"itemid":"1076031401527553_-_3513503169814449","scheme":"https:\/\/m.weibo.cn\/status\/z5FhiFbbz?mblogid=z5FhiFbbz&luicode=10000011&lfid=1076031401527553","mblog":{"created_at":"2012-11-17","id":"3513503169814449","idstr":"3513503169814449","mid":"3513503169814449","can_edit":false,"text":"\u5b54\u660e\u589e\u7076\u9000\u654c\u3001\u5b59\u8191\u51cf\u7076\u8bf1\u654c\uff0c\u672c\u8d28\u4e0a\u4e5f\u662f\u5229\u7528\u6570\u636e\u6316\u6398\u2014\u2014\u4e0d\u8fc7\u662f\u53cd\u7740\u7528\u3002","source":"\u5fae\u535a weibo.com","favorited":false,"is_paid":false,"mblog_vip_type":0,"user":{"id":1401527553,"screen_name":"tombkeeper","profile_image_url":"https:\/\/tva2.sinaimg.cn\/crop.0.0.180.180.180\/53899d01jw8fcb9qpe7vbj2050050mx8.jpg","profile_url":"https:\/\/m.weibo.cn\/u\/1401527553?uid=1401527553&luicode=10000011&lfid=1076031401527553","statuses_count":15425,"verified":true,"verified_type":0,"verified_type_ext":1,"verified_reason":"\u77e5\u540d\u4e92\u8054\u7f51\u8d44\u8baf\u535a\u4e3b","close_blue_v":false,"description":"\u5fae\u535a\u672c\u5730\u8d44\u8baf\u535a\u4e3b\uff08\u521a\u679c\u5e03\u62c9\u67f4\u7ef4\u5c14\uff09","gender":"m","mbtype":12,"urank":48,"mbrank":6,"follow_me":false,"following":false,"followers_count":192533,"follow_count":277,"cover_image_phone":"https:\/\/tva1.sinaimg.cn\/crop.0.0.640.640.640\/549d0121tw1egm1kjly3jj20hs0hsq4f.jpg","avatar_hd":"https:\/\/ww2.sinaimg.cn\/orj480\/53899d01jw8fcb9qpe7vbj2050050mx8.jpg","like":false,"like_me":false,"badge":{"bind_taobao":1,"dzwbqlx_2016":1,"follow_whitelist_video":1,"hongbao_2018":1}},"pid":3513501064353757,"retweeted_status":{"created_at":"2012-11-16","id":"3513129100920305","idstr":"3513129100920305","mid":"3513129100920305","can_edit":false,"text":"\u3010\u6570\u636e\u6316\u6398\u7684\u91cd\u8981\u6027\u2014\u2014\u4ece\u6797\u5f6a\u7684\u4e00\u4e2a\u6545\u4e8b\u8c08\u8d77\u3011\u6709\u65f6\u5019\u6570\u636e\u5206\u6790\u4e0e\u6316\u6398\u5e76\u4e0d\u9700\u8981\u9ad8\u6df1\u7684\u7406\u8bba\u548c\u9ad8\u7aef\u7684\u5206\u6790\u5de5\u5177\uff0c\u4ec5\u4ec5\u9700\u8981\u4e00\u9897\u5584\u4e8e\u53d1\u73b0\u7684\u5927\u8111\u548c\u6c38\u8fdc\u4e0d\u653e\u8fc7\u7ec6\u8282\u7684\u5fc3\uff01via<a href='https:\/\/m.weibo.cn\/n\/\u8427\u79cb\u6c34'>@\u8427\u79cb\u6c34<\/a> \u200b\u200b\u200b","source":"\u5fae\u535a weibo.com","favorited":false,"thumbnail_pic":"http:\/\/ww1.sinaimg.cn\/thumbnail\/54eb5d52jw1dyxaepnm4qj.jpg","bmiddle_pic":"http:\/\/ww1.sinaimg.cn\/bmiddle\/54eb5d52jw1dyxaepnm4qj.jpg","original_pic":"http:\/\/ww1.sinaimg.cn\/large\/54eb5d52jw1dyxaepnm4qj.jpg","is_paid":false,"mblog_vip_type":0,"user":{"id":1424710994,"screen_name":"\u6570\u636e\u5316\u7ba1\u7406","profile_image_url":"https:\/\/tva2.sinaimg.cn\/crop.0.0.511.511.180\/54eb5d52jw8evurpu1dqvj20e70e8gmb.jpg","profile_url":"https:\/\/m.weibo.cn\/u\/1424710994?uid=1424710994&luicode=10000011&lfid=1076031401527553","statuses_count":22223,"verified":true,"verified_type":0,"verified_type_ext":1,"verified_reason":"\u96f6\u552e\u4e1a\u6570\u636e\u5316\u7ba1\u7406\u54a8\u8be2\u987e\u95ee\u3001\u57f9\u8bad\u5e08 \u5fae\u535a\u7b7e\u7ea6\u81ea\u5a92\u4f53","close_blue_v":false,"description":"\u6570\u636e\u5316\u7ba1\u7406\u54a8\u8be2\u987e\u95ee|\u53ca\u57f9\u8bad\u5e08\u3002\u300a\u6570\u636e\u5316\u7ba1\u7406\uff1a\u6d1e\u6089\u96f6\u552e\u53ca\u7535\u5b50\u5546\u52a1\u8fd0\u8425\u300b\u4f5c\u8005\u3002\u5546\u52a1\u5f00\u53d1QQ\uff1a958277517","gender":"m","mbtype":11,"urank":48,"mbrank":6,"follow_me":false,"following":false,"followers_count":1313786,"follow_count":1244,"cover_image_phone":"https:\/\/tva2.sinaimg.cn\/crop.0.0.640.640.640\/a1d3feabjw1ecasunmkncj20hs0hsq4j.jpg","avatar_hd":"https:\/\/ww2.sinaimg.cn\/orj480\/54eb5d52jw8evurpu1dqvj20e70e8gmb.jpg","like":false,"like_me":false,"badge":{"bind_taobao":1,"vip_activity2":1,"self_media":1,"olympic_2016":1,"dzwbqlx_2016":1,"follow_whitelist_video":1,"hongbao_2018":1}},"reposts_count":4821,"comments_count":503,"attitudes_count":11,"pending_approval_count":0,"isLongText":false,"visible":{"type":0,"list_id":0},"more_info_type":0,"content_auth":0,"edit_config":{"edited":false},"bid":"z5vxY3RpD","pics":[{"pid":"54eb5d52jw1dyxaepnm4qj","url":"https:\/\/ww1.sinaimg.cn\/orj360\/54eb5d52jw1dyxaepnm4qj.jpg","size":"orj360","geo":false,"large":{"size":"large","url":"https:\/\/ww1.sinaimg.cn\/large\/54eb5d52jw1dyxaepnm4qj.jpg","geo":false}}]},"reposts_count":16,"comments_count":2,"attitudes_count":0,"pending_approval_count":0,"isLongText":false,"visible":{"type":0,"list_id":0},"more_info_type":0,"content_auth":0,"edit_config":{"edited":false},"mblogtype":0,"obj_ext":"","raw_text":"\u5b54\u660e\u589e\u7076\u9000\u654c\u3001\u5b59\u8191\u51cf\u7076\u8bf1\u654c\uff0c\u672c\u8d28\u4e0a\u4e5f\u662f\u5229\u7528\u6570\u636e\u6316\u6398\u2014\u2014\u4e0d\u8fc7\u662f\u53cd\u7740\u7528\u3002","bid":"z5FhiFbbz"},"show_type":0},{"card_type":9,"itemid":"1076031401527553_-_3513480826704762","scheme":"https:\/\/m.weibo.cn\/status\/z5EHgs8dk?mblogid=z5EHgs8dk&luicode=10000011&lfid=1076031401527553","mblog":{"created_at":"2012-11-17","id":"3513480826704762","idstr":"3513480826704762","mid":"3513480826704762","can_edit":false,"text":"\u6211\u6b63\u5f0f\u5ba3\u5e03\u6211\u7684\u5b97\u6559\u4fe1\u4ef0\u662f\uff1a\u65f6\u4fe1\u65f6\u4e0d\u4fe1\uff0c\u4fe1\u5565\u4e0d\u4e00\u5b9a\u3002 \u200b\u200b\u200b","source":"\u5fae\u535a weibo.com","favorited":false,"is_paid":false,"mblog_vip_type":0,"user":{"id":1401527553,"screen_name":"tombkeeper","profile_image_url":"https:\/\/tva2.sinaimg.cn\/crop.0.0.180.180.180\/53899d01jw8fcb9qpe7vbj2050050mx8.jpg","profile_url":"https:\/\/m.weibo.cn\/u\/1401527553?uid=1401527553&luicode=10000011&lfid=1076031401527553","statuses_count":15425,"verified":true,"verified_type":0,"verified_type_ext":1,"verified_reason":"\u77e5\u540d\u4e92\u8054\u7f51\u8d44\u8baf\u535a\u4e3b","close_blue_v":false,"description":"\u5fae\u535a\u672c\u5730\u8d44\u8baf\u535a\u4e3b\uff08\u521a\u679c\u5e03\u62c9\u67f4\u7ef4\u5c14\uff09","gender":"m","mbtype":12,"urank":48,"mbrank":6,"follow_me":false,"following":false,"followers_count":192533,"follow_count":277,"cover_image_phone":"https:\/\/tva1.sinaimg.cn\/crop.0.0.640.640.640\/549d0121tw1egm1kjly3jj20hs0hsq4f.jpg","avatar_hd":"https:\/\/ww2.sinaimg.cn\/orj480\/53899d01jw8fcb9qpe7vbj2050050mx8.jpg","like":false,"like_me":false,"badge":{"bind_taobao":1,"dzwbqlx_2016":1,"follow_whitelist_video":1,"hongbao_2018":1}},"reposts_count":12,"comments_count":15,"attitudes_count":0,"pending_approval_count":0,"isLongText":false,"visible":{"type":0,"list_id":0},"more_info_type":0,"content_auth":0,"edit_config":{"edited":false},"mblogtype":0,"bid":"z5EHgs8dk"},"show_type":0},{"card_type":9,"itemid":"1076031401527553_-_3513363772456537","scheme":"https:\/\/m.weibo.cn\/status\/z5BEtaj3z?mblogid=z5BEtaj3z&luicode=10000011&lfid=1076031401527553","mblog":{"created_at":"2012-11-17","id":"3513363772456537","idstr":"3513363772456537","mid":"3513363772456537","can_edit":false,"text":"\u6709\u4eba\u8bf4\u90a3\u4e48\u591a\u4eba\u3001\u90a3\u4e48\u591a\u7535\u8bdd\uff0cBig Brother\u4e0d\u53ef\u80fd\u90fd\u8bb0\u5f55\u5b58\u6863\u3002\u54b1\u4eec\u7b97\u7b14\u5e10\u5427\uff1aGSM\u8bed\u97f3\u4fe1\u9053\u5bb9\u91cf13kbps\uff0c\u4e2d\u56fd\u624b\u673a\u7528\u6237\u5e73\u5747\u6bcf\u4eba\u6bcf\u6708\u62e8\u6253\u65f6\u957f\u7ea6500\u5206\u949f\u2014\u2014\u4e0d\u8003\u8651\u538b\u7f29\u3001\u4e0d\u8003\u8651\u6309\u5206\u949f\u8ba1\u8d39\u7684\u95ee\u9898\uff0c\u6ee1\u6253\u6ee1\u7b97\uff0c\u6bcf\u4eba\u6bcf\u6708\u8bb0\u5f55\u7a7a\u95f4\u53ea\u970050\u5146\u3002\u76ee\u524d\u5b58\u50a850\u5146\u6570\u636e\u7684\u78c1\u76d8\u6210\u672c\u7ea61.5\u5206\u94b1\u3002 \u200b\u200b\u200b","source":"\u5fae\u535a weibo.com","favorited":false,"thumbnail_pic":"http:\/\/ww1.sinaimg.cn\/thumbnail\/53899d01jw1dyy1d2asjyj.jpg","bmiddle_pic":"http:\/\/ww1.sinaimg.cn\/bmiddle\/53899d01jw1dyy1d2asjyj.jpg","original_pic":"http:\/\/ww1.sinaimg.cn\/large\/53899d01jw1dyy1d2asjyj.jpg","is_paid":false,"mblog_vip_type":0,"user":{"id":1401527553,"screen_name":"tombkeeper","profile_image_url":"https:\/\/tva2.sinaimg.cn\/crop.0.0.180.180.180\/53899d01jw8fcb9qpe7vbj2050050mx8.jpg","profile_url":"https:\/\/m.weibo.cn\/u\/1401527553?uid=1401527553&luicode=10000011&lfid=1076031401527553","statuses_count":15425,"verified":true,"verified_type":0,"verified_type_ext":1,"verified_reason":"\u77e5\u540d\u4e92\u8054\u7f51\u8d44\u8baf\u535a\u4e3b","close_blue_v":false,"description":"\u5fae\u535a\u672c\u5730\u8d44\u8baf\u535a\u4e3b\uff08\u521a\u679c\u5e03\u62c9\u67f4\u7ef4\u5c14\uff09","gender":"m","mbtype":12,"urank":48,"mbrank":6,"follow_me":false,"following":false,"followers_count":192533,"follow_count":277,"cover_image_phone":"https:\/\/tva1.sinaimg.cn\/crop.0.0.640.640.640\/549d0121tw1egm1kjly3jj20hs0hsq4f.jpg","avatar_hd":"https:\/\/ww2.sinaimg.cn\/orj480\/53899d01jw8fcb9qpe7vbj2050050mx8.jpg","like":false,"like_me":false,"badge":{"bind_taobao":1,"dzwbqlx_2016":1,"follow_whitelist_video":1,"hongbao_2018":1}},"reposts_count":209,"comments_count":43,"attitudes_count":22,"pending_approval_count":0,"isLongText":false,"visible":{"type":0,"list_id":0},"more_info_type":0,"content_auth":0,"edit_config":{"edited":false},"mblogtype":0,"bid":"z5BEtaj3z","pics":[{"pid":"53899d01jw1dyy1d2asjyj","url":"https:\/\/ww1.sinaimg.cn\/orj360\/53899d01jw1dyy1d2asjyj.jpg","size":"orj360","geo":false,"large":{"size":"large","url":"https:\/\/ww1.sinaimg.cn\/large\/53899d01jw1dyy1d2asjyj.jpg","geo":false}}]},"show_type":0},{"card_type":9,"itemid":"1076031401527553_-_3513173547820375","scheme":"https:\/\/m.weibo.cn\/status\/z5wHEwOr5?mblogid=z5wHEwOr5&luicode=10000011&lfid=1076031401527553","mblog":{"created_at":"2012-11-17","id":"3513173547820375","idstr":"3513173547820375","mid":"3513173547820375","can_edit":false,"text":"\u201c2010\u5e74\u5e95\uff0c\u5929\u7c41\u5bfa\u524d\u4efb\u4f4f\u6301\u3001\u5a04\u5e95\u5e02\u4f5b\u6559\u534f\u4f1a\u539f\u4f1a\u957f\u5706\u901a\u6cd5\u5e08\uff0c\u4ee5\u632a\u7528\u8d44\u91d1\u3001\u91cd\u5a5a\u7b49\u7f6a\uff0c\u83b7\u52116\u5e74\u2026 \u2026\u5f53\u6cd5\u8b66\u5c06\u5706\u901a\u62bc\u5165\u6cd5\u5ead\u65f6\uff0c\u65c1\u542c\u5e2d\u4e0a\u7684\u4e0a\u767e\u540d\u4fe1\u4f17\u5168\u4f53\u8d77\u7acb\u9f50\u547c\uff1a\u2018\u963f\u5f25\u9640\u4f5b\uff0c\u51a4\u6789\u554a\u2019\uff01\u201d \u200b\u200b\u200b","source":"iPad\u5ba2\u6237\u7aef","favorited":false,"is_paid":false,"mblog_vip_type":0,"user":{"id":1401527553,"screen_name":"tombkeeper","profile_image_url":"https:\/\/tva2.sinaimg.cn\/crop.0.0.180.180.180\/53899d01jw8fcb9qpe7vbj2050050mx8.jpg","profile_url":"https:\/\/m.weibo.cn\/u\/1401527553?uid=1401527553&luicode=10000011&lfid=1076031401527553","statuses_count":15425,"verified":true,"verified_type":0,"verified_type_ext":1,"verified_reason":"\u77e5\u540d\u4e92\u8054\u7f51\u8d44\u8baf\u535a\u4e3b","close_blue_v":false,"description":"\u5fae\u535a\u672c\u5730\u8d44\u8baf\u535a\u4e3b\uff08\u521a\u679c\u5e03\u62c9\u67f4\u7ef4\u5c14\uff09","gender":"m","mbtype":12,"urank":48,"mbrank":6,"follow_me":false,"following":false,"followers_count":192533,"follow_count":277,"cover_image_phone":"https:\/\/tva1.sinaimg.cn\/crop.0.0.640.640.640\/549d0121tw1egm1kjly3jj20hs0hsq4f.jpg","avatar_hd":"https:\/\/ww2.sinaimg.cn\/orj480\/53899d01jw8fcb9qpe7vbj2050050mx8.jpg","like":false,"like_me":false,"badge":{"bind_taobao":1,"dzwbqlx_2016":1,"follow_whitelist_video":1,"hongbao_2018":1}},"reposts_count":7,"comments_count":9,"attitudes_count":0,"pending_approval_count":0,"isLongText":false,"visible":{"type":0,"list_id":0},"more_info_type":0,"content_auth":0,"edit_config":{"edited":false},"mblogtype":0,"bid":"z5wHEwOr5"},"show_type":0},{"card_type":9,"itemid":"1076031401527553_-_3513048515734339","scheme":"https:\/\/m.weibo.cn\/status\/z5trZo3Ll?mblogid=z5trZo3Ll&luicode=10000011&lfid=1076031401527553","mblog":{"created_at":"2012-11-16","id":"3513048515734339","idstr":"3513048515734339","mid":"3513048515734339","can_edit":false,"text":"\u542c\u8bf4\u60e0\u666e\u7684\u4e24\u4e2a\u521b\u59cb\u4eba\u662f\u4e00\u5bf9\u513f\uff1f\u4f46\u5728\u7f51\u4e0a\u6ca1\u641c\u5230\u76f8\u5173\u4fe1\u606f\u3002\u6709\u6bd4\u8f83\u53ef\u9760\u7684\u6765\u6e90\u5417\uff1f \u200b\u200b\u200b","source":"\u5fae\u535a weibo.com","favorited":false,"thumbnail_pic":"http:\/\/ww1.sinaimg.cn\/thumbnail\/53899d01jw1dyx15nwhqej.jpg","bmiddle_pic":"http:\/\/ww1.sinaimg.cn\/bmiddle\/53899d01jw1dyx15nwhqej.jpg","original_pic":"http:\/\/ww1.sinaimg.cn\/large\/53899d01jw1dyx15nwhqej.jpg","is_paid":false,"mblog_vip_type":0,"user":{"id":1401527553,"screen_name":"tombkeeper","profile_image_url":"https:\/\/tva2.sinaimg.cn\/crop.0.0.180.180.180\/53899d01jw8fcb9qpe7vbj2050050mx8.jpg","profile_url":"https:\/\/m.weibo.cn\/u\/1401527553?uid=1401527553&luicode=10000011&lfid=1076031401527553","statuses_count":15425,"verified":true,"verified_type":0,"verified_type_ext":1,"verified_reason":"\u77e5\u540d\u4e92\u8054\u7f51\u8d44\u8baf\u535a\u4e3b","close_blue_v":false,"description":"\u5fae\u535a\u672c\u5730\u8d44\u8baf\u535a\u4e3b\uff08\u521a\u679c\u5e03\u62c9\u67f4\u7ef4\u5c14\uff09","gender":"m","mbtype":12,"urank":48,"mbrank":6,"follow_me":false,"following":false,"followers_count":192533,"follow_count":277,"cover_image_phone":"https:\/\/tva1.sinaimg.cn\/crop.0.0.640.640.640\/549d0121tw1egm1kjly3jj20hs0hsq4f.jpg","avatar_hd":"https:\/\/ww2.sinaimg.cn\/orj480\/53899d01jw8fcb9qpe7vbj2050050mx8.jpg","like":false,"like_me":false,"badge":{"bind_taobao":1,"dzwbqlx_2016":1,"follow_whitelist_video":1,"hongbao_2018":1}},"reposts_count":1,"comments_count":6,"attitudes_count":0,"pending_approval_count":0,"isLongText":false,"visible":{"type":0,"list_id":0},"more_info_type":0,"content_auth":0,"edit_config":{"edited":false},"mblogtype":0,"bid":"z5trZo3Ll","pics":[{"pid":"53899d01jw1dyx15nwhqej","url":"https:\/\/ww1.sinaimg.cn\/orj360\/53899d01jw1dyx15nwhqej.jpg","size":"orj360","geo":false,"large":{"size":"large","url":"https:\/\/ww1.sinaimg.cn\/large\/53899d01jw1dyx15nwhqej.jpg","geo":false}}]},"show_type":0},{"card_type":9,"itemid":"1076031401527553_-_3513025275213761","scheme":"https:\/\/m.weibo.cn\/status\/z5sQvlSkV?mblogid=z5sQvlSkV&luicode=10000011&lfid=1076031401527553","mblog":{"created_at":"2012-11-16","id":"3513025275213761","idstr":"3513025275213761","mid":"3513025275213761","can_edit":false,"text":"\u201c\u4e0d\u5c31\u662f\u2026\u2026\u5417\u201d\u3001\u201c\u2026\u2026\u53c8\u600e\u4e48\u6837\u201d\u3001\u201c\u53cd\u6b63\u2026\u2026\u5c31\u662f\u2026\u2026\u201d\uff0c\u6211\u6bcf\u6b21\u542c\u5230\u8fd9\u4e09\u79cd\u53e5\u5f0f\u90fd\u60f3\u6740\u4eba\u3002 \u200b\u200b\u200b","source":"\u5fae\u535a weibo.com","favorited":false,"is_paid":false,"mblog_vip_type":0,"user":{"id":1401527553,"screen_name":"tombkeeper","profile_image_url":"https:\/\/tva2.sinaimg.cn\/crop.0.0.180.180.180\/53899d01jw8fcb9qpe7vbj2050050mx8.jpg","profile_url":"https:\/\/m.weibo.cn\/u\/1401527553?uid=1401527553&luicode=10000011&lfid=1076031401527553","statuses_count":15425,"verified":true,"verified_type":0,"verified_type_ext":1,"verified_reason":"\u77e5\u540d\u4e92\u8054\u7f51\u8d44\u8baf\u535a\u4e3b","close_blue_v":false,"description":"\u5fae\u535a\u672c\u5730\u8d44\u8baf\u535a\u4e3b\uff08\u521a\u679c\u5e03\u62c9\u67f4\u7ef4\u5c14\uff09","gender":"m","mbtype":12,"urank":48,"mbrank":6,"follow_me":false,"following":false,"followers_count":192533,"follow_count":277,"cover_image_phone":"https:\/\/tva1.sinaimg.cn\/crop.0.0.640.640.640\/549d0121tw1egm1kjly3jj20hs0hsq4f.jpg","avatar_hd":"https:\/\/ww2.sinaimg.cn\/orj480\/53899d01jw8fcb9qpe7vbj2050050mx8.jpg","like":false,"like_me":false,"badge":{"bind_taobao":1,"dzwbqlx_2016":1,"follow_whitelist_video":1,"hongbao_2018":1}},"reposts_count":15,"comments_count":21,"attitudes_count":0,"pending_approval_count":0,"isLongText":false,"visible":{"type":0,"list_id":0},"more_info_type":0,"content_auth":0,"edit_config":{"edited":false},"mblogtype":0,"bid":"z5sQvlSkV"},"show_type":0},{"card_type":9,"itemid":"1076031401527553_-_3513009089435685","scheme":"https:\/\/m.weibo.cn\/status\/z5sqoDAEt?mblogid=z5sqoDAEt&luicode=10000011&lfid=1076031401527553","mblog":{"created_at":"2012-11-16","id":"3513009089435685","idstr":"3513009089435685","mid":"3513009089435685","can_edit":false,"text":"\u4eca\u5e74cansecwest\u7684CFP\u5230\u73b0\u5728\u8fd8\u6ca1\u53d1\uff0c\u8c01\u77e5\u9053\u539f\u56e0\uff1f \u200b\u200b\u200b","source":"\u5fae\u535a weibo.com","favorited":false,"is_paid":false,"mblog_vip_type":0,"user":{"id":1401527553,"screen_name":"tombkeeper","profile_image_url":"https:\/\/tva2.sinaimg.cn\/crop.0.0.180.180.180\/53899d01jw8fcb9qpe7vbj2050050mx8.jpg","profile_url":"https:\/\/m.weibo.cn\/u\/1401527553?uid=1401527553&luicode=10000011&lfid=1076031401527553","statuses_count":15425,"verified":true,"verified_type":0,"verified_type_ext":1,"verified_reason":"\u77e5\u540d\u4e92\u8054\u7f51\u8d44\u8baf\u535a\u4e3b","close_blue_v":false,"description":"\u5fae\u535a\u672c\u5730\u8d44\u8baf\u535a\u4e3b\uff08\u521a\u679c\u5e03\u62c9\u67f4\u7ef4\u5c14\uff09","gender":"m","mbtype":12,"urank":48,"mbrank":6,"follow_me":false,"following":false,"followers_count":192533,"follow_count":277,"cover_image_phone":"https:\/\/tva1.sinaimg.cn\/crop.0.0.640.640.640\/549d0121tw1egm1kjly3jj20hs0hsq4f.jpg","avatar_hd":"https:\/\/ww2.sinaimg.cn\/orj480\/53899d01jw8fcb9qpe7vbj2050050mx8.jpg","like":false,"like_me":false,"badge":{"bind_taobao":1,"dzwbqlx_2016":1,"follow_whitelist_video":1,"hongbao_2018":1}},"reposts_count":1,"comments_count":11,"attitudes_count":0,"pending_approval_count":0,"isLongText":false,"visible":{"type":0,"list_id":0},"more_info_type":0,"content_auth":0,"edit_config":{"edited":false},"mblogtype":0,"bid":"z5sqoDAEt"},"show_type":0},{"card_type":9,"itemid":"1076031401527553_-_3512968051956704","scheme":"https:\/\/m.weibo.cn\/status\/z5rmd8d1K?mblogid=z5rmd8d1K&luicode=10000011&lfid=1076031401527553","mblog":{"created_at":"2012-11-16","id":"3512968051956704","idstr":"3512968051956704","mid":"3512968051956704","can_edit":false,"text":"\u5c42\u5c42\u8f6c\u5305\uff1a<a data-url=\"http:\/\/t.cn\/zjwXr4h\" target=\"_blank\" href=\"https:\/\/weibo.cn\/sinaurl\/blockedfeb5b7d6?luicode=10000011&lfid=1076031401527553&u=http%3A%2F%2Fmoney.163.com%2F12%2F1116%2F10%2F8GE49DKP002524SO_all.html&ep=z5rmd8d1K%252C1401527553%252Cz5rmd8d1K%252C1401527553\" class=\"\"><span class=\"url-icon\"><img src=\"\/\/h5.sinaimg.cn\/upload\/2015\/09\/25\/3\/timeline_card_small_web_default.png\"><\/span><\/i><span class=\"surl-text\">\u7f51\u9875\u94fe\u63a5<\/a> \u201c\u2026\u2026\u5e02\u573a\u4fe1\u606f\u79d1\u79d1\u957f\u6768\u6811\u5ca9\uff0c\u4ee5\u6bcf\u670810\u4e07\u5143\u7684\u4ef7\u683c\uff0c\u96c7\u4f63\u5317\u4eac\u67d0\u4fe1\u606f\u516c\u53f8\u7684\u60c5\u62a5\u90e8\u7ecf\u7406\u97e9\u67d0\u67d0\u2026\u2026\u97e9\u67d0\u67d0\u4fbf\u901a\u8fc7\u4e1a\u5185\u540c\u884c\u4ed8\u67d0\u67d0\u4e2d\u4ecb\uff0c\u4ee5\u6bcf\u67084\u81f310\u4e07\u5143\u7684\u4ef7\u683c\u8f6c\u96c7\u201c\u5317\u6d0b\u8d31\u961f\u201d\u7684\u82d7\u67d0\u67d0\u3002\u82d7\u67d0\u67d0\u4fbf\u7ec4\u7ec7\u4e0b\u5c5e\u9ed1\u5ba2\u9f50\u67d0\u5b9e\u65bd\uff0c\u5e76\u4ee5\u6bcf\u670810000\u5143\u7684\u4f63\u91d1\u916c\u52b3\u9f50\u67d0\u2026\u2026\u201d \u200b\u200b\u200b","source":"\u5fae\u535a weibo.com","favorited":false,"is_paid":false,"mblog_vip_type":0,"user":{"id":1401527553,"screen_name":"tombkeeper","profile_image_url":"https:\/\/tva2.sinaimg.cn\/crop.0.0.180.180.180\/53899d01jw8fcb9qpe7vbj2050050mx8.jpg","profile_url":"https:\/\/m.weibo.cn\/u\/1401527553?uid=1401527553&luicode=10000011&lfid=1076031401527553","statuses_count":15425,"verified":true,"verified_type":0,"verified_type_ext":1,"verified_reason":"\u77e5\u540d\u4e92\u8054\u7f51\u8d44\u8baf\u535a\u4e3b","close_blue_v":false,"description":"\u5fae\u535a\u672c\u5730\u8d44\u8baf\u535a\u4e3b\uff08\u521a\u679c\u5e03\u62c9\u67f4\u7ef4\u5c14\uff09","gender":"m","mbtype":12,"urank":48,"mbrank":6,"follow_me":false,"following":false,"followers_count":192533,"follow_count":277,"cover_image_phone":"https:\/\/tva1.sinaimg.cn\/crop.0.0.640.640.640\/549d0121tw1egm1kjly3jj20hs0hsq4f.jpg","avatar_hd":"https:\/\/ww2.sinaimg.cn\/orj480\/53899d01jw8fcb9qpe7vbj2050050mx8.jpg","like":false,"like_me":false,"badge":{"bind_taobao":1,"dzwbqlx_2016":1,"follow_whitelist_video":1,"hongbao_2018":1}},"reposts_count":30,"comments_count":8,"attitudes_count":0,"pending_approval_count":0,"isLongText":false,"visible":{"type":0,"list_id":0},"more_info_type":0,"content_auth":0,"edit_config":{"edited":false},"mblogtype":0,"bid":"z5rmd8d1K"},"show_type":0}],"showAppTips":0,"scheme":"sinaweibo:\/\/cardlist?containerid=1076031401527553&extparam=&luicode=10000011&lfid=&featurecode="}}