{"ok":1,"data":{"cardlistInfo":{"containerid":"1076031401527553","v_p":42,"show_style":1,"total":15518,"page":50},"cards":[{"card_type":9,"itemid":"1076031401527553_-_3512618784033549","scheme":"https:\/\/m.weibo.cn\/status\/z5igSgVjf?mblogid=z5igSgVjf&luicode=10000011&lfid=1076031401527553","mblog":{"created_at":"2012-11-15","id":"3512618784033549","idstr":"3512618784033549","mid":"3512618784033549","can_edit":false,"text":"\u80fd\u79f0\u5f97\u4e0a\u201c\u751f\u547d\u4e4b\u73af\u201d\u7684\uff0c\u6211\u60f3\u4e86\u534a\u5929\u4e5f\u5c31\u662f\u8282\u80b2\u73af\u4e86\u3002 \u200b\u200b\u200b","source":"\u5fae\u535a weibo.com","favorited":false,"is_paid":false,"mblog_vip_type":0,"user":{"id":1401527553,"screen_name":"tombkeeper","profile_image_url":"https:\/\/tva2.sinaimg.cn\/crop.0.0.180.180.180\/53899d01jw8fcb9qpe7vbj2050050mx8.jpg","profile_url":"https:\/\/m.weibo.cn\/u\/1401527553?uid=1401527553&luicode=10000011&lfid=1076031401527553","statuses_count":15425,"verified":true,"verified_type":0,"verified_type_ext":1,"verified_reason":"\u77e5\u540d\u4e92\u8054\u7f51\u8d44\u8baf\u535a\u4e3b","close_blue_v":false,"description":"\u5fae\u535a\u672c\u5730\u8d44\u8baf\u535a\u4e3b\uff08\u521a\u679c\u5e03\u62c9\u67f4\u7ef4\u5c14\uff09","gender":"m","mbtype":12,"urank":48,"mbrank":6,"follow_me":false,"following":false,"followers_count":192533,"follow_count":277,"cover_image_phone":"https:\/\/tva1.sinaimg.cn\/crop.0.0.640.640.640\/549d0121tw1egm1kjly3jj20hs0hsq4f.jpg","avatar_hd":"https:\/\/ww2.sinaimg.cn\/orj480\/53899d01jw8fcb9qpe7vbj2050050mx8.jpg","like":false,"like_me":false,"badge":{"bind_taobao":1,"dzwbqlx_2016":1,"follow_whitelist_video":1,"hongbao_2018":1}},"reposts_count":5,"comments_count":11,"attitudes_count":0,"pending_approval_count":0,"isLongText":false,"visible":{"type":0,"list_id":0},"more_info_type":0,"content_auth":0,"edit_config":{"edited":false},"mblogtype":0,"bid":"z5igSgVjf"},"show_type":0},{"card_type":9,"itemid":"1076031401527553_-_3512611188030601","scheme":"https:\/\/m.weibo.cn\/status\/z5i4CxH7P?mblogid=z5i4CxH7P&luicode=10000011&lfid=1076031401527553","mblog":{"created_at":"2012-11-15","id":"3512611188030601","idstr":"3512611188030601","mid":"3512611188030601","can_edit":false,"text":"\u300a\u4eba\u6c11\u65e5\u62a5\u300b\uff1a\u201c11\u670814\u65e5\uff0c\u4e2d\u56fd\u6c14\u8c61\u5c40\u56fd\u5bb6\u6c14\u5019\u4e2d\u5fc3\u4e13\u5bb6\u63a5\u53d7\u672c\u62a5\u8bb0\u8005\u91c7\u8bbf\u65f6\u6307\u51fa\uff0c\u4e2d\u56fd\u8fd1\u51e0\u5e74\u201c\u5357\u6d9d\u5317\u65f1\u201d\u7684\u964d\u6c34\u5206\u5e03\u578b\u53d1\u751f\u4e86\u53d8\u5316\u2026\u2026\u201d \u8fd9\u5c31\u548cGBN\u5f53\u5e74\u90a3\u4efd\u62a5\u544a\u300a\u6c14\u5019\u7a81\u53d8\u7684\u60c5\u666f\u53ca\u5176\u5bf9\u7f8e\u56fd\u56fd\u5bb6\u5b89\u5168\u7684\u610f\u4e49\u300b\u91cc\u8bf4\u7684\u5bf9\u4e0a\u4e86\u3002\u300aThe Day After Tomorrow\u300b\u5c31\u662f\u6839\u636e\u8fd9\u4efd\u62a5\u544a\u62cd\u7684\u3002\u8be6\u89c1\uff1a<a data-url=\"http:\/\/t.cn\/zjZnnTS\" target=\"_blank\" href=\"https:\/\/weibo.cn\/sinaurl\/blocked99540ba3?luicode=10000011&lfid=1076031401527553&u=http%3A%2F%2Fhi.baidu.com%2Ftombkeeper%2Fitem%2F0b5c2c3c4761835a80f1a749&ep=z5i4CxH7P%252C1401527553%252Cz5i4CxH7P%252C1401527553\" class=\"\"><span class=\"url-icon\"><img src=\"\/\/h5.sinaimg.cn\/upload\/2015\/09\/25\/3\/timeline_card_small_web_default.png\"><\/span><\/i><span class=\"surl-text\">\u7f51\u9875\u94fe\u63a5<\/a> \u200b\u200b\u200b","source":"\u5fae\u535a weibo.com","favorited":false,"is_paid":false,"mblog_vip_type":0,"user":{"id":1401527553,"screen_name":"tombkeeper","profile_image_url":"https:\/\/tva2.sinaimg.cn\/crop.0.0.180.180.180\/53899d01jw8fcb9qpe7vbj2050050mx8.jpg","profile_url":"https:\/\/m.weibo.cn\/u\/1401527553?uid=1401527553&luicode=10000011&lfid=1076031401527553","statuses_count":15425,"verified":true,"verified_type":0,"verified_type_ext":1,"verified_reason":"\u77e5\u540d\u4e92\u8054\u7f51\u8d44\u8baf\u535a\u4e3b","close_blue_v":false,"description":"\u5fae\u535a\u672c\u5730\u8d44\u8baf\u535a\u4e3b\uff08\u521a\u679c\u5e03\u62c9\u67f4\u7ef4\u5c14\uff09","gender":"m","mbtype":12,"urank":48,"mbrank":6,"follow_me":false,"following":false,"followers_count":192533,"follow_count":277,"cover_image_phone":"https:\/\/tva1.sinaimg.cn\/crop.0.0.640.640.640\/549d0121tw1egm1kjly3jj20hs0hsq4f.jpg","avatar_hd":"https:\/\/ww2.sinaimg.cn\/orj480\/53899d01jw8fcb9qpe7vbj2050050mx8.jpg","like":false,"like_me":false,"badge":{"bind_taobao":1,"dzwbqlx_2016":1,"follow_whitelist_video":1,"hongbao_2018":1}},"reposts_count":8,"comments_count":1,"attitudes_count":0,"pending_approval_count":0,"isLongText":false,"visible":{"type":0,"list_id":0},"more_info_type":0,"content_auth":0,"edit_config":{"edited":false},"mblogtype":0,"bid":"z5i4CxH7P"},"show_type":0},{"card_type":9,"itemid":"1076031401527553_-_3512603227331115","scheme":"https:\/\/m.weibo.cn\/status\/z5hRMuL9N?mblogid=z5hRMuL9N&luicode=10000011&lfid=1076031401527553","mblog":{"created_at":"2012-11-15","id":"3512603227331115","idstr":"3512603227331115","mid":"3512603227331115","can_edit":false,"text":"\u300a\u72ec\u7acb\u62a5\u300b\uff1a\u5927\u9009\u521a\u7ed3\u675f\uff0c\u5965\u5df4\u9a6c\u8001\u5a46\u5199\u4fe1\u7ed9\u82f1\u56fd\u72ec\u7acb\u7535\u89c6\u53f0\uff0c\u8bf4\u5b9e\u5728\u7b49\u4e0d\u53ca\u660e\u5e741\u6708\u300a\u5510\u987f\u5e84\u56ed\u300b\u56de\u5f52\uff0c\u60f3\u8d70\u4e2a\u540e\u95e8\uff0c\u8bf7\u7535\u89c6\u53f0\u73b0\u5728\u5c31\u628a\u7b2c\u4e09\u5b63\u53d1\u7ed9\u5979\u2026\u2026\u6211\u4f30\u8ba1\u5965\u5df4\u9a6c\u53ef\u80fd\u4e5f\u60f3\u770b\uff0c\u4f46\u4e0d\u597d\u610f\u601d\u81ea\u5df1\u51fa\u9762\uff0c\u5c31\u8ba9\u5ab3\u5987\u513f\u6765\u3002\u55ef\uff0c\u5f53\u7136\uff0c\u4f60\u4e5f\u53ef\u4ee5\u628a\u8fd9\u7406\u89e3\u6210\u4e00\u4e2a\u4e3a\u4e86\u8868\u73b0\u4eb2\u6c11\u59ff\u6001\u6545\u610f\u8bbe\u8ba1\u7684\u9b3c\u628a\u620f\u3002 \u200b\u200b\u200b","source":"\u5fae\u535a weibo.com","favorited":false,"is_paid":false,"mblog_vip_type":0,"user":{"id":1401527553,"screen_name":"tombkeeper","profile_image_url":"https:\/\/tva2.sinaimg.cn\/crop.0.0.180.180.180\/53899d01jw8fcb9qpe7vbj2050050mx8.jpg","profile_url":"https:\/\/m.weibo.cn\/u\/1401527553?uid=1401527553&luicode=10000011&lfid=1076031401527553","statuses_count":15425,"verified":true,"verified_type":0,"verified_type_ext":1,"verified_reason":"\u77e5\u540d\u4e92\u8054\u7f51\u8d44\u8baf\u535a\u4e3b","close_blue_v":false,"description":"\u5fae\u535a\u672c\u5730\u8d44\u8baf\u535a\u4e3b\uff08\u521a\u679c\u5e03\u62c9\u67f4\u7ef4\u5c14\uff09","gender":"m","mbtype":12,"urank":48,"mbrank":6,"follow_me":false,"following":false,"followers_count":192533,"follow_count":277,"cover_image_phone":"https:\/\/tva1.sinaimg.cn\/crop.0.0.640.640.640\/549d0121tw1egm1kjly3jj20hs0hsq4f.jpg","avatar_hd":"https:\/\/ww2.sinaimg.cn\/orj480\/53899d01jw8fcb9qpe7vbj2050050mx8.jpg","like":false,"like_me":false,"badge":{"bind_taobao":1,"dzwbqlx_2016":1,"follow_whitelist_video":1,"hongbao_2018":1}},"reposts_count":5,"comments_count":4,"attitudes_count":0,"pending_approval_count":0,"isLongText":false,"visible":{"type":0,"list_id":0},"more_info_type":0,"content_auth":0,"edit_config":{"edited":false},"mblogtype":0,"bid":"z5hRMuL9N"},"show_type":0},{"card_type":9,"itemid":"1076031401527553_-_3512411950475947","scheme":"https:\/\/m.weibo.cn\/status\/z5cTh1ZOz?mblogid=z5cTh1ZOz&luicode=10000011&lfid=1076031401527553","mblog":{"created_at":"2012-11-14","id":"3512411950475947","idstr":"3512411950475947","mid":"3512411950475947","can_edit":false,"text":"\u8fd9\u662f\u6211\u8bf4\u7684\u55d1\u74dc\u5b50\u3002 <a href='https:\/\/m.weibo.cn\/n\/caoz'>@caoz<\/a>","source":"\u5fae\u535a weibo.com","favorited":false,"is_paid":false,"mblog_vip_type":0,"user":{"id":1401527553,"screen_name":"tombkeeper","profile_image_url":"https:\/\/tva2.sinaimg.cn\/crop.0.0.180.180.180\/53899d01jw8fcb9qpe7vbj2050050mx8.jpg","profile_url":"https:\/\/m.weibo.cn\/u\/1401527553?uid=1401527553&luicode=10000011&lfid=1076031401527553","statuses_count":15425,"verified":true,"verified_type":0,"verified_type_ext":1,"verified_reason":"\u77e5\u540d\u4e92\u8054\u7f51\u8d44\u8baf\u535a\u4e3b","close_blue_v":false,"description":"\u5fae\u535a\u672c\u5730\u8d44\u8baf\u535a\u4e3b\uff08\u521a\u679c\u5e03\u62c9\u67f4\u7ef4\u5c14\uff09","gender":"m","mbtype":12,"urank":48,"mbrank":6,"follow_me":false,"following":false,"followers_count":192533,"follow_count":277,"cover_image_phone":"https:\/\/tva1.sinaimg.cn\/crop.0.0.640.640.640\/549d0121tw1egm1kjly3jj20hs0hsq4f.jpg","avatar_hd":"https:\/\/ww2.sinaimg.cn\/orj480\/53899d01jw8fcb9qpe7vbj2050050mx8.jpg","like":false,"like_me":false,"badge":{"bind_taobao":1,"dzwbqlx_2016":1,"follow_whitelist_video":1,"hongbao_2018":1}},"retweeted_status":{"created_at":"2011-08-27","id":"3351067434164769","idstr":"3351067434164769","mid":"3351067434164769","can_edit":false,"text":"\u6211\u4e0d\u5c0f\u5fc3\u6389\u4e0b\u4e00\u7c92\u74dc\u5b50\u3002\u5c0fP\u8d76\u7d27\u8dd1\u8fc7\u6765\u5403\u8fdb\u5634\u91cc\u3002\u6211\u6ca1\u53bb\u593a\uff0c\u800c\u662f\u62b1\u7740\u5e78\u707e\u4e50\u7978\u7684\u5fc3\u6001\u77a7\u7740\u3002\u5fc3\u60f3\u770b\u4f60\u62ff\u74dc\u5b50\u600e\u4e48\u529e\u3002\u6ca1\u60f3\u5230\u5b83\u628a\u74dc\u5b50\u55d1\u5f00\uff0c\u628a\u4ec1\u5403\u4e86\uff0c\u58f3\u7559\u4e0b\uff0c\u7136\u540e\u5c31\u8d70\u4e86\u3002 \u200b\u200b\u200b","source":"\u5fae\u535a weibo.com","favorited":false,"is_paid":false,"mblog_vip_type":0,"user":{"id":1401527553,"screen_name":"tombkeeper","profile_image_url":"https:\/\/tva2.sinaimg.cn\/crop.0.0.180.180.180\/53899d01jw8fcb9qpe7vbj2050050mx8.jpg","profile_url":"https:\/\/m.weibo.cn\/u\/1401527553?uid=1401527553&luicode=10000011&lfid=1076031401527553","statuses_count":15425,"verified":true,"verified_type":0,"verified_type_ext":1,"verified_reason":"\u77e5\u540d\u4e92\u8054\u7f51\u8d44\u8baf\u535a\u4e3b","close_blue_v":false,"description":"\u5fae\u535a\u672c\u5730\u8d44\u8baf\u535a\u4e3b\uff08\u521a\u679c\u5e03\u62c9\u67f4\u7ef4\u5c14\uff09","gender":"m","mbtype":12,"urank":48,"mbrank":6,"follow_me":false,"following":false,"followers_count":192533,"follow_count":277,"cover_image_phone":"https:\/\/tva1.sinaimg.cn\/crop.0.0.640.640.640\/549d0121tw1egm1kjly3jj20hs0hsq4f.jpg","avatar_hd":"https:\/\/ww2.sinaimg.cn\/orj480\/53899d01jw8fcb9qpe7vbj2050050mx8.jpg","like":false,"like_me":false,"badge":{"bind_taobao":1,"dzwbqlx_2016":1,"follow_whitelist_video":1,"hongbao_2018":1}},"reposts_count":7,"comments_count":13,"attitudes_count":0,"pending_approval_count":0,"isLongText":false,"visible":{"type":0,"list_id":0},"more_info_type":0,"content_auth":0,"edit_config":{"edited":false},"bid":"xlquPhtrH"},"reposts_count":2,"comments_count":2,"attitudes_count":0,"pending_approval_count":0,"isLongText":false,"visible":{"type":0,"list_id":0},"more_info_type":0,"content_auth":0,"edit_config":{"edited":false},"mblogtype":0,"obj_ext":"","raw_text":"\u8fd9\u662f\u6211\u8bf4\u7684\u55d1\u74dc\u5b50\u3002 @caoz","bid":"z5cTh1ZOz"},"show_type":0},{"card_type":9,"itemid":"1076031401527553_-_3512411748854373","scheme":"https:\/\/m.weibo.cn\/status\/z5cSWB9qt?mblogid=z5cSWB9qt&luicode=10000011&lfid=1076031401527553","mblog":{"created_at":"2012-11-14","id":"3512411748854373","idstr":"3512411748854373","mid":"3512411748854373","can_edit":false,"text":"\u4e0d\u77e5\u9053\u4e3a\u4ec0\u4e48\uff0c\u81f3\u5c11\u5bf9\u6211\u5bb6\u4e24\u53ea\u72d7\u6765\u8bf4\uff0c\u5978\u8bc8\u4e0d\u5978\u8bc8\u4ece\u9762\u76f8\u4e0a\u5c31\u80fd\u770b\u51fa\u6765\u3002 <a href='https:\/\/m.weibo.cn\/n\/caoz'>@caoz<\/a>","source":"\u5fae\u535a weibo.com","favorited":false,"is_paid":false,"mblog_vip_type":0,"user":{"id":1401527553,"screen_name":"tombkeeper","profile_image_url":"https:\/\/tva2.sinaimg.cn\/crop.0.0.180.180.180\/53899d01jw8fcb9qpe7vbj2050050mx8.jpg","profile_url":"https:\/\/m.weibo.cn\/u\/1401527553?uid=1401527553&luicode=10000011&lfid=1076031401527553","statuses_count":15425,"verified":true,"verified_type":0,"verified_type_ext":1,"verified_reason":"\u77e5\u540d\u4e92\u8054\u7f51\u8d44\u8baf\u535a\u4e3b","close_blue_v":false,"description":"\u5fae\u535a\u672c\u5730\u8d44\u8baf\u535a\u4e3b\uff08\u521a\u679c\u5e03\u62c9\u67f4\u7ef4\u5c14\uff09","gender":"m","mbtype":12,"urank":48,"mbrank":6,"follow_me":false,"following":false,"followers_count":192533,"follow_count":277,"cover_image_phone":"https:\/\/tva1.sinaimg.cn\/crop.0.0.640.640.640\/549d0121tw1egm1kjly3jj20hs0hsq4f.jpg","avatar_hd":"https:\/\/ww2.sinaimg.cn\/orj480\/53899d01jw8fcb9qpe7vbj2050050mx8.jpg","like":false,"like_me":false,"badge":{"bind_taobao":1,"dzwbqlx_2016":1,"follow_whitelist_video":1,"hongbao_2018":1}},"retweeted_status":{"created_at":"2012-03-10","id":"3422008270625170","idstr":"3422008270625170","mid":"3422008270625170","can_edit":false,"text":"\u8d35\u5bbe\u662f\u975e\u5e38\u5978\u8bc8\u7684\u72d7\uff0c\u800c\u8fd9\u53ea\u5219\u662f\u8d35\u5bbe\u4e2d\u7684\u8bc8\u9a97\u72af\u3002\u8b6c\u5982\u6211\u8bad\u7ec3\u5b83\u88c5\u6b7b\uff0c\u5b83\u542c\u5230\u201c\u556a\u201d\u7684\u4e00\u58f0\uff0c\u5176\u5b9e\u5b8c\u5168\u77e5\u9053\u8be5\u5012\u5730\u633a\u5c38\uff0c\u4f46\u5b83\u4f1a\u6839\u636e\u5bf9\u6211\u624b\u4e0a\u7684\u5403\u98df\u611f\u5174\u8da3\u7a0b\u5ea6\u81ea\u5df1\u8bc4\u4f30\u505a\u51e0\u5206\u529f\u592b\u3002\u5982\u679c\u662f\u4e00\u5757\u7cd6\u918b\u8089\uff0c\u5b83\u5c31\u6765\u5168\u5957\uff1b\u5982\u679c\u662f\u7206\u7c73\u82b1\uff0c\u5b83\u5c31\u53ea\u504f\u7740\u5934\u8db4\u4e0b\u4e0a\u534a\u8eab\uff1b\u5982\u679c\u662f\u72d7\u7cae\uff0c\u90a3\u5c31\u53ea\u628a\u5934\u7565\u4fa7\u4e00\u4fa7\uff0c\u610f\u601d\u610f\u601d\u3002 \u200b\u200b\u200b","source":"\u5fae\u535a weibo.com","favorited":false,"thumbnail_pic":"http:\/\/ww1.sinaimg.cn\/thumbnail\/53899d01jw1dqul1p659oj.jpg","bmiddle_pic":"http:\/\/ww1.sinaimg.cn\/bmiddle\/53899d01jw1dqul1p659oj.jpg","original_pic":"http:\/\/ww1.sinaimg.cn\/large\/53899d01jw1dqul1p659oj.jpg","is_paid":false,"mblog_vip_type":0,"user":{"id":1401527553,"screen_name":"tombkeeper","profile_image_url":"https:\/\/tva2.sinaimg.cn\/crop.0.0.180.180.180\/53899d01jw8fcb9qpe7vbj2050050mx8.jpg","profile_url":"https:\/\/m.weibo.cn\/u\/1401527553?uid=1401527553&luicode=10000011&lfid=1076031401527553","statuses_count":15425,"verified":true,"verified_type":0,"verified_type_ext":1,"verified_reason":"\u77e5\u540d\u4e92\u8054\u7f51\u8d44\u8baf\u535a\u4e3b","close_blue_v":false,"description":"\u5fae\u535a\u672c\u5730\u8d44\u8baf\u535a\u4e3b\uff08\u521a\u679c\u5e03\u62c9\u67f4\u7ef4\u5c14\uff09","gender":"m","mbtype":12,"urank":48,"mbrank":6,"follow_me":false,"following":false,"followers_count":192533,"follow_count":277,"cover_image_phone":"https:\/\/tva1.sinaimg.cn\/crop.0.0.640.640.640\/549d0121tw1egm1kjly3jj20hs0hsq4f.jpg","avatar_hd":"https:\/\/ww2.sinaimg.cn\/orj480\/53899d01jw8fcb9qpe7vbj2050050mx8.jpg","like":false,"like_me":false,"badge":{"bind_taobao":1,"dzwbqlx_2016":1,"follow_whitelist_video":1,"hongbao_2018":1}},"reposts_count":31,"comments_count":18,"attitudes_count":0,"pending_approval_count":0,"isLongText":false,"visible":{"type":0,"list_id":0},"more_info_type":0,"content_auth":0,"edit_config":{"edited":false},"bid":"y9exd2CDo","pics":[{"pid":"53899d01jw1dqul1p659oj","url":"https:\/\/ww1.sinaimg.cn\/orj360\/53899d01jw1dqul1p659oj.jpg","size":"orj360","geo":false,"large":{"size":"large","url":"https:\/\/ww1.sinaimg.cn\/large\/53899d01jw1dqul1p659oj.jpg","geo":false}}]},"reposts_count":5,"comments_count":5,"attitudes_count":0,"pending_approval_count":0,"isLongText":false,"visible":{"type":0,"list_id":0},"more_info_type":0,"content_auth":0,"edit_config":{"edited":false},"mblogtype":0,"obj_ext":"","raw_text":"\u4e0d\u77e5\u9053\u4e3a\u4ec0\u4e48\uff0c\u81f3\u5c11\u5bf9\u6211\u5bb6\u4e24\u53ea\u72d7\u6765\u8bf4\uff0c\u5978\u8bc8\u4e0d\u5978\u8bc8\u4ece\u9762\u76f8\u4e0a\u5c31\u80fd\u770b\u51fa\u6765\u3002 @caoz","bid":"z5cSWB9qt"},"show_type":0},{"card_type":9,"itemid":"1076031401527553_-_3512395810591573","scheme":"https:\/\/m.weibo.cn\/status\/z5ctf2tTv?mblogid=z5ctf2tTv&luicode=10000011&lfid=1076031401527553","mblog":{"created_at":"2012-11-14","id":"3512395810591573","idstr":"3512395810591573","mid":"3512395810591573","can_edit":false,"text":"\u6211\u4e0d\u6e05\u695a\u72d7\u7684\u667a\u529b\u5dee\u522b\u6709\u591a\u5927\uff0c\u4f46\u5bb6\u91cc\u4e24\u53ea\u72d7\u5b8c\u5168\u4e0d\u50cf\u4e00\u4e2a\u7269\u79cd\u3002\u5c0fP\u5077\u4e86\u9999\u8549\uff0c\u4f1a\u5265\u5f00\u76ae\u5403\u3002\u7ed9\u5b83\u8475\u82b1\u7c7d\uff0c\u5b83\u4f1a\u55d1\u5f00\u5403\u3002\u5982\u679c\u641e\u5230\u4e00\u9897\u6817\u5b50\uff0c\u5b83\u5c31\u4f1a\u7528\u722a\u6320\u6211\uff0c\u8ba9\u6211\u5e2e\u5b83\u5265\u3002\u8fd9\u90fd\u662f\u5b83\u81ea\u5df1\u7814\u7a76\u7684\uff0c\u6ca1\u4eba\u6559\u3002\u4f46\u53e6\u4e00\u53ea\u72d7\uff0c\u7ed9\u5b83\u5f20\u9910\u5dfe\u7eb8\uff0c\u5b83\u4e5f\u4e00\u53e3\u5c31\u5403\u4e86\u3002\u6211\u4e00\u5f00\u59cb\u5bf9\u6b64\u5f88\u8ff7\u60d1\uff0c\u540e\u6765\u8054\u60f3\u5230\u4eba\u7c7b\uff0c\u4e5f\u5c31\u4e0d\u90a3\u4e48\u8ff7\u60d1\u4e86\u3002 \u200b\u200b\u200b","source":"\u5fae\u535a weibo.com","favorited":false,"is_paid":false,"mblog_vip_type":0,"user":{"id":1401527553,"screen_name":"tombkeeper","profile_image_url":"https:\/\/tva2.sinaimg.cn\/crop.0.0.180.180.180\/53899d01jw8fcb9qpe7vbj2050050mx8.jpg","profile_url":"https:\/\/m.weibo.cn\/u\/1401527553?uid=1401527553&luicode=10000011&lfid=1076031401527553","statuses_count":15425,"verified":true,"verified_type":0,"verified_type_ext":1,"verified_reason":"\u77e5\u540d\u4e92\u8054\u7f51\u8d44\u8baf\u535a\u4e3b","close_blue_v":false,"description":"\u5fae\u535a\u672c\u5730\u8d44\u8baf\u535a\u4e3b\uff08\u521a\u679c\u5e03\u62c9\u67f4\u7ef4\u5c14\uff09","gender":"m","mbtype":12,"urank":48,"mbrank":6,"follow_me":false,"following":false,"followers_count":192533,"follow_count":277,"cover_image_phone":"https:\/\/tva1.sinaimg.cn\/crop.0.0.640.640.640\/549d0121tw1egm1kjly3jj20hs0hsq4f.jpg","avatar_hd":"https:\/\/ww2.sinaimg.cn\/orj480\/53899d01jw8fcb9qpe7vbj2050050mx8.jpg","like":false,"like_me":false,"badge":{"bind_taobao":1,"dzwbqlx_2016":1,"follow_whitelist_video":1,"hongbao_2018":1}},"reposts_count":31,"comments_count":16,"attitudes_count":1,"pending_approval_count":0,"isLongText":false,"visible":{"type":0,"list_id":0},"more_info_type":0,"content_auth":0,"edit_config":{"edited":false},"mblogtype":0,"bid":"z5ctf2tTv"},"show_type":0},{"card_type":9,"itemid":"1076031401527553_-_3512353490227351","scheme":"https:\/\/m.weibo.cn\/status\/z5bmZ0X8X?mblogid=z5bmZ0X8X&luicode=10000011&lfid=1076031401527553","mblog":{"created_at":"2012-11-14","id":"3512353490227351","idstr":"3512353490227351","mid":"3512353490227351","can_edit":false,"text":"\u5728\u80fd\u7a33\u5b9a\u8bbf\u95eeGoogle\u7684\u5730\u65b9\uff0c\u4ee5Google Doc\u7684\u5171\u4eab\/\u534f\u4f5c\u529f\u80fd\u4f5c\u4e3a\u4fe1\u9053\uff0c\u53ef\u4ee5\u5b9e\u73b0\u4e00\u5957\u6bd4\u8f83\u9690\u853d\u7684\u901a\u4fe1\u534f\u8bae\uff0c\u505a\u4e2aIM Over Google\u6216Backdoor Over Google\u3002\u8c01\u6709\u5174\u8da3\uff0c\u53ef\u4ee5\u8bd5\u8bd5\u3002\u8fd9\u6bd4\u8f83\u9002\u5408\u505a\u6bd5\u4e1a\u8bbe\u8ba1\u3002 \u200b\u200b\u200b","source":"\u5fae\u535a weibo.com","favorited":false,"is_paid":false,"mblog_vip_type":0,"user":{"id":1401527553,"screen_name":"tombkeeper","profile_image_url":"https:\/\/tva2.sinaimg.cn\/crop.0.0.180.180.180\/53899d01jw8fcb9qpe7vbj2050050mx8.jpg","profile_url":"https:\/\/m.weibo.cn\/u\/1401527553?uid=1401527553&luicode=10000011&lfid=1076031401527553","statuses_count":15425,"verified":true,"verified_type":0,"verified_type_ext":1,"verified_reason":"\u77e5\u540d\u4e92\u8054\u7f51\u8d44\u8baf\u535a\u4e3b","close_blue_v":false,"description":"\u5fae\u535a\u672c\u5730\u8d44\u8baf\u535a\u4e3b\uff08\u521a\u679c\u5e03\u62c9\u67f4\u7ef4\u5c14\uff09","gender":"m","mbtype":12,"urank":48,"mbrank":6,"follow_me":false,"following":false,"followers_count":192533,"follow_count":277,"cover_image_phone":"https:\/\/tva1.sinaimg.cn\/crop.0.0.640.640.640\/549d0121tw1egm1kjly3jj20hs0hsq4f.jpg","avatar_hd":"https:\/\/ww2.sinaimg.cn\/orj480\/53899d01jw8fcb9qpe7vbj2050050mx8.jpg","like":false,"like_me":false,"badge":{"bind_taobao":1,"dzwbqlx_2016":1,"follow_whitelist_video":1,"hongbao_2018":1}},"reposts_count":30,"comments_count":13,"attitudes_count":0,"pending_approval_count":0,"isLongText":false,"visible":{"type":0,"list_id":0},"more_info_type":0,"content_auth":0,"edit_config":{"edited":false},"mblogtype":0,"bid":"z5bmZ0X8X"},"show_type":0},{"card_type":9,"itemid":"1076031401527553_-_3512291942998897","scheme":"https:\/\/m.weibo.cn\/status\/z59LIcA9j?mblogid=z59LIcA9j&luicode=10000011&lfid=1076031401527553","mblog":{"created_at":"2012-11-14","id":"3512291942998897","idstr":"3512291942998897","mid":"3512291942998897","can_edit":false,"text":"\u542c\u8bf4MMA\u683c\u6597\u4e2d\u6709\u4e00\u62db\u201c\u5341\u5b57\u56fa\u201d\u5f88\u5389\u5bb3\u3002 \u200b\u200b\u200b","source":"\u5fae\u535a weibo.com","favorited":false,"thumbnail_pic":"http:\/\/ww1.sinaimg.cn\/thumbnail\/53899d01jw1dyum9ldc6nj.jpg","bmiddle_pic":"http:\/\/ww1.sinaimg.cn\/bmiddle\/53899d01jw1dyum9ldc6nj.jpg","original_pic":"http:\/\/ww1.sinaimg.cn\/large\/53899d01jw1dyum9ldc6nj.jpg","is_paid":false,"mblog_vip_type":0,"user":{"id":1401527553,"screen_name":"tombkeeper","profile_image_url":"https:\/\/tva2.sinaimg.cn\/crop.0.0.180.180.180\/53899d01jw8fcb9qpe7vbj2050050mx8.jpg","profile_url":"https:\/\/m.weibo.cn\/u\/1401527553?uid=1401527553&luicode=10000011&lfid=1076031401527553","statuses_count":15425,"verified":true,"verified_type":0,"verified_type_ext":1,"verified_reason":"\u77e5\u540d\u4e92\u8054\u7f51\u8d44\u8baf\u535a\u4e3b","close_blue_v":false,"description":"\u5fae\u535a\u672c\u5730\u8d44\u8baf\u535a\u4e3b\uff08\u521a\u679c\u5e03\u62c9\u67f4\u7ef4\u5c14\uff09","gender":"m","mbtype":12,"urank":48,"mbrank":6,"follow_me":false,"following":false,"followers_count":192533,"follow_count":277,"cover_image_phone":"https:\/\/tva1.sinaimg.cn\/crop.0.0.640.640.640\/549d0121tw1egm1kjly3jj20hs0hsq4f.jpg","avatar_hd":"https:\/\/ww2.sinaimg.cn\/orj480\/53899d01jw8fcb9qpe7vbj2050050mx8.jpg","like":false,"like_me":false,"badge":{"bind_taobao":1,"dzwbqlx_2016":1,"follow_whitelist_video":1,"hongbao_2018":1}},"reposts_count":8,"comments_count":6,"attitudes_count":0,"pending_approval_count":0,"isLongText":false,"visible":{"type":0,"list_id":0},"more_info_type":0,"content_auth":0,"edit_config":{"edited":false},"mblogtype":0,"bid":"z59LIcA9j","pics":[{"pid":"53899d01jw1dyum9ldc6nj","url":"https:\/\/ww1.sinaimg.cn\/orj360\/53899d01jw1dyum9ldc6nj.jpg","size":"orj360","geo":false,"large":{"size":"large","url":"https:\/\/ww1.sinaimg.cn\/large\/53899d01jw1dyum9ldc6nj.jpg","geo":false}}]},"show_type":0},{"card_type":9,"itemid":"1076031401527553_-_3512284003361025","scheme":"https:\/\/m.weibo.cn\/status\/z59yUe6m5?mblogid=z59yUe6m5&luicode=10000011&lfid=1076031401527553","mblog":{"created_at":"2012-11-14","id":"3512284003361025","idstr":"3512284003361025","mid":"3512284003361025","can_edit":false,"text":"\u201c\u4e00\u4e9b\u4f01\u4e1a\u63a5\u5230\u4e4c\u4e91\u62a5\u544a\u6b64\u6f0f\u6d1e\u540e\uff0c\u5341\u5206\u611f\u52a8\u7136\u540e\u62d2\u7edd\u3002\u201d","source":"\u5fae\u535a weibo.com","favorited":false,"is_paid":false,"mblog_vip_type":0,"user":{"id":1401527553,"screen_name":"tombkeeper","profile_image_url":"https:\/\/tva2.sinaimg.cn\/crop.0.0.180.180.180\/53899d01jw8fcb9qpe7vbj2050050mx8.jpg","profile_url":"https:\/\/m.weibo.cn\/u\/1401527553?uid=1401527553&luicode=10000011&lfid=1076031401527553","statuses_count":15425,"verified":true,"verified_type":0,"verified_type_ext":1,"verified_reason":"\u77e5\u540d\u4e92\u8054\u7f51\u8d44\u8baf\u535a\u4e3b","close_blue_v":false,"description":"\u5fae\u535a\u672c\u5730\u8d44\u8baf\u535a\u4e3b\uff08\u521a\u679c\u5e03\u62c9\u67f4\u7ef4\u5c14\uff09","gender":"m","mbtype":12,"urank":48,"mbrank":6,"follow_me":false,"following":false,"followers_count":192533,"follow_count":277,"cover_image_phone":"https:\/\/tva1.sinaimg.cn\/crop.0.0.640.640.640\/549d0121tw1egm1kjly3jj20hs0hsq4f.jpg","avatar_hd":"https:\/\/ww2.sinaimg.cn\/orj480\/53899d01jw8fcb9qpe7vbj2050050mx8.jpg","like":false,"like_me":false,"badge":{"bind_taobao":1,"dzwbqlx_2016":1,"follow_whitelist_video":1,"hongbao_2018":1}},"retweeted_status":{"created_at":"2012-11-14","id":"3512282992251604","idstr":"3512282992251604","mid":"3512282992251604","can_edit":false,"text":"\u65e5\u5e38\u79d1\u6280\uff0c\u4e0d\u662f\u5b9e\u9a8c\u5ba4\u4e2d\u7684\u6982\u5ff5\u6280\u672f\uff1b\u5b89\u5168\u653b\u51fb\uff0c\u4e5f\u4e0d\u662f\u5b9e\u65bd\u590d\u6742\u7684\u624b\u6bb5\u6240\u81f4\u3002\u4e4c\u4e91\u767d\u5e3d\u7528\u5b9e\u8df5\u8bc1\u660e\u5982\u4f55\u5c06\u6211\u4eec\u4e0d\u5c51\u7684\u6570\u636e\u548c\u5c0f\u6f0f\u6d1e\u201c\u53d8\u5e9f\u4e3a\u5b9d\u201d\uff0c\u8f7b\u677e\u98a0\u8986\u4e09\u89c2\u3002\u4e5f\u63d0\u9192\u4f01\u4e1a\u5728\u4e0b\u5927\u6210\u672c\u62b5\u5fa1\u201c\u9ad8\u7ea7\u201d\u653b\u51fb\u65f6\uff0c\u4e5f\u522b\u5fd8\u4e86\u90a3\u4e9b\u6700\u7b80\u5355\u6709\u6548\u7684\u624b\u6bb5\u3002\u732b\u6251\u9a8c\u8bc1\u7801\u8bbe\u8ba1\u7f3a\u9677\uff0c\u626b\u53f710\u4e07\u6210\u529f\u7834\u89e3782\u4e2a <a data-url=\"http:\/\/t.cn\/zjZAvc8\" target=\"_blank\" href=\"https:\/\/weibo.cn\/sinaurl\/blocked83b7625d?luicode=10000011&lfid=1076031401527553&u=http%3A%2F%2Fwww.wooyun.org%2Fbugs%2Fwooyun-2012-014224%230-tsina-1-8453-397232819ff9a47a7b7e80a40613cfe1&ep=z59xh9rKc%252C1981622273%252Cz59xh9rKc%252C1981622273#0-tsina-1-8453-397232819ff9a47a7b7e80a40613cfe1\" class=\"\"><span class=\"url-icon\"><img src=\"\/\/h5.sinaimg.cn\/upload\/2015\/09\/25\/3\/timeline_card_small_web_default.png\"><\/span><\/i><span class=\"surl-text\">\u7f51\u9875\u94fe\u63a5<\/a> \u200b\u200b\u200b","source":"\u4e13\u4e1a\u7248\u5fae\u535a","favorited":false,"thumbnail_pic":"http:\/\/ww4.sinaimg.cn\/thumbnail\/761d2801jw1dyul8ljlqcj.jpg","bmiddle_pic":"http:\/\/ww4.sinaimg.cn\/bmiddle\/761d2801jw1dyul8ljlqcj.jpg","original_pic":"http:\/\/ww4.sinaimg.cn\/large\/761d2801jw1dyul8ljlqcj.jpg","is_paid":false,"mblog_vip_type":0,"user":{"id":1981622273,"screen_name":"\u4e4c\u4e91-\u6f0f\u6d1e\u62a5\u544a\u5e73\u53f0","profile_image_url":"https:\/\/tva2.sinaimg.cn\/crop.0.0.180.180.180\/761d2801jw1e8qgp5bmzyj2050050aa8.jpg","profile_url":"https:\/\/m.weibo.cn\/u\/1981622273?uid=1981622273&luicode=10000011&lfid=1076031401527553","statuses_count":1691,"verified":true,"verified_type":2,"verified_type_ext":0,"verified_reason":"WooYun\u662f\u4e00\u4e2a\u4f4d\u4e8e\u5382\u5546\u548c\u5b89\u5168\u7814\u7a76\u8005\u4e4b\u95f4\u7684\u5b89\u5168\u95ee\u9898\u53cd\u9988\u5e73\u53f0www.wooyun.org","close_blue_v":false,"description":"WooYun\u662f\u4e00\u4e2a\u4f4d\u4e8e\u5382\u5546\u548c\u5b89\u5168\u7814\u7a76\u8005\u4e4b\u95f4\u7684\u5b89\u5168\u95ee\u9898\u53cd\u9988\u5e73\u53f0\uff0c\u5728\u5bf9\u5b89\u5168\u95ee\u9898\u8fdb\u884c\u53cd\u9988\u5904\u7406\u8ddf\u8fdb\u7684\u540c\u65f6\uff0c\u4e3a\u4e92\u8054\u7f51\u5b89\u5168\u7814\u7a76\u8005\u63d0\u4f9b\u4e00\u4e2a\u516c\u76ca\u3001\u5b66\u4e60\u3001\u4ea4\u6d41\u548c\u7814\u7a76\u7684\u5e73\u53f0\u3002","gender":"m","mbtype":0,"urank":26,"mbrank":0,"follow_me":false,"following":false,"followers_count":158712,"follow_count":152,"cover_image_phone":"https:\/\/tva1.sinaimg.cn\/crop.0.0.640.640.640\/549d0121tw1egm1kjly3jj20hs0hsq4f.jpg","avatar_hd":"https:\/\/ww2.sinaimg.cn\/orj480\/761d2801jw1e8qgp5bmzyj2050050aa8.jpg","like":false,"like_me":false,"badge":{"user_name_certificate":1}},"reposts_count":46,"comments_count":6,"attitudes_count":1,"pending_approval_count":0,"isLongText":false,"visible":{"type":0,"list_id":0},"more_info_type":0,"content_auth":0,"edit_config":{"edited":false},"bid":"z59xh9rKc","pics":[{"pid":"761d2801jw1dyul8ljlqcj","url":"https:\/\/ww4.sinaimg.cn\/orj360\/761d2801jw1dyul8ljlqcj.jpg","size":"orj360","geo":false,"large":{"size":"large","url":"https:\/\/ww4.sinaimg.cn\/large\/761d2801jw1dyul8ljlqcj.jpg","geo":false}}]},"reposts_count":3,"comments_count":2,"attitudes_count":0,"pending_approval_count":0,"isLongText":false,"visible":{"type":0,"list_id":0},"more_info_type":0,"content_auth":0,"edit_config":{"edited":false},"mblogtype":0,"obj_ext":"","raw_text":"\u201c\u4e00\u4e9b\u4f01\u4e1a\u63a5\u5230\u4e4c\u4e91\u62a5\u544a\u6b64\u6f0f\u6d1e\u540e\uff0c\u5341\u5206\u611f\u52a8\u7136\u540e\u62d2\u7edd\u3002\u201d","bid":"z59yUe6m5"},"show_type":0}],"showAppTips":0,"scheme":"sinaweibo:\/\/cardlist?containerid=1076031401527553&extparam=&luicode=10000011&lfid=&featurecode="}}