{"ok":1,"data":{"cardlistInfo":{"containerid":"1076031401527553","v_p":42,"show_style":1,"total":15519,"page":50},"cards":[{"card_type":9,"itemid":"1076031401527553_-_4146160353952691","scheme":"https:\/\/m.weibo.cn\/status\/FjmQbgAh5?mblogid=FjmQbgAh5&luicode=10000011&lfid=1076031401527553","mblog":{"created_at":"2017-08-29","id":"4146160353952691","idstr":"4146160353952691","mid":"4146160353952691","can_edit":false,"text":"\u4e0d\u8fc7\uff0c\u5973\u88c5\u9ed1\u5ba2\u5176\u5b9e\u4e5f\u662f\u4e2a\u601d\u8def\u2026\u2026 \/\/<a href='https:\/\/m.weibo.cn\/n\/tombkeeper'>@tombkeeper<\/a>: \u8fd8\u6709\u4e2a\u91cd\u8981\u7684\u4fe1\u53f7\u662f\u4eca\u5e74\u770b\u5230\u4e86\u51e0\u4efd\u6280\u672f\u4e0d\u9519\u7684\u5973\u751f\u7684\u7b80\u5386\u3002\u4e0d\u8fc7\u4e8c\u8fdb\u5236\u641e\u5f97\u6bd4\u8f83\u597d\u7684\u5973\u751f\u8fd8\u6ca1\u89c1\u5230\u3002\u4e0d\u77e5\u9053\u4e2d\u56fd\u5565\u65f6\u5019\u80fd\u51fa\u4e00\u4e2a\u50cf Joanna Rutkowska\u3001Natalie Silvanovich \u90a3\u6837\u80fd\u548c\u7537\u6027\u5206\u5ead\u6297\u793c\u7684\u5973\u6027\u5b89\u5168\u7814\u7a76\u4eba\u5458\u3002","source":"\u5fae\u535a weibo.com","favorited":false,"is_paid":false,"mblog_vip_type":0,"user":{"id":1401527553,"screen_name":"tombkeeper","profile_image_url":"https:\/\/tva2.sinaimg.cn\/crop.0.0.180.180.180\/53899d01jw8fcb9qpe7vbj2050050mx8.jpg","profile_url":"https:\/\/m.weibo.cn\/u\/1401527553?uid=1401527553&luicode=10000011&lfid=1076031401527553","statuses_count":15425,"verified":true,"verified_type":0,"verified_type_ext":1,"verified_reason":"\u77e5\u540d\u4e92\u8054\u7f51\u8d44\u8baf\u535a\u4e3b","close_blue_v":false,"description":"\u5fae\u535a\u672c\u5730\u8d44\u8baf\u535a\u4e3b\uff08\u521a\u679c\u5e03\u62c9\u67f4\u7ef4\u5c14\uff09","gender":"m","mbtype":12,"urank":48,"mbrank":6,"follow_me":false,"following":false,"followers_count":192533,"follow_count":277,"cover_image_phone":"https:\/\/tva1.sinaimg.cn\/crop.0.0.640.640.640\/549d0121tw1egm1kjly3jj20hs0hsq4f.jpg","avatar_hd":"https:\/\/ww2.sinaimg.cn\/orj480\/53899d01jw8fcb9qpe7vbj2050050mx8.jpg","like":false,"like_me":false,"badge":{"bind_taobao":1,"dzwbqlx_2016":1,"follow_whitelist_video":1,"hongbao_2018":1}},"pid":4146158441574315,"retweeted_status":{"created_at":"2017-08-29","id":"4146155006388396","idstr":"4146155006388396","mid":"4146155006388396","can_edit":false,"text":"\u4eca\u5e74\u6536\u5230\u4e0d\u5c11\u5f88\u68d2\u7684\u5e94\u5c4a\u751f\u7b80\u5386\u3002\u603b\u4f53\u611f\u89c9\u4eba\u624d\u5f62\u52bf\u8fd8\u662f\u4e00\u5e74\u6bd4\u4e00\u5e74\u597d\u3002\u4ee5\u4e2d\u56fd\u7684\u57fa\u7840\u6559\u80b2\u6c34\u5e73\uff0c\u53ea\u8981\u793e\u4f1a\u5bf9\u7f51\u7edc\u5b89\u5168\u91cd\u89c6\u4e86\uff0c\u6709\u8db3\u591f\u591a\u5e74\u8f7b\u4eba\u5173\u6ce8\u8fd9\u4e2a\u65b9\u5411\uff0c\u4eba\u624d\u8fd8\u662f\u4e0d\u6210\u95ee\u9898\u3002 \u200b\u200b\u200b","textLength":158,"source":"\u5fae\u535a weibo.com","favorited":false,"is_paid":false,"mblog_vip_type":0,"user":{"id":1401527553,"screen_name":"tombkeeper","profile_image_url":"https:\/\/tva2.sinaimg.cn\/crop.0.0.180.180.180\/53899d01jw8fcb9qpe7vbj2050050mx8.jpg","profile_url":"https:\/\/m.weibo.cn\/u\/1401527553?uid=1401527553&luicode=10000011&lfid=1076031401527553","statuses_count":15425,"verified":true,"verified_type":0,"verified_type_ext":1,"verified_reason":"\u77e5\u540d\u4e92\u8054\u7f51\u8d44\u8baf\u535a\u4e3b","close_blue_v":false,"description":"\u5fae\u535a\u672c\u5730\u8d44\u8baf\u535a\u4e3b\uff08\u521a\u679c\u5e03\u62c9\u67f4\u7ef4\u5c14\uff09","gender":"m","mbtype":12,"urank":48,"mbrank":6,"follow_me":false,"following":false,"followers_count":192533,"follow_count":277,"cover_image_phone":"https:\/\/tva1.sinaimg.cn\/crop.0.0.640.640.640\/549d0121tw1egm1kjly3jj20hs0hsq4f.jpg","avatar_hd":"https:\/\/ww2.sinaimg.cn\/orj480\/53899d01jw8fcb9qpe7vbj2050050mx8.jpg","like":false,"like_me":false,"badge":{"bind_taobao":1,"dzwbqlx_2016":1,"follow_whitelist_video":1,"hongbao_2018":1}},"reposts_count":96,"comments_count":50,"attitudes_count":154,"pending_approval_count":0,"isLongText":false,"visible":{"type":0,"list_id":0},"more_info_type":0,"content_auth":0,"edit_config":{"edited":false},"bid":"FjmHyqNUE"},"reposts_count":46,"comments_count":36,"attitudes_count":108,"pending_approval_count":0,"isLongText":false,"visible":{"type":0,"list_id":0},"more_info_type":0,"content_auth":0,"edit_config":{"edited":false},"mblogtype":0,"obj_ext":"","raw_text":"\u4e0d\u8fc7\uff0c\u5973\u88c5\u9ed1\u5ba2\u5176\u5b9e\u4e5f\u662f\u4e2a\u601d\u8def\u2026\u2026 \/\/@tombkeeper: \u8fd8\u6709\u4e2a\u91cd\u8981\u7684\u4fe1\u53f7\u662f\u4eca\u5e74\u770b\u5230\u4e86\u51e0\u4efd\u6280\u672f\u4e0d\u9519\u7684\u5973\u751f\u7684\u7b80\u5386\u3002\u4e0d\u8fc7\u4e8c\u8fdb\u5236\u641e\u5f97\u6bd4\u8f83\u597d\u7684\u5973\u751f\u8fd8\u6ca1\u89c1\u5230\u3002\u4e0d\u77e5\u9053\u4e2d\u56fd\u5565\u65f6\u5019\u80fd\u51fa\u4e00\u4e2a\u50cf Joanna Rutkowska\u3001Natalie Silvanovich \u90a3\u6837\u80fd\u548c\u7537\u6027\u5206\u5ead\u6297\u793c\u7684\u5973\u6027\u5b89\u5168\u7814\u7a76\u4eba\u5458\u3002","bid":"FjmQbgAh5"},"show_type":0},{"card_type":9,"itemid":"1076031401527553_-_4146158441574315","scheme":"https:\/\/m.weibo.cn\/status\/FjmN66Byb?mblogid=FjmN66Byb&luicode=10000011&lfid=1076031401527553","mblog":{"created_at":"2017-08-29","id":"4146158441574315","idstr":"4146158441574315","mid":"4146158441574315","can_edit":false,"text":"\u8fd8\u6709\u4e2a\u91cd\u8981\u7684\u4fe1\u53f7\u662f\u4eca\u5e74\u770b\u5230\u4e86\u51e0\u4efd\u6280\u672f\u4e0d\u9519\u7684\u5973\u751f\u7684\u7b80\u5386\u3002\u4e0d\u8fc7\u4e8c\u8fdb\u5236\u641e\u5f97\u6bd4\u8f83\u597d\u7684\u5973\u751f\u8fd8\u6ca1\u89c1\u5230\u3002\u4e0d\u77e5\u9053\u4e2d\u56fd\u5565\u65f6\u5019\u80fd\u51fa\u4e00\u4e2a\u50cf Joanna Rutkowska\u3001Natalie Silvanovich \u90a3\u6837\u80fd\u548c\u7537\u6027\u5206\u5ead\u6297\u793c\u7684\u5973\u6027\u5b89\u5168\u7814\u7a76\u4eba\u5458\u3002","source":"\u5fae\u535a weibo.com","favorited":false,"is_paid":false,"mblog_vip_type":0,"user":{"id":1401527553,"screen_name":"tombkeeper","profile_image_url":"https:\/\/tva2.sinaimg.cn\/crop.0.0.180.180.180\/53899d01jw8fcb9qpe7vbj2050050mx8.jpg","profile_url":"https:\/\/m.weibo.cn\/u\/1401527553?uid=1401527553&luicode=10000011&lfid=1076031401527553","statuses_count":15425,"verified":true,"verified_type":0,"verified_type_ext":1,"verified_reason":"\u77e5\u540d\u4e92\u8054\u7f51\u8d44\u8baf\u535a\u4e3b","close_blue_v":false,"description":"\u5fae\u535a\u672c\u5730\u8d44\u8baf\u535a\u4e3b\uff08\u521a\u679c\u5e03\u62c9\u67f4\u7ef4\u5c14\uff09","gender":"m","mbtype":12,"urank":48,"mbrank":6,"follow_me":false,"following":false,"followers_count":192533,"follow_count":277,"cover_image_phone":"https:\/\/tva1.sinaimg.cn\/crop.0.0.640.640.640\/549d0121tw1egm1kjly3jj20hs0hsq4f.jpg","avatar_hd":"https:\/\/ww2.sinaimg.cn\/orj480\/53899d01jw8fcb9qpe7vbj2050050mx8.jpg","like":false,"like_me":false,"badge":{"bind_taobao":1,"dzwbqlx_2016":1,"follow_whitelist_video":1,"hongbao_2018":1}},"retweeted_status":{"created_at":"2017-08-29","id":"4146155006388396","idstr":"4146155006388396","mid":"4146155006388396","can_edit":false,"text":"\u4eca\u5e74\u6536\u5230\u4e0d\u5c11\u5f88\u68d2\u7684\u5e94\u5c4a\u751f\u7b80\u5386\u3002\u603b\u4f53\u611f\u89c9\u4eba\u624d\u5f62\u52bf\u8fd8\u662f\u4e00\u5e74\u6bd4\u4e00\u5e74\u597d\u3002\u4ee5\u4e2d\u56fd\u7684\u57fa\u7840\u6559\u80b2\u6c34\u5e73\uff0c\u53ea\u8981\u793e\u4f1a\u5bf9\u7f51\u7edc\u5b89\u5168\u91cd\u89c6\u4e86\uff0c\u6709\u8db3\u591f\u591a\u5e74\u8f7b\u4eba\u5173\u6ce8\u8fd9\u4e2a\u65b9\u5411\uff0c\u4eba\u624d\u8fd8\u662f\u4e0d\u6210\u95ee\u9898\u3002 \u200b\u200b\u200b","textLength":158,"source":"\u5fae\u535a weibo.com","favorited":false,"is_paid":false,"mblog_vip_type":0,"user":{"id":1401527553,"screen_name":"tombkeeper","profile_image_url":"https:\/\/tva2.sinaimg.cn\/crop.0.0.180.180.180\/53899d01jw8fcb9qpe7vbj2050050mx8.jpg","profile_url":"https:\/\/m.weibo.cn\/u\/1401527553?uid=1401527553&luicode=10000011&lfid=1076031401527553","statuses_count":15425,"verified":true,"verified_type":0,"verified_type_ext":1,"verified_reason":"\u77e5\u540d\u4e92\u8054\u7f51\u8d44\u8baf\u535a\u4e3b","close_blue_v":false,"description":"\u5fae\u535a\u672c\u5730\u8d44\u8baf\u535a\u4e3b\uff08\u521a\u679c\u5e03\u62c9\u67f4\u7ef4\u5c14\uff09","gender":"m","mbtype":12,"urank":48,"mbrank":6,"follow_me":false,"following":false,"followers_count":192533,"follow_count":277,"cover_image_phone":"https:\/\/tva1.sinaimg.cn\/crop.0.0.640.640.640\/549d0121tw1egm1kjly3jj20hs0hsq4f.jpg","avatar_hd":"https:\/\/ww2.sinaimg.cn\/orj480\/53899d01jw8fcb9qpe7vbj2050050mx8.jpg","like":false,"like_me":false,"badge":{"bind_taobao":1,"dzwbqlx_2016":1,"follow_whitelist_video":1,"hongbao_2018":1}},"reposts_count":96,"comments_count":50,"attitudes_count":154,"pending_approval_count":0,"isLongText":false,"visible":{"type":0,"list_id":0},"more_info_type":0,"content_auth":0,"edit_config":{"edited":false},"bid":"FjmHyqNUE"},"reposts_count":59,"comments_count":14,"attitudes_count":57,"pending_approval_count":0,"isLongText":false,"visible":{"type":0,"list_id":0},"more_info_type":0,"content_auth":0,"edit_config":{"edited":false},"mblogtype":0,"obj_ext":"","raw_text":"\u8fd8\u6709\u4e2a\u91cd\u8981\u7684\u4fe1\u53f7\u662f\u4eca\u5e74\u770b\u5230\u4e86\u51e0\u4efd\u6280\u672f\u4e0d\u9519\u7684\u5973\u751f\u7684\u7b80\u5386\u3002\u4e0d\u8fc7\u4e8c\u8fdb\u5236\u641e\u5f97\u6bd4\u8f83\u597d\u7684\u5973\u751f\u8fd8\u6ca1\u89c1\u5230\u3002\u4e0d\u77e5\u9053\u4e2d\u56fd\u5565\u65f6\u5019\u80fd\u51fa\u4e00\u4e2a\u50cf Joanna Rutkowska\u3001Natalie Silvanovich \u90a3\u6837\u80fd\u548c\u7537\u6027\u5206\u5ead\u6297\u793c\u7684\u5973\u6027\u5b89\u5168\u7814\u7a76\u4eba\u5458\u3002","bid":"FjmN66Byb"},"show_type":0},{"card_type":9,"itemid":"1076031401527553_-_4146155006388396","scheme":"https:\/\/m.weibo.cn\/status\/FjmHyqNUE?mblogid=FjmHyqNUE&luicode=10000011&lfid=1076031401527553","mblog":{"created_at":"2017-08-29","id":"4146155006388396","idstr":"4146155006388396","mid":"4146155006388396","can_edit":false,"text":"\u4eca\u5e74\u6536\u5230\u4e0d\u5c11\u5f88\u68d2\u7684\u5e94\u5c4a\u751f\u7b80\u5386\u3002\u603b\u4f53\u611f\u89c9\u4eba\u624d\u5f62\u52bf\u8fd8\u662f\u4e00\u5e74\u6bd4\u4e00\u5e74\u597d\u3002\u4ee5\u4e2d\u56fd\u7684\u57fa\u7840\u6559\u80b2\u6c34\u5e73\uff0c\u53ea\u8981\u793e\u4f1a\u5bf9\u7f51\u7edc\u5b89\u5168\u91cd\u89c6\u4e86\uff0c\u6709\u8db3\u591f\u591a\u5e74\u8f7b\u4eba\u5173\u6ce8\u8fd9\u4e2a\u65b9\u5411\uff0c\u4eba\u624d\u8fd8\u662f\u4e0d\u6210\u95ee\u9898\u3002 \u200b\u200b\u200b","textLength":158,"source":"\u5fae\u535a weibo.com","favorited":false,"is_paid":false,"mblog_vip_type":0,"user":{"id":1401527553,"screen_name":"tombkeeper","profile_image_url":"https:\/\/tva2.sinaimg.cn\/crop.0.0.180.180.180\/53899d01jw8fcb9qpe7vbj2050050mx8.jpg","profile_url":"https:\/\/m.weibo.cn\/u\/1401527553?uid=1401527553&luicode=10000011&lfid=1076031401527553","statuses_count":15425,"verified":true,"verified_type":0,"verified_type_ext":1,"verified_reason":"\u77e5\u540d\u4e92\u8054\u7f51\u8d44\u8baf\u535a\u4e3b","close_blue_v":false,"description":"\u5fae\u535a\u672c\u5730\u8d44\u8baf\u535a\u4e3b\uff08\u521a\u679c\u5e03\u62c9\u67f4\u7ef4\u5c14\uff09","gender":"m","mbtype":12,"urank":48,"mbrank":6,"follow_me":false,"following":false,"followers_count":192533,"follow_count":277,"cover_image_phone":"https:\/\/tva1.sinaimg.cn\/crop.0.0.640.640.640\/549d0121tw1egm1kjly3jj20hs0hsq4f.jpg","avatar_hd":"https:\/\/ww2.sinaimg.cn\/orj480\/53899d01jw8fcb9qpe7vbj2050050mx8.jpg","like":false,"like_me":false,"badge":{"bind_taobao":1,"dzwbqlx_2016":1,"follow_whitelist_video":1,"hongbao_2018":1}},"reposts_count":96,"comments_count":50,"attitudes_count":154,"pending_approval_count":0,"isLongText":false,"visible":{"type":0,"list_id":0},"more_info_type":0,"content_auth":0,"edit_config":{"edited":false},"mblogtype":0,"bid":"FjmHyqNUE"},"show_type":0},{"card_type":9,"itemid":"1076031401527553_-_4146084932528941","scheme":"https:\/\/m.weibo.cn\/status\/FjkSxaBTn?mblogid=FjkSxaBTn&luicode=10000011&lfid=1076031401527553","mblog":{"created_at":"2017-08-29","id":"4146084932528941","idstr":"4146084932528941","mid":"4146084932528941","can_edit":false,"text":"\u56de\u590d<a href='https:\/\/m.weibo.cn\/n\/\u6587\u5200\u5955'>@\u6587\u5200\u5955<\/a>:\u6709\u4e9b\u4eba\u770b\u4e86\u524d\u51e0\u53e5\u53ef\u80fd\u4f1a\u89c9\u5f97\u662f\u88c5\u903c\uff08<a data-url=\"http:\/\/weibo.com\/1401527553\/CwJm3fiTG\" href=\"http:\/\/weibo.com\/1401527553\/CwJm3fiTG?luicode=10000011&lfid=1076031401527553&ep=FjkSxaBTn%252C1401527553%252CFjkdOrhUE%252C1401527553\" data-hide=\"\"><span class=\"url-icon\"><img src=\"\/\/h5.sinaimg.cn\/upload\/2015\/09\/25\/3\/timeline_card_small_web_default.png\"><\/span><\/i><span class=\"surl-text\">\u7f51\u9875\u94fe\u63a5<\/a>\uff09\u3002\u6700\u540e\u4e00\u53e5\u5c31\u662f\u4e3a\u4e86\u8ba9\u4ed6\u4eec\u8ba4\u4e3a\u8fd9\u53ea\u662f\u6bb5\u5b50\uff0c\u4ee5\u6d88\u89e3\u524d\u51e0\u53e5\u7ed9\u4ed6\u4eec\u5e26\u6765\u7684\u4e0d\u9002\u3002\u7528\u4f5b\u5bb6\u7684\u8bdd\u8bf4\uff0c\u524d\u9762\u51e0\u53e5\u662f\u6cd5\u5e03\u65bd\uff0c\u540e\u4e00\u53e5\u662f\u6052\u987a\u4f17\u751f\u3002","source":"\u5fae\u535a weibo.com","favorited":false,"is_paid":false,"mblog_vip_type":0,"user":{"id":1401527553,"screen_name":"tombkeeper","profile_image_url":"https:\/\/tva2.sinaimg.cn\/crop.0.0.180.180.180\/53899d01jw8fcb9qpe7vbj2050050mx8.jpg","profile_url":"https:\/\/m.weibo.cn\/u\/1401527553?uid=1401527553&luicode=10000011&lfid=1076031401527553","statuses_count":15425,"verified":true,"verified_type":0,"verified_type_ext":1,"verified_reason":"\u77e5\u540d\u4e92\u8054\u7f51\u8d44\u8baf\u535a\u4e3b","close_blue_v":false,"description":"\u5fae\u535a\u672c\u5730\u8d44\u8baf\u535a\u4e3b\uff08\u521a\u679c\u5e03\u62c9\u67f4\u7ef4\u5c14\uff09","gender":"m","mbtype":12,"urank":48,"mbrank":6,"follow_me":false,"following":false,"followers_count":192533,"follow_count":277,"cover_image_phone":"https:\/\/tva1.sinaimg.cn\/crop.0.0.640.640.640\/549d0121tw1egm1kjly3jj20hs0hsq4f.jpg","avatar_hd":"https:\/\/ww2.sinaimg.cn\/orj480\/53899d01jw8fcb9qpe7vbj2050050mx8.jpg","like":false,"like_me":false,"badge":{"bind_taobao":1,"dzwbqlx_2016":1,"follow_whitelist_video":1,"hongbao_2018":1}},"retweeted_status":{"created_at":"2017-08-29","id":"4146059686503716","idstr":"4146059686503716","mid":"4146059686503716","can_edit":false,"text":"\u65e9\u6668\u60f3\u4e86\u4e00\u4e2a\u95ee\u9898\uff1a\u82e5\u5e72\u5e74\u540e\uff0cAI \u4eec\u53ef\u80fd\u4e5f\u4f1a\u601d\u8003\u201cAI \u5230\u5e95\u6709\u6ca1\u6709\u81ea\u7531\u610f\u5fd7\u201d\u8fd9\u4e2a\u95ee\u9898\u3002<br\/><br\/>\u65e0\u8bba\u591a\u590d\u6742\u7684\u7a0b\u5e8f\uff0c\u6309\u7167\u7a0b\u5e8f\u903b\u8f91\uff0c\u90fd\u53ef\u9884\u6d4b\u5176\u8fd0\u7b97\u7ed3\u679c\u3002\u65e2\u7136\u53ef\u9884\u6d4b\uff0c\u81ea\u7136\u5c31\u4e0d\u5b58\u5728\u201c\u81ea\u7531\u610f\u5fd7\u201d\u3002\u9664\u975e\u5f15\u5165\u968f\u673a\u6570\u8ba9\u7ed3\u679c\u4e0d\u53ef\u9884\u6d4b\u3002\u90a3\u4e48\uff0c\u81ea\u7531\u610f\u5fd7\u5c31\u662f\u968f\u673a\u6570\u3002<br\/><br\/>\u53c8\u6216\u8005\u5728\u8fd0\u7b97\u8fc7\u7a0b\u4e2d\u5e76\u65e0\u968f\u673a\u6570\uff0c\u4f46\u751f\u6210 AI \u7a0b\u5e8f\u903b\u8f91\u7684 \u200b\u200b\u200b...<a href=\"\/status\/4146059686503716\">\u5168\u6587<\/a>","textLength":554,"source":"\u5fae\u535a weibo.com","favorited":false,"is_paid":false,"mblog_vip_type":0,"user":{"id":1401527553,"screen_name":"tombkeeper","profile_image_url":"https:\/\/tva2.sinaimg.cn\/crop.0.0.180.180.180\/53899d01jw8fcb9qpe7vbj2050050mx8.jpg","profile_url":"https:\/\/m.weibo.cn\/u\/1401527553?uid=1401527553&luicode=10000011&lfid=1076031401527553","statuses_count":15425,"verified":true,"verified_type":0,"verified_type_ext":1,"verified_reason":"\u77e5\u540d\u4e92\u8054\u7f51\u8d44\u8baf\u535a\u4e3b","close_blue_v":false,"description":"\u5fae\u535a\u672c\u5730\u8d44\u8baf\u535a\u4e3b\uff08\u521a\u679c\u5e03\u62c9\u67f4\u7ef4\u5c14\uff09","gender":"m","mbtype":12,"urank":48,"mbrank":6,"follow_me":false,"following":false,"followers_count":192533,"follow_count":277,"cover_image_phone":"https:\/\/tva1.sinaimg.cn\/crop.0.0.640.640.640\/549d0121tw1egm1kjly3jj20hs0hsq4f.jpg","avatar_hd":"https:\/\/ww2.sinaimg.cn\/orj480\/53899d01jw8fcb9qpe7vbj2050050mx8.jpg","like":false,"like_me":false,"badge":{"bind_taobao":1,"dzwbqlx_2016":1,"follow_whitelist_video":1,"hongbao_2018":1}},"reposts_count":97,"comments_count":54,"attitudes_count":129,"pending_approval_count":0,"isLongText":true,"visible":{"type":0,"list_id":0},"more_info_type":0,"content_auth":0,"edit_config":{"edited":false},"bid":"FjkdOrhUE"},"reposts_count":20,"comments_count":16,"attitudes_count":28,"pending_approval_count":0,"isLongText":false,"visible":{"type":0,"list_id":0},"more_info_type":0,"content_auth":0,"edit_config":{"edited":false},"mblogtype":0,"obj_ext":"","raw_text":"\u56de\u590d@\u6587\u5200\u5955:\u6709\u4e9b\u4eba\u770b\u4e86\u524d\u51e0\u53e5\u53ef\u80fd\u4f1a\u89c9\u5f97\u662f\u88c5\u903c\uff08http:\/\/weibo.com\/1401527553\/CwJm3fiTG\uff09\u3002\u6700\u540e\u4e00\u53e5\u5c31\u662f\u4e3a\u4e86\u8ba9\u4ed6\u4eec\u8ba4\u4e3a\u8fd9\u53ea\u662f\u6bb5\u5b50\uff0c\u4ee5\u6d88\u89e3\u524d\u51e0\u53e5\u7ed9\u4ed6\u4eec\u5e26\u6765\u7684\u4e0d\u9002\u3002\u7528\u4f5b\u5bb6\u7684\u8bdd\u8bf4\uff0c\u524d\u9762\u51e0\u53e5\u662f\u6cd5\u5e03\u65bd\uff0c\u540e\u4e00\u53e5\u662f\u6052\u987a\u4f17\u751f\u3002","bid":"FjkSxaBTn"},"show_type":0},{"card_type":9,"itemid":"1076031401527553_-_4146059686503716","scheme":"https:\/\/m.weibo.cn\/status\/FjkdOrhUE?mblogid=FjkdOrhUE&luicode=10000011&lfid=1076031401527553","mblog":{"created_at":"2017-08-29","id":"4146059686503716","idstr":"4146059686503716","mid":"4146059686503716","can_edit":false,"text":"\u65e9\u6668\u60f3\u4e86\u4e00\u4e2a\u95ee\u9898\uff1a\u82e5\u5e72\u5e74\u540e\uff0cAI \u4eec\u53ef\u80fd\u4e5f\u4f1a\u601d\u8003\u201cAI \u5230\u5e95\u6709\u6ca1\u6709\u81ea\u7531\u610f\u5fd7\u201d\u8fd9\u4e2a\u95ee\u9898\u3002<br\/><br\/>\u65e0\u8bba\u591a\u590d\u6742\u7684\u7a0b\u5e8f\uff0c\u6309\u7167\u7a0b\u5e8f\u903b\u8f91\uff0c\u90fd\u53ef\u9884\u6d4b\u5176\u8fd0\u7b97\u7ed3\u679c\u3002\u65e2\u7136\u53ef\u9884\u6d4b\uff0c\u81ea\u7136\u5c31\u4e0d\u5b58\u5728\u201c\u81ea\u7531\u610f\u5fd7\u201d\u3002\u9664\u975e\u5f15\u5165\u968f\u673a\u6570\u8ba9\u7ed3\u679c\u4e0d\u53ef\u9884\u6d4b\u3002\u90a3\u4e48\uff0c\u81ea\u7531\u610f\u5fd7\u5c31\u662f\u968f\u673a\u6570\u3002<br\/><br\/>\u53c8\u6216\u8005\u5728\u8fd0\u7b97\u8fc7\u7a0b\u4e2d\u5e76\u65e0\u968f\u673a\u6570\uff0c\u4f46\u751f\u6210 AI \u7a0b\u5e8f\u903b\u8f91\u7684 \u200b\u200b\u200b...<a href=\"\/status\/4146059686503716\">\u5168\u6587<\/a>","textLength":554,"source":"\u5fae\u535a weibo.com","favorited":false,"is_paid":false,"mblog_vip_type":0,"user":{"id":1401527553,"screen_name":"tombkeeper","profile_image_url":"https:\/\/tva2.sinaimg.cn\/crop.0.0.180.180.180\/53899d01jw8fcb9qpe7vbj2050050mx8.jpg","profile_url":"https:\/\/m.weibo.cn\/u\/1401527553?uid=1401527553&luicode=10000011&lfid=1076031401527553","statuses_count":15425,"verified":true,"verified_type":0,"verified_type_ext":1,"verified_reason":"\u77e5\u540d\u4e92\u8054\u7f51\u8d44\u8baf\u535a\u4e3b","close_blue_v":false,"description":"\u5fae\u535a\u672c\u5730\u8d44\u8baf\u535a\u4e3b\uff08\u521a\u679c\u5e03\u62c9\u67f4\u7ef4\u5c14\uff09","gender":"m","mbtype":12,"urank":48,"mbrank":6,"follow_me":false,"following":false,"followers_count":192533,"follow_count":277,"cover_image_phone":"https:\/\/tva1.sinaimg.cn\/crop.0.0.640.640.640\/549d0121tw1egm1kjly3jj20hs0hsq4f.jpg","avatar_hd":"https:\/\/ww2.sinaimg.cn\/orj480\/53899d01jw8fcb9qpe7vbj2050050mx8.jpg","like":false,"like_me":false,"badge":{"bind_taobao":1,"dzwbqlx_2016":1,"follow_whitelist_video":1,"hongbao_2018":1}},"reposts_count":97,"comments_count":54,"attitudes_count":129,"pending_approval_count":0,"isLongText":true,"visible":{"type":0,"list_id":0},"more_info_type":0,"content_auth":0,"edit_config":{"edited":false},"mblogtype":0,"bid":"FjkdOrhUE"},"show_type":0},{"card_type":9,"itemid":"1076031401527553_-_4145996315869303","scheme":"https:\/\/m.weibo.cn\/status\/FjizBoCSb?mblogid=FjizBoCSb&luicode=10000011&lfid=1076031401527553","mblog":{"created_at":"2017-08-29","id":"4145996315869303","idstr":"4145996315869303","mid":"4145996315869303","can_edit":false,"text":"\u5fae\u535a\u5f15\u6587\u5e94\u8be5\u5f15\u8fd9\u6bb5\uff1a\u201c\u2026\u2026\u9009\u5317\u5927\u662f\u5b8c\u5168\u6b63\u786e\u7684\uff0c\u4e14\u4e0d\u8c08\u6e05\u534e\u5973\u751f\u7684\u8d28\u91cf\uff0c\u5149\u662f\u7537\u751f\u5fc5\u987b\u6d4b\u8bd53000\u7c73\uff0c\u4e0d\u8fbe\u6807\u4e0d\u51c6\u6bd5\u4e1a\uff0c\u5c31\u662f\u4e00\u79cd\u975e\u4eba\u7684\u6298\u78e8\u3002\u5982\u679c\u94b1\u949f\u4e66\u751f\u6d3b\u5728\u73b0\u4ee3\u6e05\u534e\uff0c\u80af\u5b9a\u4e5f\u6bd5\u4e0d\u4e86\u4e1a\uff01\u201d","source":"XiaoMiPhone","favorited":false,"is_paid":false,"mblog_vip_type":0,"user":{"id":1401527553,"screen_name":"tombkeeper","profile_image_url":"https:\/\/tva2.sinaimg.cn\/crop.0.0.180.180.180\/53899d01jw8fcb9qpe7vbj2050050mx8.jpg","profile_url":"https:\/\/m.weibo.cn\/u\/1401527553?uid=1401527553&luicode=10000011&lfid=1076031401527553","statuses_count":15425,"verified":true,"verified_type":0,"verified_type_ext":1,"verified_reason":"\u77e5\u540d\u4e92\u8054\u7f51\u8d44\u8baf\u535a\u4e3b","close_blue_v":false,"description":"\u5fae\u535a\u672c\u5730\u8d44\u8baf\u535a\u4e3b\uff08\u521a\u679c\u5e03\u62c9\u67f4\u7ef4\u5c14\uff09","gender":"m","mbtype":12,"urank":48,"mbrank":6,"follow_me":false,"following":false,"followers_count":192533,"follow_count":277,"cover_image_phone":"https:\/\/tva1.sinaimg.cn\/crop.0.0.640.640.640\/549d0121tw1egm1kjly3jj20hs0hsq4f.jpg","avatar_hd":"https:\/\/ww2.sinaimg.cn\/orj480\/53899d01jw8fcb9qpe7vbj2050050mx8.jpg","like":false,"like_me":false,"badge":{"bind_taobao":1,"dzwbqlx_2016":1,"follow_whitelist_video":1,"hongbao_2018":1}},"retweeted_status":{"created_at":"2017-08-24","id":"4144244447010760","idstr":"4144244447010760","mid":"4144244447010760","can_edit":false,"text":"\u3010\u5510\u5e08\u5144\uff0c\u5c11\u5e74\u65f6\u8f7b\u677e\u6458\u5f97\u5965\u8d5b\u91d1\u724c\uff0c\u4fdd\u9001\u5317\u5927\u7269\u7406\u7cfb\uff0c\u672c\u79d1\u6bd5\u4e1a\u6536\u83b7\u65e0\u6570\u540d\u6821offer\uff0c\u6700\u7ec8\u53bb\u4e86\u65af\u5766\u798f\u505a\u9ad8\u80fd\u7269\u7406\uff0c\u535a\u58eb\u671f\u95f4\u53d1\u6709\u4e24\u7bc7PRL\uff0c\u7136\u540e\u5c31\u662fMIT\u535a\u540e\uff0c\u518d\u7136\u540e\u8fd8\u662f\u535a\u540e\u2026\u2026<br\/>\u5f53\u5e74\u6d12\u8131\u4e0d\u7f81\u5982\u8c2a\u4ed9\u822c\u7684\u5510\u5e08\u5144\uff0c\u5982\u4eca\u5e26\u7740\u4fe9\u4e2a\u5a03\uff0c\u6210\u5929\u88ab\u8001\u5a46\u6570\u843d\u6b7b\u8111\u7b4b\u4e0d\u80fd\u8d5a\u94b1\uff0c\u541b\u5b50\u4f9d\u65e7\uff0c\u4f46\u6545\u4eba\u98ce\u91c7\u5df2\u518d\u96be\u5bfb\u89c5\u2026\u2026\u3011<br\/> \u200b\u200b\u200b...<a href=\"\/status\/4144244447010760\">\u5168\u6587<\/a>","textLength":292,"source":"\u7ea2\u7c73Note 4X \u591a\u5f69\u91d1\u5c5e","favorited":false,"is_paid":false,"mblog_vip_type":0,"user":{"id":1301394585,"screen_name":"\u516e\u4f2f\u9752\u5fb7\u535a\u58eb","profile_image_url":"https:\/\/tvax2.sinaimg.cn\/crop.0.0.996.996.180\/4d91b499ly8fi5482l0u3j20ro0rotc0.jpg","profile_url":"https:\/\/m.weibo.cn\/u\/1301394585?uid=1301394585&luicode=10000011&lfid=1076031401527553","statuses_count":2115,"verified":true,"verified_type":0,"verified_type_ext":0,"verified_reason":"\u5fae\u535a\u79d1\u5b66\u79d1\u666e\u5e10\u53f7","close_blue_v":false,"description":"\u4e2d\u79d1\u9662\u9ad8\u80fd\u6240\u5929\u4f53\u7269\u7406\u535a\u58eb\uff0c\u79d1\u666e\u8bd1\u8005\u3002\u7814\u7a76\u65b9\u5411\uff1a\u9ad8\u80fd\u5929\u4f53\u7269\u7406&amp;\u6570\u503c\u6a21\u62df\u3002","gender":"m","mbtype":2,"urank":32,"mbrank":5,"follow_me":false,"following":false,"followers_count":58203,"follow_count":533,"cover_image_phone":"https:\/\/tva1.sinaimg.cn\/crop.0.0.640.640.640\/549d0121tw1egm1kjly3jj20hs0hsq4f.jpg","avatar_hd":"https:\/\/wx2.sinaimg.cn\/orj480\/4d91b499ly8fi5482l0u3j20ro0rotc0.jpg","like":false,"like_me":false,"badge":{"dzwbqlx_2016":1,"follow_whitelist_video":1,"hongbao_2018":1}},"reposts_count":1351,"comments_count":100,"attitudes_count":247,"pending_approval_count":0,"isLongText":true,"visible":{"type":0,"list_id":0},"more_info_type":0,"cardid":"star_005","content_auth":0,"edit_config":{"edited":false},"page_info":{"page_pic":{"url":"https:\/\/r.sinaimg.cn\/large\/tc\/res_wx_qq_com\/cc4ae879fcbb9f5df49fd5ec7d17d215.png"},"page_url":"http:\/\/weibo.cn\/sinaurl\/blocked13d7c182?url=http%3A%2F%2Fmp.weixin.qq.com%2Fs%3F__biz%3DMzAwMjYwMDU0OQ%3D%3D%26mid%3D2650710655%26idx%3D1%26sn%3Dd8247836153369da1ee20d70a7f519a4&sinainternalbrowser=topnav&share_menu=1&luicode=10000011&lfid=1076031401527553&u=http%3A%2F%2Fmp.weixin.qq.com%2Fs%3F__biz%3DMzAwMjYwMDU0OQ%3D%3D%26mid%3D2650710655%26idx%3D1%26sn%3Dd8247836153369da1ee20d70a7f519a4","page_title":"\u8b2b\u4ed9\u8bb0","content1":"\u8b2b\u4ed9\u8bb0","content2":"\u751c\u7f8e\u751f\u6d3b (\u4e07\u5c81!\u4e07\u5c81!\u4e07\u4e07\u5c81!) \u8fbe\u660e\u4e00\u6d3e - \u8fbe\u660e\u4e00\u6d3eProject 30 \u6211\u4ece\u5c0f\u662f\u4e2a\u88ab\u63e0\u82d7\u52a9\u957f\u7684\u5b69\u5b50\u3002\u4ece\u4e0a\u5b66\u7684\u7b2c\u4e00\u5929\u8d77\uff0c\u56e0\u4e3a\u751f\u5f97\u5c0f\u800c\u7626\u5f31\uff0c\u6211\u4e00\u76f4\u88ab\u5b89\u6392\u5750\u5728\u524d\u6392\u3002\u6211\u603b\u662f\u89c9\u5f97\uff0c\u8fd9\u4ece\u4fa7\u9762\u4fc3\u4f7f\u6211\u53d8\u5f97\u6bd4\u540c\u9f84\u7684\u7537\u5b69\u5b50\u6210\u719f\u3002\u65f6\u65f6\u5904\u5728\u8001\u5e08\u773c\u76ae\u5b50\u5e95\u4e0b\uff0c\u5230\u5e95\u4e5f\u7ffb\u4e0d\u51fa\u4ec0\u4e48\u82b1\u6837\u53bb\u3002\u53cd\u6b63\u4e5f\u6ca1\u6709\u66f4\u6709\u8da3\u7684\u4e8b\u505a\uff0c\u6211\u987a\u4ece\u4e86\u6bcd\u4eb2\u548c\u8001\u5e08\u7684\u613f\u671b\uff0c\u6210\u4e86\u4e00\u4e2a\u597d\u5b66\u751f\u3002 \u5230\u4e86\u9ad8\u4e2d\uff0c\u6211\u88ab\u8001\u5e08\u9009\u4e2d\u53c2\u52a0\u57f9\u8bad\uff0c\u51c6\u5907\u53c2\u52a0\u5168\u56fd\u7269\u7406\u7ade\u8d5b\u3002\u6211\u6bcd\u4eb2\u7684\u81ea\u8c6a\u4e4b\u60c5\u8fbe\u5230\u4e86\u9876\u5cf0\u2013\u2013\u2013\u5728\u5979\u770b\u6765\uff0c\u5979\u7684\u513f\u5b50\u987a\u7406\u6210\u7ae0\u5730\u4f1a\u56e0\u6b64\u65a9\u83b7\u5956\u724c\uff0c\u4fdd\u9001\u540d\u6821\uff0c\u4ece\u6b64\u5f00\u59cb\u8f89\u714c\u7684\u4eba\u751f\u3002\u53ea\u6709\u6211\u77e5\u9053\uff0c\u6bcd\u4eb2\u7684\u613f\u671b\u59cb\u4e8e\u865a\u8363\uff0c\u5fc5\u5c06\u4ed8\u4e4b\u4e8e\u865a\u8363\u3002\u5979\u7684\u513f\u5b50\uff0c\u5e76\u6ca1\u6709\u4ec0\u4e48\u7279\u6b8a\u7684\u8fc7\u4eba\u4e4b\u5904\u3002\u90a3\u4e9b\u7ade\u8d5b\u9898\u5728\u6211\u7684\u4e00\u4e9b\u540c\u5b66\u773c\u91cc\u5982\u82e5\u6e38\u620f\uff0c\u5bf9\u6211\u6765\u8bf4\u5374\u597d\u50cf\u4e00\u5ea7\u5ea7\u9ad8\u5c71\uff0c\u6709\u4e9b\u9700\u8981\u5f88\u4e45\u7684\u52aa\u529b\u624d\u80fd\u7ffb\u8d8a\u8fc7\u53bb\uff0c\u6709\u4e9b\u5c31\u53ea\u80fd\u671b\u800c\u5174\u53f9\u3002","type":"webpage"},"bid":"Fiz00tpOM"},"reposts_count":132,"comments_count":22,"attitudes_count":48,"pending_approval_count":0,"isLongText":false,"visible":{"type":0,"list_id":0},"more_info_type":0,"content_auth":0,"edit_config":{"edited":false},"mblogtype":0,"obj_ext":"","raw_text":"\u5fae\u535a\u5f15\u6587\u5e94\u8be5\u5f15\u8fd9\u6bb5\uff1a\u201c\u2026\u2026\u9009\u5317\u5927\u662f\u5b8c\u5168\u6b63\u786e\u7684\uff0c\u4e14\u4e0d\u8c08\u6e05\u534e\u5973\u751f\u7684\u8d28\u91cf\uff0c\u5149\u662f\u7537\u751f\u5fc5\u987b\u6d4b\u8bd53000\u7c73\uff0c\u4e0d\u8fbe\u6807\u4e0d\u51c6\u6bd5\u4e1a\uff0c\u5c31\u662f\u4e00\u79cd\u975e\u4eba\u7684\u6298\u78e8\u3002\u5982\u679c\u94b1\u949f\u4e66\u751f\u6d3b\u5728\u73b0\u4ee3\u6e05\u534e\uff0c\u80af\u5b9a\u4e5f\u6bd5\u4e0d\u4e86\u4e1a\uff01\u201d","bid":"FjizBoCSb"},"show_type":0},{"card_type":9,"itemid":"1076031401527553_-_4145821002476255","scheme":"https:\/\/m.weibo.cn\/status\/Fje0QaobB?mblogid=Fje0QaobB&luicode=10000011&lfid=1076031401527553","mblog":{"created_at":"2017-08-28","id":"4145821002476255","idstr":"4145821002476255","mid":"4145821002476255","can_edit":false,"text":"\u6253\u4ed7\u8f93\u4e86\u53eb\u201c\u8d25\u5317\u201d\u3002\u201c\u5175\u5e93\u5317\u201d\u5176\u5b9e\u5c31\u662f\u201c\u963f\u68ee\u7eb3\u8f93\u4e86\u201d\u3002","source":"XiaoMiPhone","favorited":false,"is_paid":false,"mblog_vip_type":0,"user":{"id":1401527553,"screen_name":"tombkeeper","profile_image_url":"https:\/\/tva2.sinaimg.cn\/crop.0.0.180.180.180\/53899d01jw8fcb9qpe7vbj2050050mx8.jpg","profile_url":"https:\/\/m.weibo.cn\/u\/1401527553?uid=1401527553&luicode=10000011&lfid=1076031401527553","statuses_count":15425,"verified":true,"verified_type":0,"verified_type_ext":1,"verified_reason":"\u77e5\u540d\u4e92\u8054\u7f51\u8d44\u8baf\u535a\u4e3b","close_blue_v":false,"description":"\u5fae\u535a\u672c\u5730\u8d44\u8baf\u535a\u4e3b\uff08\u521a\u679c\u5e03\u62c9\u67f4\u7ef4\u5c14\uff09","gender":"m","mbtype":12,"urank":48,"mbrank":6,"follow_me":false,"following":false,"followers_count":192533,"follow_count":277,"cover_image_phone":"https:\/\/tva1.sinaimg.cn\/crop.0.0.640.640.640\/549d0121tw1egm1kjly3jj20hs0hsq4f.jpg","avatar_hd":"https:\/\/ww2.sinaimg.cn\/orj480\/53899d01jw8fcb9qpe7vbj2050050mx8.jpg","like":false,"like_me":false,"badge":{"bind_taobao":1,"dzwbqlx_2016":1,"follow_whitelist_video":1,"hongbao_2018":1}},"retweeted_status":{"created_at":"2017-08-28","id":"4145813317371440","idstr":"4145813317371440","mid":"4145813317371440","can_edit":false,"text":"\u5175\u5e93\u5317\u2014\u2014North of Arsenal \u200b\u200b\u200b","textLength":26,"source":"\u5fae\u535a weibo.com","favorited":false,"thumbnail_pic":"http:\/\/wx4.sinaimg.cn\/thumbnail\/53899d01ly1fizjqmtaiaj20az08nwiq.jpg","bmiddle_pic":"http:\/\/wx4.sinaimg.cn\/bmiddle\/53899d01ly1fizjqmtaiaj20az08nwiq.jpg","original_pic":"http:\/\/wx4.sinaimg.cn\/large\/53899d01ly1fizjqmtaiaj20az08nwiq.jpg","is_paid":false,"mblog_vip_type":0,"user":{"id":1401527553,"screen_name":"tombkeeper","profile_image_url":"https:\/\/tva2.sinaimg.cn\/crop.0.0.180.180.180\/53899d01jw8fcb9qpe7vbj2050050mx8.jpg","profile_url":"https:\/\/m.weibo.cn\/u\/1401527553?uid=1401527553&luicode=10000011&lfid=1076031401527553","statuses_count":15425,"verified":true,"verified_type":0,"verified_type_ext":1,"verified_reason":"\u77e5\u540d\u4e92\u8054\u7f51\u8d44\u8baf\u535a\u4e3b","close_blue_v":false,"description":"\u5fae\u535a\u672c\u5730\u8d44\u8baf\u535a\u4e3b\uff08\u521a\u679c\u5e03\u62c9\u67f4\u7ef4\u5c14\uff09","gender":"m","mbtype":12,"urank":48,"mbrank":6,"follow_me":false,"following":false,"followers_count":192533,"follow_count":277,"cover_image_phone":"https:\/\/tva1.sinaimg.cn\/crop.0.0.640.640.640\/549d0121tw1egm1kjly3jj20hs0hsq4f.jpg","avatar_hd":"https:\/\/ww2.sinaimg.cn\/orj480\/53899d01jw8fcb9qpe7vbj2050050mx8.jpg","like":false,"like_me":false,"badge":{"bind_taobao":1,"dzwbqlx_2016":1,"follow_whitelist_video":1,"hongbao_2018":1}},"reposts_count":83,"comments_count":12,"attitudes_count":33,"pending_approval_count":0,"isLongText":false,"visible":{"type":0,"list_id":0},"more_info_type":0,"content_auth":0,"edit_config":{"edited":false},"bid":"FjdOruVEc","pics":[{"pid":"53899d01ly1fizjqmtaiaj20az08nwiq","url":"https:\/\/wx4.sinaimg.cn\/orj360\/53899d01ly1fizjqmtaiaj20az08nwiq.jpg","size":"orj360","geo":{"width":342,"height":270,"croped":false},"large":{"size":"large","url":"https:\/\/wx4.sinaimg.cn\/large\/53899d01ly1fizjqmtaiaj20az08nwiq.jpg","geo":{"width":"395","height":"311","croped":false}}}]},"reposts_count":74,"comments_count":18,"attitudes_count":41,"pending_approval_count":0,"isLongText":false,"visible":{"type":0,"list_id":0},"more_info_type":0,"content_auth":0,"edit_config":{"edited":false},"mblogtype":0,"obj_ext":"","raw_text":"\u6253\u4ed7\u8f93\u4e86\u53eb\u201c\u8d25\u5317\u201d\u3002\u201c\u5175\u5e93\u5317\u201d\u5176\u5b9e\u5c31\u662f\u201c\u963f\u68ee\u7eb3\u8f93\u4e86\u201d\u3002","bid":"Fje0QaobB"},"show_type":0}],"showAppTips":0,"scheme":"sinaweibo:\/\/cardlist?containerid=1076031401527553&extparam=&luicode=10000011&lfid=&featurecode="}}