{"ok":1,"data":{"cardlistInfo":{"containerid":"1076031401527553","v_p":42,"show_style":1,"total":15518,"page":50},"cards":[{"card_type":9,"itemid":"1076031401527553_-_3510751001754179","scheme":"https:\/\/m.weibo.cn\/status\/z4vGk7mld?mblogid=z4vGk7mld&luicode=10000011&lfid=1076031401527553","mblog":{"created_at":"2012-11-10","id":"3510751001754179","idstr":"3510751001754179","mid":"3510751001754179","can_edit":false,"text":"\u5927\u5bb6\u770b\u5230\u65b0\u95fb\u91cc\u4e0d\u8bf4\u90a3\u5565\u4e86\uff0c\u90fd\u8ba4\u4e3a\u5f97\u5220\uff1b\u7b49\u4f1a\u5f00\u8d77\u6765\u770b\u5230\u4ecd\u7136\u5728\u8bf4\uff0c\u53c8\u8ba4\u4e3a\u4e0d\u4f1a\u5220\u3002\u4e0d\u8fc7\u7ec6\u770b\u6765\uff0c\u8bf4\u867d\u8bf4\uff0c\u5374\u662f\u5728\u5f3a\u8c03\u540e\u8005\u548c\u524d\u8005\u4e00\u8109\u76f8\u627f\uff0c\u4e14\u66f4\u4e0e\u65f6\u4ff1\u8fdb\uff0c\u4e5f\u5c31\u662f\u8bf4\u5f3a\u8c03\u540e\u8005\u5305\u542b\u4e86\u524d\u8005\u2014\u2014\u6240\u4ee5\u6211\u89c9\u5f97\u8fd9\u4ecd\u7136\u662f\u8981\u5220\u7684\u4fe1\u53f7\u3002 \u200b\u200b\u200b","source":"iPad\u5ba2\u6237\u7aef","favorited":false,"is_paid":false,"mblog_vip_type":0,"user":{"id":1401527553,"screen_name":"tombkeeper","profile_image_url":"https:\/\/tva2.sinaimg.cn\/crop.0.0.180.180.180\/53899d01jw8fcb9qpe7vbj2050050mx8.jpg","profile_url":"https:\/\/m.weibo.cn\/u\/1401527553?uid=1401527553&luicode=10000011&lfid=1076031401527553","statuses_count":15425,"verified":true,"verified_type":0,"verified_type_ext":1,"verified_reason":"\u77e5\u540d\u4e92\u8054\u7f51\u8d44\u8baf\u535a\u4e3b","close_blue_v":false,"description":"\u5fae\u535a\u672c\u5730\u8d44\u8baf\u535a\u4e3b\uff08\u521a\u679c\u5e03\u62c9\u67f4\u7ef4\u5c14\uff09","gender":"m","mbtype":12,"urank":48,"mbrank":6,"follow_me":false,"following":false,"followers_count":192533,"follow_count":277,"cover_image_phone":"https:\/\/tva1.sinaimg.cn\/crop.0.0.640.640.640\/549d0121tw1egm1kjly3jj20hs0hsq4f.jpg","avatar_hd":"https:\/\/ww2.sinaimg.cn\/orj480\/53899d01jw8fcb9qpe7vbj2050050mx8.jpg","like":false,"like_me":false,"badge":{"bind_taobao":1,"dzwbqlx_2016":1,"follow_whitelist_video":1,"hongbao_2018":1}},"reposts_count":6,"comments_count":10,"attitudes_count":1,"pending_approval_count":0,"isLongText":false,"visible":{"type":0,"list_id":0},"more_info_type":0,"content_auth":0,"edit_config":{"edited":false},"mblogtype":0,"bid":"z4vGk7mld"},"show_type":0},{"card_type":9,"itemid":"1076031401527553_-_3510587788874732","scheme":"https:\/\/m.weibo.cn\/status\/z4rr4BeIQ?mblogid=z4rr4BeIQ&luicode=10000011&lfid=1076031401527553","mblog":{"created_at":"2012-11-09","id":"3510587788874732","idstr":"3510587788874732","mid":"3510587788874732","can_edit":false,"text":"\u7985\u5e08\u95ee\u9752\u5e74\u4e3a\u4ec0\u4e48\u6253\u5750\uff0c\u9752\u5e74\u8bf4\uff1a\u201c\u4e3a\u4e86\u6210\u4f5b\u201d\u3002\u7985\u5e08\u62ff\u8d77\u4e00\u5757\u7816\u5728\u9752\u5e74\u65c1\u8fb9\u78e8\u4e86\u8d77\u6765\u3002\u9752\u5e74\u95ee\uff1a\u201c\u4e3a\u4f55\u78e8\u7816\u201d\uff1f\u7985\u5e08\u8bf4\uff1a\u201c\u505a\u955c\u5b50\u201d\u3002\u9752\u5e74\u8bf4\uff1a\u201c\u7816\u600e\u80fd\u78e8\u6210\u955c\u5b50\u201d\uff1f\u7985\u5e08\u8bf4\uff1a\u201c\u78e8\u7816\u65e2\u4e0d\u80fd\u6210\u955c\uff0c\u6253\u5750\u600e\u53ef\u6210\u4f5b\u201d\uff1f\u9752\u5e74\u95ee\uff1a\u201c\u8fd9\u4e24\u4ef6\u4e8b\u4e4b\u95f4\u6709\u903b\u8f91\u5173\u7cfb\u5417\u201d\uff1f\u7985\u5e08\u4e00\u7816\u62cd\u8fc7\u53bb\u8bf4\uff1a\u201c\u8bb0\u4f4f\uff0c\u522b\u8ddf\u624b\u4e0a\u6709\u7816\u7684\u4eba\u8c08\u903b\u8f91\u201d\u3002 \u200b\u200b\u200b","source":"\u5fae\u535a weibo.com","favorited":false,"is_paid":false,"mblog_vip_type":0,"user":{"id":1401527553,"screen_name":"tombkeeper","profile_image_url":"https:\/\/tva2.sinaimg.cn\/crop.0.0.180.180.180\/53899d01jw8fcb9qpe7vbj2050050mx8.jpg","profile_url":"https:\/\/m.weibo.cn\/u\/1401527553?uid=1401527553&luicode=10000011&lfid=1076031401527553","statuses_count":15425,"verified":true,"verified_type":0,"verified_type_ext":1,"verified_reason":"\u77e5\u540d\u4e92\u8054\u7f51\u8d44\u8baf\u535a\u4e3b","close_blue_v":false,"description":"\u5fae\u535a\u672c\u5730\u8d44\u8baf\u535a\u4e3b\uff08\u521a\u679c\u5e03\u62c9\u67f4\u7ef4\u5c14\uff09","gender":"m","mbtype":12,"urank":48,"mbrank":6,"follow_me":false,"following":false,"followers_count":192533,"follow_count":277,"cover_image_phone":"https:\/\/tva1.sinaimg.cn\/crop.0.0.640.640.640\/549d0121tw1egm1kjly3jj20hs0hsq4f.jpg","avatar_hd":"https:\/\/ww2.sinaimg.cn\/orj480\/53899d01jw8fcb9qpe7vbj2050050mx8.jpg","like":false,"like_me":false,"badge":{"bind_taobao":1,"dzwbqlx_2016":1,"follow_whitelist_video":1,"hongbao_2018":1}},"reposts_count":68,"comments_count":18,"attitudes_count":0,"pending_approval_count":0,"isLongText":false,"visible":{"type":0,"list_id":0},"more_info_type":0,"content_auth":0,"edit_config":{"edited":false},"mblogtype":0,"bid":"z4rr4BeIQ"},"show_type":0},{"card_type":9,"itemid":"1076031401527553_-_3510583720411952","scheme":"https:\/\/m.weibo.cn\/status\/z4rkw1Jao?mblogid=z4rkw1Jao&luicode=10000011&lfid=1076031401527553","mblog":{"created_at":"2012-11-09","id":"3510583720411952","idstr":"3510583720411952","mid":"3510583720411952","can_edit":false,"text":"\u4eca\u5e74\u963f\u91cc\u5728\u5a92\u4f53\u4e0a\u6295\u7684\u53cc\u5341\u4e00\u5e7f\u544a\uff0c\u597d\u50cf\u8bf4\u7684\u90fd\u662f\u201c\u5929\u732b\u53cc\u5341\u4e00\u201d\uff0c\u800c\u4e0d\u518d\u662f\u201c\u6dd8\u5b9d\u53cc\u5341\u4e00\u201d\u3002 \u200b\u200b\u200b","source":"\u5fae\u535a weibo.com","favorited":false,"is_paid":false,"mblog_vip_type":0,"user":{"id":1401527553,"screen_name":"tombkeeper","profile_image_url":"https:\/\/tva2.sinaimg.cn\/crop.0.0.180.180.180\/53899d01jw8fcb9qpe7vbj2050050mx8.jpg","profile_url":"https:\/\/m.weibo.cn\/u\/1401527553?uid=1401527553&luicode=10000011&lfid=1076031401527553","statuses_count":15425,"verified":true,"verified_type":0,"verified_type_ext":1,"verified_reason":"\u77e5\u540d\u4e92\u8054\u7f51\u8d44\u8baf\u535a\u4e3b","close_blue_v":false,"description":"\u5fae\u535a\u672c\u5730\u8d44\u8baf\u535a\u4e3b\uff08\u521a\u679c\u5e03\u62c9\u67f4\u7ef4\u5c14\uff09","gender":"m","mbtype":12,"urank":48,"mbrank":6,"follow_me":false,"following":false,"followers_count":192533,"follow_count":277,"cover_image_phone":"https:\/\/tva1.sinaimg.cn\/crop.0.0.640.640.640\/549d0121tw1egm1kjly3jj20hs0hsq4f.jpg","avatar_hd":"https:\/\/ww2.sinaimg.cn\/orj480\/53899d01jw8fcb9qpe7vbj2050050mx8.jpg","like":false,"like_me":false,"badge":{"bind_taobao":1,"dzwbqlx_2016":1,"follow_whitelist_video":1,"hongbao_2018":1}},"reposts_count":1,"comments_count":8,"attitudes_count":0,"pending_approval_count":0,"isLongText":false,"visible":{"type":0,"list_id":0},"more_info_type":0,"content_auth":0,"edit_config":{"edited":false},"mblogtype":0,"bid":"z4rkw1Jao"},"show_type":0},{"card_type":9,"itemid":"1076031401527553_-_3510493622356053","scheme":"https:\/\/m.weibo.cn\/status\/z4oZc9SUR?mblogid=z4oZc9SUR&luicode=10000011&lfid=1076031401527553","mblog":{"created_at":"2012-11-09","id":"3510493622356053","idstr":"3510493622356053","mid":"3510493622356053","can_edit":false,"text":"\u8fd9\u5927\u6982\u5c31\u662f\u524d\u4e00\u6761\u8bf4\u7684OAuth2 CSRF\u6f0f\u6d1e\u95f9\u7684\u3002","source":"\u5fae\u535a weibo.com","favorited":false,"is_paid":false,"mblog_vip_type":0,"user":{"id":1401527553,"screen_name":"tombkeeper","profile_image_url":"https:\/\/tva2.sinaimg.cn\/crop.0.0.180.180.180\/53899d01jw8fcb9qpe7vbj2050050mx8.jpg","profile_url":"https:\/\/m.weibo.cn\/u\/1401527553?uid=1401527553&luicode=10000011&lfid=1076031401527553","statuses_count":15425,"verified":true,"verified_type":0,"verified_type_ext":1,"verified_reason":"\u77e5\u540d\u4e92\u8054\u7f51\u8d44\u8baf\u535a\u4e3b","close_blue_v":false,"description":"\u5fae\u535a\u672c\u5730\u8d44\u8baf\u535a\u4e3b\uff08\u521a\u679c\u5e03\u62c9\u67f4\u7ef4\u5c14\uff09","gender":"m","mbtype":12,"urank":48,"mbrank":6,"follow_me":false,"following":false,"followers_count":192533,"follow_count":277,"cover_image_phone":"https:\/\/tva1.sinaimg.cn\/crop.0.0.640.640.640\/549d0121tw1egm1kjly3jj20hs0hsq4f.jpg","avatar_hd":"https:\/\/ww2.sinaimg.cn\/orj480\/53899d01jw8fcb9qpe7vbj2050050mx8.jpg","like":false,"like_me":false,"badge":{"bind_taobao":1,"dzwbqlx_2016":1,"follow_whitelist_video":1,"hongbao_2018":1}},"retweeted_status":{"created_at":"2012-11-09","id":"3510415600616742","idstr":"3510415600616742","mid":"3510415600616742","can_edit":false,"text":"\u53ef\u6076\uff0c20\u5206\u949f\u4e4b\u524d\u88ab\u76d7\u53f7\u4e86\uff0c\u53d1\u4e86\u4e00\u4e2a\u4e0d\u77e5\u9053\u4ec0\u4e48\u6295\u7968\u3002\u6211\u521a\u7528\u4e86\u6700\u5feb\u7684\u901f\u5ea6\u6539\u5bc6\u7801\u548c\u51bb\u7ed3\u6388\u6743\u3002\u542c\u8bf4\u5176\u4ed6\u4eba\u4e5f\u4e0d\u5c11\u8fd9\u4e2a\u906d\u9047\uff0c\u8c01\u80fd\u544a\u8bc9\u6211\u53d1\u751f\u4e86\u4ec0\u4e48\uff1f \u200b\u200b\u200b","source":"\u5fae\u535a weibo.com","favorited":false,"is_paid":false,"mblog_vip_type":0,"user":{"id":1218639357,"screen_name":"Ayawawa","profile_image_url":"https:\/\/tva3.sinaimg.cn\/crop.700.128.816.816.180\/48a2f5fdjw8f67bmfoix7j21jt280wri.jpg","profile_url":"https:\/\/m.weibo.cn\/u\/1218639357?uid=1218639357&luicode=10000011&lfid=1076031401527553","statuses_count":22817,"verified":true,"verified_type":0,"verified_type_ext":1,"verified_reason":"\u7545\u9500\u4e66\u4f5c\u5bb6\uff0c\u60c5\u611f\u4f5c\u5bb6\uff0c\u8457\u6709\u300a\u5b8c\u7f8e\u5173\u7cfb\u7684\u79d8\u5bc6\u300b\u300a\u806a\u660e\u7231\u300b\u7b49 \u5fae\u535a\u7b7e\u7ea6\u81ea\u5a92\u4f53","close_blue_v":false,"description":"\u6211\u7684\u6dd8\u5b9d\u661f\u5e97\uff1ahttp:\/\/wawaclass.taobao.com \u5e7f\u544a\u4e1a\u52a1\u8054\u7cfb\u7ecf\u7eaa\u4eba@\u6d2a\u9707 13817975035 \u5e97\u94fa\u5408\u4f5c\u8054\u7cfb\uff1a\u5a03\u5a03\u5de5\u4f5c\u5ba4\u8521\u5c0f\u59d0summer_xibao(\u5fae\u4fe1\u6dfb\u52a0)","gender":"f","mbtype":12,"urank":48,"mbrank":7,"follow_me":false,"following":false,"followers_count":2988125,"follow_count":3409,"cover_image_phone":"https:\/\/tva3.sinaimg.cn\/crop.0.0.640.640.640\/6ce2240djw1e9oaaziu7sj20hs0hs0ui.jpg","avatar_hd":"https:\/\/ww3.sinaimg.cn\/orj480\/48a2f5fdjw8f67bmfoix7j21jt280wri.jpg","like":false,"like_me":false,"badge":{"gongyi_level":1,"bind_taobao":1,"self_media":1,"follow_whitelist_video":1,"video_attention":4,"hongbao_2018":1}},"reposts_count":10,"comments_count":59,"attitudes_count":2,"pending_approval_count":0,"isLongText":false,"visible":{"type":0,"list_id":0},"more_info_type":0,"content_auth":0,"edit_config":{"edited":false},"bid":"z4mXm2Ars"},"reposts_count":5,"comments_count":10,"attitudes_count":0,"pending_approval_count":0,"isLongText":false,"visible":{"type":0,"list_id":0},"more_info_type":0,"content_auth":0,"edit_config":{"edited":false},"mblogtype":0,"obj_ext":"","raw_text":"\u8fd9\u5927\u6982\u5c31\u662f\u524d\u4e00\u6761\u8bf4\u7684OAuth2 CSRF\u6f0f\u6d1e\u95f9\u7684\u3002","bid":"z4oZc9SUR"},"show_type":0},{"card_type":9,"itemid":"1076031401527553_-_3510406444000050","scheme":"https:\/\/m.weibo.cn\/status\/z4mIAgMAW?mblogid=z4mIAgMAW&luicode=10000011&lfid=1076031401527553","mblog":{"created_at":"2012-11-09","id":"3510406444000050","idstr":"3510406444000050","mid":"3510406444000050","can_edit":false,"text":"[\u63a5\u4e0a\u6761] Cisco\u5f53\u7136\u4e0d\u4f1a\u4ee5\u516c\u53f8\u540d\u4e49\u6345\uff0c\u90a3\u6837\u8d64\u88f8\u88f8\u7684\u6495\u54ac\uff0c\u9762\u5b50\u4e0a\u4e0d\u597d\u770b\u3002\u4f46\u5728linkedin\u4e0a\u67e5\u62a5\u6f0f\u6d1e\u90a3\u4f4d\u7684\u8d44\u6599\uff0cCurrent\u90a3\u4e00\u6761\u8d6b\u7136\u662f\u201cNetwork Consultant Engineer at Cisco Systems\u201d\u3002 \u200b\u200b\u200b","source":"\u5fae\u535a weibo.com","favorited":false,"is_paid":false,"mblog_vip_type":0,"user":{"id":1401527553,"screen_name":"tombkeeper","profile_image_url":"https:\/\/tva2.sinaimg.cn\/crop.0.0.180.180.180\/53899d01jw8fcb9qpe7vbj2050050mx8.jpg","profile_url":"https:\/\/m.weibo.cn\/u\/1401527553?uid=1401527553&luicode=10000011&lfid=1076031401527553","statuses_count":15425,"verified":true,"verified_type":0,"verified_type_ext":1,"verified_reason":"\u77e5\u540d\u4e92\u8054\u7f51\u8d44\u8baf\u535a\u4e3b","close_blue_v":false,"description":"\u5fae\u535a\u672c\u5730\u8d44\u8baf\u535a\u4e3b\uff08\u521a\u679c\u5e03\u62c9\u67f4\u7ef4\u5c14\uff09","gender":"m","mbtype":12,"urank":48,"mbrank":6,"follow_me":false,"following":false,"followers_count":192533,"follow_count":277,"cover_image_phone":"https:\/\/tva1.sinaimg.cn\/crop.0.0.640.640.640\/549d0121tw1egm1kjly3jj20hs0hsq4f.jpg","avatar_hd":"https:\/\/ww2.sinaimg.cn\/orj480\/53899d01jw8fcb9qpe7vbj2050050mx8.jpg","like":false,"like_me":false,"badge":{"bind_taobao":1,"dzwbqlx_2016":1,"follow_whitelist_video":1,"hongbao_2018":1}},"reposts_count":2,"comments_count":1,"attitudes_count":0,"pending_approval_count":0,"isLongText":false,"visible":{"type":0,"list_id":0},"more_info_type":0,"content_auth":0,"edit_config":{"edited":false},"mblogtype":0,"bid":"z4mIAgMAW"},"show_type":0},{"card_type":9,"itemid":"1076031401527553_-_3510401033304397","scheme":"https:\/\/m.weibo.cn\/status\/z4mzRdRCJ?mblogid=z4mzRdRCJ&luicode=10000011&lfid=1076031401527553","mblog":{"created_at":"2012-11-09","id":"3510401033304397","idstr":"3510401033304397","mid":"3510401033304397","can_edit":false,"text":"Company-Who-Must-Not-Be-Named \u7684\u6f0f\u6d1e\u53c8\u88ab\u6d0b\u4eba\u6345\u51fa\u6765\u4e86\u3002\u6211\u4eec\u4e00\u5f00\u59cb\u8fd8\u5947\u602a\u4e3a\u4ec0\u4e48Cisco\u4e5f\u53d1\u4e86\u516c\u544a\uff0c\u540e\u6765\u624d\u660e\u767d\u539f\u6765\u6f0f\u6d1e\u5c31\u662fCisco\u62a5\u544a\u7684\u3002\u524d\u9635\u5b50\u7f8e\u56fd\u56fd\u4f1a\u95f9\u7684\u90a3\u4e00\u573a\u6bd5\u7adf\u6ca1\u6709\u7529\u51fa\u771f\u6599\uff0c\u770b\u6765Cisco\u7ec8\u4e8e\u5fcd\u4e0d\u4f4f\u4e86\uff0c\u653e\u70b9\u4e1c\u897f\u51fa\u6765\u914d\u5408\u4e00\u4e0b\u3002","source":"\u5fae\u535a weibo.com","favorited":false,"is_paid":false,"mblog_vip_type":0,"user":{"id":1401527553,"screen_name":"tombkeeper","profile_image_url":"https:\/\/tva2.sinaimg.cn\/crop.0.0.180.180.180\/53899d01jw8fcb9qpe7vbj2050050mx8.jpg","profile_url":"https:\/\/m.weibo.cn\/u\/1401527553?uid=1401527553&luicode=10000011&lfid=1076031401527553","statuses_count":15425,"verified":true,"verified_type":0,"verified_type_ext":1,"verified_reason":"\u77e5\u540d\u4e92\u8054\u7f51\u8d44\u8baf\u535a\u4e3b","close_blue_v":false,"description":"\u5fae\u535a\u672c\u5730\u8d44\u8baf\u535a\u4e3b\uff08\u521a\u679c\u5e03\u62c9\u67f4\u7ef4\u5c14\uff09","gender":"m","mbtype":12,"urank":48,"mbrank":6,"follow_me":false,"following":false,"followers_count":192533,"follow_count":277,"cover_image_phone":"https:\/\/tva1.sinaimg.cn\/crop.0.0.640.640.640\/549d0121tw1egm1kjly3jj20hs0hsq4f.jpg","avatar_hd":"https:\/\/ww2.sinaimg.cn\/orj480\/53899d01jw8fcb9qpe7vbj2050050mx8.jpg","like":false,"like_me":false,"badge":{"bind_taobao":1,"dzwbqlx_2016":1,"follow_whitelist_video":1,"hongbao_2018":1}},"retweeted_status":{"created_at":"2012-08-02","id":"3474655795296057","idstr":"3474655795296057","mid":"3474655795296057","can_edit":false,"text":"\u6709\u4e00\u5bb6\u516c\u53f8\uff0c\u505a\u4e8b\u98ce\u683c\u72e0\u8fa3\uff0c\u76f8\u5173\u7684\u767d\u9053\u9ed1\u9053\u4f20\u8bf4\u751a\u591a\uff0c\u6240\u4ee5\u56fd\u5185\u641e\u6f0f\u6d1e\u7814\u7a76\u7684\u57fa\u672c\u4e0d\u6562\u548c\u4ed6\u4eec\u6253\u4ea4\u9053\u3002\u73b0\u5728\u7ec8\u4e8e\u88ab\u6d0b\u4eba\u6345\u51fa\u6765\u4e86\u3002\u5b89\u5168\u95ee\u9898\u80fd\u6342\u4e00\u65f6\uff0c\u6342\u4e0d\u4e86\u4e00\u4e16\u3002\u5c0f\u4f01\u4e1a\u4e5f\u8bb8\u8fd8\u53ef\u4ee5\u7b49\uff0c\u4e0d\u8fc7\u505a\u5230\u90a3\u4e48\u5927\u8fd8\u4e0d\u5f53\u4e00\u56de\u4e8b\uff0c\u5c31\u96be\u514d\u683d\u8ddf\u5934\u4e86\u3002\u4fe1\u606f\u5b89\u5168\u8fd9\u4e00\u5173\uff0c\u5c06\u6765\u5f88\u53ef\u80fd\u6210\u4e3a\u7c7b\u4f3c\u73af\u4fdd\u6307\u6807\u8fd9\u6837\u7684\u8fdb\u5165\u897f\u65b9\u5e02\u573a\u7684\u95e8\u69db\u3002 \u200b\u200b\u200b","source":"\u5fae\u535a weibo.com","favorited":false,"is_paid":false,"mblog_vip_type":0,"user":{"id":1401527553,"screen_name":"tombkeeper","profile_image_url":"https:\/\/tva2.sinaimg.cn\/crop.0.0.180.180.180\/53899d01jw8fcb9qpe7vbj2050050mx8.jpg","profile_url":"https:\/\/m.weibo.cn\/u\/1401527553?uid=1401527553&luicode=10000011&lfid=1076031401527553","statuses_count":15425,"verified":true,"verified_type":0,"verified_type_ext":1,"verified_reason":"\u77e5\u540d\u4e92\u8054\u7f51\u8d44\u8baf\u535a\u4e3b","close_blue_v":false,"description":"\u5fae\u535a\u672c\u5730\u8d44\u8baf\u535a\u4e3b\uff08\u521a\u679c\u5e03\u62c9\u67f4\u7ef4\u5c14\uff09","gender":"m","mbtype":12,"urank":48,"mbrank":6,"follow_me":false,"following":false,"followers_count":192533,"follow_count":277,"cover_image_phone":"https:\/\/tva1.sinaimg.cn\/crop.0.0.640.640.640\/549d0121tw1egm1kjly3jj20hs0hsq4f.jpg","avatar_hd":"https:\/\/ww2.sinaimg.cn\/orj480\/53899d01jw8fcb9qpe7vbj2050050mx8.jpg","like":false,"like_me":false,"badge":{"bind_taobao":1,"dzwbqlx_2016":1,"follow_whitelist_video":1,"hongbao_2018":1}},"reposts_count":69,"comments_count":63,"attitudes_count":1,"pending_approval_count":0,"isLongText":false,"visible":{"type":0,"list_id":0},"more_info_type":0,"content_auth":0,"edit_config":{"edited":false},"bid":"yvk8zmdKh"},"reposts_count":10,"comments_count":9,"attitudes_count":1,"pending_approval_count":0,"isLongText":false,"visible":{"type":0,"list_id":0},"more_info_type":0,"content_auth":0,"edit_config":{"edited":false},"mblogtype":0,"obj_ext":"","raw_text":"Company-Who-Must-Not-Be-Named \u7684\u6f0f\u6d1e\u53c8\u88ab\u6d0b\u4eba\u6345\u51fa\u6765\u4e86\u3002\u6211\u4eec\u4e00\u5f00\u59cb\u8fd8\u5947\u602a\u4e3a\u4ec0\u4e48Cisco\u4e5f\u53d1\u4e86\u516c\u544a\uff0c\u540e\u6765\u624d\u660e\u767d\u539f\u6765\u6f0f\u6d1e\u5c31\u662fCisco\u62a5\u544a\u7684\u3002\u524d\u9635\u5b50\u7f8e\u56fd\u56fd\u4f1a\u95f9\u7684\u90a3\u4e00\u573a\u6bd5\u7adf\u6ca1\u6709\u7529\u51fa\u771f\u6599\uff0c\u770b\u6765Cisco\u7ec8\u4e8e\u5fcd\u4e0d\u4f4f\u4e86\uff0c\u653e\u70b9\u4e1c\u897f\u51fa\u6765\u914d\u5408\u4e00\u4e0b\u3002","bid":"z4mzRdRCJ"},"show_type":0},{"card_type":9,"itemid":"1076031401527553_-_3510379549926088","scheme":"https:\/\/m.weibo.cn\/status\/z4m1cFEec?mblogid=z4m1cFEec&luicode=10000011&lfid=1076031401527553","mblog":{"created_at":"2012-11-09","id":"3510379549926088","idstr":"3510379549926088","mid":"3510379549926088","can_edit":false,"text":"\u8fd9\u79cd\u7b97\u6cd5\uff0c\u548c\u7d20\u6750\u6709\u9650\u60c5\u51b5\u4e0b\u7684\u5ffd\u60a0\u672f\u5f02\u66f2\u540c\u5de5\u3002\u5c06\u6709\u9650\u7d20\u6750\u8fdb\u884c\u6f14\u7ece\u548c\u7ec6\u8282\u865a\u6784\u3002\u5f53\u7136\uff0c\u522b\u7f16\u5f97\u592a\u8fdc\u3002\u53d7\u4f17\u5f97\u5230\u7684\u771f\u5b9e\u4fe1\u606f\u91cf\u672a\u589e\u52a0\uff0c\u4f46\u611f\u89c9\u6536\u83b7\u7279\u522b\u591a\uff0c\u7406\u89e3\u7279\u522b\u6e05\u6670\u900f\u5f7b\u3002","source":"\u4e13\u4e1a\u7248\u5fae\u535a","favorited":false,"is_paid":false,"mblog_vip_type":0,"user":{"id":1401527553,"screen_name":"tombkeeper","profile_image_url":"https:\/\/tva2.sinaimg.cn\/crop.0.0.180.180.180\/53899d01jw8fcb9qpe7vbj2050050mx8.jpg","profile_url":"https:\/\/m.weibo.cn\/u\/1401527553?uid=1401527553&luicode=10000011&lfid=1076031401527553","statuses_count":15425,"verified":true,"verified_type":0,"verified_type_ext":1,"verified_reason":"\u77e5\u540d\u4e92\u8054\u7f51\u8d44\u8baf\u535a\u4e3b","close_blue_v":false,"description":"\u5fae\u535a\u672c\u5730\u8d44\u8baf\u535a\u4e3b\uff08\u521a\u679c\u5e03\u62c9\u67f4\u7ef4\u5c14\uff09","gender":"m","mbtype":12,"urank":48,"mbrank":6,"follow_me":false,"following":false,"followers_count":192533,"follow_count":277,"cover_image_phone":"https:\/\/tva1.sinaimg.cn\/crop.0.0.640.640.640\/549d0121tw1egm1kjly3jj20hs0hsq4f.jpg","avatar_hd":"https:\/\/ww2.sinaimg.cn\/orj480\/53899d01jw8fcb9qpe7vbj2050050mx8.jpg","like":false,"like_me":false,"badge":{"bind_taobao":1,"dzwbqlx_2016":1,"follow_whitelist_video":1,"hongbao_2018":1}},"retweeted_status":{"created_at":"2012-11-08","id":"3510202748136806","idstr":"3510202748136806","mid":"3510202748136806","can_edit":false,"text":"\u3010\u5316\u8150\u673d\u4e3a\u795e\u5947\u7684\u7167\u7247\u5904\u7406\u8f6f\u4ef6\u3011\u5f88\u591a\u4eba\u8ba4\u4e3a\u6a21\u7cca\u4e0d\u53ef\u9006\uff0c\u4fe1\u606f\u4f1a\u6c38\u8fdc\u4e22\u5931\uff0c\u4f46\u5176\u5b9e\u4fe1\u606f\u53ea\u662f\u6839\u636e\u89c4\u5219\u8fdb\u884c\u4e86\u91cd\u65b0\u5206\u914d\u3002\u901a\u8fc7\u4e00\u4e9b\u5047\u8bbe\uff0c\u6211\u4eec\u5c31\u53ef\u4ee5\u91cd\u5efa\u56fe\u50cf\u3002\u5b9e\u73b0\u8fd9\u4e2a\u5947\u8ff9\u7684\u662f\u4e00\u4e2a\u53eb\u505aSmartDeblur\u7684\u8f6f\u4ef6\uff0c\u4e0b\u8f7d\u5730\u5740\u5728\u6b64<a data-url=\"http:\/\/t.cn\/zlBkFEu\" target=\"_blank\" href=\"https:\/\/weibo.cn\/sinaurl\/blocked650419eb?luicode=10000011&lfid=1076031401527553&u=https%3A%2F%2Fgithub.com%2FY-Vladimir%2FSmartDeblur%2Ftree%2Fmaster%2Fdist&ep=z4hq2y8KO%252C2637370927%252Cz4hq2y8KO%252C2637370927\" class=\"\"><span class=\"url-icon\"><img src=\"\/\/h5.sinaimg.cn\/upload\/2015\/09\/25\/3\/timeline_card_small_web_default.png\"><\/span><\/i><span class=\"surl-text\">\u7f51\u9875\u94fe\u63a5<\/a>\uff0c\u5927\u5bb6\u4e0d\u59a8\u4e00\u8bd5\u3002<span class=\"url-icon\"><img src=\"\/\/h5.sinaimg.cn\/m\/emoticon\/icon\/default\/d_jiyan-ae754a591c.png\" style=\"width:1em;height:1em;\" alt=\"[\u6324\u773c]\"><\/span> \u200b\u200b\u200b","source":"\u4e13\u4e1a\u7248\u5fae\u535a","favorited":false,"thumbnail_pic":"http:\/\/ww4.sinaimg.cn\/thumbnail\/9d33162fgw1dynybrxz01j.jpg","bmiddle_pic":"http:\/\/ww4.sinaimg.cn\/bmiddle\/9d33162fgw1dynybrxz01j.jpg","original_pic":"http:\/\/ww4.sinaimg.cn\/large\/9d33162fgw1dynybrxz01j.jpg","is_paid":false,"mblog_vip_type":0,"user":{"id":2637370927,"screen_name":"\u82f1\u7279\u5c14\u4e2d\u56fd","profile_image_url":"https:\/\/tva4.sinaimg.cn\/crop.0.0.179.179.180\/9d33162fgw1ebgxg18qrij2050050jrh.jpg","profile_url":"https:\/\/m.weibo.cn\/u\/2637370927?uid=2637370927&luicode=10000011&lfid=1076031401527553","statuses_count":8475,"verified":true,"verified_type":2,"verified_type_ext":50,"verified_reason":"\u82f1\u7279\u5c14\u4e2d\u56fd\u5b98\u65b9\u5fae\u535a","close_blue_v":false,"description":"\u82f1\u7279\u5c14\u662f\u8ba1\u7b97\u521b\u65b0\u9886\u57df\u7684\u5168\u7403\u9886\u5148\u5382\u5546\u3002\u82f1\u7279\u5c14\u8bbe\u8ba1\u548c\u6784\u5efa\u5173\u952e\u6280\u672f\uff0c\u4e3a\u5168\u7403\u7684\u8ba1\u7b97\u8bbe\u5907\u5960\u5b9a\u57fa\u7840\u3002\u81ea 1968 \u5e74\u521b\u7acb\u4ee5\u6765\uff0c\u82f1\u7279\u5c14\u4ee5\u6301\u7eed\u4e0d\u61c8\u7684\u6280\u672f\u521b\u65b0\uff0c\u4e0d\u65ad\u7a81\u7834\u79d1\u6280\u6781\u9650\uff0c\u5c06\u68a6\u60f3\u53d8\u6210\u73b0\u5b9e\uff0c\u6df1\u6df1\u5730\u5f71\u54cd\u4e86\u5168\u7403 IT \u4ea7\u4e1a\u7684\u53d1\u5c55\u8fdb\u7a0b\u3002    \u672a\u6765\u5341\u5e74\uff0c\u82f1\u7279\u5c14\u5c06\u521b\u65b0\u548c\u6269\u5c55\u8ba1\u7b97\u6280\u672f\uff0c\u8fde\u63a5\u4e16\u754c\u4e0a\u6bcf\u4e00\u4e2a\u4eba\uff0c\u8ba9\u751f\u6d3b\u53d8\u5f97\u4e30\u5bcc\u591a\u5f69\u3002    \u6280\u672f\u53ca\u4ea7\u54c1\u95ee\u9898\uff0c\u6b22\u8fce\u767b\u9646\u82f1\u7279\u5c14\u552e\u540e\u670d\u52a1\u76f8\u5173\u7f51\u7ad9\uff1a\u4ea7\u54c1\u652f\u6301\uff1ahttp:\/\/www.intel.com\/p\/zh_CN\/support\/faq\u4fdd\u4fee\u4e2d\u5fc3\uff1ahttp:\/\/www.intel.com\/p\/zh_CN\/support\/warranty","gender":"m","mbtype":12,"urank":43,"mbrank":5,"follow_me":false,"following":false,"followers_count":983391,"follow_count":500,"cover_image_phone":"https:\/\/wx3.sinaimg.cn\/crop.0.0.640.640.640\/9d33162fly1firrsk6zd1j20e80e8q3s.jpg","avatar_hd":"https:\/\/ww4.sinaimg.cn\/orj480\/9d33162fgw1ebgxg18qrij2050050jrh.jpg","like":false,"like_me":false,"badge":{"zongyiji":1,"dzwbqlx_2016":1,"user_name_certificate":1}},"reposts_count":106,"comments_count":32,"attitudes_count":1,"pending_approval_count":0,"isLongText":false,"visible":{"type":0,"list_id":0},"more_info_type":0,"content_auth":0,"edit_config":{"edited":false},"bid":"z4hq2y8KO","pics":[{"pid":"9d33162fgw1dynybrxz01j","url":"https:\/\/ww4.sinaimg.cn\/orj360\/9d33162fgw1dynybrxz01j.jpg","size":"orj360","geo":false,"large":{"size":"large","url":"https:\/\/ww4.sinaimg.cn\/large\/9d33162fgw1dynybrxz01j.jpg","geo":false}}]},"reposts_count":10,"comments_count":4,"attitudes_count":0,"pending_approval_count":0,"isLongText":false,"visible":{"type":0,"list_id":0},"more_info_type":0,"content_auth":0,"edit_config":{"edited":false},"mblogtype":0,"obj_ext":"","raw_text":"\u8fd9\u79cd\u7b97\u6cd5\uff0c\u548c\u7d20\u6750\u6709\u9650\u60c5\u51b5\u4e0b\u7684\u5ffd\u60a0\u672f\u5f02\u66f2\u540c\u5de5\u3002\u5c06\u6709\u9650\u7d20\u6750\u8fdb\u884c\u6f14\u7ece\u548c\u7ec6\u8282\u865a\u6784\u3002\u5f53\u7136\uff0c\u522b\u7f16\u5f97\u592a\u8fdc\u3002\u53d7\u4f17\u5f97\u5230\u7684\u771f\u5b9e\u4fe1\u606f\u91cf\u672a\u589e\u52a0\uff0c\u4f46\u611f\u89c9\u6536\u83b7\u7279\u522b\u591a\uff0c\u7406\u89e3\u7279\u522b\u6e05\u6670\u900f\u5f7b\u3002","bid":"z4m1cFEec"},"show_type":0},{"card_type":9,"itemid":"1076031401527553_-_3510376920129034","scheme":"https:\/\/m.weibo.cn\/status\/z4lWY0xzc?mblogid=z4lWY0xzc&luicode=10000011&lfid=1076031401527553","mblog":{"created_at":"2012-11-09","id":"3510376920129034","idstr":"3510376920129034","mid":"3510376920129034","can_edit":false,"text":"\/\/<a href='https:\/\/m.weibo.cn\/n\/\u88ab\u6253\u98de'>@\u88ab\u6253\u98de<\/a>: \u4e3a\u4e86\u8bf8\u4f4d\u8bfb\u5b8c\u8fd9\u7bc7\u6fc0\u60c5\u6587\u5b66\u767d\u5de6\u9752\u5e74\u7684\u8457\u4f5c\u7684\u5404\u4f4d\u7684\u5fc3\u7406\u5065\u5eb7\uff0c\u6211\u53cb\u5584\u7684\u544a\u8bc9\u5927\u5bb6\uff0c\u8fd9\u91cc\u63d0\u5230\u7684\u90a3\u4f4d\u4ee4\u4eba\u666f\u4ef0\u548c\u540c\u60c5\u7684\u5965\u5df4\u9a6c\u5e72\u7239\u6000\u7279\u7267\u5e08\u5728\u829d\u52a0\u54e5\u8d2b\u6c11\u533a\u7528\u7f8e\u56fd\u8be5\u6b7b\uff0c\u81f4\u5bcc\u53ef\u803b\uff0c\u827e\u6ecb\u662f\u767d\u4eba\u4e0b\u6bd2\u7b49\u7406\u8bba\u5ffd\u60a0\u9ed1\u4eba\u4e09\u5341\u591a\u5e74\u5149\u8363\u9000\u4f11\u540e\uff0c\u62ff\u6559\u4f1a\u7684\u4e00\u767e\u516d\u5341\u591a\u4e07\u7f8e\u5143\u5728\u5317\u90e8\u6700\u5bcc\u7684\u7eaf\u767d\u4eba\u533a\u7ed9\u81ea\u5df1\u76d6\u4e86\u4e2a\u8c6a\u5b85~","source":"\u5fae\u535a weibo.com","favorited":false,"is_paid":false,"mblog_vip_type":0,"user":{"id":1401527553,"screen_name":"tombkeeper","profile_image_url":"https:\/\/tva2.sinaimg.cn\/crop.0.0.180.180.180\/53899d01jw8fcb9qpe7vbj2050050mx8.jpg","profile_url":"https:\/\/m.weibo.cn\/u\/1401527553?uid=1401527553&luicode=10000011&lfid=1076031401527553","statuses_count":15425,"verified":true,"verified_type":0,"verified_type_ext":1,"verified_reason":"\u77e5\u540d\u4e92\u8054\u7f51\u8d44\u8baf\u535a\u4e3b","close_blue_v":false,"description":"\u5fae\u535a\u672c\u5730\u8d44\u8baf\u535a\u4e3b\uff08\u521a\u679c\u5e03\u62c9\u67f4\u7ef4\u5c14\uff09","gender":"m","mbtype":12,"urank":48,"mbrank":6,"follow_me":false,"following":false,"followers_count":192533,"follow_count":277,"cover_image_phone":"https:\/\/tva1.sinaimg.cn\/crop.0.0.640.640.640\/549d0121tw1egm1kjly3jj20hs0hsq4f.jpg","avatar_hd":"https:\/\/ww2.sinaimg.cn\/orj480\/53899d01jw8fcb9qpe7vbj2050050mx8.jpg","like":false,"like_me":false,"badge":{"bind_taobao":1,"dzwbqlx_2016":1,"follow_whitelist_video":1,"hongbao_2018":1}},"pid":3510274328166169,"retweeted_status":{"created_at":"2012-11-08","id":"3510235115809549","idstr":"3510235115809549","mid":"3510235115809549","can_edit":false,"text":"<a class='k' href='https:\/\/m.weibo.cn\/k\/%E8%B4%A2%E6%96%B0%E5%8D%9A%E5%AE%A2?from=feed'>#\u8d22\u65b0\u535a\u5ba2#<\/a>\u3010<a href='https:\/\/m.weibo.cn\/n\/\u5f20\u94c1\u5fd7'>@\u5f20\u94c1\u5fd7<\/a> \uff1a\u5965\u5df4\u9a6c\u5e26\u9886\u7f8e\u56fd\u8fdb\u5165\u540e\u79cd\u65cf\u65f6\u4ee3\uff1f\u3011\u5965\u5df4\u9a6c\u7684\u7236\u6bcd\u57281960\u5e74\u7ed3\u5a5a\u65f6\uff0c\u79cd\u65cf\u901a\u5a5a\u5728\u8bb8\u591a\u5dde\u4ecd\u7136\u662f\u8fdd\u6cd5\u7684\uff0c\u9ed1\u4eba\u4ecd\u7136\u662f\u7f8e\u56fd\u7684\u6b21\u7b49\u516c\u6c11\u3002\u4f46\u6c11\u6743\u8fd0\u52a8\u5df2\u7ecf\u4ece\u4e94\u96f6\u5e74\u4ee3\u4e2d\u671f\u52c7\u6562\u5730\u5f00\u59cb\u6311\u6218\u90a3\u4e2a\u4e0d\u4e49\u7684\u4f53\u5236\u3002\u516d\u96f6\u5e74\u4ee3\u4e2d\u671f\u867d\u7136\u901a\u8fc7\u91cd\u5927\u6c11\u6743\u6cd5\u6848\uff0c\u4f46\u4e26\u672a\u89e3\u51b3\u9ed1\u4eba\u7684\u4e0d\u6ee1\u4e0e\u6124\u6012  <a data-url=\"http:\/\/t.cn\/zlBCnVA\" target=\"_blank\" href=\"https:\/\/weibo.cn\/sinaurl\/blocked8f6b73d7?luicode=10000011&lfid=1076031401527553&u=http%3A%2F%2Fzhangtiezhi.blog.caixin.com%2Farchives%2F48090&ep=z4igfonkp%252C1663937380%252Cz4igfonkp%252C1663937380\" class=\"\"><span class=\"url-icon\"><img src=\"\/\/h5.sinaimg.cn\/upload\/2015\/09\/25\/3\/timeline_card_small_web_default.png\"><\/span><\/i><span class=\"surl-text\">\u7f51\u9875\u94fe\u63a5<\/a>  \u200b\u200b\u200b","source":"\u76ae\u76ae\u65f6\u5149\u673a","favorited":false,"thumbnail_pic":"http:\/\/ww4.sinaimg.cn\/thumbnail\/632dab64jw1dyo21n3b9cj.jpg","bmiddle_pic":"http:\/\/ww4.sinaimg.cn\/bmiddle\/632dab64jw1dyo21n3b9cj.jpg","original_pic":"http:\/\/ww4.sinaimg.cn\/large\/632dab64jw1dyo21n3b9cj.jpg","is_paid":false,"mblog_vip_type":0,"user":{"id":1663937380,"screen_name":"\u8d22\u65b0\u7f51","profile_image_url":"https:\/\/tva4.sinaimg.cn\/crop.0.0.511.511.180\/632dab64gw1f8xmre3bwhj20e80e8aap.jpg","profile_url":"https:\/\/m.weibo.cn\/u\/1663937380?uid=1663937380&luicode=10000011&lfid=1076031401527553","statuses_count":131634,"verified":true,"verified_type":3,"verified_type_ext":0,"verified_reason":"\u8d22\u65b0\u7f51\u5b98\u65b9\u5fae\u535a","close_blue_v":false,"description":"\u8d22\u7ecf\u65b0\u95fb\u8d44\u8baf\u5fc5\u8bfb\u7f51\u7ad9\uff0c\u6574\u5408\u8d44\u8baf\u3001\u89c2\u70b9\u3001\u591a\u5a92\u4f53\u3001\u4e92\u52a8\u7b49\u4fe1\u606f\u65f6\u4ee3\u5f62\u6001\u4e30\u5bcc\u7684\u8d44\u8baf\u4ea7\u54c1\uff0c7\u592924\u5c0f\u65f6\u8f93\u51fa\u9ad8\u54c1\u8d28\u7684\u539f\u521b\u5185\u5bb9\u3002","gender":"m","mbtype":11,"urank":46,"mbrank":4,"follow_me":false,"following":false,"followers_count":3024298,"follow_count":376,"cover_image_phone":"https:\/\/tva1.sinaimg.cn\/crop.0.0.640.640.640\/9d44112bjw1f1xl1c10tuj20hs0hs0tw.jpg","avatar_hd":"https:\/\/ww4.sinaimg.cn\/orj480\/632dab64gw1f8xmre3bwhj20e80e8aap.jpg","like":false,"like_me":false,"badge":{"enterprise":1,"dzwbqlx_2016":1,"follow_whitelist_video":1,"hongbao_2018":1,"user_name_certificate":1}},"reposts_count":127,"comments_count":6,"attitudes_count":0,"pending_approval_count":0,"isLongText":false,"visible":{"type":0,"list_id":0},"more_info_type":0,"content_auth":0,"edit_config":{"edited":false},"page_info":{"page_pic":{"url":"https:\/\/ww1.sinaimg.cn\/thumb150\/632dab64gw1eifvphqj3kj2050050jrk.jpg"},"page_url":"https:\/\/m.weibo.cn\/p\/index?containerid=100808cecd4cd8452e55368c913627a9b38847&extparam=%E8%B4%A2%E6%96%B0%E5%8D%9A%E5%AE%A2&luicode=10000011&lfid=1076031401527553","page_title":"#\u8d22\u65b0\u535a\u5ba2#","content1":"\u8d22\u65b0\u7f51\u535a\u5ba2\u9891\u9053\uff0c\u6c47\u805a\u6700\u503c\u5f97\u4f20\u64ad\u7684\u601d\u60f3\u8005\u3002","content2":"550\u4eba\u5173\u6ce8","type":"topic"},"bid":"z4igfonkp","pics":[{"pid":"632dab64jw1dyo21n3b9cj","url":"https:\/\/ww4.sinaimg.cn\/orj360\/632dab64jw1dyo21n3b9cj.jpg","size":"orj360","geo":false,"large":{"size":"large","url":"https:\/\/ww4.sinaimg.cn\/large\/632dab64jw1dyo21n3b9cj.jpg","geo":false}}]},"reposts_count":5,"comments_count":2,"attitudes_count":0,"pending_approval_count":0,"isLongText":false,"visible":{"type":0,"list_id":0},"more_info_type":0,"content_auth":0,"edit_config":{"edited":false},"mblogtype":0,"obj_ext":"","raw_text":"\/\/@\u88ab\u6253\u98de: \u4e3a\u4e86\u8bf8\u4f4d\u8bfb\u5b8c\u8fd9\u7bc7\u6fc0\u60c5\u6587\u5b66\u767d\u5de6\u9752\u5e74\u7684\u8457\u4f5c\u7684\u5404\u4f4d\u7684\u5fc3\u7406\u5065\u5eb7\uff0c\u6211\u53cb\u5584\u7684\u544a\u8bc9\u5927\u5bb6\uff0c\u8fd9\u91cc\u63d0\u5230\u7684\u90a3\u4f4d\u4ee4\u4eba\u666f\u4ef0\u548c\u540c\u60c5\u7684\u5965\u5df4\u9a6c\u5e72\u7239\u6000\u7279\u7267\u5e08\u5728\u829d\u52a0\u54e5\u8d2b\u6c11\u533a\u7528\u7f8e\u56fd\u8be5\u6b7b\uff0c\u81f4\u5bcc\u53ef\u803b\uff0c\u827e\u6ecb\u662f\u767d\u4eba\u4e0b\u6bd2\u7b49\u7406\u8bba\u5ffd\u60a0\u9ed1\u4eba\u4e09\u5341\u591a\u5e74\u5149\u8363\u9000\u4f11\u540e\uff0c\u62ff\u6559\u4f1a\u7684\u4e00\u767e\u516d\u5341\u591a\u4e07\u7f8e\u5143\u5728\u5317\u90e8\u6700\u5bcc\u7684\u7eaf\u767d\u4eba\u533a\u7ed9\u81ea\u5df1\u76d6\u4e86\u4e2a\u8c6a\u5b85~","bid":"z4lWY0xzc"},"show_type":0},{"card_type":9,"itemid":"1076031401527553_-_3510171046864763","scheme":"https:\/\/m.weibo.cn\/status\/z4gAUsNPZ?mblogid=z4gAUsNPZ&luicode=10000011&lfid=1076031401527553","mblog":{"created_at":"2012-11-08","id":"3510171046864763","idstr":"3510171046864763","mid":"3510171046864763","can_edit":false,"text":"\u4e00\u4e2a\u5728\u7f8e\u56fd\u7684\u670b\u53cb\u8ddf\u6211\u8bf4\u9910\u540e\u8840\u7cd6\u504f\u9ad8\uff0c\u95ee\u662f\u5426\u9700\u770b\u533b\u751f\u5403\u836f\u3002\u6211\u95ee\u5177\u4f53\u503c\u548c\u6d4b\u91cf\u65f6\u95f4\uff0c\u4ed6\u8bf4\u9910\u540e1\u5c0f\u65f6\uff0c\u8840\u7cd6144\u3002\u6211\u89c9\u5f97\u5947\u602a\uff0c\u56e0\u4e3a\u8fd9\u5e76\u4e0d\u8d85\u6807\u3002\u518d\u7ec6\u8ffd\u95ee\uff0c\u539f\u6765\u4f53\u68c0\u533b\u751f\u6839\u672c\u6ca1\u95ee\u4ed6\u5c31\u9910\u65f6\u95f4\uff0c\u770b\u5230144\u5c31\u8bf4\u9ad8\uff0c\u8ba9\u4ed62\u5468\u5185\u53bb\u770b\u4e13\u79d1\u533b\u751f\u3002\u5b9e\u9645\u4e0a\uff0c\u9910\u540e2\u5c0f\u65f6\u8840\u7cd6\u4e0a\u9650\u624d\u662f140\u3002\u8fd9\u4e5f\u4e0d\u77e5\u9053\u8be5\u8bf4\u4e25\u8c28\uff0c\u8fd8\u662f\u4e0d\u9760\u8c31\u3002 \u200b\u200b\u200b","source":"\u5fae\u535a weibo.com","favorited":false,"is_paid":false,"mblog_vip_type":0,"user":{"id":1401527553,"screen_name":"tombkeeper","profile_image_url":"https:\/\/tva2.sinaimg.cn\/crop.0.0.180.180.180\/53899d01jw8fcb9qpe7vbj2050050mx8.jpg","profile_url":"https:\/\/m.weibo.cn\/u\/1401527553?uid=1401527553&luicode=10000011&lfid=1076031401527553","statuses_count":15425,"verified":true,"verified_type":0,"verified_type_ext":1,"verified_reason":"\u77e5\u540d\u4e92\u8054\u7f51\u8d44\u8baf\u535a\u4e3b","close_blue_v":false,"description":"\u5fae\u535a\u672c\u5730\u8d44\u8baf\u535a\u4e3b\uff08\u521a\u679c\u5e03\u62c9\u67f4\u7ef4\u5c14\uff09","gender":"m","mbtype":12,"urank":48,"mbrank":6,"follow_me":false,"following":false,"followers_count":192533,"follow_count":277,"cover_image_phone":"https:\/\/tva1.sinaimg.cn\/crop.0.0.640.640.640\/549d0121tw1egm1kjly3jj20hs0hsq4f.jpg","avatar_hd":"https:\/\/ww2.sinaimg.cn\/orj480\/53899d01jw8fcb9qpe7vbj2050050mx8.jpg","like":false,"like_me":false,"badge":{"bind_taobao":1,"dzwbqlx_2016":1,"follow_whitelist_video":1,"hongbao_2018":1}},"reposts_count":9,"comments_count":6,"attitudes_count":0,"pending_approval_count":0,"isLongText":false,"visible":{"type":0,"list_id":0},"more_info_type":0,"content_auth":0,"edit_config":{"edited":false},"mblogtype":0,"bid":"z4gAUsNPZ"},"show_type":0}],"showAppTips":0,"scheme":"sinaweibo:\/\/cardlist?containerid=1076031401527553&extparam=&luicode=10000011&lfid=&featurecode="}}