{"ok":1,"data":{"cardlistInfo":{"containerid":"1076031401527553","v_p":42,"show_style":1,"total":15518,"page":50},"cards":[{"card_type":9,"itemid":"1076031401527553_-_3504982264937346","scheme":"https:\/\/m.weibo.cn\/status\/z25BUkIqC?mblogid=z25BUkIqC&luicode=10000011&lfid=1076031401527553","mblog":{"created_at":"2012-10-25","id":"3504982264937346","idstr":"3504982264937346","mid":"3504982264937346","can_edit":false,"text":"\u4e00\u4e2a\u670b\u53cb\u8bf4\uff0c\u4ed6\u628a\u964c\u964c\u7684\u5934\u50cf\u6539\u6210\u9a6c\u5c14\u4ee3\u592b\u7684\u7167\u7247\uff0c\u628a\u804c\u4e1a\u6539\u6210\u201c\u91d1\u878d\u201d\uff0c\u679c\u7136\u5c31\u6709\u4eba\u4e3b\u52a8\u548c\u4ed6\u6253\u62db\u547c\u4e86\u3002 \u200b\u200b\u200b","source":"\u5fae\u535a weibo.com","favorited":false,"is_paid":false,"mblog_vip_type":0,"user":{"id":1401527553,"screen_name":"tombkeeper","profile_image_url":"https:\/\/tva2.sinaimg.cn\/crop.0.0.180.180.180\/53899d01jw8fcb9qpe7vbj2050050mx8.jpg","profile_url":"https:\/\/m.weibo.cn\/u\/1401527553?uid=1401527553&luicode=10000011&lfid=1076031401527553","statuses_count":15425,"verified":true,"verified_type":0,"verified_type_ext":1,"verified_reason":"\u77e5\u540d\u4e92\u8054\u7f51\u8d44\u8baf\u535a\u4e3b","close_blue_v":false,"description":"\u5fae\u535a\u672c\u5730\u8d44\u8baf\u535a\u4e3b\uff08\u521a\u679c\u5e03\u62c9\u67f4\u7ef4\u5c14\uff09","gender":"m","mbtype":12,"urank":48,"mbrank":6,"follow_me":false,"following":false,"followers_count":192533,"follow_count":277,"cover_image_phone":"https:\/\/tva1.sinaimg.cn\/crop.0.0.640.640.640\/549d0121tw1egm1kjly3jj20hs0hsq4f.jpg","avatar_hd":"https:\/\/ww2.sinaimg.cn\/orj480\/53899d01jw8fcb9qpe7vbj2050050mx8.jpg","like":false,"like_me":false,"badge":{"bind_taobao":1,"dzwbqlx_2016":1,"follow_whitelist_video":1,"hongbao_2018":1}},"reposts_count":23,"comments_count":10,"attitudes_count":1,"pending_approval_count":0,"isLongText":false,"visible":{"type":0,"list_id":0},"more_info_type":0,"content_auth":0,"edit_config":{"edited":false},"mblogtype":0,"bid":"z25BUkIqC"},"show_type":0},{"card_type":9,"itemid":"1076031401527553_-_3504975457760964","scheme":"https:\/\/m.weibo.cn\/status\/z25qVwyYQ?mblogid=z25qVwyYQ&luicode=10000011&lfid=1076031401527553","mblog":{"created_at":"2012-10-25","id":"3504975457760964","idstr":"3504975457760964","mid":"3504975457760964","can_edit":false,"text":"\u6211\u5f88\u559c\u6b22\u901a\u8fc7\u6444\u50cf\u5934\u770b\u4e16\u754c\u5404\u5730\u7684\u98ce\u666f\u98ce\u5149\u98ce\u571f\u98ce\u60c5\u98ce\u4fd7\u98ce\u8c8c\u3002\u8fd9\u662f\u65e5\u672c\u67d0\u5e7c\u513f\u56ed\u7684\u76d1\u63a7\u6444\u50cf\u5934\uff0c\u5bb6\u957f\u53ef\u4ee5\u901a\u8fc7\u7535\u8111\u6216\u624b\u673a\uff0c\u968f\u65f6\u770b\u5230\u5c0f\u670b\u53cb\u4eec\u5728\u5e7c\u513f\u56ed\u7684\u751f\u6d3b\u3002\u6211\u89c9\u5f97\u752d\u7ba1\u5bb6\u957f\u770b\u4e0d\u770b\uff0c\u8fd9\u4e1c\u897f\u5bf9\u4fdd\u80b2\u5458\u548c\u8001\u5e08\u591a\u5c11\u6709\u63d0\u9192\u7684\u4f5c\u7528\u3002 \u200b\u200b\u200b","source":"\u5fae\u535a weibo.com","favorited":false,"thumbnail_pic":"http:\/\/ww1.sinaimg.cn\/thumbnail\/53899d01jw1dy79zbkwx9g.gif","bmiddle_pic":"http:\/\/ww1.sinaimg.cn\/bmiddle\/53899d01jw1dy79zbkwx9g.gif","original_pic":"http:\/\/ww1.sinaimg.cn\/large\/53899d01jw1dy79zbkwx9g.gif","is_paid":false,"mblog_vip_type":0,"user":{"id":1401527553,"screen_name":"tombkeeper","profile_image_url":"https:\/\/tva2.sinaimg.cn\/crop.0.0.180.180.180\/53899d01jw8fcb9qpe7vbj2050050mx8.jpg","profile_url":"https:\/\/m.weibo.cn\/u\/1401527553?uid=1401527553&luicode=10000011&lfid=1076031401527553","statuses_count":15425,"verified":true,"verified_type":0,"verified_type_ext":1,"verified_reason":"\u77e5\u540d\u4e92\u8054\u7f51\u8d44\u8baf\u535a\u4e3b","close_blue_v":false,"description":"\u5fae\u535a\u672c\u5730\u8d44\u8baf\u535a\u4e3b\uff08\u521a\u679c\u5e03\u62c9\u67f4\u7ef4\u5c14\uff09","gender":"m","mbtype":12,"urank":48,"mbrank":6,"follow_me":false,"following":false,"followers_count":192533,"follow_count":277,"cover_image_phone":"https:\/\/tva1.sinaimg.cn\/crop.0.0.640.640.640\/549d0121tw1egm1kjly3jj20hs0hsq4f.jpg","avatar_hd":"https:\/\/ww2.sinaimg.cn\/orj480\/53899d01jw8fcb9qpe7vbj2050050mx8.jpg","like":false,"like_me":false,"badge":{"bind_taobao":1,"dzwbqlx_2016":1,"follow_whitelist_video":1,"hongbao_2018":1}},"reposts_count":135,"comments_count":25,"attitudes_count":24,"pending_approval_count":0,"isLongText":false,"visible":{"type":0,"list_id":0},"more_info_type":0,"content_auth":0,"edit_config":{"edited":false},"mblogtype":0,"bid":"z25qVwyYQ","pics":[{"pid":"53899d01jw1dy79zbkwx9g","url":"https:\/\/ww1.sinaimg.cn\/orj360\/53899d01jw1dy79zbkwx9g.gif","size":"orj360","geo":false,"large":{"size":"large","url":"https:\/\/ww1.sinaimg.cn\/large\/53899d01jw1dy79zbkwx9g.gif","geo":false}}]},"show_type":0},{"card_type":9,"itemid":"1076031401527553_-_3504733702195156","scheme":"https:\/\/m.weibo.cn\/status\/z1Z909d3K?mblogid=z1Z909d3K&luicode=10000011&lfid=1076031401527553","mblog":{"created_at":"2012-10-24","id":"3504733702195156","idstr":"3504733702195156","mid":"3504733702195156","can_edit":false,"text":"\u201c\u8fbe\u82ac\u5947\u201d\u4e0d\u662f\u8fbe\u82ac\u5947\u7684\u59d3\uff0c\u4e5f\u4e0d\u662f\u4ed6\u7684\u540d\uff0c\u800c\u662f\u4ed6\u4eec\u5c6f\u7684\u540d\u5b57\u3002\u201c\u5217\u5965\u7eb3\u591a\u00b7\u8fbe\u00b7\u82ac\u5947\u201d\u7684\u610f\u601d\u662f\u201c\u82ac\u5947\u5c6f\u7684\u5217\u5965\u7eb3\u591a\u201d\uff0c\u7c7b\u4f3c\u201c\u846b\u82a6\u5c6f\u7684\u674e\u94c1\u6839\u201d\u3002\u8fd9\u662f\u4ed6500\u5e74\u524d\u6240\u7ed8\u5236\u7684\u4eba\u4f53\u89e3\u5256\u56fe\uff1a \u200b\u200b\u200b","source":"\u5fae\u535a weibo.com","favorited":false,"thumbnail_pic":"http:\/\/ww3.sinaimg.cn\/thumbnail\/53899d01jw1dy6i7kaqeqj.jpg","bmiddle_pic":"http:\/\/ww3.sinaimg.cn\/bmiddle\/53899d01jw1dy6i7kaqeqj.jpg","original_pic":"http:\/\/ww3.sinaimg.cn\/large\/53899d01jw1dy6i7kaqeqj.jpg","is_paid":false,"mblog_vip_type":0,"user":{"id":1401527553,"screen_name":"tombkeeper","profile_image_url":"https:\/\/tva2.sinaimg.cn\/crop.0.0.180.180.180\/53899d01jw8fcb9qpe7vbj2050050mx8.jpg","profile_url":"https:\/\/m.weibo.cn\/u\/1401527553?uid=1401527553&luicode=10000011&lfid=1076031401527553","statuses_count":15425,"verified":true,"verified_type":0,"verified_type_ext":1,"verified_reason":"\u77e5\u540d\u4e92\u8054\u7f51\u8d44\u8baf\u535a\u4e3b","close_blue_v":false,"description":"\u5fae\u535a\u672c\u5730\u8d44\u8baf\u535a\u4e3b\uff08\u521a\u679c\u5e03\u62c9\u67f4\u7ef4\u5c14\uff09","gender":"m","mbtype":12,"urank":48,"mbrank":6,"follow_me":false,"following":false,"followers_count":192533,"follow_count":277,"cover_image_phone":"https:\/\/tva1.sinaimg.cn\/crop.0.0.640.640.640\/549d0121tw1egm1kjly3jj20hs0hsq4f.jpg","avatar_hd":"https:\/\/ww2.sinaimg.cn\/orj480\/53899d01jw8fcb9qpe7vbj2050050mx8.jpg","like":false,"like_me":false,"badge":{"bind_taobao":1,"dzwbqlx_2016":1,"follow_whitelist_video":1,"hongbao_2018":1}},"reposts_count":17,"comments_count":8,"attitudes_count":0,"pending_approval_count":0,"isLongText":false,"visible":{"type":0,"list_id":0},"more_info_type":0,"content_auth":0,"edit_config":{"edited":false},"mblogtype":0,"bid":"z1Z909d3K","pics":[{"pid":"53899d01jw1dy6i7kaqeqj","url":"https:\/\/ww3.sinaimg.cn\/orj360\/53899d01jw1dy6i7kaqeqj.jpg","size":"orj360","geo":false,"large":{"size":"large","url":"https:\/\/ww3.sinaimg.cn\/large\/53899d01jw1dy6i7kaqeqj.jpg","geo":false}}]},"show_type":0},{"card_type":9,"itemid":"1076031401527553_-_3504724638735773","scheme":"https:\/\/m.weibo.cn\/status\/z1YUnAEzz?mblogid=z1YUnAEzz&luicode=10000011&lfid=1076031401527553","mblog":{"created_at":"2012-10-24","id":"3504724638735773","idstr":"3504724638735773","mid":"3504724638735773","can_edit":false,"text":"\u4e0b\u5348\u548c\u4e24\u4e2a\u7f8e\u5973\u540c\u4e8b\u5728\u957f\u5b89\u8857\u9644\u8fd1\u6253\u8f66\uff0c\u6781\u96be\uff0c\u5076\u5c14\u7ecf\u8fc7\u7684\u7a7a\u8f66\u8fd8\u90fd\u662f\u4ea4\u73ed\u7684\u3002\u4e8e\u662f\u62e6\u4e0b\u4e00\u8f86\u4ea4\u73ed\u7684\u8f66\uff0c\u8bf7\u5e08\u5085\u6309\u4ea4\u73ed\u7684\u8def\u8d70\uff0c\u627e\u4e2a\u597d\u6253\u8f66\u7684\u5730\u65b9\u8ba9\u6211\u4eec\u4e0b\u5373\u53ef\u3002\u4e0a\u8f66\u540e\uff0c\u5e08\u5085\u5bf9\u4e24\u4e2a\u7f8e\u5973\u8bf4\uff1a\u6211\u662f\u770b\u4f60\u4eec\u8fd9\u4f4d\u5c0f\u4f19\u5b50\u957f\u5f97\u767d\u767d\u51c0\u51c0\u624d\u634e\u4f60\u4eec\u4e00\u6bb5\u513f\u3002\u4f5c\u4e3a\u4e00\u4e2a\u5f02\u6027\u604b\u8005\uff0c\u6211\u542c\u4e86\u8fd9\u8bdd\u5fc3\u4e2d\u771f\u662f\u767e\u611f\u4ea4\u96c6\u3002 \u200b\u200b\u200b","source":"S60\u5ba2\u6237\u7aef","favorited":false,"is_paid":false,"mblog_vip_type":0,"user":{"id":1401527553,"screen_name":"tombkeeper","profile_image_url":"https:\/\/tva2.sinaimg.cn\/crop.0.0.180.180.180\/53899d01jw8fcb9qpe7vbj2050050mx8.jpg","profile_url":"https:\/\/m.weibo.cn\/u\/1401527553?uid=1401527553&luicode=10000011&lfid=1076031401527553","statuses_count":15425,"verified":true,"verified_type":0,"verified_type_ext":1,"verified_reason":"\u77e5\u540d\u4e92\u8054\u7f51\u8d44\u8baf\u535a\u4e3b","close_blue_v":false,"description":"\u5fae\u535a\u672c\u5730\u8d44\u8baf\u535a\u4e3b\uff08\u521a\u679c\u5e03\u62c9\u67f4\u7ef4\u5c14\uff09","gender":"m","mbtype":12,"urank":48,"mbrank":6,"follow_me":false,"following":false,"followers_count":192533,"follow_count":277,"cover_image_phone":"https:\/\/tva1.sinaimg.cn\/crop.0.0.640.640.640\/549d0121tw1egm1kjly3jj20hs0hsq4f.jpg","avatar_hd":"https:\/\/ww2.sinaimg.cn\/orj480\/53899d01jw8fcb9qpe7vbj2050050mx8.jpg","like":false,"like_me":false,"badge":{"bind_taobao":1,"dzwbqlx_2016":1,"follow_whitelist_video":1,"hongbao_2018":1}},"reposts_count":11,"comments_count":22,"attitudes_count":1,"pending_approval_count":0,"isLongText":false,"visible":{"type":0,"list_id":0},"more_info_type":0,"content_auth":0,"edit_config":{"edited":false},"mblogtype":0,"bid":"z1YUnAEzz"},"show_type":0},{"card_type":9,"itemid":"1076031401527553_-_3504704648414074","scheme":"https:\/\/m.weibo.cn\/status\/z1Yo8ziSS?mblogid=z1Yo8ziSS&luicode=10000011&lfid=1076031401527553","mblog":{"created_at":"2012-10-24","id":"3504704648414074","idstr":"3504704648414074","mid":"3504704648414074","can_edit":false,"text":"\u201c\u516c\u77e5\u4eec\u6709\u7ec4\u7ec7\u5730\u62ff\u8fd9\u4e8b\u8bf4\u4e8b\u513f\u201d\uff0c\u55ef\uff0c\u6709\u7ec4\u7ec7\u7684\u3002\/\/<a href='https:\/\/m.weibo.cn\/n\/\u82b1\u603b\u4e22\u4e86\u91d1\u7b8d\u68d2'>@\u82b1\u603b\u4e22\u4e86\u91d1\u7b8d\u68d2<\/a>: \u56de\u590d<a href='https:\/\/m.weibo.cn\/n\/\u8521\u5a13\u5a13'>@\u8521\u5a13\u5a13<\/a>:\u6211\u4eec\u53c8\u4e0d\u662f\u8981\u6cbb\u5916\u6cd5\u6743\uff0c\u4e0d\u662f\u4e0d\u80fd\u88ab\u67ec\u57d4\u5be8\u5ba1\u5224\uff0c\u800c\u662f\u60f3\u95ee\u95ee\u5916\u4ea4\u90e8\uff0c\u4f60\u4eec\u6709\u6ca1\u6709\u5e2e\u5979\u8bf7\u5f8b\u5e08\uff0c\u6709\u6ca1\u6709\u6d3e\u9886\u4e8b\u63a2\u89c6\uff0c\u6709\u6ca1\u6709\u5e2e\u5979\u8054\u7edc\u56fd\u5185\u5bb6\u4eba\u3002\u4e0d\u7136\u4ee5\u540e\u51fa\u56fd\u505a\u9519\u4e8b\u76f4\u63a5\u5f00\u9664\u56fd\u7c4d\u4e22\u51fa\u53bb\u5582\u72d7\u597d\u4e86\uff0c\u8fd8\u8981\u5916\u4ea4\u90e8\u5e72\u4ec0\u4e48\u3002","source":"\u5fae\u535a weibo.com","favorited":false,"is_paid":false,"mblog_vip_type":0,"user":{"id":1401527553,"screen_name":"tombkeeper","profile_image_url":"https:\/\/tva2.sinaimg.cn\/crop.0.0.180.180.180\/53899d01jw8fcb9qpe7vbj2050050mx8.jpg","profile_url":"https:\/\/m.weibo.cn\/u\/1401527553?uid=1401527553&luicode=10000011&lfid=1076031401527553","statuses_count":15425,"verified":true,"verified_type":0,"verified_type_ext":1,"verified_reason":"\u77e5\u540d\u4e92\u8054\u7f51\u8d44\u8baf\u535a\u4e3b","close_blue_v":false,"description":"\u5fae\u535a\u672c\u5730\u8d44\u8baf\u535a\u4e3b\uff08\u521a\u679c\u5e03\u62c9\u67f4\u7ef4\u5c14\uff09","gender":"m","mbtype":12,"urank":48,"mbrank":6,"follow_me":false,"following":false,"followers_count":192533,"follow_count":277,"cover_image_phone":"https:\/\/tva1.sinaimg.cn\/crop.0.0.640.640.640\/549d0121tw1egm1kjly3jj20hs0hsq4f.jpg","avatar_hd":"https:\/\/ww2.sinaimg.cn\/orj480\/53899d01jw8fcb9qpe7vbj2050050mx8.jpg","like":false,"like_me":false,"badge":{"bind_taobao":1,"dzwbqlx_2016":1,"follow_whitelist_video":1,"hongbao_2018":1}},"pid":3504700877705214,"retweeted_status":{"created_at":"2012-10-24","id":"3504644388904960","idstr":"3504644388904960","mid":"3504644388904960","can_edit":false,"text":"1\u5979\u6495\u7684\u4e0d\u53ea\u662f\u753b\u50cf\uff0c\u662f\u67ec\u4eba\u6c11\u7684\u611f\u60c5\u3002\u5982\u679c\u4f60\u5bb6\u529e\u4e27\u4e8b\uff0c\u6709\u4eba\u6495\u6389\u4ea1\u6545\u8005\u9057\u50cf\uff0c\u4f60\u4f5c\u4f55\u611f\u60f3\uff1f2\u5979\u7684\u611a\u8822\u884c\u4e3a\u4e0d\u4ec5\u4e0d\u4ee3\u8868\u4e2d\u56fd\u4eba\uff0c\u4e14\u5c06\u4e2d\u56fd\u4eba\u591a\u5e74\u6765\u5bf9\u67ec\u7684\u597d\u610f\u548c\u52aa\u529b\u6253\u4e86\u6298\u6263\uff0c\u4e3a\u4ec0\u4e48\u8981\u6211\u4eec\u5927\u5bb6\u66ff\u5979\u80cc\u4e66\u4e3a\u5979\u7684\u611a\u8822\u4e70\u5355\uff1f3\u516c\u77e5\u4eec\u6709\u7ec4\u7ec7\u5730\u62ff\u8fd9\u4e8b\u8bf4\u4e8b\u513f\uff0c\u65e0\u975e\u662f\u8981\u501f\u673a\u9a82\u9a82\u653f\u5e9c\u548c\u4f53\u5236\u800c\u5df2\uff0c\u522b\u628a\u81ea\u5df1\u4f2a\u88c5\u6210\u5723\u4eba\u3002 \u200b\u200b\u200b","source":"\u5fae\u535a weibo.com","favorited":false,"is_paid":false,"mblog_vip_type":0,"user":{"id":1829496883,"screen_name":"\u5403\u658b\u7684\u732b2011","profile_image_url":"https:\/\/tva1.sinaimg.cn\/crop.64.159.277.277.180\/6d0be833jw8euuegprglyj20af0dwgmv.jpg","profile_url":"https:\/\/m.weibo.cn\/u\/1829496883?uid=1829496883&luicode=10000011&lfid=1076031401527553","statuses_count":28324,"verified":true,"verified_type":0,"verified_type_ext":0,"verified_reason":"\u5916\u4ea4\u5b98","close_blue_v":false,"description":"\u5141\u516c\u5141\u80fd\uff0c\u65e5\u65b0\u6708\u5f02\u3002\u5c0a\u91cd\u751f\u547d\uff0c\u70ed\u7231\u751f\u6d3b","gender":"f","mbtype":0,"urank":42,"mbrank":0,"follow_me":false,"following":false,"followers_count":113830,"follow_count":218,"cover_image_phone":"https:\/\/tva1.sinaimg.cn\/crop.0.0.640.640.640\/549d0121tw1egm1kjly3jj20hs0hsq4f.jpg","avatar_hd":"https:\/\/ww1.sinaimg.cn\/orj480\/6d0be833jw8euuegprglyj20af0dwgmv.jpg","like":false,"like_me":false,"badge":{"olympic_2016":1,"dzwbqlx_2016":1,"follow_whitelist_video":1}},"reposts_count":4444,"comments_count":2499,"attitudes_count":65,"pending_approval_count":0,"isLongText":false,"visible":{"type":0,"list_id":0},"more_info_type":0,"content_auth":0,"edit_config":{"edited":false},"bid":"z1WOWBmAo"},"reposts_count":8,"comments_count":2,"attitudes_count":0,"pending_approval_count":0,"isLongText":false,"visible":{"type":0,"list_id":0},"more_info_type":0,"content_auth":0,"edit_config":{"edited":false},"mblogtype":0,"obj_ext":"","raw_text":"\u201c\u516c\u77e5\u4eec\u6709\u7ec4\u7ec7\u5730\u62ff\u8fd9\u4e8b\u8bf4\u4e8b\u513f\u201d\uff0c\u55ef\uff0c\u6709\u7ec4\u7ec7\u7684\u3002\/\/@\u82b1\u603b\u4e22\u4e86\u91d1\u7b8d\u68d2: \u56de\u590d@\u8521\u5a13\u5a13:\u6211\u4eec\u53c8\u4e0d\u662f\u8981\u6cbb\u5916\u6cd5\u6743\uff0c\u4e0d\u662f\u4e0d\u80fd\u88ab\u67ec\u57d4\u5be8\u5ba1\u5224\uff0c\u800c\u662f\u60f3\u95ee\u95ee\u5916\u4ea4\u90e8\uff0c\u4f60\u4eec\u6709\u6ca1\u6709\u5e2e\u5979\u8bf7\u5f8b\u5e08\uff0c\u6709\u6ca1\u6709\u6d3e\u9886\u4e8b\u63a2\u89c6\uff0c\u6709\u6ca1\u6709\u5e2e\u5979\u8054\u7edc\u56fd\u5185\u5bb6\u4eba\u3002\u4e0d\u7136\u4ee5\u540e\u51fa\u56fd\u505a\u9519\u4e8b\u76f4\u63a5\u5f00\u9664\u56fd\u7c4d\u4e22\u51fa\u53bb\u5582\u72d7\u597d\u4e86\uff0c\u8fd8\u8981\u5916\u4ea4\u90e8\u5e72\u4ec0\u4e48\u3002","bid":"z1Yo8ziSS"},"show_type":0},{"card_type":9,"itemid":"1076031401527553_-_3504629637656644","scheme":"https:\/\/m.weibo.cn\/status\/z1Wr9w7Qg?mblogid=z1Wr9w7Qg&luicode=10000011&lfid=1076031401527553","mblog":{"created_at":"2012-10-24","id":"3504629637656644","idstr":"3504629637656644","mid":"3504629637656644","can_edit":false,"text":"\u8fd8\u6709\u4e0d\u5230\u4fe9\u6708\u4e86\uff0c\u540c\u5fd7\u4eec\u3002","source":"\u5fae\u535a weibo.com","favorited":false,"is_paid":false,"mblog_vip_type":0,"user":{"id":1401527553,"screen_name":"tombkeeper","profile_image_url":"https:\/\/tva2.sinaimg.cn\/crop.0.0.180.180.180\/53899d01jw8fcb9qpe7vbj2050050mx8.jpg","profile_url":"https:\/\/m.weibo.cn\/u\/1401527553?uid=1401527553&luicode=10000011&lfid=1076031401527553","statuses_count":15425,"verified":true,"verified_type":0,"verified_type_ext":1,"verified_reason":"\u77e5\u540d\u4e92\u8054\u7f51\u8d44\u8baf\u535a\u4e3b","close_blue_v":false,"description":"\u5fae\u535a\u672c\u5730\u8d44\u8baf\u535a\u4e3b\uff08\u521a\u679c\u5e03\u62c9\u67f4\u7ef4\u5c14\uff09","gender":"m","mbtype":12,"urank":48,"mbrank":6,"follow_me":false,"following":false,"followers_count":192533,"follow_count":277,"cover_image_phone":"https:\/\/tva1.sinaimg.cn\/crop.0.0.640.640.640\/549d0121tw1egm1kjly3jj20hs0hsq4f.jpg","avatar_hd":"https:\/\/ww2.sinaimg.cn\/orj480\/53899d01jw8fcb9qpe7vbj2050050mx8.jpg","like":false,"like_me":false,"badge":{"bind_taobao":1,"dzwbqlx_2016":1,"follow_whitelist_video":1,"hongbao_2018":1}},"retweeted_status":{"created_at":"2012-03-16","id":"3424315490035109","idstr":"3424315490035109","mid":"3424315490035109","can_edit":false,"text":"\u5728Discovery Channel\u7684\u8282\u76ee\u91cc\u770b\u5230\uff0c\u771f\u6709\u4eba\u9020\u4e86\u65b9\u821f\u3002\u76f8\u5f53\u5927\u7684\u8239\uff0c\u53ef\u5bb9\u7eb3200\u4eba\uff0c\u4ee5\u53ca\u8fd9\u4e9b\u4eba5\u5e74\u7684\u751f\u6d3b\u7269\u8d44\u3002\u636e\u8bf4\u88ab\u6d6a\u62cd\u5230\u6d77\u91cc\u90fd\u8fd8\u80fd\u81ea\u5df1\u6d6e\u4e0a\u6765\u3002\u4e24\u5343\u4e07\u7f8e\u5143\u4e00\u8258\uff0c\u81f3\u5c11\u5df2\u5356\u51fa\u53bb\u4e24\u8258\u3002 \u200b\u200b\u200b","source":"\u5fae\u535a weibo.com","favorited":false,"thumbnail_pic":"http:\/\/ww2.sinaimg.cn\/thumbnail\/53899d01gw1dr1yaxhblwj.jpg","bmiddle_pic":"http:\/\/ww2.sinaimg.cn\/bmiddle\/53899d01gw1dr1yaxhblwj.jpg","original_pic":"http:\/\/ww2.sinaimg.cn\/large\/53899d01gw1dr1yaxhblwj.jpg","is_paid":false,"mblog_vip_type":0,"user":{"id":1401527553,"screen_name":"tombkeeper","profile_image_url":"https:\/\/tva2.sinaimg.cn\/crop.0.0.180.180.180\/53899d01jw8fcb9qpe7vbj2050050mx8.jpg","profile_url":"https:\/\/m.weibo.cn\/u\/1401527553?uid=1401527553&luicode=10000011&lfid=1076031401527553","statuses_count":15425,"verified":true,"verified_type":0,"verified_type_ext":1,"verified_reason":"\u77e5\u540d\u4e92\u8054\u7f51\u8d44\u8baf\u535a\u4e3b","close_blue_v":false,"description":"\u5fae\u535a\u672c\u5730\u8d44\u8baf\u535a\u4e3b\uff08\u521a\u679c\u5e03\u62c9\u67f4\u7ef4\u5c14\uff09","gender":"m","mbtype":12,"urank":48,"mbrank":6,"follow_me":false,"following":false,"followers_count":192533,"follow_count":277,"cover_image_phone":"https:\/\/tva1.sinaimg.cn\/crop.0.0.640.640.640\/549d0121tw1egm1kjly3jj20hs0hsq4f.jpg","avatar_hd":"https:\/\/ww2.sinaimg.cn\/orj480\/53899d01jw8fcb9qpe7vbj2050050mx8.jpg","like":false,"like_me":false,"badge":{"bind_taobao":1,"dzwbqlx_2016":1,"follow_whitelist_video":1,"hongbao_2018":1}},"reposts_count":35,"comments_count":13,"attitudes_count":0,"pending_approval_count":0,"isLongText":false,"visible":{"type":0,"list_id":0},"more_info_type":0,"content_auth":0,"edit_config":{"edited":false},"bid":"yacyx098h","pics":[{"pid":"53899d01gw1dr1yaxhblwj","url":"https:\/\/ww2.sinaimg.cn\/orj360\/53899d01gw1dr1yaxhblwj.jpg","size":"orj360","geo":false,"large":{"size":"large","url":"https:\/\/ww2.sinaimg.cn\/large\/53899d01gw1dr1yaxhblwj.jpg","geo":false}}]},"reposts_count":7,"comments_count":9,"attitudes_count":0,"pending_approval_count":0,"isLongText":false,"visible":{"type":0,"list_id":0},"more_info_type":0,"content_auth":0,"edit_config":{"edited":false},"mblogtype":0,"obj_ext":"","raw_text":"\u8fd8\u6709\u4e0d\u5230\u4fe9\u6708\u4e86\uff0c\u540c\u5fd7\u4eec\u3002","bid":"z1Wr9w7Qg"},"show_type":0},{"card_type":9,"itemid":"1076031401527553_-_3504615708851031","scheme":"https:\/\/m.weibo.cn\/status\/z1W4GB8yz?mblogid=z1W4GB8yz&luicode=10000011&lfid=1076031401527553","mblog":{"created_at":"2012-10-24","id":"3504615708851031","idstr":"3504615708851031","mid":"3504615708851031","can_edit":false,"text":"\u201c\u5c01\u7f51\u201d\u5e76\u4e0d\u662f\u5c01\u7f51\u7684\u610f\u601d\uff0c\u4e0d\u8fc7\u201c\u5c01\u7f51\u201d\u4e00\u822c\u4f1a\u4f34\u968f\u7740\u5c01\u7f51\uff0c\u5be1\u5987\u738b\u8981\u6bd4\u5e73\u65f6\u8981\u7d27\u4e0a\u8bb8\u591a\u3002\u4ece\u6628\u5929\u8d77\uff0c\u4ee5HTTPS\u65b9\u5f0f\u8bbf\u95eeGoogle\u5728\u56fd\u5185\u673a\u623f\u7684IP\uff0c\u4e5f\u5f00\u59cb\u53d8\u5f97\u62bd\u6410\u3002\/\/<a href='https:\/\/m.weibo.cn\/n\/\u9a6c\u4f2f\u5eb8'>@\u9a6c\u4f2f\u5eb8<\/a>: \u5c01\u7f51\u2026\u2026\u8bf4\u767d\u4e86\uff0c\u5c4b\u5b50\u91cc\u8be5\u4f4f\u4eba\u8fd8\u4f4f\u4eba\uff0c\u53ea\u4e0d\u8fc7\u6682\u65f6\u4e0d\u88c5\u4fee\u7f62\u4e86\uff0c\u4f46\u6211\u89c9\u5f97\u4e00\u5b9a\u4f1a\u6709\u4eba\u8bef\u8bfb\u7136\u540e\u4e49\u6124\u586b\u81ba","source":"\u5fae\u535a weibo.com","favorited":false,"is_paid":false,"mblog_vip_type":0,"user":{"id":1401527553,"screen_name":"tombkeeper","profile_image_url":"https:\/\/tva2.sinaimg.cn\/crop.0.0.180.180.180\/53899d01jw8fcb9qpe7vbj2050050mx8.jpg","profile_url":"https:\/\/m.weibo.cn\/u\/1401527553?uid=1401527553&luicode=10000011&lfid=1076031401527553","statuses_count":15425,"verified":true,"verified_type":0,"verified_type_ext":1,"verified_reason":"\u77e5\u540d\u4e92\u8054\u7f51\u8d44\u8baf\u535a\u4e3b","close_blue_v":false,"description":"\u5fae\u535a\u672c\u5730\u8d44\u8baf\u535a\u4e3b\uff08\u521a\u679c\u5e03\u62c9\u67f4\u7ef4\u5c14\uff09","gender":"m","mbtype":12,"urank":48,"mbrank":6,"follow_me":false,"following":false,"followers_count":192533,"follow_count":277,"cover_image_phone":"https:\/\/tva1.sinaimg.cn\/crop.0.0.640.640.640\/549d0121tw1egm1kjly3jj20hs0hsq4f.jpg","avatar_hd":"https:\/\/ww2.sinaimg.cn\/orj480\/53899d01jw8fcb9qpe7vbj2050050mx8.jpg","like":false,"like_me":false,"badge":{"bind_taobao":1,"dzwbqlx_2016":1,"follow_whitelist_video":1,"hongbao_2018":1}},"pid":3504591272885850,"retweeted_status":{"created_at":"2012-10-24","id":"3504589598643598","idstr":"3504589598643598","mid":"3504589598643598","can_edit":false,"text":"\u63d0\u95ee\uff01\uff01\u6211\u600e\u4e48\u89c9\u5f97\u8bf4\u201c\u5341\u516b\u5927\u201d\u5c01\u7f51\u7684\u610f\u601d\uff0c\u662f\u4fdd\u6301\u5168\u901f\u7545\u901a\u7684\u610f\u601d\u554a\u3002\u8bf7\u4e13\u4e1a\u4eba\u58eb\u6765\u89e3\u8bfb\u4e00\u4e0b\u3002\u94fe\u63a5\uff1a<a data-url=\"http:\/\/t.cn\/zlm51Lx\" target=\"_blank\" href=\"https:\/\/weibo.cn\/sinaurl\/blockeda79a9a78?luicode=10000011&lfid=1076031401527553&u=http%3A%2F%2Fwww.cfi.net.cn%2Fp20121023000442.html&ep=z1VozAgAS%252C1152369551%252Cz1VozAgAS%252C1152369551\" class=\"\"><span class=\"url-icon\"><img src=\"\/\/h5.sinaimg.cn\/upload\/2015\/09\/25\/3\/timeline_card_small_web_default.png\"><\/span><\/i><span class=\"surl-text\">\u7f51\u9875\u94fe\u63a5<\/a>\u3010&quot;\u5c01\u7f51&quot;\u662f\u7535\u4fe1\u8fd0\u8425\u5546\u7684\u4e13\u95e8\u8bf4\u6cd5\uff0c\u4e0d\u662f\u5173\u95ed\u7f51\u7edc\u548c\u5c01\u95ed\u7f51\u7edc\u3001\u505c\u6b62\u5bf9\u5916\u7684\u8bbf\u95ee\u63a5\u53e3\uff0c\u800c\u662f\u505c\u6b62\u5347\u7ea7\u3001\u5272\u63a5\u3001\u8bbe\u5907\u5165\u7f51\u7b49\u5de5\u4f5c\uff0c\u505c\u6b62\u5bf9\u7f51\u7edc\u5f71\u54cd\u8f83\u5927\u7684\u64cd\u4f5c\u6d3b\u52a8\uff0c\u4ee5\u4fdd\u969c\u7f51\u7edc\u7684\u7a33\u5b9a\u8fd0\u884c\u3002\u3011 \u200b\u200b\u200b","source":"\u5fae\u535a weibo.com","favorited":false,"is_paid":false,"mblog_vip_type":0,"user":{"id":1152369551,"screen_name":"\u674e\u5199\u610f","profile_image_url":"https:\/\/tva1.sinaimg.cn\/crop.0.0.180.180.180\/44afc38fjw1e8qgp5bmzyj2050050aa8.jpg","profile_url":"https:\/\/m.weibo.cn\/u\/1152369551?uid=1152369551&luicode=10000011&lfid=1076031401527553","statuses_count":37605,"verified":true,"verified_type":0,"verified_type_ext":0,"verified_reason":"\u4eba\u6c14\u5199\u624b\uff0c\u5c0f\u8bf4\u4f5c\u54c1\u6709\u300a\u5fc3\u4e4b\u5fe7\u77e3\uff0c\u60df\u5176\u4f24\u77e3\u300b\u3001\u300a\u51e4\u4e8e\u98de\u300b\u7b49 \u5fae\u535a\u7b7e\u7ea6\u81ea\u5a92\u4f53","close_blue_v":false,"description":"\u6b63\u5728\u8fde\u8f7d\u300a\u660e\u5937\u4e8e\u98de\u300b\u9996\u53d1\u7231\u5947\u827a\u6587\u5b66\u3002\u5df2\u51fa\u7248\u300a\u51e4\u4e8e\u98de\u300b\u300a\u6708\u5149\u5973\u795e\u8f7b\u677e\u5b58\u94b1\u300b\u300a\u5c06\u754c\u4e4b\u601d\u5ff5\u534e\u300b\u3002\u957f\u7bc7\u8fde\u8f7d\uff1a\u300a\u8363\u8000\u4e0e\u81ea\u7531\u300b","gender":"f","mbtype":12,"urank":48,"mbrank":6,"follow_me":false,"following":false,"followers_count":153125,"follow_count":955,"cover_image_phone":"https:\/\/tva1.sinaimg.cn\/crop.0.0.640.640.640\/a1d3feabjw1ecat4uqw77j20hs0hsacp.jpg","avatar_hd":"https:\/\/ww1.sinaimg.cn\/orj480\/44afc38fjw1e8qgp5bmzyj2050050aa8.jpg","like":false,"like_me":false,"badge":{"bind_taobao":1,"dailv":1,"olympic_2016":1,"dzwbqlx_2016":1,"follow_whitelist_video":1,"suishoupai_2017":7}},"reposts_count":561,"comments_count":136,"attitudes_count":1,"pending_approval_count":0,"isLongText":false,"visible":{"type":0,"list_id":0},"more_info_type":0,"content_auth":0,"edit_config":{"edited":false},"bid":"z1VozAgAS"},"reposts_count":8,"comments_count":6,"attitudes_count":1,"pending_approval_count":0,"isLongText":false,"visible":{"type":0,"list_id":0},"more_info_type":0,"content_auth":0,"edit_config":{"edited":false},"mblogtype":0,"obj_ext":"","raw_text":"\u201c\u5c01\u7f51\u201d\u5e76\u4e0d\u662f\u5c01\u7f51\u7684\u610f\u601d\uff0c\u4e0d\u8fc7\u201c\u5c01\u7f51\u201d\u4e00\u822c\u4f1a\u4f34\u968f\u7740\u5c01\u7f51\uff0c\u5be1\u5987\u738b\u8981\u6bd4\u5e73\u65f6\u8981\u7d27\u4e0a\u8bb8\u591a\u3002\u4ece\u6628\u5929\u8d77\uff0c\u4ee5HTTPS\u65b9\u5f0f\u8bbf\u95eeGoogle\u5728\u56fd\u5185\u673a\u623f\u7684IP\uff0c\u4e5f\u5f00\u59cb\u53d8\u5f97\u62bd\u6410\u3002\/\/@\u9a6c\u4f2f\u5eb8: \u5c01\u7f51\u2026\u2026\u8bf4\u767d\u4e86\uff0c\u5c4b\u5b50\u91cc\u8be5\u4f4f\u4eba\u8fd8\u4f4f\u4eba\uff0c\u53ea\u4e0d\u8fc7\u6682\u65f6\u4e0d\u88c5\u4fee\u7f62\u4e86\uff0c\u4f46\u6211\u89c9\u5f97\u4e00\u5b9a\u4f1a\u6709\u4eba\u8bef\u8bfb\u7136\u540e\u4e49\u6124\u586b\u81ba","bid":"z1W4GB8yz"},"show_type":0},{"card_type":9,"itemid":"1076031401527553_-_3504404429095900","scheme":"https:\/\/m.weibo.cn\/status\/z1QzUCag4?mblogid=z1QzUCag4&luicode=10000011&lfid=1076031401527553","mblog":{"created_at":"2012-10-23","id":"3504404429095900","idstr":"3504404429095900","mid":"3504404429095900","can_edit":false,"text":"\u66fe\u5e26\u8001\u5a46\u5f00\u7535\u52a8\u8239\uff0c\u81f3\u6e56\u4e2d\u592e\uff0c\u6211\u624b\u6307\u7740\u524d\u65b9\u5927\u543c\uff1a\u201c\u5f00\u8db3\u9a6c\u529b\uff0c\u649e\u6c89\u5409\u91ce\u201d\uff01 \/\/<a href='https:\/\/m.weibo.cn\/n\/\u9a6c\u4f2f\u5eb8'>@\u9a6c\u4f2f\u5eb8<\/a>: \u5f53\u5e74\u6211\u8e6c\u7740\u81ea\u884c\u8f66\u53cc\u624b\u4e0d\u6276\u628a\u62b1\u81c2\u80f8\u524d\u5ffd\u89c1\u524d\u65b9\u91ce\u732b\u7a9c\u51fa\u53f3\u624b\u731b\u6325\u9ad8\u558a\uff1a\u201c\u5168\u8230\u4e3b\u70ae\uff0c\u9f50\u5c04\u4e09\u8fde\u201d\u7684\u65f6\u5019\uff0c\u6211\u4eca\u65e5\u819d\u76d6\u4e2d\u7bad\u7684\u547d\u8fd0\u5c31\u5df2\u6ce8\u5b9a","source":"\u5fae\u535a weibo.com","favorited":false,"is_paid":false,"mblog_vip_type":0,"user":{"id":1401527553,"screen_name":"tombkeeper","profile_image_url":"https:\/\/tva2.sinaimg.cn\/crop.0.0.180.180.180\/53899d01jw8fcb9qpe7vbj2050050mx8.jpg","profile_url":"https:\/\/m.weibo.cn\/u\/1401527553?uid=1401527553&luicode=10000011&lfid=1076031401527553","statuses_count":15425,"verified":true,"verified_type":0,"verified_type_ext":1,"verified_reason":"\u77e5\u540d\u4e92\u8054\u7f51\u8d44\u8baf\u535a\u4e3b","close_blue_v":false,"description":"\u5fae\u535a\u672c\u5730\u8d44\u8baf\u535a\u4e3b\uff08\u521a\u679c\u5e03\u62c9\u67f4\u7ef4\u5c14\uff09","gender":"m","mbtype":12,"urank":48,"mbrank":6,"follow_me":false,"following":false,"followers_count":192533,"follow_count":277,"cover_image_phone":"https:\/\/tva1.sinaimg.cn\/crop.0.0.640.640.640\/549d0121tw1egm1kjly3jj20hs0hsq4f.jpg","avatar_hd":"https:\/\/ww2.sinaimg.cn\/orj480\/53899d01jw8fcb9qpe7vbj2050050mx8.jpg","like":false,"like_me":false,"badge":{"bind_taobao":1,"dzwbqlx_2016":1,"follow_whitelist_video":1,"hongbao_2018":1}},"pid":3504403187169956,"retweeted_status":{"created_at":"2012-10-23","id":"3504378109275928","idstr":"3504378109275928","mid":"3504378109275928","can_edit":false,"text":"\u770b\u300a\u4e2d\u4e8c\u75c5\u300b\u770b\u51fa\u5171\u9e23\u600e\u4e48\u529e\uff1f \u200b\u200b\u200b","source":"iPhone\u5ba2\u6237\u7aef","favorited":false,"is_paid":false,"mblog_vip_type":0,"user":{"id":1444865141,"screen_name":"\u9a6c\u4f2f\u5eb8","profile_image_url":"https:\/\/tvax2.sinaimg.cn\/crop.0.0.1242.1242.180\/561ee475ly8fhlodxi1vjj20yi0yiwh3.jpg","profile_url":"https:\/\/m.weibo.cn\/u\/1444865141?uid=1444865141&luicode=10000011&lfid=1076031401527553","statuses_count":16507,"verified":true,"verified_type":0,"verified_type_ext":1,"verified_reason":"\u4f5c\u5bb6 \u5fae\u535a\u7b7e\u7ea6\u81ea\u5a92\u4f53","close_blue_v":false,"description":"\u6734\u5b9e\u521a\u5065\uff0c\u60c5\u7eea\u591a\u53d8\uff0c\u4e8b\u5c11\u98df\u70e6\uff0c\u4f4e\u8c03\u7231\u73b0\u3002","gender":"m","mbtype":12,"urank":47,"mbrank":6,"follow_me":false,"following":false,"followers_count":3841514,"follow_count":901,"cover_image_phone":"https:\/\/tva1.sinaimg.cn\/crop.0.0.640.640.640\/549d0121tw1egm1kjly3jj20hs0hsq4f.jpg","avatar_hd":"https:\/\/wx2.sinaimg.cn\/orj480\/561ee475ly8fhlodxi1vjj20yi0yiwh3.jpg","like":false,"like_me":false,"badge":{"bind_taobao":1,"self_media":1,"dzwbqlx_2016":1,"follow_whitelist_video":1,"hongbao_2018":1}},"reposts_count":1124,"comments_count":420,"attitudes_count":12,"pending_approval_count":0,"isLongText":false,"visible":{"type":0,"list_id":0},"more_info_type":0,"content_auth":0,"edit_config":{"edited":false},"bid":"z1PTsCV5K"},"reposts_count":7,"comments_count":4,"attitudes_count":0,"pending_approval_count":0,"isLongText":false,"visible":{"type":0,"list_id":0},"more_info_type":0,"content_auth":0,"edit_config":{"edited":false},"mblogtype":0,"obj_ext":"","raw_text":"\u66fe\u5e26\u8001\u5a46\u5f00\u7535\u52a8\u8239\uff0c\u81f3\u6e56\u4e2d\u592e\uff0c\u6211\u624b\u6307\u7740\u524d\u65b9\u5927\u543c\uff1a\u201c\u5f00\u8db3\u9a6c\u529b\uff0c\u649e\u6c89\u5409\u91ce\u201d\uff01 \/\/@\u9a6c\u4f2f\u5eb8: \u5f53\u5e74\u6211\u8e6c\u7740\u81ea\u884c\u8f66\u53cc\u624b\u4e0d\u6276\u628a\u62b1\u81c2\u80f8\u524d\u5ffd\u89c1\u524d\u65b9\u91ce\u732b\u7a9c\u51fa\u53f3\u624b\u731b\u6325\u9ad8\u558a\uff1a\u201c\u5168\u8230\u4e3b\u70ae\uff0c\u9f50\u5c04\u4e09\u8fde\u201d\u7684\u65f6\u5019\uff0c\u6211\u4eca\u65e5\u819d\u76d6\u4e2d\u7bad\u7684\u547d\u8fd0\u5c31\u5df2\u6ce8\u5b9a","bid":"z1QzUCag4"},"show_type":0},{"card_type":9,"itemid":"1076031401527553_-_3504368621645805","scheme":"https:\/\/m.weibo.cn\/status\/z1PEa6U9f?mblogid=z1PEa6U9f&luicode=10000011&lfid=1076031401527553","mblog":{"created_at":"2012-10-23","id":"3504368621645805","idstr":"3504368621645805","mid":"3504368621645805","can_edit":false,"text":"\u201c\u8d22\u653f\u90e8\u548c\u591a\u4e2a\u5730\u65b9\u653f\u5e9c\u7f51\u7ad9\u663e\u793a\uff0c\u4e00\u4e9b\u5730\u65b9\u5c06\u975e\u7a0e\u6536\u5165\u5c24\u5176\u662f\u7f5a\u6ca1\u6536\u5165\u4f5c\u4e3a\u8d22\u653f\u2018\u589e\u6536\u6316\u6f5c\u2019\u7684\u91cd\u8981\u9014\u5f84\u3002\u201d","source":"\u5fae\u535a weibo.com","favorited":false,"is_paid":false,"mblog_vip_type":0,"user":{"id":1401527553,"screen_name":"tombkeeper","profile_image_url":"https:\/\/tva2.sinaimg.cn\/crop.0.0.180.180.180\/53899d01jw8fcb9qpe7vbj2050050mx8.jpg","profile_url":"https:\/\/m.weibo.cn\/u\/1401527553?uid=1401527553&luicode=10000011&lfid=1076031401527553","statuses_count":15425,"verified":true,"verified_type":0,"verified_type_ext":1,"verified_reason":"\u77e5\u540d\u4e92\u8054\u7f51\u8d44\u8baf\u535a\u4e3b","close_blue_v":false,"description":"\u5fae\u535a\u672c\u5730\u8d44\u8baf\u535a\u4e3b\uff08\u521a\u679c\u5e03\u62c9\u67f4\u7ef4\u5c14\uff09","gender":"m","mbtype":12,"urank":48,"mbrank":6,"follow_me":false,"following":false,"followers_count":192533,"follow_count":277,"cover_image_phone":"https:\/\/tva1.sinaimg.cn\/crop.0.0.640.640.640\/549d0121tw1egm1kjly3jj20hs0hsq4f.jpg","avatar_hd":"https:\/\/ww2.sinaimg.cn\/orj480\/53899d01jw8fcb9qpe7vbj2050050mx8.jpg","like":false,"like_me":false,"badge":{"bind_taobao":1,"dzwbqlx_2016":1,"follow_whitelist_video":1,"hongbao_2018":1}},"retweeted_status":{"created_at":"2012-10-23","id":"3504366088339052","idstr":"3504366088339052","mid":"3504366088339052","can_edit":false,"text":"<a data-url=\"http:\/\/t.cn\/zlnd0yw\" href=\"http:\/\/finance.sina.com.cn\/china\/hgjj\/20121023\/013313442088.shtml?luicode=10000011&lfid=1076031401527553&ep=z1PA4yZmQ%252C1495169251%252Cz1PA4yZmQ%252C1495169251\" data-hide=\"\"><span class=\"url-icon\"><img src=\"\/\/h5.sinaimg.cn\/upload\/2015\/09\/25\/3\/timeline_card_small_web_default.png\"><\/span><\/i><span class=\"surl-text\">\u7f51\u9875\u94fe\u63a5<\/a> \u5730\u65b9\u653f\u5e9c\u635e\u94b1\u6709\u65b9\uff0c\u6838\u5fc3\u8fd8\u662f\u6ca1\u6709\u76d1\u7763\u4f53\u7cfb\uff0c\u6743\u529b\u4e0d\u53d7\u5236\u7ea6\u5c31\u662f\u8fd9\u6837\u3002 \u200b\u200b\u200b","source":"\u5fae\u535a weibo.com","favorited":false,"is_paid":false,"mblog_vip_type":0,"user":{"id":1495169251,"screen_name":"caoz","profile_image_url":"https:\/\/tva1.sinaimg.cn\/crop.0.0.1080.1080.180\/591e78e3jw8eoqwmp8a49j20u00u0dhk.jpg","profile_url":"https:\/\/m.weibo.cn\/u\/1495169251?uid=1495169251&luicode=10000011&lfid=1076031401527553","statuses_count":4856,"verified":false,"verified_type":220,"close_blue_v":false,"description":"\u8d44\u6df1\u9171\u6cb9\u515a\uff0c\u64c5\u957f\u4ee5\u5404\u79cd\u59ff\u52bf\u8def\u8fc7\uff0c\u56f4\u89c2\uff0c\u505a\u4e0d\u660e\u771f\u76f8\u72b6\uff1b\u597d\u5371\u8a00\u8038\u542c\uff0c\u4fe1\u6211\u8005\u6c38\u8fdc\u5065\u5eb7\uff0c\u4e0d\u4fe1\u6211\u8005\u6bd4\u8f83\u5065\u5eb7\u3002","gender":"m","mbtype":0,"urank":29,"mbrank":0,"follow_me":false,"following":false,"followers_count":101715,"follow_count":268,"cover_image_phone":"https:\/\/tva1.sinaimg.cn\/crop.0.0.640.640.640\/549d0121tw1egm1kjly3jj20hs0hsq4f.jpg","avatar_hd":"https:\/\/ww1.sinaimg.cn\/orj480\/591e78e3jw8eoqwmp8a49j20u00u0dhk.jpg","like":false,"like_me":false,"badge":{"bind_taobao":1}},"reposts_count":4,"comments_count":2,"attitudes_count":0,"pending_approval_count":0,"isLongText":false,"visible":{"type":0,"list_id":0},"more_info_type":0,"content_auth":0,"edit_config":{"edited":false},"bid":"z1PA4yZmQ"},"reposts_count":2,"comments_count":4,"attitudes_count":0,"pending_approval_count":0,"isLongText":false,"visible":{"type":0,"list_id":0},"more_info_type":0,"content_auth":0,"edit_config":{"edited":false},"mblogtype":0,"obj_ext":"","raw_text":"\u201c\u8d22\u653f\u90e8\u548c\u591a\u4e2a\u5730\u65b9\u653f\u5e9c\u7f51\u7ad9\u663e\u793a\uff0c\u4e00\u4e9b\u5730\u65b9\u5c06\u975e\u7a0e\u6536\u5165\u5c24\u5176\u662f\u7f5a\u6ca1\u6536\u5165\u4f5c\u4e3a\u8d22\u653f\u2018\u589e\u6536\u6316\u6f5c\u2019\u7684\u91cd\u8981\u9014\u5f84\u3002\u201d","bid":"z1PEa6U9f"},"show_type":0},{"card_type":9,"itemid":"1076031401527553_-_3504367645090971","scheme":"https:\/\/m.weibo.cn\/status\/z1PCAlmor?mblogid=z1PCAlmor&luicode=10000011&lfid=1076031401527553","mblog":{"created_at":"2012-10-23","id":"3504367645090971","idstr":"3504367645090971","mid":"3504367645090971","can_edit":false,"text":"\u6211\u8bb0\u5f97\u91d1\u8d5b\u7684\u8c03\u67e5\u62a5\u544a\u91cc\u9762\u63d0\u8fc7\uff1a\u5728\u519c\u573a\u957f\u5927\u7684\u7537\u5b6927%\u6709\u8fc7\u517d\u4ea4\u884c\u4e3a\u3002\u5176\u5b83\u7075\u957f\u7c7b\u66f4\u4e71\uff0c\u6709\u4eba\u62cd\u4e0b\u8fc7\u9ed1\u7329\u7329\u7528\u86e4\u87c6blowjob\u7684\u89c6\u9891\u3002\/\/<a href='https:\/\/m.weibo.cn\/n\/oztiger'>@oztiger<\/a>: \u4e3a\u4ec0\u4e48\u8fd9\u4e48\u591a\u4eba\u90fd\u5bf9\u517d\u4ea4\u8fd9\u4e8b\u5982\u6b64\u5403\u60ca\uff0c\u88f8\u733f\u5411\u6765\u8282\u64cd\u5c31\u4e0d\u662f\u5f88\u9ad8\u597d\u4e0d\u597d\u3002\u4e0d\u7136\u4e3a\u5565\u5723\u7ecf\u91cc\u9b54\u738b\u8036\u548c\u534e\u8981\u4e13\u95e8\u63d0\u5230\u7981\u6b62\u6b64\u884c\u4e3a\u3002\/\/<a href='https:\/\/m.weibo.cn\/n\/\u62c7\u59ec'>@\u62c7\u59ec<\/a>: Pony\u3002\u3002\u3002","source":"\u5fae\u535a weibo.com","favorited":false,"is_paid":false,"mblog_vip_type":0,"user":{"id":1401527553,"screen_name":"tombkeeper","profile_image_url":"https:\/\/tva2.sinaimg.cn\/crop.0.0.180.180.180\/53899d01jw8fcb9qpe7vbj2050050mx8.jpg","profile_url":"https:\/\/m.weibo.cn\/u\/1401527553?uid=1401527553&luicode=10000011&lfid=1076031401527553","statuses_count":15425,"verified":true,"verified_type":0,"verified_type_ext":1,"verified_reason":"\u77e5\u540d\u4e92\u8054\u7f51\u8d44\u8baf\u535a\u4e3b","close_blue_v":false,"description":"\u5fae\u535a\u672c\u5730\u8d44\u8baf\u535a\u4e3b\uff08\u521a\u679c\u5e03\u62c9\u67f4\u7ef4\u5c14\uff09","gender":"m","mbtype":12,"urank":48,"mbrank":6,"follow_me":false,"following":false,"followers_count":192533,"follow_count":277,"cover_image_phone":"https:\/\/tva1.sinaimg.cn\/crop.0.0.640.640.640\/549d0121tw1egm1kjly3jj20hs0hsq4f.jpg","avatar_hd":"https:\/\/ww2.sinaimg.cn\/orj480\/53899d01jw8fcb9qpe7vbj2050050mx8.jpg","like":false,"like_me":false,"badge":{"bind_taobao":1,"dzwbqlx_2016":1,"follow_whitelist_video":1,"hongbao_2018":1}},"pid":3504360237890376,"retweeted_status":{"created_at":"2012-10-23","id":"3504290112473982","idstr":"3504290112473982","mid":"3504290112473982","can_edit":false,"text":"<a class='k' href='https:\/\/m.weibo.cn\/k\/%E5%86%B7%E7%8A%AF%E7%BD%AA?from=feed'>#\u51b7\u72af\u7f6a#<\/a>Pony\u662f\u5370\u5c3c\u5a46\u7f57\u6d32\u7684\u4e00\u53ea\u7ea2\u6bdb\u7329\u7329\uff0c\u5f53\u5730\u6751\u6c11\u5728\u5f00\u53d1\u96e8\u6797\u7684\u65f6\u5019\u628a\u5b83\u6293\u4e86\u56de\u6765\u3002\u5f53\u5730\u6751\u6c11\u4e3a\u5b83\u5243\u6bdb\uff0c\u7136\u540e\u5f3a\u8feb\u5b83\u2026\u2026\u5356\u6deb\u2026\u2026\u4e8e\u662f\uff0c\u53ea\u8981\u6709\u4eba\u9760\u8fd1Pony\uff0c\u5b83\u5c31\u4f1a\u8f6c\u8fc7\u8eab\u5b50\u6765\uff0c\u7528\u529b\u626d\u52a8\u3002\u56e0\u4e3a\u6536\u5165\u53ef\u89c2\uff0c\u6240\u4ee5\u5f53\u5730\u6751\u6c11\u62d2\u7edd\u4ea4\u51faPony\u3002\u6700\u7ec8\uff0c\u8b66\u65b9\u6d3e\u51fa35\u540d\u6301AK-47\u7684\u8b66\u5bdf\u624d\u6210\u529f\u8425\u6551Pony\u3002<a data-url=\"http:\/\/t.cn\/zlmL4z1\" target=\"_blank\" href=\"https:\/\/weibo.cn\/sinaurl\/blockeddd3fd428?luicode=10000011&lfid=1076031401527553&u=http%3A%2F%2Fwww.guokr.com%2Fpost%2F365787%2F&ep=z1NBxanAW%252C1859627431%252Cz1NBxanAW%252C1859627431\" class=\"\"><span class=\"url-icon\"><img src=\"\/\/h5.sinaimg.cn\/upload\/2015\/09\/25\/3\/timeline_card_small_web_default.png\"><\/span><\/i><span class=\"surl-text\">\u7f51\u9875\u94fe\u63a5<\/a> \u200b\u200b\u200b","source":"\u4e13\u4e1a\u7248\u5fae\u535a","favorited":false,"thumbnail_pic":"http:\/\/ww1.sinaimg.cn\/thumbnail\/6ed7a9a7jw1dy534ztsijj.jpg","bmiddle_pic":"http:\/\/ww1.sinaimg.cn\/bmiddle\/6ed7a9a7jw1dy534ztsijj.jpg","original_pic":"http:\/\/ww1.sinaimg.cn\/large\/6ed7a9a7jw1dy534ztsijj.jpg","is_paid":false,"mblog_vip_type":0,"user":{"id":1859627431,"screen_name":"\u8c0b\u6740\u73b0\u573a\u6cd5\u533b","profile_image_url":"https:\/\/tva4.sinaimg.cn\/crop.0.0.180.180.180\/6ed7a9a7jw1e8qgp5bmzyj2050050aa8.jpg","profile_url":"https:\/\/m.weibo.cn\/u\/1859627431?uid=1859627431&luicode=10000011&lfid=1076031401527553","statuses_count":3402,"verified":true,"verified_type":5,"verified_type_ext":0,"verified_reason":"\u679c\u58f3\u7f51\u8c0b\u6740\u73b0\u573a\u6cd5\u533b\u4e3b\u9898\u7ad9","close_blue_v":false,"description":"\u679c\u58f3\u7f51\u8c0b\u6740\u73b0\u573a\u6cd5\u533b\u4e3b\u9898\u7ad9\u5b98\u65b9\u5fae\u535a\u3002\u5c38\u4f53\u3001\u72af\u7f6a\u3001\u6cd5\u533b\u4ec0\u4e48\u7684\u6700\u559c\u6b22\u4e86\uff0c\u548c\u4e3b\u9898\u7ad9\u540c\u6b65\u66f4\u65b0\uff0c\u5076\u5c14\u4e5f\u53d1\u4e9b\u5947\u5947\u602a\u602a\u7684\u56fe~\uff08\u79c1\u4fe1\u5df2\u5f00\uff0c\u6b22\u8fce\u6295\u7a3f\uff09","gender":"m","mbtype":0,"urank":27,"mbrank":0,"follow_me":false,"following":false,"followers_count":250061,"follow_count":159,"cover_image_phone":"https:\/\/tva1.sinaimg.cn\/crop.0.0.640.640.640\/549d0121tw1egm1kjly3jj20hs0hsq4f.jpg","avatar_hd":"https:\/\/ww4.sinaimg.cn\/orj480\/6ed7a9a7jw1e8qgp5bmzyj2050050aa8.jpg","like":false,"like_me":false,"badge":{"anniversary":1,"olympic_2016":1,"user_name_certificate":1}},"reposts_count":8856,"comments_count":1760,"attitudes_count":104,"pending_approval_count":0,"isLongText":false,"visible":{"type":0,"list_id":0},"more_info_type":0,"content_auth":0,"edit_config":{"edited":false},"page_info":{"page_pic":{"url":"https:\/\/ww4.sinaimg.cn\/thumb180\/74f67c55jw9exx7oar0txj2050050mxl.jpg"},"page_url":"https:\/\/m.weibo.cn\/p\/index?containerid=1008088279f9e9176bf18ee85096254ecb96c7&extparam=%E5%86%B7%E7%8A%AF%E7%BD%AA&luicode=10000011&lfid=1076031401527553","page_title":"#\u51b7\u72af\u7f6a#","content1":"\u72af\u7f6a\u51b7\u69fd\u70b9\u5927\u5168\uff01","content2":"147\u4eba\u5173\u6ce8","type":"topic"},"bid":"z1NBxanAW","pics":[{"pid":"6ed7a9a7jw1dy534ztsijj","url":"https:\/\/ww1.sinaimg.cn\/orj360\/6ed7a9a7jw1dy534ztsijj.jpg","size":"orj360","geo":false,"large":{"size":"large","url":"https:\/\/ww1.sinaimg.cn\/large\/6ed7a9a7jw1dy534ztsijj.jpg","geo":false}}]},"reposts_count":16,"comments_count":12,"attitudes_count":0,"pending_approval_count":0,"isLongText":false,"visible":{"type":0,"list_id":0},"more_info_type":0,"content_auth":0,"edit_config":{"edited":false},"mblogtype":0,"obj_ext":"","raw_text":"\u6211\u8bb0\u5f97\u91d1\u8d5b\u7684\u8c03\u67e5\u62a5\u544a\u91cc\u9762\u63d0\u8fc7\uff1a\u5728\u519c\u573a\u957f\u5927\u7684\u7537\u5b6927%\u6709\u8fc7\u517d\u4ea4\u884c\u4e3a\u3002\u5176\u5b83\u7075\u957f\u7c7b\u66f4\u4e71\uff0c\u6709\u4eba\u62cd\u4e0b\u8fc7\u9ed1\u7329\u7329\u7528\u86e4\u87c6blowjob\u7684\u89c6\u9891\u3002\/\/@oztiger: \u4e3a\u4ec0\u4e48\u8fd9\u4e48\u591a\u4eba\u90fd\u5bf9\u517d\u4ea4\u8fd9\u4e8b\u5982\u6b64\u5403\u60ca\uff0c\u88f8\u733f\u5411\u6765\u8282\u64cd\u5c31\u4e0d\u662f\u5f88\u9ad8\u597d\u4e0d\u597d\u3002\u4e0d\u7136\u4e3a\u5565\u5723\u7ecf\u91cc\u9b54\u738b\u8036\u548c\u534e\u8981\u4e13\u95e8\u63d0\u5230\u7981\u6b62\u6b64\u884c\u4e3a\u3002\/\/@\u62c7\u59ec: Pony\u3002\u3002\u3002","bid":"z1PCAlmor"},"show_type":0}],"showAppTips":0,"scheme":"sinaweibo:\/\/cardlist?containerid=1076031401527553&extparam=&luicode=10000011&lfid=&featurecode="}}