{"ok":1,"data":{"cardlistInfo":{"containerid":"1076031401527553","v_p":42,"show_style":1,"total":15518,"page":50},"cards":[{"card_type":9,"itemid":"1076031401527553_-_3501853285739293","scheme":"https:\/\/m.weibo.cn\/status\/z0Mdao53f?mblogid=z0Mdao53f&luicode=10000011&lfid=1076031401527553","mblog":{"created_at":"2012-10-16","id":"3501853285739293","idstr":"3501853285739293","mid":"3501853285739293","can_edit":false,"text":"\u6709\u8bd7\u8d5e\u66f0\uff1a\u201c\u6843\u82b1\u5f71\u843d\u98de\u795e\u5251\uff0c\u78a7\u6d77\u6f6e\u5439\u6309\u7389\u7bab\u201d<span class=\"url-icon\"><img src=\"\/\/h5.sinaimg.cn\/m\/emoticon\/icon\/default\/d_xixi-ce63ce2629.png\" style=\"width:1em;height:1em;\" alt=\"[\u563b\u563b]\"><\/span> \/\/<a href='https:\/\/m.weibo.cn\/n\/\u7eaf\u94f6V'>@\u7eaf\u94f6V<\/a>: \u5947\u602a\uff0c\u8fd9\u6761\u6ca1\u4eba\u8bc4\u4e5f\u6ca1\u4eba\u8f6c\uff0c\u662f\u7f9e\u7f9e\u4e48\uff1f","source":"\u5fae\u535a weibo.com","favorited":false,"is_paid":false,"mblog_vip_type":0,"user":{"id":1401527553,"screen_name":"tombkeeper","profile_image_url":"https:\/\/tva2.sinaimg.cn\/crop.0.0.180.180.180\/53899d01jw8fcb9qpe7vbj2050050mx8.jpg","profile_url":"https:\/\/m.weibo.cn\/u\/1401527553?uid=1401527553&luicode=10000011&lfid=1076031401527553","statuses_count":15425,"verified":true,"verified_type":0,"verified_type_ext":1,"verified_reason":"\u77e5\u540d\u4e92\u8054\u7f51\u8d44\u8baf\u535a\u4e3b","close_blue_v":false,"description":"\u5fae\u535a\u672c\u5730\u8d44\u8baf\u535a\u4e3b\uff08\u521a\u679c\u5e03\u62c9\u67f4\u7ef4\u5c14\uff09","gender":"m","mbtype":12,"urank":48,"mbrank":6,"follow_me":false,"following":false,"followers_count":192533,"follow_count":277,"cover_image_phone":"https:\/\/tva1.sinaimg.cn\/crop.0.0.640.640.640\/549d0121tw1egm1kjly3jj20hs0hsq4f.jpg","avatar_hd":"https:\/\/ww2.sinaimg.cn\/orj480\/53899d01jw8fcb9qpe7vbj2050050mx8.jpg","like":false,"like_me":false,"badge":{"bind_taobao":1,"dzwbqlx_2016":1,"follow_whitelist_video":1,"hongbao_2018":1}},"pid":3501837376213478,"retweeted_status":{"created_at":"2012-10-16","id":"3501835514139054","idstr":"3501835514139054","mid":"3501835514139054","can_edit":false,"text":"<a class='k' href='https:\/\/m.weibo.cn\/k\/%E8%9D%89%E8%B6%A3%E9%97%BB?from=feed'>#\u8749\u8da3\u95fb#<\/a> \u5728\u65e5\u672c\u5173\u897f\uff0c\u767d\u6ee8\u6e29\u6cc9\u9644\u8fd1\u7684\u5c71\u5ca9\u4e0a\uff0c\u7acb\u8d77\u4e86\u8fd9\u4e48\u4e00\u5757\u5947\u602a\u7684\u724c\u5b50\uff0c\u5199\u7740\u201c\u654f\u611f\u8bcd\u5ca9\u77f3\u201d\uff0c\u8bdd\u8bf4\u65e5\u672c\u867d\u7136\u662fAV\u4e4b\u4e61\uff0c\u4f46\u89c2\u5149\u5730\u8fd9\u4e48\u8c6a\u653e\u771f\u7684\u5927\u4e08\u592b\u4e48\uff1f \u6765\u81ea\u8749\u6e38\u8bb0\u300a\u65e5\u672c\u5173\u897f\u300b<a data-url=\"http:\/\/t.cn\/zlHjt42\" target=\"_blank\" href=\"https:\/\/weibo.cn\/sinaurl\/blocked0133d6e8?luicode=10000011&lfid=1076031401527553&u=http%3A%2F%2Fchanyouji.com%2Ftrips%2F62%23nt%2F1914&ep=z0LKvhmKW%252C2697706190%252Cz0LKvhmKW%252C2697706190#nt\/1914\" class=\"\"><span class=\"url-icon\"><img src=\"\/\/h5.sinaimg.cn\/upload\/2015\/09\/25\/3\/timeline_card_small_web_default.png\"><\/span><\/i><span class=\"surl-text\">\u7f51\u9875\u94fe\u63a5<\/a> \u200b\u200b\u200b","source":"\u8749\u6e38\u8bb0","favorited":false,"thumbnail_pic":"http:\/\/ww4.sinaimg.cn\/thumbnail\/a0cbbacejw1dxx9d4nw94j.jpg","bmiddle_pic":"http:\/\/ww4.sinaimg.cn\/bmiddle\/a0cbbacejw1dxx9d4nw94j.jpg","original_pic":"http:\/\/ww4.sinaimg.cn\/large\/a0cbbacejw1dxx9d4nw94j.jpg","is_paid":false,"mblog_vip_type":0,"user":{"id":2697706190,"screen_name":"\u8749\u6e38\u8bb0","profile_image_url":"https:\/\/tva4.sinaimg.cn\/crop.7.4.105.105.180\/a0cbbacejw8epuouz6ntej203c03ct8p.jpg","profile_url":"https:\/\/m.weibo.cn\/u\/2697706190?uid=2697706190&luicode=10000011&lfid=1076031401527553","statuses_count":6736,"verified":true,"verified_type":2,"verified_type_ext":0,"verified_reason":"\u65c5\u6e38\u7f51\u7ad9\u8749\u6e38\u8bb0(chanyouji.com)\u5b98\u65b9\u5fae\u535a","close_blue_v":false,"description":"\u8749\u6e38\u8bb0\u65c5\u884cApp\u662f\u534e\u4e3d\u7684\u6e38\u8bb0\u5236\u4f5c\u5de5\u5177\u4e0e\u5b9e\u7528\u7684\u65c5\u884c\u6307\u5357\u5b8c\u7f8e\u7ed3\u5408\uff01\u4e0d\u4ec5\u80fd\u5e2e\u4f60\u5feb\u901f\u6574\u7406\u65c5\u884c\u7167\u7247\u548c\u89c6\u9891\uff0c\u751f\u6210\u534e\u4e3d\u6e38\u8bb0\uff0c\u66f4\u53ef\u80fd\u662f\u624b\u673a\u4e0a\u6700\u8d5e\u7684\u65c5\u884c\u6307\u5357\u3002","gender":"f","mbtype":0,"urank":29,"mbrank":0,"follow_me":false,"following":false,"followers_count":340001,"follow_count":433,"cover_image_phone":"https:\/\/tva1.sinaimg.cn\/crop.0.0.640.640.640\/549d0121tw1egm1kjly3jj20hs0hsq4f.jpg","avatar_hd":"https:\/\/ww4.sinaimg.cn\/orj480\/a0cbbacejw8epuouz6ntej203c03ct8p.jpg","like":false,"like_me":false,"badge":{"enterprise":1,"dzwbqlx_2016":1}},"reposts_count":11,"comments_count":2,"attitudes_count":2,"pending_approval_count":0,"isLongText":false,"visible":{"type":0,"list_id":0},"more_info_type":0,"content_auth":0,"edit_config":{"edited":false},"bid":"z0LKvhmKW","pics":[{"pid":"a0cbbacejw1dxx9d4nw94j","url":"https:\/\/ww4.sinaimg.cn\/orj360\/a0cbbacejw1dxx9d4nw94j.jpg","size":"orj360","geo":false,"large":{"size":"large","url":"https:\/\/ww4.sinaimg.cn\/large\/a0cbbacejw1dxx9d4nw94j.jpg","geo":false}}]},"reposts_count":1,"comments_count":2,"attitudes_count":0,"pending_approval_count":0,"isLongText":false,"visible":{"type":0,"list_id":0},"more_info_type":0,"content_auth":0,"edit_config":{"edited":false},"mblogtype":0,"obj_ext":"","raw_text":"\u6709\u8bd7\u8d5e\u66f0\uff1a\u201c\u6843\u82b1\u5f71\u843d\u98de\u795e\u5251\uff0c\u78a7\u6d77\u6f6e\u5439\u6309\u7389\u7bab\u201d[\u563b\u563b] \/\/@\u7eaf\u94f6V: \u5947\u602a\uff0c\u8fd9\u6761\u6ca1\u4eba\u8bc4\u4e5f\u6ca1\u4eba\u8f6c\uff0c\u662f\u7f9e\u7f9e\u4e48\uff1f","bid":"z0Mdao53f"},"show_type":0},{"card_type":9,"itemid":"1076031401527553_-_3501852056570656","scheme":"https:\/\/m.weibo.cn\/status\/z0Mbbrzkk?mblogid=z0Mbbrzkk&luicode=10000011&lfid=1076031401527553","mblog":{"created_at":"2012-10-16","id":"3501852056570656","idstr":"3501852056570656","mid":"3501852056570656","can_edit":false,"text":"\u674e\u767d\u6ca1\u5199\u8fc7\u7231\u60c5\u8bd7\uff1f\u90a3\u201c\u6843\u82b1\u6f6d\u6c34\u6df1\u5343\u5c3a\uff0c\u4e0d\u53ca\u6c6a\u4f26\u9001\u6211\u60c5\u201d\u7b97\u4ec0\u4e48\uff1f<span class=\"url-icon\"><img src=\"\/\/h5.sinaimg.cn\/m\/emoticon\/icon\/default\/d_xixi-ce63ce2629.png\" style=\"width:1em;height:1em;\" alt=\"[\u563b\u563b]\"><\/span>","source":"\u5fae\u535a weibo.com","favorited":false,"is_paid":false,"mblog_vip_type":0,"user":{"id":1401527553,"screen_name":"tombkeeper","profile_image_url":"https:\/\/tva2.sinaimg.cn\/crop.0.0.180.180.180\/53899d01jw8fcb9qpe7vbj2050050mx8.jpg","profile_url":"https:\/\/m.weibo.cn\/u\/1401527553?uid=1401527553&luicode=10000011&lfid=1076031401527553","statuses_count":15425,"verified":true,"verified_type":0,"verified_type_ext":1,"verified_reason":"\u77e5\u540d\u4e92\u8054\u7f51\u8d44\u8baf\u535a\u4e3b","close_blue_v":false,"description":"\u5fae\u535a\u672c\u5730\u8d44\u8baf\u535a\u4e3b\uff08\u521a\u679c\u5e03\u62c9\u67f4\u7ef4\u5c14\uff09","gender":"m","mbtype":12,"urank":48,"mbrank":6,"follow_me":false,"following":false,"followers_count":192533,"follow_count":277,"cover_image_phone":"https:\/\/tva1.sinaimg.cn\/crop.0.0.640.640.640\/549d0121tw1egm1kjly3jj20hs0hsq4f.jpg","avatar_hd":"https:\/\/ww2.sinaimg.cn\/orj480\/53899d01jw8fcb9qpe7vbj2050050mx8.jpg","like":false,"like_me":false,"badge":{"bind_taobao":1,"dzwbqlx_2016":1,"follow_whitelist_video":1,"hongbao_2018":1}},"pid":3501846230931203,"retweeted_status":{"created_at":"2012-10-16","id":"3501817155634894","idstr":"3501817155634894","mid":"3501817155634894","can_edit":false,"text":"\u674e\u767d\u675c\u752b\u5199\u4e86\u90a3\u4e48\u591a\u7684\u8bd7\uff0c\u5c45\u7136\u6ca1\u4e00\u9996\u662f\u5173\u4e8e\u7231\u60c5\u7684\u3002\u800c\u7231\u60c5\u662f\u897f\u65b9\u8bd7\u6b4c\u6d89\u53ca\u6700\u591a\u7684\u4e3b\u9898\u3002\u8fd9\u5b9e\u5728\u592a\u8be1\u5f02\u4e86\u3002<span class=\"url-icon\"><img src=\"\/\/h5.sinaimg.cn\/m\/emoticon\/icon\/others\/w_fuyun-eafe0ef555.png\" style=\"width:1em;height:1em;\" alt=\"[\u6d6e\u4e91]\"><\/span> \u200b\u200b\u200b","source":"\u5fae\u535a weibo.com","favorited":false,"is_paid":false,"mblog_vip_type":0,"user":{"id":1682868903,"screen_name":"\u76d6\u5f97\u6392\u884cApp\u674e\u94c1","profile_image_url":"https:\/\/tva4.sinaimg.cn\/crop.0.0.1242.1242.180\/644e8aa7jw8epvwavzi6kj20yi0yj0vg.jpg","profile_url":"https:\/\/m.weibo.cn\/u\/1682868903?uid=1682868903&luicode=10000011&lfid=1076031401527553","statuses_count":14138,"verified":true,"verified_type":0,"verified_type_ext":1,"verified_reason":"\u76d6\u5f97\u6392\u884cCEO \u5fae\u535a\u7b7e\u7ea6\u81ea\u5a92\u4f53","close_blue_v":false,"description":"\u76d6\u5f97\u6392\u884cCEO","gender":"m","mbtype":12,"urank":47,"mbrank":6,"follow_me":false,"following":false,"followers_count":747240,"follow_count":2282,"cover_image_phone":"https:\/\/tva1.sinaimg.cn\/crop.0.0.640.640.640\/6cf8d7ebjw1ehfr4xa8psj20hs0hsgpg.jpg","avatar_hd":"https:\/\/ww4.sinaimg.cn\/orj480\/644e8aa7jw8epvwavzi6kj20yi0yj0vg.jpg","like":false,"like_me":false,"badge":{"bind_taobao":1,"self_media":1,"dzwbqlx_2016":1,"follow_whitelist_video":1,"hongbao_2018":1}},"reposts_count":6033,"comments_count":2119,"attitudes_count":80,"pending_approval_count":0,"isLongText":false,"visible":{"type":0,"list_id":0},"more_info_type":0,"content_auth":0,"edit_config":{"edited":false},"bid":"z0LgTnDTo"},"reposts_count":11,"comments_count":8,"attitudes_count":0,"pending_approval_count":0,"isLongText":false,"visible":{"type":0,"list_id":0},"more_info_type":0,"content_auth":0,"edit_config":{"edited":false},"mblogtype":0,"obj_ext":"","raw_text":"\u674e\u767d\u6ca1\u5199\u8fc7\u7231\u60c5\u8bd7\uff1f\u90a3\u201c\u6843\u82b1\u6f6d\u6c34\u6df1\u5343\u5c3a\uff0c\u4e0d\u53ca\u6c6a\u4f26\u9001\u6211\u60c5\u201d\u7b97\u4ec0\u4e48\uff1f[\u563b\u563b]","bid":"z0Mbbrzkk"},"show_type":0},{"card_type":9,"itemid":"1076031401527553_-_3501805738284555","scheme":"https:\/\/m.weibo.cn\/status\/z0KYtyLbR?mblogid=z0KYtyLbR&luicode=10000011&lfid=1076031401527553","mblog":{"created_at":"2012-10-16","id":"3501805738284555","idstr":"3501805738284555","mid":"3501805738284555","can_edit":false,"text":"\u8fd8\u6709\u4e00\u6d3e\uff0c\u6211\u4e5f\u4e0d\u77e5\u9053\u8be5\u53eb\u4ec0\u4e48\u6d3e\uff0c\u60ef\u4e8e\u7528\u6781\u7aef\u60c5\u51b5\u4e0b\u7684\u4f8b\u5b50\u6765\u8bba\u8bc1\u81ea\u5df1\u5e73\u65f6\u7684\u65e0\u803b\u884c\u4e3a\u662f\u5b8c\u5168\u53ef\u4ee5\u7406\u89e3\u7684\uff0c\u4e0d\u65e0\u803b\u7684\u90fd\u662f\u50bb\u903c\u3002","source":"\u5fae\u535a weibo.com","favorited":false,"is_paid":false,"mblog_vip_type":0,"user":{"id":1401527553,"screen_name":"tombkeeper","profile_image_url":"https:\/\/tva2.sinaimg.cn\/crop.0.0.180.180.180\/53899d01jw8fcb9qpe7vbj2050050mx8.jpg","profile_url":"https:\/\/m.weibo.cn\/u\/1401527553?uid=1401527553&luicode=10000011&lfid=1076031401527553","statuses_count":15425,"verified":true,"verified_type":0,"verified_type_ext":1,"verified_reason":"\u77e5\u540d\u4e92\u8054\u7f51\u8d44\u8baf\u535a\u4e3b","close_blue_v":false,"description":"\u5fae\u535a\u672c\u5730\u8d44\u8baf\u535a\u4e3b\uff08\u521a\u679c\u5e03\u62c9\u67f4\u7ef4\u5c14\uff09","gender":"m","mbtype":12,"urank":48,"mbrank":6,"follow_me":false,"following":false,"followers_count":192533,"follow_count":277,"cover_image_phone":"https:\/\/tva1.sinaimg.cn\/crop.0.0.640.640.640\/549d0121tw1egm1kjly3jj20hs0hsq4f.jpg","avatar_hd":"https:\/\/ww2.sinaimg.cn\/orj480\/53899d01jw8fcb9qpe7vbj2050050mx8.jpg","like":false,"like_me":false,"badge":{"bind_taobao":1,"dzwbqlx_2016":1,"follow_whitelist_video":1,"hongbao_2018":1}},"retweeted_status":{"created_at":"2012-10-16","id":"3501804505949591","idstr":"3501804505949591","mid":"3501804505949591","can_edit":false,"text":"\u8bf4\u7edd\u5bf9\u4e0d\u5403\u4eba\u8089\u7684\u5927\u90fd\u662f\u611f\u6027\u6d3e\uff0c\u8868\u793a\u6562\u5403\u4eba\u8089\u7684\u5927\u90fd\u662f\u7406\u6027\u6d3e\uff0c\u5bf9\u9053\u5fb7\u7684\u7406\u89e3\u4e5f\u5b8c\u5168\u4e0d\u540c\u3002\u4e00\u4e2a\u662f\u60f3\u8c61\u81ea\u5df1\u9762\u5bf9\u4e00\u5b9a\u7684\u573a\u666f\u7136\u540e\u88ab\u60c5\u611f\u7684\u597d\u6076\u6240\u51b3\u5b9a\uff0c\u4e00\u4e2a\u662f\u8bbe\u60f3\u51fa\u4e00\u5957\u57fa\u672c\u9053\u5fb7\u89c4\u8303\u7136\u540e\u5e94\u7528\u4e8e\u5177\u4f53\u6848\u4f8b\u3002 \u200b\u200b\u200b","source":"\u5fae\u535a weibo.com","favorited":false,"is_paid":false,"mblog_vip_type":0,"user":{"id":1762645362,"screen_name":"\u5b9d\u6811","profile_image_url":"https:\/\/tva2.sinaimg.cn\/crop.0.0.180.180.180\/690fd572jw1e8qgp5bmzyj2050050aa8.jpg","profile_url":"https:\/\/m.weibo.cn\/u\/1762645362?uid=1762645362&luicode=10000011&lfid=1076031401527553","statuses_count":26825,"verified":true,"verified_type":0,"verified_type_ext":1,"verified_reason":"\u79d1\u5e7b\u4f5c\u5bb6\u5b9d\u6811\uff0c\u8457\u6709\u300a\u89c2\u60f3\u4e4b\u5b99\u300b\u300a\u53e4\u8001\u7684\u5730\u7403\u4e4b\u6b4c\u300b\u300a\u65f6\u95f4\u4e4b\u589f\u300b","close_blue_v":false,"description":"SKIASONARANHR\u3010\u5546\u4e1a\u5408\u4f5c\uff1a\u5f20\u5c0f\u59d0 021-62530237\u8f6c158 \u90ae\u7bb1\uff1aZUI@zuibook.com \u3011","gender":"m","mbtype":11,"urank":47,"mbrank":6,"follow_me":false,"following":false,"followers_count":319445,"follow_count":917,"cover_image_phone":"https:\/\/tva1.sinaimg.cn\/crop.0.0.640.640\/549d0121tw1egm1kjly3jj20hs0hsq4f.jpg","avatar_hd":"https:\/\/ww2.sinaimg.cn\/orj480\/690fd572jw1e8qgp5bmzyj2050050aa8.jpg","like":false,"like_me":false,"badge":{"bind_taobao":1,"olympic_2016":1,"dzwbqlx_2016":1,"follow_whitelist_video":1,"hongbao_2018":1}},"reposts_count":8,"comments_count":10,"attitudes_count":1,"pending_approval_count":0,"isLongText":false,"visible":{"type":0,"list_id":0},"more_info_type":0,"content_auth":0,"edit_config":{"edited":false},"bid":"z0KWuoXL9"},"reposts_count":5,"comments_count":1,"attitudes_count":0,"pending_approval_count":0,"isLongText":false,"visible":{"type":0,"list_id":0},"more_info_type":0,"content_auth":0,"edit_config":{"edited":false},"mblogtype":0,"obj_ext":"","raw_text":"\u8fd8\u6709\u4e00\u6d3e\uff0c\u6211\u4e5f\u4e0d\u77e5\u9053\u8be5\u53eb\u4ec0\u4e48\u6d3e\uff0c\u60ef\u4e8e\u7528\u6781\u7aef\u60c5\u51b5\u4e0b\u7684\u4f8b\u5b50\u6765\u8bba\u8bc1\u81ea\u5df1\u5e73\u65f6\u7684\u65e0\u803b\u884c\u4e3a\u662f\u5b8c\u5168\u53ef\u4ee5\u7406\u89e3\u7684\uff0c\u4e0d\u65e0\u803b\u7684\u90fd\u662f\u50bb\u903c\u3002","bid":"z0KYtyLbR"},"show_type":0},{"card_type":9,"itemid":"1076031401527553_-_3501800176841255","scheme":"https:\/\/m.weibo.cn\/status\/z0KPvsHIP?mblogid=z0KPvsHIP&luicode=10000011&lfid=1076031401527553","mblog":{"created_at":"2012-10-16","id":"3501800176841255","idstr":"3501800176841255","mid":"3501800176841255","can_edit":false,"text":"MS Office\u548cWindows\u6240\u5e26\u7684\u5b57\u4f53\u4e2d\uff0c\u54ea\u4e9b\u7b49\u5bbd\u897f\u6587\u5b57\u4f53\u6bd4\u8f83\u7f8e\u89c2\uff1f\u6700\u597d\u662f\u65e0\u886c\u7ebf\u7684\u3002 \u200b\u200b\u200b","source":"\u5fae\u535a weibo.com","favorited":false,"is_paid":false,"mblog_vip_type":0,"user":{"id":1401527553,"screen_name":"tombkeeper","profile_image_url":"https:\/\/tva2.sinaimg.cn\/crop.0.0.180.180.180\/53899d01jw8fcb9qpe7vbj2050050mx8.jpg","profile_url":"https:\/\/m.weibo.cn\/u\/1401527553?uid=1401527553&luicode=10000011&lfid=1076031401527553","statuses_count":15425,"verified":true,"verified_type":0,"verified_type_ext":1,"verified_reason":"\u77e5\u540d\u4e92\u8054\u7f51\u8d44\u8baf\u535a\u4e3b","close_blue_v":false,"description":"\u5fae\u535a\u672c\u5730\u8d44\u8baf\u535a\u4e3b\uff08\u521a\u679c\u5e03\u62c9\u67f4\u7ef4\u5c14\uff09","gender":"m","mbtype":12,"urank":48,"mbrank":6,"follow_me":false,"following":false,"followers_count":192533,"follow_count":277,"cover_image_phone":"https:\/\/tva1.sinaimg.cn\/crop.0.0.640.640.640\/549d0121tw1egm1kjly3jj20hs0hsq4f.jpg","avatar_hd":"https:\/\/ww2.sinaimg.cn\/orj480\/53899d01jw8fcb9qpe7vbj2050050mx8.jpg","like":false,"like_me":false,"badge":{"bind_taobao":1,"dzwbqlx_2016":1,"follow_whitelist_video":1,"hongbao_2018":1}},"reposts_count":2,"comments_count":8,"attitudes_count":0,"pending_approval_count":0,"isLongText":false,"visible":{"type":0,"list_id":0},"more_info_type":0,"content_auth":0,"edit_config":{"edited":false},"mblogtype":0,"bid":"z0KPvsHIP"},"show_type":0},{"card_type":9,"itemid":"1076031401527553_-_3501760032988253","scheme":"https:\/\/m.weibo.cn\/status\/z0JMLcxnD?mblogid=z0JMLcxnD&luicode=10000011&lfid=1076031401527553","mblog":{"created_at":"2012-10-16","id":"3501760032988253","idstr":"3501760032988253","mid":"3501760032988253","can_edit":false,"text":"\/\/<a href='https:\/\/m.weibo.cn\/n\/wguo3'>@wguo3<\/a>: \u6709\u8001\u677f\u8bf4\u4eca\u5e74\u6536\u5165\u51cf\u534a \/\/<a href='https:\/\/m.weibo.cn\/n\/blogkid'>@blogkid<\/a>:\/\/<a href='https:\/\/m.weibo.cn\/n\/\u5362\u4e5d\u8bc4'>@\u5362\u4e5d\u8bc4<\/a>: \u8f6c\u53d1\u5fae\u535a","source":"\u5fae\u535a weibo.com","favorited":false,"is_paid":false,"mblog_vip_type":0,"user":{"id":1401527553,"screen_name":"tombkeeper","profile_image_url":"https:\/\/tva2.sinaimg.cn\/crop.0.0.180.180.180\/53899d01jw8fcb9qpe7vbj2050050mx8.jpg","profile_url":"https:\/\/m.weibo.cn\/u\/1401527553?uid=1401527553&luicode=10000011&lfid=1076031401527553","statuses_count":15425,"verified":true,"verified_type":0,"verified_type_ext":1,"verified_reason":"\u77e5\u540d\u4e92\u8054\u7f51\u8d44\u8baf\u535a\u4e3b","close_blue_v":false,"description":"\u5fae\u535a\u672c\u5730\u8d44\u8baf\u535a\u4e3b\uff08\u521a\u679c\u5e03\u62c9\u67f4\u7ef4\u5c14\uff09","gender":"m","mbtype":12,"urank":48,"mbrank":6,"follow_me":false,"following":false,"followers_count":192533,"follow_count":277,"cover_image_phone":"https:\/\/tva1.sinaimg.cn\/crop.0.0.640.640.640\/549d0121tw1egm1kjly3jj20hs0hsq4f.jpg","avatar_hd":"https:\/\/ww2.sinaimg.cn\/orj480\/53899d01jw8fcb9qpe7vbj2050050mx8.jpg","like":false,"like_me":false,"badge":{"bind_taobao":1,"dzwbqlx_2016":1,"follow_whitelist_video":1,"hongbao_2018":1}},"pid":3501755512210803,"retweeted_status":{"created_at":"2012-10-15","id":"3501434664661180","idstr":"3501434664661180","mid":"3501434664661180","can_edit":false,"text":"\u5e7f\u4ea4\u4f1a\u73b0\u57f8\uff01\u63a5\u4e0b\u6765\u5de5\u5382\u548b\u529e\uff1f \u200b\u200b\u200b","source":"\u5fae\u683cPro","favorited":false,"thumbnail_pic":"http:\/\/ww4.sinaimg.cn\/thumbnail\/6cef8209jw1dxvzbs6u0pj.jpg","bmiddle_pic":"http:\/\/ww4.sinaimg.cn\/bmiddle\/6cef8209jw1dxvzbs6u0pj.jpg","original_pic":"http:\/\/ww4.sinaimg.cn\/large\/6cef8209jw1dxvzbs6u0pj.jpg","is_paid":false,"mblog_vip_type":0,"user":{"id":1827635721,"screen_name":"\u5c0f\u6c88\u626c","profile_image_url":"https:\/\/tva1.sinaimg.cn\/crop.0.0.1125.1125.180\/6cef8209jw8eop5fxqv5hj20v90v9gnr.jpg","profile_url":"https:\/\/m.weibo.cn\/u\/1827635721?uid=1827635721&luicode=10000011&lfid=1076031401527553","statuses_count":8546,"verified":true,"verified_type":0,"verified_type_ext":0,"verified_reason":"\u6d66\u6c5f\u51a0\u5c71\u9501\u5177\u6709\u9650\u516c\u53f8\u3001\u6d59\u6c5f\u7701\u6d66\u6c5f\u4fe1\u4f73\u5de5\u8d38\u6709\u9650\u516c\u53f8 \u6cd5\u4eba\u4ee3\u8868","close_blue_v":false,"description":"\u53ea\u505a\u4e00\u4e8b\uff0c\u4e13\u5e72\u4e00\u884c\uff01","gender":"m","mbtype":13,"urank":35,"mbrank":6,"follow_me":false,"following":false,"followers_count":20031,"follow_count":1729,"cover_image_phone":"https:\/\/tva1.sinaimg.cn\/crop.0.0.640.640.640\/a1d3feabjw1ecat4uqw77j20hs0hsacp.jpg","avatar_hd":"https:\/\/ww1.sinaimg.cn\/orj480\/6cef8209jw8eop5fxqv5hj20v90v9gnr.jpg","like":false,"like_me":false,"badge":{"bind_taobao":1,"unread_pool":1,"unread_pool_ext":1}},"reposts_count":3438,"comments_count":924,"attitudes_count":22,"pending_approval_count":0,"isLongText":false,"visible":{"type":0,"list_id":0},"more_info_type":0,"content_auth":0,"edit_config":{"edited":false},"bid":"z0BjYjyAk","pics":[{"pid":"6cef8209jw1dxvzbs6u0pj","url":"https:\/\/ww4.sinaimg.cn\/orj360\/6cef8209jw1dxvzbs6u0pj.jpg","size":"orj360","geo":false,"large":{"size":"large","url":"https:\/\/ww4.sinaimg.cn\/large\/6cef8209jw1dxvzbs6u0pj.jpg","geo":false}}]},"reposts_count":15,"comments_count":4,"attitudes_count":0,"pending_approval_count":0,"isLongText":false,"visible":{"type":0,"list_id":0},"more_info_type":0,"content_auth":0,"edit_config":{"edited":false},"mblogtype":0,"obj_ext":"","raw_text":"\/\/@wguo3: \u6709\u8001\u677f\u8bf4\u4eca\u5e74\u6536\u5165\u51cf\u534a \/\/@blogkid:\/\/@\u5362\u4e5d\u8bc4: \u8f6c\u53d1\u5fae\u535a","bid":"z0JMLcxnD"},"show_type":0},{"card_type":9,"itemid":"1076031401527553_-_3501731096479634","scheme":"https:\/\/m.weibo.cn\/status\/z0J25rbEe?mblogid=z0J25rbEe&luicode=10000011&lfid=1076031401527553","mblog":{"created_at":"2012-10-16","id":"3501731096479634","idstr":"3501731096479634","mid":"3501731096479634","can_edit":false,"text":"\u4e00\u76f4\u89c9\u5f97\u201c\u5355\u4ec1\u5e73\u201d\u8fd9\u9a6c\u7532\u5f88\u602a\u5f02\uff0c\u6839\u636e\u5199\u4f5c\u7ec4\u4eec\u7231\u8d77\u8c10\u97f3\u7b14\u540d\u7684\u4f20\u7edf\uff0c\u8fd9\u83ab\u975e\u662f\u4ece\u201c\u9a9f\u4eba\u8bc4\u201d\u6765\u7684\uff1f\u656c\u4e8b\u623f\u5199\u4f5c\u7ec4\uff1f","source":"\u5fae\u535a weibo.com","favorited":false,"is_paid":false,"mblog_vip_type":0,"user":{"id":1401527553,"screen_name":"tombkeeper","profile_image_url":"https:\/\/tva2.sinaimg.cn\/crop.0.0.180.180.180\/53899d01jw8fcb9qpe7vbj2050050mx8.jpg","profile_url":"https:\/\/m.weibo.cn\/u\/1401527553?uid=1401527553&luicode=10000011&lfid=1076031401527553","statuses_count":15425,"verified":true,"verified_type":0,"verified_type_ext":1,"verified_reason":"\u77e5\u540d\u4e92\u8054\u7f51\u8d44\u8baf\u535a\u4e3b","close_blue_v":false,"description":"\u5fae\u535a\u672c\u5730\u8d44\u8baf\u535a\u4e3b\uff08\u521a\u679c\u5e03\u62c9\u67f4\u7ef4\u5c14\uff09","gender":"m","mbtype":12,"urank":48,"mbrank":6,"follow_me":false,"following":false,"followers_count":192533,"follow_count":277,"cover_image_phone":"https:\/\/tva1.sinaimg.cn\/crop.0.0.640.640.640\/549d0121tw1egm1kjly3jj20hs0hsq4f.jpg","avatar_hd":"https:\/\/ww2.sinaimg.cn\/orj480\/53899d01jw8fcb9qpe7vbj2050050mx8.jpg","like":false,"like_me":false,"badge":{"bind_taobao":1,"dzwbqlx_2016":1,"follow_whitelist_video":1,"hongbao_2018":1}},"pid":3501728760764957,"retweeted_status":{"created_at":"2012-10-16","id":"3501717947833804","idstr":"3501717947833804","mid":"3501717947833804","can_edit":false,"text":"\u3010\u5355\u4ec1\u5e73\uff1a\u6d77\u5916\u5f02\u89c1\u8005\u9700\u6709\u8d70\u51fa\u4ec7\u6068\u7684\u7cbe\u795e\u529b\u91cf\u3011<a data-url=\"http:\/\/t.cn\/zlHURdP\" target=\"_blank\" href=\"https:\/\/weibo.cn\/sinaurl\/blocked5ea70965?luicode=10000011&lfid=1076031401527553&u=http%3A%2F%2Fopinion.huanqiu.com%2Fopinion_world%2F2012-10%2F3190220.html&ep=z0IGSwRVG%252C1974576991%252Cz0IGSwRVG%252C1974576991\" class=\"\"><span class=\"url-icon\"><img src=\"\/\/h5.sinaimg.cn\/upload\/2015\/09\/25\/3\/timeline_card_small_web_default.png\"><\/span><\/i><span class=\"surl-text\">\u7f51\u9875\u94fe\u63a5<\/a>\u5ed6\u7684\u6781\u7aef\u8bb2\u8bdd\u5df2\u7ecf\u8ba9\u4ed6\u8fd9\u4e2a\u4e0d\u77e5\u540d\u7684\u201c\u4f5c\u5bb6\u201d\u4e0d\u503c\u5f97\u6211\u4eec\u82b1\u8d39\u7b14\u58a8\u505a\u8be6\u7ec6\u4ecb\u7ecd\u3002\u6211\u4eec\u8be7\u5f02\u7684\u662f\uff0c\u5fb7\u56fd\u4e3a\u4f55\u62e3\u4e86\u8fd9\u4e48\u4e00\u4e2a\u504f\u6267\u53e4\u602a\u7684\u4eba\u53d1\u4ed6\u56fe\u4e66\u548c\u5e73\u5956\u3002\u90a3\u4e9b\u5728\u573a\u7684\u5fb7\u56fd\u4eba\u3001\u5305\u62ec\u603b\u7edf\u9ad8\u514b\uff0c\u96be\u9053\u4e0d\u4e3a\u83b7\u5956\u8005\u6b47\u65af\u5e95\u91cc\u7684\u8bb2\u8bdd\u611f\u5230\u8138\u7ea2\u5417\uff1f\u5168\u6587\u89c1\u957f\u5fae\u535a \u200b\u200b\u200b","source":"\u5fae\u535a weibo.com","favorited":false,"thumbnail_pic":"http:\/\/ww4.sinaimg.cn\/thumbnail\/75b1a75fgw1dxwvuza5i2j.jpg","bmiddle_pic":"http:\/\/ww4.sinaimg.cn\/bmiddle\/75b1a75fgw1dxwvuza5i2j.jpg","original_pic":"http:\/\/ww4.sinaimg.cn\/large\/75b1a75fgw1dxwvuza5i2j.jpg","is_paid":false,"mblog_vip_type":0,"user":{"id":1974576991,"screen_name":"\u73af\u7403\u65f6\u62a5","profile_image_url":"https:\/\/tvax4.sinaimg.cn\/crop.0.0.200.200.180\/75b1a75fly1fmfz7qvv75j205k05kt8p.jpg","profile_url":"https:\/\/m.weibo.cn\/u\/1974576991?uid=1974576991&luicode=10000011&lfid=1076031401527553","statuses_count":136442,"verified":true,"verified_type":3,"verified_type_ext":0,"verified_reason":"\u300a\u73af\u7403\u65f6\u62a5\u300b\u5fae\u535a","close_blue_v":false,"description":"\u62a5\u9053\u591a\u5143\u4e16\u754c    \u89e3\u8bfb\u590d\u6742\u4e2d\u56fd","gender":"m","mbtype":11,"urank":46,"mbrank":6,"follow_me":false,"following":false,"followers_count":9194591,"follow_count":639,"cover_image_phone":"https:\/\/tva1.sinaimg.cn\/crop.0.0.640.640.640\/a1d3feabjw1ecat4uqw77j20hs0hsacp.jpg","avatar_hd":"https:\/\/wx4.sinaimg.cn\/orj480\/75b1a75fly1fmfz7qvv75j205k05kt8p.jpg","like":false,"like_me":false,"badge":{"enterprise":1,"gongyi":1,"dailv":1,"self_media":1,"olympic_2016":1,"dzwbqlx_2016":1,"follow_whitelist_video":1}},"reposts_count":673,"comments_count":344,"attitudes_count":0,"pending_approval_count":0,"isLongText":false,"visible":{"type":0,"list_id":0},"more_info_type":0,"content_auth":0,"edit_config":{"edited":false},"bid":"z0IGSwRVG","pics":[{"pid":"75b1a75fgw1dxwvuza5i2j","url":"https:\/\/ww4.sinaimg.cn\/orj360\/75b1a75fgw1dxwvuza5i2j.jpg","size":"orj360","geo":false,"large":{"size":"large","url":"https:\/\/ww4.sinaimg.cn\/large\/75b1a75fgw1dxwvuza5i2j.jpg","geo":false}}]},"reposts_count":6,"comments_count":6,"attitudes_count":0,"pending_approval_count":0,"isLongText":false,"visible":{"type":0,"list_id":0},"more_info_type":0,"content_auth":0,"edit_config":{"edited":false},"mblogtype":0,"obj_ext":"","raw_text":"\u4e00\u76f4\u89c9\u5f97\u201c\u5355\u4ec1\u5e73\u201d\u8fd9\u9a6c\u7532\u5f88\u602a\u5f02\uff0c\u6839\u636e\u5199\u4f5c\u7ec4\u4eec\u7231\u8d77\u8c10\u97f3\u7b14\u540d\u7684\u4f20\u7edf\uff0c\u8fd9\u83ab\u975e\u662f\u4ece\u201c\u9a9f\u4eba\u8bc4\u201d\u6765\u7684\uff1f\u656c\u4e8b\u623f\u5199\u4f5c\u7ec4\uff1f","bid":"z0J25rbEe"},"show_type":0},{"card_type":9,"itemid":"1076031401527553_-_3501727586086966","scheme":"https:\/\/m.weibo.cn\/status\/z0IWqpxuS?mblogid=z0IWqpxuS&luicode=10000011&lfid=1076031401527553","mblog":{"created_at":"2012-10-16","id":"3501727586086966","idstr":"3501727586086966","mid":"3501727586086966","can_edit":false,"text":"\u518d\u767e\u5ea6\u4e00\u4e0b\u201c\u5355\u4ec1\u5e73\u201d\u8fd9\u4e2a\u5199\u4f5c\u7ec4\u7684\u9a6c\u7532\uff0c\u8fd9\u6837\u5c31\u5168\u9762\u4e86\u3002 \/\/<a href='https:\/\/m.weibo.cn\/n\/\u94b1\u8389\u82b3'>@\u94b1\u8389\u82b3<\/a>: \u968f\u624b\u767e\u5ea6\u4e00\u4e0b\u4eba\u540d\uff0c\u7b2c\u4e00\u6761\u662f\u7ef4\u57fa\u767e\u79d1\uff0c\u770b\u5b8c\u57fa\u672c\u7406\u89e3\u4e86\u4ec0\u4e48\u53eb\u201c\u6ca1\u6709\u65e0\u7f18\u65e0\u6545\u7684\u6068\u201d\u2026\u2026\u8fd9\u7bc7\u4f5c\u6587\u5f88\u597d\uff0c\u5c31\u6015\u6279\u6539\u7684\u8bdd\u53d1\u51fa\u51e0\u5206\u949f\u5c31\u5931\u8e2a\u4e86\u3002\u800c\u4e14\u8fd9\u79cd\u6587\u7279\u62db\u4e94\u6bdb\uff0c\u5acc\u70e6\u3002\u5404\u4f4d\u770b\u5462\uff1f","source":"\u5fae\u535a weibo.com","favorited":false,"is_paid":false,"mblog_vip_type":0,"user":{"id":1401527553,"screen_name":"tombkeeper","profile_image_url":"https:\/\/tva2.sinaimg.cn\/crop.0.0.180.180.180\/53899d01jw8fcb9qpe7vbj2050050mx8.jpg","profile_url":"https:\/\/m.weibo.cn\/u\/1401527553?uid=1401527553&luicode=10000011&lfid=1076031401527553","statuses_count":15425,"verified":true,"verified_type":0,"verified_type_ext":1,"verified_reason":"\u77e5\u540d\u4e92\u8054\u7f51\u8d44\u8baf\u535a\u4e3b","close_blue_v":false,"description":"\u5fae\u535a\u672c\u5730\u8d44\u8baf\u535a\u4e3b\uff08\u521a\u679c\u5e03\u62c9\u67f4\u7ef4\u5c14\uff09","gender":"m","mbtype":12,"urank":48,"mbrank":6,"follow_me":false,"following":false,"followers_count":192533,"follow_count":277,"cover_image_phone":"https:\/\/tva1.sinaimg.cn\/crop.0.0.640.640.640\/549d0121tw1egm1kjly3jj20hs0hsq4f.jpg","avatar_hd":"https:\/\/ww2.sinaimg.cn\/orj480\/53899d01jw8fcb9qpe7vbj2050050mx8.jpg","like":false,"like_me":false,"badge":{"bind_taobao":1,"dzwbqlx_2016":1,"follow_whitelist_video":1,"hongbao_2018":1}},"pid":3501723916505844,"retweeted_status":{"created_at":"2012-10-16","id":"3501717947833804","idstr":"3501717947833804","mid":"3501717947833804","can_edit":false,"text":"\u3010\u5355\u4ec1\u5e73\uff1a\u6d77\u5916\u5f02\u89c1\u8005\u9700\u6709\u8d70\u51fa\u4ec7\u6068\u7684\u7cbe\u795e\u529b\u91cf\u3011<a data-url=\"http:\/\/t.cn\/zlHURdP\" target=\"_blank\" href=\"https:\/\/weibo.cn\/sinaurl\/blocked5ea70965?luicode=10000011&lfid=1076031401527553&u=http%3A%2F%2Fopinion.huanqiu.com%2Fopinion_world%2F2012-10%2F3190220.html&ep=z0IGSwRVG%252C1974576991%252Cz0IGSwRVG%252C1974576991\" class=\"\"><span class=\"url-icon\"><img src=\"\/\/h5.sinaimg.cn\/upload\/2015\/09\/25\/3\/timeline_card_small_web_default.png\"><\/span><\/i><span class=\"surl-text\">\u7f51\u9875\u94fe\u63a5<\/a>\u5ed6\u7684\u6781\u7aef\u8bb2\u8bdd\u5df2\u7ecf\u8ba9\u4ed6\u8fd9\u4e2a\u4e0d\u77e5\u540d\u7684\u201c\u4f5c\u5bb6\u201d\u4e0d\u503c\u5f97\u6211\u4eec\u82b1\u8d39\u7b14\u58a8\u505a\u8be6\u7ec6\u4ecb\u7ecd\u3002\u6211\u4eec\u8be7\u5f02\u7684\u662f\uff0c\u5fb7\u56fd\u4e3a\u4f55\u62e3\u4e86\u8fd9\u4e48\u4e00\u4e2a\u504f\u6267\u53e4\u602a\u7684\u4eba\u53d1\u4ed6\u56fe\u4e66\u548c\u5e73\u5956\u3002\u90a3\u4e9b\u5728\u573a\u7684\u5fb7\u56fd\u4eba\u3001\u5305\u62ec\u603b\u7edf\u9ad8\u514b\uff0c\u96be\u9053\u4e0d\u4e3a\u83b7\u5956\u8005\u6b47\u65af\u5e95\u91cc\u7684\u8bb2\u8bdd\u611f\u5230\u8138\u7ea2\u5417\uff1f\u5168\u6587\u89c1\u957f\u5fae\u535a \u200b\u200b\u200b","source":"\u5fae\u535a weibo.com","favorited":false,"thumbnail_pic":"http:\/\/ww4.sinaimg.cn\/thumbnail\/75b1a75fgw1dxwvuza5i2j.jpg","bmiddle_pic":"http:\/\/ww4.sinaimg.cn\/bmiddle\/75b1a75fgw1dxwvuza5i2j.jpg","original_pic":"http:\/\/ww4.sinaimg.cn\/large\/75b1a75fgw1dxwvuza5i2j.jpg","is_paid":false,"mblog_vip_type":0,"user":{"id":1974576991,"screen_name":"\u73af\u7403\u65f6\u62a5","profile_image_url":"https:\/\/tvax4.sinaimg.cn\/crop.0.0.200.200.180\/75b1a75fly1fmfz7qvv75j205k05kt8p.jpg","profile_url":"https:\/\/m.weibo.cn\/u\/1974576991?uid=1974576991&luicode=10000011&lfid=1076031401527553","statuses_count":136442,"verified":true,"verified_type":3,"verified_type_ext":0,"verified_reason":"\u300a\u73af\u7403\u65f6\u62a5\u300b\u5fae\u535a","close_blue_v":false,"description":"\u62a5\u9053\u591a\u5143\u4e16\u754c    \u89e3\u8bfb\u590d\u6742\u4e2d\u56fd","gender":"m","mbtype":11,"urank":46,"mbrank":6,"follow_me":false,"following":false,"followers_count":9194591,"follow_count":639,"cover_image_phone":"https:\/\/tva1.sinaimg.cn\/crop.0.0.640.640.640\/a1d3feabjw1ecat4uqw77j20hs0hsacp.jpg","avatar_hd":"https:\/\/wx4.sinaimg.cn\/orj480\/75b1a75fly1fmfz7qvv75j205k05kt8p.jpg","like":false,"like_me":false,"badge":{"enterprise":1,"gongyi":1,"dailv":1,"self_media":1,"olympic_2016":1,"dzwbqlx_2016":1,"follow_whitelist_video":1}},"reposts_count":673,"comments_count":344,"attitudes_count":0,"pending_approval_count":0,"isLongText":false,"visible":{"type":0,"list_id":0},"more_info_type":0,"content_auth":0,"edit_config":{"edited":false},"bid":"z0IGSwRVG","pics":[{"pid":"75b1a75fgw1dxwvuza5i2j","url":"https:\/\/ww4.sinaimg.cn\/orj360\/75b1a75fgw1dxwvuza5i2j.jpg","size":"orj360","geo":false,"large":{"size":"large","url":"https:\/\/ww4.sinaimg.cn\/large\/75b1a75fgw1dxwvuza5i2j.jpg","geo":false}}]},"reposts_count":4,"comments_count":3,"attitudes_count":0,"pending_approval_count":0,"isLongText":false,"visible":{"type":0,"list_id":0},"more_info_type":0,"content_auth":0,"edit_config":{"edited":false},"mblogtype":0,"obj_ext":"","raw_text":"\u518d\u767e\u5ea6\u4e00\u4e0b\u201c\u5355\u4ec1\u5e73\u201d\u8fd9\u4e2a\u5199\u4f5c\u7ec4\u7684\u9a6c\u7532\uff0c\u8fd9\u6837\u5c31\u5168\u9762\u4e86\u3002 \/\/@\u94b1\u8389\u82b3: \u968f\u624b\u767e\u5ea6\u4e00\u4e0b\u4eba\u540d\uff0c\u7b2c\u4e00\u6761\u662f\u7ef4\u57fa\u767e\u79d1\uff0c\u770b\u5b8c\u57fa\u672c\u7406\u89e3\u4e86\u4ec0\u4e48\u53eb\u201c\u6ca1\u6709\u65e0\u7f18\u65e0\u6545\u7684\u6068\u201d\u2026\u2026\u8fd9\u7bc7\u4f5c\u6587\u5f88\u597d\uff0c\u5c31\u6015\u6279\u6539\u7684\u8bdd\u53d1\u51fa\u51e0\u5206\u949f\u5c31\u5931\u8e2a\u4e86\u3002\u800c\u4e14\u8fd9\u79cd\u6587\u7279\u62db\u4e94\u6bdb\uff0c\u5acc\u70e6\u3002\u5404\u4f4d\u770b\u5462\uff1f","bid":"z0IWqpxuS"},"show_type":0},{"card_type":9,"itemid":"1076031401527553_-_3501724394027041","scheme":"https:\/\/m.weibo.cn\/status\/z0IRhgTCh?mblogid=z0IRhgTCh&luicode=10000011&lfid=1076031401527553","mblog":{"created_at":"2012-10-16","id":"3501724394027041","idstr":"3501724394027041","mid":"3501724394027041","can_edit":false,"text":"\u201c\u79d1\u666e\uff0c\u6211\u4e5f\u884c\u3002\u8d5b\u8f66\u3001\u6ce1\u599e\u8fd9\u4e24\u6837\uff0c\u4f60\u6765\u4e00\u4e2a\u8bd5\u8bd5\uff1f\u201d \/\/<a href='https:\/\/m.weibo.cn\/n\/\u5965\u5361\u59c6\u5243\u5200'>@\u5965\u5361\u59c6\u5243\u5200<\/a>: <span class=\"url-icon\"><img src=\"\/\/h5.sinaimg.cn\/m\/emoticon\/icon\/default\/d_chijing-f4f9e95da7.png\" style=\"width:1em;height:1em;\" alt=\"[\u5403\u60ca]\"><\/span> \u8fd9\u662f\u8981\u95f9\u54ea\u6837\uff1f\u8c01\u6765\u89e3\u8bfb\u4e0b\uff1f","source":"\u5fae\u535a weibo.com","favorited":false,"is_paid":false,"mblog_vip_type":0,"user":{"id":1401527553,"screen_name":"tombkeeper","profile_image_url":"https:\/\/tva2.sinaimg.cn\/crop.0.0.180.180.180\/53899d01jw8fcb9qpe7vbj2050050mx8.jpg","profile_url":"https:\/\/m.weibo.cn\/u\/1401527553?uid=1401527553&luicode=10000011&lfid=1076031401527553","statuses_count":15425,"verified":true,"verified_type":0,"verified_type_ext":1,"verified_reason":"\u77e5\u540d\u4e92\u8054\u7f51\u8d44\u8baf\u535a\u4e3b","close_blue_v":false,"description":"\u5fae\u535a\u672c\u5730\u8d44\u8baf\u535a\u4e3b\uff08\u521a\u679c\u5e03\u62c9\u67f4\u7ef4\u5c14\uff09","gender":"m","mbtype":12,"urank":48,"mbrank":6,"follow_me":false,"following":false,"followers_count":192533,"follow_count":277,"cover_image_phone":"https:\/\/tva1.sinaimg.cn\/crop.0.0.640.640.640\/549d0121tw1egm1kjly3jj20hs0hsq4f.jpg","avatar_hd":"https:\/\/ww2.sinaimg.cn\/orj480\/53899d01jw8fcb9qpe7vbj2050050mx8.jpg","like":false,"like_me":false,"badge":{"bind_taobao":1,"dzwbqlx_2016":1,"follow_whitelist_video":1,"hongbao_2018":1}},"pid":3501722980660885,"retweeted_status":{"created_at":"2012-10-16","id":"3501716055849403","idstr":"3501716055849403","mid":"3501716055849403","can_edit":false,"text":"\u3010\u97e9\u5bd2\u4e0b\u6708\u63a8\u51fa\u5de8\u578b\u79d1\u666e\u4e66 \u3011\u97e9\u5bd2\u597d\u53cb\u8def\u91d1\u6ce2\u900f\u9732\uff0c\u7531\u97e9\u5bd2\u53c2\u4e0e\u7b56\u5212\u3001\u4e3b\u7f16\u548c\u64b0\u7a3f\u7684\u79d1\u666e\u4e66\uff0c\u6709\u671b\u572811\u6708\u521d\u63a8\u51fa\u3002\u8fd9\u662f\u4e00\u4e2a\u65e0\u8bba\u5916\u5f62\u8fd8\u662f\u89c4\u6a21\u90fd\u5f88\u5de8\u5927\u3001\u4ef7\u683c\u4e5f\u5f88\u6602\u8d35\u7684\u7cfb\u5217\u4e1b\u4e66\u3002\u56fe\u4e66\u7684\u4e3b\u9898\u662f\u201c\u5730\u7403\u4ece\u54ea\u91cc\u6765\u201d\uff0c\u9002\u7528\u4e8e\u6240\u6709\u5e74\u9f84\u6bb5\uff0c\u4f4614\u5c81\u5de6\u53f3\u7684\u7537\u5b69\u53ef\u80fd\u6700\u4e3a\u9752\u7750\u3002\u5143\u82b3\uff0c\u4f60\u600e\u4e48\u770b\uff1f<a data-url=\"http:\/\/t.cn\/zlHqQsB\" href=\"http:\/\/news.sina.com.cn\/m\/2012-10-16\/094425367671.shtml?luicode=10000011&lfid=1076031401527553&ep=z0IDPoxHd%252C1778758223%252Cz0IDPoxHd%252C1778758223\" data-hide=\"\"><span class=\"url-icon\"><img src=\"\/\/h5.sinaimg.cn\/upload\/2015\/09\/25\/3\/timeline_card_small_web_default.png\"><\/span><\/i><span class=\"surl-text\">\u7f51\u9875\u94fe\u63a5<\/a> \u200b\u200b\u200b","source":"\u5fae\u535a weibo.com","favorited":false,"thumbnail_pic":"http:\/\/ww3.sinaimg.cn\/thumbnail\/6a05b24fjw1dxwvmzh184j.jpg","bmiddle_pic":"http:\/\/ww3.sinaimg.cn\/bmiddle\/6a05b24fjw1dxwvmzh184j.jpg","original_pic":"http:\/\/ww3.sinaimg.cn\/large\/6a05b24fjw1dxwvmzh184j.jpg","is_paid":false,"mblog_vip_type":0,"user":{"id":1778758223,"screen_name":"\u65b0\u6d6a\u770b\u70b9","profile_image_url":"https:\/\/tva2.sinaimg.cn\/crop.804.497.490.490.180\/6a05b24fjw1f7br3o6m4qj21kw147n0b.jpg","profile_url":"https:\/\/m.weibo.cn\/u\/1778758223?uid=1778758223&luicode=10000011&lfid=1076031401527553","statuses_count":12761,"verified":true,"verified_type":3,"verified_type_ext":0,"verified_reason":"\u65b0\u6d6a\u770b\u70b9\u5e73\u53f0\u5b98\u65b9\u5fae\u535a","close_blue_v":false,"description":"\u65b0\u6d6a\u770b\u70b9\u662f\u65b0\u6d6a\u63a8\u51fa\u7684\u667a\u80fd\u5316\u5185\u5bb9\u521b\u4f5c\u548c\u7ba1\u7406\u5e73\u53f0\uff0c\u65e8\u5728\u670d\u52a1\u5a92\u4f53\u3001\u81ea\u5a92\u4f53\u3001\u653f\u5e9c\u3001\u4f01\u4e1a\u7b49\u673a\u6784\uff0c\u643a\u624b\u6253\u9020\u4f18\u8d28\u5185\u5bb9\u751f\u6001\u3002\u770b\u70b9\u5185\u5bb9\u5c06\u5728\u65b0\u6d6a\u7cfb\u6240\u6709\u5e73\u53f0\u63a8\u8350\uff0c\u63d0\u4f9b\u6d77\u91cf\u66dd\u5149\uff0c\u52a9\u529b\u8fc5\u901f\u6da8\u7c89\u3002","gender":"f","mbtype":12,"urank":40,"mbrank":4,"follow_me":false,"following":false,"followers_count":2922576,"follow_count":1571,"cover_image_phone":"https:\/\/tva1.sinaimg.cn\/crop.0.0.640.640.640\/549d0121tw1egm1kjly3jj20hs0hsq4f.jpg","avatar_hd":"https:\/\/ww2.sinaimg.cn\/orj480\/6a05b24fjw1f7br3o6m4qj21kw147n0b.jpg","like":false,"like_me":false,"badge":{"enterprise":1,"olympic_2016":1,"dzwbqlx_2016":1,"follow_whitelist_video":1,"video_attention":1,"hongbao_2018":1}},"reposts_count":2685,"comments_count":1629,"attitudes_count":6,"pending_approval_count":0,"isLongText":false,"visible":{"type":0,"list_id":0},"more_info_type":0,"content_auth":0,"edit_config":{"edited":false},"bid":"z0IDPoxHd","pics":[{"pid":"6a05b24fjw1dxwvmzh184j","url":"https:\/\/ww3.sinaimg.cn\/orj360\/6a05b24fjw1dxwvmzh184j.jpg","size":"orj360","geo":false,"large":{"size":"large","url":"https:\/\/ww3.sinaimg.cn\/large\/6a05b24fjw1dxwvmzh184j.jpg","geo":false}}]},"reposts_count":14,"comments_count":11,"attitudes_count":0,"pending_approval_count":0,"isLongText":false,"visible":{"type":0,"list_id":0},"more_info_type":0,"content_auth":0,"edit_config":{"edited":false},"mblogtype":0,"obj_ext":"","raw_text":"\u201c\u79d1\u666e\uff0c\u6211\u4e5f\u884c\u3002\u8d5b\u8f66\u3001\u6ce1\u599e\u8fd9\u4e24\u6837\uff0c\u4f60\u6765\u4e00\u4e2a\u8bd5\u8bd5\uff1f\u201d \/\/@\u5965\u5361\u59c6\u5243\u5200: [\u5403\u60ca] \u8fd9\u662f\u8981\u95f9\u54ea\u6837\uff1f\u8c01\u6765\u89e3\u8bfb\u4e0b\uff1f","bid":"z0IRhgTCh"},"show_type":0},{"card_type":9,"itemid":"1076031401527553_-_3501723597271830","scheme":"https:\/\/m.weibo.cn\/status\/z0IPZuvJA?mblogid=z0IPZuvJA&luicode=10000011&lfid=1076031401527553","mblog":{"created_at":"2012-10-16","id":"3501723597271830","idstr":"3501723597271830","mid":"3501723597271830","can_edit":false,"text":"\u65b0\u95fb\u4e0a\u8bf4\uff0c\u53c8\u5728\u63a2\u8ba8\u5355\u53cc\u53f7\u7684\u53ef\u884c\u6027\u4e86\u2026\u2026 \u200b\u200b\u200b","source":"\u5fae\u535a weibo.com","favorited":false,"is_paid":false,"mblog_vip_type":0,"user":{"id":1401527553,"screen_name":"tombkeeper","profile_image_url":"https:\/\/tva2.sinaimg.cn\/crop.0.0.180.180.180\/53899d01jw8fcb9qpe7vbj2050050mx8.jpg","profile_url":"https:\/\/m.weibo.cn\/u\/1401527553?uid=1401527553&luicode=10000011&lfid=1076031401527553","statuses_count":15425,"verified":true,"verified_type":0,"verified_type_ext":1,"verified_reason":"\u77e5\u540d\u4e92\u8054\u7f51\u8d44\u8baf\u535a\u4e3b","close_blue_v":false,"description":"\u5fae\u535a\u672c\u5730\u8d44\u8baf\u535a\u4e3b\uff08\u521a\u679c\u5e03\u62c9\u67f4\u7ef4\u5c14\uff09","gender":"m","mbtype":12,"urank":48,"mbrank":6,"follow_me":false,"following":false,"followers_count":192533,"follow_count":277,"cover_image_phone":"https:\/\/tva1.sinaimg.cn\/crop.0.0.640.640.640\/549d0121tw1egm1kjly3jj20hs0hsq4f.jpg","avatar_hd":"https:\/\/ww2.sinaimg.cn\/orj480\/53899d01jw8fcb9qpe7vbj2050050mx8.jpg","like":false,"like_me":false,"badge":{"bind_taobao":1,"dzwbqlx_2016":1,"follow_whitelist_video":1,"hongbao_2018":1}},"reposts_count":5,"comments_count":4,"attitudes_count":0,"pending_approval_count":0,"isLongText":false,"visible":{"type":0,"list_id":0},"more_info_type":0,"content_auth":0,"edit_config":{"edited":false},"mblogtype":0,"bid":"z0IPZuvJA"},"show_type":0},{"card_type":9,"itemid":"1076031401527553_-_3501720934288928","scheme":"https:\/\/m.weibo.cn\/status\/z0ILHhZKg?mblogid=z0ILHhZKg&luicode=10000011&lfid=1076031401527553","mblog":{"created_at":"2012-10-16","id":"3501720934288928","idstr":"3501720934288928","mid":"3501720934288928","can_edit":false,"text":"\u53ef\u4ee5\u5411www.darwinawards.com\u63d0\u4ea4\u4e00\u4e0b\uff0c\u6211\u89c9\u5f97\u83b7\u5956\u5e0c\u671b\u5f88\u5927\u3002 \/\/<a href='https:\/\/m.weibo.cn\/n\/tinyfool'>@tinyfool<\/a>: \u611a\u8822\u867d\u7136\u611a\u8822\uff0c\u4f46\u662f\u611a\u8822\u5230\u4e86\u6bc1\u706d\u81ea\u5df1\uff0c\u4e0d\u5f97\u4e0d\u8bf4\u662f\u4e00\u79cd\u4f1f\u5927\uff0c\u8bf7\u6240\u6709\u6bdb\u5de6\u4f1f\u5927\u8d77\u6765","source":"\u5fae\u535a weibo.com","favorited":false,"is_paid":false,"mblog_vip_type":0,"user":{"id":1401527553,"screen_name":"tombkeeper","profile_image_url":"https:\/\/tva2.sinaimg.cn\/crop.0.0.180.180.180\/53899d01jw8fcb9qpe7vbj2050050mx8.jpg","profile_url":"https:\/\/m.weibo.cn\/u\/1401527553?uid=1401527553&luicode=10000011&lfid=1076031401527553","statuses_count":15425,"verified":true,"verified_type":0,"verified_type_ext":1,"verified_reason":"\u77e5\u540d\u4e92\u8054\u7f51\u8d44\u8baf\u535a\u4e3b","close_blue_v":false,"description":"\u5fae\u535a\u672c\u5730\u8d44\u8baf\u535a\u4e3b\uff08\u521a\u679c\u5e03\u62c9\u67f4\u7ef4\u5c14\uff09","gender":"m","mbtype":12,"urank":48,"mbrank":6,"follow_me":false,"following":false,"followers_count":192533,"follow_count":277,"cover_image_phone":"https:\/\/tva1.sinaimg.cn\/crop.0.0.640.640.640\/549d0121tw1egm1kjly3jj20hs0hsq4f.jpg","avatar_hd":"https:\/\/ww2.sinaimg.cn\/orj480\/53899d01jw8fcb9qpe7vbj2050050mx8.jpg","like":false,"like_me":false,"badge":{"bind_taobao":1,"dzwbqlx_2016":1,"follow_whitelist_video":1,"hongbao_2018":1}},"pid":3501719340651609,"retweeted_status":{"created_at":"2012-10-16","id":"3501708388349117","idstr":"3501708388349117","mid":"3501708388349117","can_edit":false,"text":"\u4fdd\u9493\uff1f\uff01\u4fdd\u4ec0\u4e48\u9493\uff01\uff01\u5c31\u4f60\u4eec\u8fd9\u667a\u5546\u57fa\u672c\u544a\u522b\u7231\u56fd\u4e86\u3002\u3002\u3002 \u200b\u200b\u200b","source":"iPhone\u5ba2\u6237\u7aef","favorited":false,"thumbnail_pic":"http:\/\/ww1.sinaimg.cn\/thumbnail\/7292bec3jw1dxwurilwafj.jpg","bmiddle_pic":"http:\/\/ww1.sinaimg.cn\/bmiddle\/7292bec3jw1dxwurilwafj.jpg","original_pic":"http:\/\/ww1.sinaimg.cn\/large\/7292bec3jw1dxwurilwafj.jpg","is_paid":false,"mblog_vip_type":0,"user":{"id":1922219715,"screen_name":"inSerry-MJs","profile_image_url":"https:\/\/tvax4.sinaimg.cn\/crop.0.0.700.700.180\/7292bec3ly8fh5s8f5zshj20jg0jgjsv.jpg","profile_url":"https:\/\/m.weibo.cn\/u\/1922219715?uid=1922219715&luicode=10000011&lfid=1076031401527553","statuses_count":9123,"verified":false,"verified_type":-1,"close_blue_v":false,"description":"\u9002\u53ef\u7684\u8212\u9002","gender":"f","mbtype":0,"urank":24,"mbrank":0,"follow_me":false,"following":false,"followers_count":225813,"follow_count":478,"cover_image_phone":"https:\/\/tva1.sinaimg.cn\/crop.0.0.640.640.640\/549d0121tw1egm1kjly3jj20hs0hsq4f.jpg","avatar_hd":"https:\/\/wx4.sinaimg.cn\/orj480\/7292bec3ly8fh5s8f5zshj20jg0jgjsv.jpg","like":false,"like_me":false,"badge":{"user_name_certificate":1}},"reposts_count":128,"comments_count":39,"attitudes_count":0,"pending_approval_count":0,"isLongText":false,"visible":{"type":0,"list_id":0},"more_info_type":0,"content_auth":0,"edit_config":{"edited":false},"bid":"z0Irsz1Zb","pics":[{"pid":"7292bec3jw1dxwurilwafj","url":"https:\/\/ww1.sinaimg.cn\/orj360\/7292bec3jw1dxwurilwafj.jpg","size":"orj360","geo":false,"large":{"size":"large","url":"https:\/\/ww1.sinaimg.cn\/large\/7292bec3jw1dxwurilwafj.jpg","geo":false}}]},"reposts_count":4,"comments_count":0,"attitudes_count":0,"pending_approval_count":0,"isLongText":false,"visible":{"type":0,"list_id":0},"more_info_type":0,"content_auth":0,"edit_config":{"edited":false},"mblogtype":0,"obj_ext":"","raw_text":"\u53ef\u4ee5\u5411www.darwinawards.com\u63d0\u4ea4\u4e00\u4e0b\uff0c\u6211\u89c9\u5f97\u83b7\u5956\u5e0c\u671b\u5f88\u5927\u3002 \/\/@tinyfool: \u611a\u8822\u867d\u7136\u611a\u8822\uff0c\u4f46\u662f\u611a\u8822\u5230\u4e86\u6bc1\u706d\u81ea\u5df1\uff0c\u4e0d\u5f97\u4e0d\u8bf4\u662f\u4e00\u79cd\u4f1f\u5927\uff0c\u8bf7\u6240\u6709\u6bdb\u5de6\u4f1f\u5927\u8d77\u6765","bid":"z0ILHhZKg"},"show_type":0}],"showAppTips":0,"scheme":"sinaweibo:\/\/cardlist?containerid=1076031401527553&extparam=&luicode=10000011&lfid=&featurecode="}}