{"ok":1,"data":{"cardlistInfo":{"containerid":"1076031401527553","v_p":42,"show_style":1,"total":15519,"page":50},"cards":[{"card_type":9,"itemid":"1076031401527553_-_4144967100024933","scheme":"https:\/\/m.weibo.cn\/status\/FiRNA06u9?mblogid=FiRNA06u9&luicode=10000011&lfid=1076031401527553","mblog":{"created_at":"2017-08-26","id":"4144967100024933","idstr":"4144967100024933","mid":"4144967100024933","can_edit":false,"text":"\u54a8\u8be2\u4e2a\u95ee\u9898\uff1a\u5728\u5fb7\u56fd\uff0c\u5982\u679c\u628a SIM \u5361\u6362\u5230\u4e00\u4e2a\u65b0\u624b\u673a\u91cc\uff0c\u662f\u5426\u4ecd\u80fd\u63a5\u6536\u94f6\u884c\u7684\u9a8c\u8bc1\u77ed\u4fe1\uff1f\u8fd8\u662f\u9700\u8981\u8fdb\u884c\u67d0\u79cd\u989d\u5916\u767b\u8bb0\uff1f \u200b\u200b\u200b","textLength":105,"source":"\u5fae\u535a weibo.com","favorited":false,"is_paid":false,"mblog_vip_type":0,"user":{"id":1401527553,"screen_name":"tombkeeper","profile_image_url":"https:\/\/tva2.sinaimg.cn\/crop.0.0.180.180.180\/53899d01jw8fcb9qpe7vbj2050050mx8.jpg","profile_url":"https:\/\/m.weibo.cn\/u\/1401527553?uid=1401527553&luicode=10000011&lfid=1076031401527553","statuses_count":15425,"verified":true,"verified_type":0,"verified_type_ext":1,"verified_reason":"\u77e5\u540d\u4e92\u8054\u7f51\u8d44\u8baf\u535a\u4e3b","close_blue_v":false,"description":"\u5fae\u535a\u672c\u5730\u8d44\u8baf\u535a\u4e3b\uff08\u521a\u679c\u5e03\u62c9\u67f4\u7ef4\u5c14\uff09","gender":"m","mbtype":12,"urank":48,"mbrank":6,"follow_me":false,"following":false,"followers_count":192533,"follow_count":277,"cover_image_phone":"https:\/\/tva1.sinaimg.cn\/crop.0.0.640.640.640\/549d0121tw1egm1kjly3jj20hs0hsq4f.jpg","avatar_hd":"https:\/\/ww2.sinaimg.cn\/orj480\/53899d01jw8fcb9qpe7vbj2050050mx8.jpg","like":false,"like_me":false,"badge":{"bind_taobao":1,"dzwbqlx_2016":1,"follow_whitelist_video":1,"hongbao_2018":1}},"reposts_count":4,"comments_count":29,"attitudes_count":8,"pending_approval_count":0,"isLongText":false,"visible":{"type":0,"list_id":0},"more_info_type":0,"content_auth":0,"edit_config":{"edited":false},"mblogtype":0,"bid":"FiRNA06u9"},"show_type":0},{"card_type":9,"itemid":"1076031401527553_-_4144754432932334","scheme":"https:\/\/m.weibo.cn\/status\/FiMgzciPI?mblogid=FiMgzciPI&luicode=10000011&lfid=1076031401527553","mblog":{"created_at":"2017-08-25","id":"4144754432932334","idstr":"4144754432932334","mid":"4144754432932334","can_edit":false,"text":"\u2192_\u2192<span class=\"url-icon\"><img src=\"\/\/h5.sinaimg.cn\/m\/emoticon\/icon\/others\/h_good-55854d01bb.png\" style=\"width:1em;height:1em;\" alt=\"[good]\"><\/span>\/\/<a href='https:\/\/m.weibo.cn\/n\/FrankFreud'>@FrankFreud<\/a>:\u5b6a\u751f\u5b50\u4f6f\u8c2c","source":"XiaoMiPhone","favorited":false,"is_paid":false,"mblog_vip_type":0,"user":{"id":1401527553,"screen_name":"tombkeeper","profile_image_url":"https:\/\/tva2.sinaimg.cn\/crop.0.0.180.180.180\/53899d01jw8fcb9qpe7vbj2050050mx8.jpg","profile_url":"https:\/\/m.weibo.cn\/u\/1401527553?uid=1401527553&luicode=10000011&lfid=1076031401527553","statuses_count":15425,"verified":true,"verified_type":0,"verified_type_ext":1,"verified_reason":"\u77e5\u540d\u4e92\u8054\u7f51\u8d44\u8baf\u535a\u4e3b","close_blue_v":false,"description":"\u5fae\u535a\u672c\u5730\u8d44\u8baf\u535a\u4e3b\uff08\u521a\u679c\u5e03\u62c9\u67f4\u7ef4\u5c14\uff09","gender":"m","mbtype":12,"urank":48,"mbrank":6,"follow_me":false,"following":false,"followers_count":192533,"follow_count":277,"cover_image_phone":"https:\/\/tva1.sinaimg.cn\/crop.0.0.640.640.640\/549d0121tw1egm1kjly3jj20hs0hsq4f.jpg","avatar_hd":"https:\/\/ww2.sinaimg.cn\/orj480\/53899d01jw8fcb9qpe7vbj2050050mx8.jpg","like":false,"like_me":false,"badge":{"bind_taobao":1,"dzwbqlx_2016":1,"follow_whitelist_video":1,"hongbao_2018":1}},"pid":4144732202151441,"retweeted_status":{"created_at":"2017-08-25","id":"4144729929275253","idstr":"4144729929275253","mid":"4144729929275253","can_edit":false,"text":"\u201c\u613f\u4f60\u51fa\u8d70\u534a\u751f\uff0c\u5f52\u6765\u4ecd\u662f\u5c11\u5e74\u201d<br\/>                          \u2014\u2014\u7231\u56e0\u65af\u5766 \u200b\u200b\u200b","textLength":69,"source":"\u5fae\u535a weibo.com","favorited":false,"is_paid":false,"mblog_vip_type":0,"user":{"id":1401527553,"screen_name":"tombkeeper","profile_image_url":"https:\/\/tva2.sinaimg.cn\/crop.0.0.180.180.180\/53899d01jw8fcb9qpe7vbj2050050mx8.jpg","profile_url":"https:\/\/m.weibo.cn\/u\/1401527553?uid=1401527553&luicode=10000011&lfid=1076031401527553","statuses_count":15425,"verified":true,"verified_type":0,"verified_type_ext":1,"verified_reason":"\u77e5\u540d\u4e92\u8054\u7f51\u8d44\u8baf\u535a\u4e3b","close_blue_v":false,"description":"\u5fae\u535a\u672c\u5730\u8d44\u8baf\u535a\u4e3b\uff08\u521a\u679c\u5e03\u62c9\u67f4\u7ef4\u5c14\uff09","gender":"m","mbtype":12,"urank":48,"mbrank":6,"follow_me":false,"following":false,"followers_count":192533,"follow_count":277,"cover_image_phone":"https:\/\/tva1.sinaimg.cn\/crop.0.0.640.640.640\/549d0121tw1egm1kjly3jj20hs0hsq4f.jpg","avatar_hd":"https:\/\/ww2.sinaimg.cn\/orj480\/53899d01jw8fcb9qpe7vbj2050050mx8.jpg","like":false,"like_me":false,"badge":{"bind_taobao":1,"dzwbqlx_2016":1,"follow_whitelist_video":1,"hongbao_2018":1}},"reposts_count":110,"comments_count":56,"attitudes_count":116,"pending_approval_count":0,"isLongText":false,"visible":{"type":0,"list_id":0},"more_info_type":0,"content_auth":0,"edit_config":{"edited":false},"bid":"FiLD2CUUR"},"reposts_count":47,"comments_count":31,"attitudes_count":72,"pending_approval_count":0,"isLongText":false,"visible":{"type":0,"list_id":0},"more_info_type":0,"content_auth":0,"edit_config":{"edited":false},"mblogtype":0,"obj_ext":"","raw_text":"\u2192_\u2192[good]\/\/@FrankFreud:\u5b6a\u751f\u5b50\u4f6f\u8c2c","bid":"FiMgzciPI"},"show_type":0},{"card_type":9,"itemid":"1076031401527553_-_4144730432261038","scheme":"https:\/\/m.weibo.cn\/status\/FiLDR9ucm?mblogid=FiLDR9ucm&luicode=10000011&lfid=1076031401527553","mblog":{"created_at":"2017-08-25","id":"4144730432261038","idstr":"4144730432261038","mid":"4144730432261038","can_edit":false,"text":"\u72d7\u5bcc\u8d35\uff0c\u52ff\u76f8\u6c6a\uff0c\u6c6a\u6c6a\u3002 \u200b\u200b\u200b","textLength":22,"source":"\u5fae\u535a weibo.com","favorited":false,"is_paid":false,"mblog_vip_type":0,"user":{"id":1401527553,"screen_name":"tombkeeper","profile_image_url":"https:\/\/tva2.sinaimg.cn\/crop.0.0.180.180.180\/53899d01jw8fcb9qpe7vbj2050050mx8.jpg","profile_url":"https:\/\/m.weibo.cn\/u\/1401527553?uid=1401527553&luicode=10000011&lfid=1076031401527553","statuses_count":15425,"verified":true,"verified_type":0,"verified_type_ext":1,"verified_reason":"\u77e5\u540d\u4e92\u8054\u7f51\u8d44\u8baf\u535a\u4e3b","close_blue_v":false,"description":"\u5fae\u535a\u672c\u5730\u8d44\u8baf\u535a\u4e3b\uff08\u521a\u679c\u5e03\u62c9\u67f4\u7ef4\u5c14\uff09","gender":"m","mbtype":12,"urank":48,"mbrank":6,"follow_me":false,"following":false,"followers_count":192533,"follow_count":277,"cover_image_phone":"https:\/\/tva1.sinaimg.cn\/crop.0.0.640.640.640\/549d0121tw1egm1kjly3jj20hs0hsq4f.jpg","avatar_hd":"https:\/\/ww2.sinaimg.cn\/orj480\/53899d01jw8fcb9qpe7vbj2050050mx8.jpg","like":false,"like_me":false,"badge":{"bind_taobao":1,"dzwbqlx_2016":1,"follow_whitelist_video":1,"hongbao_2018":1}},"reposts_count":15,"comments_count":45,"attitudes_count":81,"pending_approval_count":0,"isLongText":false,"visible":{"type":0,"list_id":0},"more_info_type":0,"content_auth":0,"edit_config":{"edited":false},"mblogtype":0,"bid":"FiLDR9ucm"},"show_type":0},{"card_type":9,"itemid":"1076031401527553_-_4144729929275253","scheme":"https:\/\/m.weibo.cn\/status\/FiLD2CUUR?mblogid=FiLD2CUUR&luicode=10000011&lfid=1076031401527553","mblog":{"created_at":"2017-08-25","id":"4144729929275253","idstr":"4144729929275253","mid":"4144729929275253","can_edit":false,"text":"\u201c\u613f\u4f60\u51fa\u8d70\u534a\u751f\uff0c\u5f52\u6765\u4ecd\u662f\u5c11\u5e74\u201d<br\/>                          \u2014\u2014\u7231\u56e0\u65af\u5766 \u200b\u200b\u200b","textLength":69,"source":"\u5fae\u535a weibo.com","favorited":false,"is_paid":false,"mblog_vip_type":0,"user":{"id":1401527553,"screen_name":"tombkeeper","profile_image_url":"https:\/\/tva2.sinaimg.cn\/crop.0.0.180.180.180\/53899d01jw8fcb9qpe7vbj2050050mx8.jpg","profile_url":"https:\/\/m.weibo.cn\/u\/1401527553?uid=1401527553&luicode=10000011&lfid=1076031401527553","statuses_count":15425,"verified":true,"verified_type":0,"verified_type_ext":1,"verified_reason":"\u77e5\u540d\u4e92\u8054\u7f51\u8d44\u8baf\u535a\u4e3b","close_blue_v":false,"description":"\u5fae\u535a\u672c\u5730\u8d44\u8baf\u535a\u4e3b\uff08\u521a\u679c\u5e03\u62c9\u67f4\u7ef4\u5c14\uff09","gender":"m","mbtype":12,"urank":48,"mbrank":6,"follow_me":false,"following":false,"followers_count":192533,"follow_count":277,"cover_image_phone":"https:\/\/tva1.sinaimg.cn\/crop.0.0.640.640.640\/549d0121tw1egm1kjly3jj20hs0hsq4f.jpg","avatar_hd":"https:\/\/ww2.sinaimg.cn\/orj480\/53899d01jw8fcb9qpe7vbj2050050mx8.jpg","like":false,"like_me":false,"badge":{"bind_taobao":1,"dzwbqlx_2016":1,"follow_whitelist_video":1,"hongbao_2018":1}},"reposts_count":110,"comments_count":56,"attitudes_count":116,"pending_approval_count":0,"isLongText":false,"visible":{"type":0,"list_id":0},"more_info_type":0,"content_auth":0,"edit_config":{"edited":false},"mblogtype":0,"bid":"FiLD2CUUR"},"show_type":0},{"card_type":9,"itemid":"1076031401527553_-_4144706167913323","scheme":"https:\/\/m.weibo.cn\/status\/FiL0IxcCf?mblogid=FiL0IxcCf&luicode=10000011&lfid=1076031401527553","mblog":{"created_at":"2017-08-25","id":"4144706167913323","idstr":"4144706167913323","mid":"4144706167913323","can_edit":false,"text":"\u5371\u673a\u516c\u5173\u5178\u8303\u3002\u4e5f\u4e0d\u7528\u5356\u840c\uff0c\u4e5f\u4e0d\u7528\u626e\u4fcf\uff0c\u7167\u6837\u628a\u4e8b\u513f\u5e72\u7684\u6f02\u6f02\u4eae\u4eae\u3002","source":"\u5fae\u535a weibo.com","favorited":false,"is_paid":false,"mblog_vip_type":0,"user":{"id":1401527553,"screen_name":"tombkeeper","profile_image_url":"https:\/\/tva2.sinaimg.cn\/crop.0.0.180.180.180\/53899d01jw8fcb9qpe7vbj2050050mx8.jpg","profile_url":"https:\/\/m.weibo.cn\/u\/1401527553?uid=1401527553&luicode=10000011&lfid=1076031401527553","statuses_count":15425,"verified":true,"verified_type":0,"verified_type_ext":1,"verified_reason":"\u77e5\u540d\u4e92\u8054\u7f51\u8d44\u8baf\u535a\u4e3b","close_blue_v":false,"description":"\u5fae\u535a\u672c\u5730\u8d44\u8baf\u535a\u4e3b\uff08\u521a\u679c\u5e03\u62c9\u67f4\u7ef4\u5c14\uff09","gender":"m","mbtype":12,"urank":48,"mbrank":6,"follow_me":false,"following":false,"followers_count":192533,"follow_count":277,"cover_image_phone":"https:\/\/tva1.sinaimg.cn\/crop.0.0.640.640.640\/549d0121tw1egm1kjly3jj20hs0hsq4f.jpg","avatar_hd":"https:\/\/ww2.sinaimg.cn\/orj480\/53899d01jw8fcb9qpe7vbj2050050mx8.jpg","like":false,"like_me":false,"badge":{"bind_taobao":1,"dzwbqlx_2016":1,"follow_whitelist_video":1,"hongbao_2018":1}},"pid":4144704738154544,"retweeted_status":{"created_at":"2017-08-25","id":"4144681597992045","idstr":"4144681597992045","mid":"4144681597992045","can_edit":false,"text":"\u5173\u4e8e\u6d77\u5e95\u635e\u706b\u9505\u5317\u4eac\u52b2\u677e\u5e97\u3001\u5317\u4eac\u592a\u9633\u5bab\u5e97\u4e8b\u4ef6\u5904\u7406\u901a\u62a5 \u200b\u200b\u200b","textLength":50,"source":"\u5fae\u535a weibo.com","favorited":false,"thumbnail_pic":"http:\/\/wx3.sinaimg.cn\/thumbnail\/6a492467ly1fiw37fk894j219l1srn9t.jpg","bmiddle_pic":"http:\/\/wx3.sinaimg.cn\/bmiddle\/6a492467ly1fiw37fk894j219l1srn9t.jpg","original_pic":"http:\/\/wx3.sinaimg.cn\/large\/6a492467ly1fiw37fk894j219l1srn9t.jpg","is_paid":false,"mblog_vip_type":0,"user":{"id":1783178343,"screen_name":"\u6d77\u5e95\u635e\u706b\u9505","profile_image_url":"https:\/\/tvax4.sinaimg.cn\/crop.0.0.998.998.180\/6a492467ly1fdz6qhzu2hj20rs0rsjv0.jpg","profile_url":"https:\/\/m.weibo.cn\/u\/1783178343?uid=1783178343&luicode=10000011&lfid=1076031401527553","statuses_count":326,"verified":true,"verified_type":2,"verified_type_ext":0,"verified_reason":"\u56db\u5ddd\u6d77\u5e95\u635e\u9910\u996e\u80a1\u4efd\u6709\u9650\u516c\u53f8\u5b98\u65b9\u5fae\u535a","close_blue_v":false,"description":"\u6d77\u5e95\u635e\u706b\u9505\u6210\u7acb\u4e8e1994\u5e74\uff0c\u662f\u4e00\u5bb6\u4ee5\u7ecf\u8425\u5ddd\u5473\u706b\u9505\u4e3a\u4e3b\uff0c\u96c6\u5404\u5730\u706b\u9505\u7279\u8272\u4e8e\u4e00\u4f53\u7684\u76f4\u8425\u9910\u996e\u4f01\u4e1a\u3002","gender":"m","mbtype":0,"urank":32,"mbrank":0,"follow_me":false,"following":false,"followers_count":187970,"follow_count":20,"cover_image_phone":"https:\/\/tva1.sinaimg.cn\/crop.0.0.640.640.640\/549d0121tw1egm1kjly3jj20hs0hsq4f.jpg","avatar_hd":"https:\/\/wx4.sinaimg.cn\/orj480\/6a492467ly1fdz6qhzu2hj20rs0rsjv0.jpg","like":false,"like_me":false,"badge":{"bind_taobao":1,"dzwbqlx_2016":1,"suishoupai_2017":1,"cz_wed_2017":1,"user_name_certificate":1}},"reposts_count":17916,"comments_count":12493,"attitudes_count":18062,"pending_approval_count":0,"isLongText":false,"visible":{"type":0,"list_id":0},"more_info_type":0,"content_auth":0,"edit_config":{"edited":false},"page_info":{"page_pic":{"url":"https:\/\/tva1.sinaimg.cn\/crop.0.99.888.499\/90eb2137ly1fiw5lkekvpj20oo0hbaup.jpg"},"page_url":"https:\/\/m.weibo.cn\/p\/index?containerid=23137500007543748228552705&luicode=10000011&lfid=1076031401527553","page_title":"\u3010\u65b0\u9c9c\u4e8b\u3011\u5173\u6ce8\uff1a\u6d77\u5e95\u635e\u540e\u53a8\u810f\u5230\u4e0d\u5fcd\u76f4\u89c6\uff01\u9910\u996e\u5de8\u8f6e\u8be5\u4f55\u53bb\u4f55\u4ece\uff1f","content1":"","content2":"","type":"webpage"},"bid":"FiKn5xx5X","pics":[{"pid":"6a492467ly1fiw37fk894j219l1srn9t","url":"https:\/\/wx3.sinaimg.cn\/orj360\/6a492467ly1fiw37fk894j219l1srn9t.jpg","size":"orj360","geo":{"width":360,"height":511,"croped":false},"large":{"size":"large","url":"https:\/\/wx3.sinaimg.cn\/large\/6a492467ly1fiw37fk894j219l1srn9t.jpg","geo":{"width":"1641","height":"2331","croped":false}}}]},"reposts_count":190,"comments_count":52,"attitudes_count":176,"pending_approval_count":0,"isLongText":false,"visible":{"type":0,"list_id":0},"more_info_type":0,"content_auth":0,"edit_config":{"edited":false},"mblogtype":0,"obj_ext":"","raw_text":"\u5371\u673a\u516c\u5173\u5178\u8303\u3002\u4e5f\u4e0d\u7528\u5356\u840c\uff0c\u4e5f\u4e0d\u7528\u626e\u4fcf\uff0c\u7167\u6837\u628a\u4e8b\u513f\u5e72\u7684\u6f02\u6f02\u4eae\u4eae\u3002","bid":"FiL0IxcCf"},"show_type":0},{"card_type":9,"itemid":"1076031401527553_-_4144668016544420","scheme":"https:\/\/m.weibo.cn\/status\/FiK1brsva?mblogid=FiK1brsva&luicode=10000011&lfid=1076031401527553","mblog":{"created_at":"2017-08-25","id":"4144668016544420","idstr":"4144668016544420","mid":"4144668016544420","can_edit":false,"text":"\u521a\u624d\u9762\u8bd5\u4e00\u4e2a\u540c\u5b66\uff0c\u804a\u5230\u653b\u51fb\u5d4c\u5165\u5f0f\u7cfb\u7edf\uff0c\u6211\u8bf4\u4e86\u81ea\u5df1\u4ee5\u524d\u505a\u8fc7\u7684\u653b\u51fb PDA \u7684\u4f8b\u5b50\u3002\u7ed3\u679c\u540c\u5b66\u8868\u793a\u4e0d\u77e5\u9053\u4ec0\u4e48\u662f PDA\u3002\u6ca1\u60f3\u5230 PDA \u4e5f\u6210\u4e3a\u4ee3\u6c9f\u6807\u5fd7\u4e86\u3002 \u200b\u200b\u200b\u200b","textLength":143,"source":"\u5fae\u535a weibo.com","favorited":false,"is_paid":false,"mblog_vip_type":0,"user":{"id":1401527553,"screen_name":"tombkeeper","profile_image_url":"https:\/\/tva2.sinaimg.cn\/crop.0.0.180.180.180\/53899d01jw8fcb9qpe7vbj2050050mx8.jpg","profile_url":"https:\/\/m.weibo.cn\/u\/1401527553?uid=1401527553&luicode=10000011&lfid=1076031401527553","statuses_count":15425,"verified":true,"verified_type":0,"verified_type_ext":1,"verified_reason":"\u77e5\u540d\u4e92\u8054\u7f51\u8d44\u8baf\u535a\u4e3b","close_blue_v":false,"description":"\u5fae\u535a\u672c\u5730\u8d44\u8baf\u535a\u4e3b\uff08\u521a\u679c\u5e03\u62c9\u67f4\u7ef4\u5c14\uff09","gender":"m","mbtype":12,"urank":48,"mbrank":6,"follow_me":false,"following":false,"followers_count":192533,"follow_count":277,"cover_image_phone":"https:\/\/tva1.sinaimg.cn\/crop.0.0.640.640.640\/549d0121tw1egm1kjly3jj20hs0hsq4f.jpg","avatar_hd":"https:\/\/ww2.sinaimg.cn\/orj480\/53899d01jw8fcb9qpe7vbj2050050mx8.jpg","like":false,"like_me":false,"badge":{"bind_taobao":1,"dzwbqlx_2016":1,"follow_whitelist_video":1,"hongbao_2018":1}},"reposts_count":34,"comments_count":80,"attitudes_count":69,"pending_approval_count":0,"isLongText":false,"visible":{"type":0,"list_id":0},"more_info_type":0,"content_auth":0,"edit_config":{"edited":false},"mblogtype":0,"bid":"FiK1brsva"},"show_type":0},{"card_type":9,"itemid":"1076031401527553_-_4144388290326300","scheme":"https:\/\/m.weibo.cn\/status\/FiCK11mSU?mblogid=FiCK11mSU&luicode=10000011&lfid=1076031401527553","mblog":{"created_at":"2017-08-24","id":"4144388290326300","idstr":"4144388290326300","mid":"4144388290326300","can_edit":false,"text":"\u5199\u51fa\u6765\u7684\u540c\u5b66\u53ef\u76f4\u63a5\u5230\u6211\u8fd9\u91cc\u9762\u8bd5\u3002","source":"XiaoMiPhone","favorited":false,"is_paid":false,"mblog_vip_type":0,"user":{"id":1401527553,"screen_name":"tombkeeper","profile_image_url":"https:\/\/tva2.sinaimg.cn\/crop.0.0.180.180.180\/53899d01jw8fcb9qpe7vbj2050050mx8.jpg","profile_url":"https:\/\/m.weibo.cn\/u\/1401527553?uid=1401527553&luicode=10000011&lfid=1076031401527553","statuses_count":15425,"verified":true,"verified_type":0,"verified_type_ext":1,"verified_reason":"\u77e5\u540d\u4e92\u8054\u7f51\u8d44\u8baf\u535a\u4e3b","close_blue_v":false,"description":"\u5fae\u535a\u672c\u5730\u8d44\u8baf\u535a\u4e3b\uff08\u521a\u679c\u5e03\u62c9\u67f4\u7ef4\u5c14\uff09","gender":"m","mbtype":12,"urank":48,"mbrank":6,"follow_me":false,"following":false,"followers_count":192533,"follow_count":277,"cover_image_phone":"https:\/\/tva1.sinaimg.cn\/crop.0.0.640.640.640\/549d0121tw1egm1kjly3jj20hs0hsq4f.jpg","avatar_hd":"https:\/\/ww2.sinaimg.cn\/orj480\/53899d01jw8fcb9qpe7vbj2050050mx8.jpg","like":false,"like_me":false,"badge":{"bind_taobao":1,"dzwbqlx_2016":1,"follow_whitelist_video":1,"hongbao_2018":1}},"retweeted_status":{"created_at":"2017-08-23","id":"4143879017659409","idstr":"4143879017659409","mid":"4143879017659409","can_edit":false,"text":"\u6211\u524d\u9635\u5b50\u63d0\u5230\u8fc7\u5f53\u5e74\u8457\u540d\u65ad\u70b9\u7eed\u4f20\u4e0b\u8f7d\u5de5\u5177\u7f51\u7edc\u8682\u8681\u76f4\u5230\u6700\u540e\u7684\u7248\u672c\uff08\u4e0b\u8f7d\u5730\u5740\uff1a<a data-url=\"http:\/\/t.cn\/RCokJVS\" href=\"http:\/\/down.tech.sina.com.cn\/page\/2536.html?luicode=10000011&lfid=1076031401527553&ep=FipuBw8yR%252C1401527553%252CFipuBw8yR%252C1401527553\" data-hide=\"\"><span class=\"url-icon\"><img src=\"\/\/h5.sinaimg.cn\/upload\/2015\/09\/25\/3\/timeline_card_small_web_default.png\"><\/span><\/i><span class=\"surl-text\">\u7f51\u9875\u94fe\u63a5<\/a>\uff09\u90fd\u5b58\u5728\u4e00\u4e2a\u5806\u6ea2\u51fa\u3002\u6f0f\u6d1e\u672c\u8eab\u6bd4\u8f83\u7b80\u5355\uff1aHTTP \u670d\u52a1\u5668\u8fd4\u56de Location \u5b57\u6bb5\u8d85\u957f\u5c31\u4f1a\u89e6\u53d1\u6ea2\u51fa\u3002\u8fd9\u4e2a\u6f0f\u6d1e\u5728 Windows 2000\/XP \u4e0a\u662f\u6bd4\u8f83\u5bb9\u6613\u5229\u7528\u7684\u3002\u5728 Windows 7 \u4e0a\u4e5f\u6709\u529e\u6cd5\u5229\u7528\u3002\u6709\u5174\u8da3\u7684\u53ef\u4ee5\u6311\u6218\u4e00\u4e0b\u8bd5\u8bd5\u3002 \u200b\u200b\u200b","textLength":278,"source":"\u5fae\u535a weibo.com","favorited":false,"is_paid":false,"mblog_vip_type":0,"user":{"id":1401527553,"screen_name":"tombkeeper","profile_image_url":"https:\/\/tva2.sinaimg.cn\/crop.0.0.180.180.180\/53899d01jw8fcb9qpe7vbj2050050mx8.jpg","profile_url":"https:\/\/m.weibo.cn\/u\/1401527553?uid=1401527553&luicode=10000011&lfid=1076031401527553","statuses_count":15425,"verified":true,"verified_type":0,"verified_type_ext":1,"verified_reason":"\u77e5\u540d\u4e92\u8054\u7f51\u8d44\u8baf\u535a\u4e3b","close_blue_v":false,"description":"\u5fae\u535a\u672c\u5730\u8d44\u8baf\u535a\u4e3b\uff08\u521a\u679c\u5e03\u62c9\u67f4\u7ef4\u5c14\uff09","gender":"m","mbtype":12,"urank":48,"mbrank":6,"follow_me":false,"following":false,"followers_count":192533,"follow_count":277,"cover_image_phone":"https:\/\/tva1.sinaimg.cn\/crop.0.0.640.640.640\/549d0121tw1egm1kjly3jj20hs0hsq4f.jpg","avatar_hd":"https:\/\/ww2.sinaimg.cn\/orj480\/53899d01jw8fcb9qpe7vbj2050050mx8.jpg","like":false,"like_me":false,"badge":{"bind_taobao":1,"dzwbqlx_2016":1,"follow_whitelist_video":1,"hongbao_2018":1}},"reposts_count":87,"comments_count":8,"attitudes_count":43,"pending_approval_count":0,"isLongText":false,"visible":{"type":0,"list_id":0},"more_info_type":0,"content_auth":0,"edit_config":{"edited":false},"bid":"FipuBw8yR"},"reposts_count":66,"comments_count":23,"attitudes_count":77,"pending_approval_count":0,"isLongText":false,"visible":{"type":0,"list_id":0},"more_info_type":0,"content_auth":0,"edit_config":{"edited":false},"mblogtype":0,"obj_ext":"","raw_text":"\u5199\u51fa\u6765\u7684\u540c\u5b66\u53ef\u76f4\u63a5\u5230\u6211\u8fd9\u91cc\u9762\u8bd5\u3002","bid":"FiCK11mSU"},"show_type":0},{"card_type":9,"itemid":"1076031401527553_-_4144381436394606","scheme":"https:\/\/m.weibo.cn\/status\/FiCyXqPwO?mblogid=FiCyXqPwO&luicode=10000011&lfid=1076031401527553","mblog":{"created_at":"2017-08-24","id":"4144381436394606","idstr":"4144381436394606","mid":"4144381436394606","can_edit":false,"text":"\u5236\u9020\u3001\u6269\u5927\u5916\u90e8\u77db\u76fe\u6765\u8f6c\u79fb\u5185\u90e8\u77db\u76fe\uff0c\u662f\u653f\u6cbb\u5bb6\u5fc5\u4fee\u8bfe\u3002\/\/<a href='https:\/\/m.weibo.cn\/n\/\u8001\u5e08\u6728'>@\u8001\u5e08\u6728<\/a>:\u5e78\u4e8f\u4e2d\u56fd\u6ca1\u6253\uff0c\u6253\u4e86\u5c31\u662f\u5e2e\u4ed6\u5fd9\u4e86","source":"XiaoMiPhone","favorited":false,"is_paid":false,"mblog_vip_type":0,"user":{"id":1401527553,"screen_name":"tombkeeper","profile_image_url":"https:\/\/tva2.sinaimg.cn\/crop.0.0.180.180.180\/53899d01jw8fcb9qpe7vbj2050050mx8.jpg","profile_url":"https:\/\/m.weibo.cn\/u\/1401527553?uid=1401527553&luicode=10000011&lfid=1076031401527553","statuses_count":15425,"verified":true,"verified_type":0,"verified_type_ext":1,"verified_reason":"\u77e5\u540d\u4e92\u8054\u7f51\u8d44\u8baf\u535a\u4e3b","close_blue_v":false,"description":"\u5fae\u535a\u672c\u5730\u8d44\u8baf\u535a\u4e3b\uff08\u521a\u679c\u5e03\u62c9\u67f4\u7ef4\u5c14\uff09","gender":"m","mbtype":12,"urank":48,"mbrank":6,"follow_me":false,"following":false,"followers_count":192533,"follow_count":277,"cover_image_phone":"https:\/\/tva1.sinaimg.cn\/crop.0.0.640.640.640\/549d0121tw1egm1kjly3jj20hs0hsq4f.jpg","avatar_hd":"https:\/\/ww2.sinaimg.cn\/orj480\/53899d01jw8fcb9qpe7vbj2050050mx8.jpg","like":false,"like_me":false,"badge":{"bind_taobao":1,"dzwbqlx_2016":1,"follow_whitelist_video":1,"hongbao_2018":1}},"pid":4144379260067143,"retweeted_status":{"created_at":"2017-08-24","id":"4144376894140976","idstr":"4144376894140976","mid":"4144376894140976","can_edit":false,"text":"\u3010\u5185\u4e71\u53c8\u8d77\uff01\u5370\u5ea6\u5927\u9762\u79ef\u762b\u75ea\uff0c\u767e\u4e07\u94f6\u884c\u5458\u5de5\u5927\u7f62\u5de5\u3011\u7531\u4e8e\u4e0d\u6ee1\u653f\u5e9c\u7684\u94f6\u884c\u653f\u7b56\uff0c\u5370\u5ea6\u767e\u4e07\u94f6\u884c\u804c\u5458\u53c2\u4e0e\u5168\u56fd\u6027\u5927\u7f62\u5de5\u3002\u4eca\u5929\uff0c\u5370\u5ea6\u7684\u516c\u5171\u94f6\u884c\u9677\u5165\u5927\u9762\u79ef\u505c\u6446\uff0c\u5927\u591a\u6570\u56fd\u7acb\u94f6\u884c\u5173\u95e8\u6b47\u4e1a\u3002\u4e0e\u6b64\u540c\u65f6\uff0c\u5370\u5ea6\u5317\u65b9\u90a6\u57ce\u5e02\u52d2\u514b\u7459\u8fd8\u7206\u53d1\u5927\u89c4\u6a21\u7684\u5408\u540c\u5236\u6559\u5e08\u6297\u8bae\u6d3b\u52a8\uff0c\u8be5\u5e02\u591a\u4e2a\u6838\u5fc3\u8def\u6bb5\u4ea4\u901a\u762b\u75ea\u3002<a data-url=\"http:\/\/t.cn\/RCWGzgw\" href=\"http:\/\/feed.mix.sina.com.cn\/link_card\/redirect?url=http%3A%2F%2Fnews.sina.com.cn%2Fw%2Fzx%2F2017-08-24%2Fdoc-ifykiqfe1272540.shtml&sendweibouid=1401527553&sinainternalbrowser=topnav&share_menu=1&luicode=10000011&lfid=1076031401527553&ep=FiCrDhnfW%252C1618051664%252CFiCrDhnfW%252C1618051664\" data-hide=\"\"><span class=\"url-icon\"><img src=\"https:\/\/h5.sinaimg.cn\/upload\/2015\/09\/25\/3\/timeline_card_small_web_default.png\"><\/span><\/i><span class=\"surl-text\">\u5370\u5ea6\u518d\u6b21\u7206\u53d1\u5185\u4e71 \u5927\u6279\u6559\u5e08\u6297\u8bae\u81f4\u591a\u5730\u4ea4\u901a\u762b\u75ea<\/a> \u200b\u200b\u200b","textLength":275,"source":"\u5fae\u535a weibo.com","favorited":false,"thumbnail_pic":"http:\/\/wx2.sinaimg.cn\/thumbnail\/60718250ly1fiv47x1x6sj20dw099js8.jpg","bmiddle_pic":"http:\/\/wx2.sinaimg.cn\/bmiddle\/60718250ly1fiv47x1x6sj20dw099js8.jpg","original_pic":"http:\/\/wx2.sinaimg.cn\/large\/60718250ly1fiv47x1x6sj20dw099js8.jpg","is_paid":false,"mblog_vip_type":0,"user":{"id":1618051664,"screen_name":"\u5934\u6761\u65b0\u95fb","profile_image_url":"https:\/\/tvax2.sinaimg.cn\/crop.18.21.500.500.180\/60718250ly1fe7kog3jroj20f00f03zj.jpg","profile_url":"https:\/\/m.weibo.cn\/u\/1618051664?uid=1618051664&luicode=10000011&lfid=1076031401527553","statuses_count":136528,"verified":true,"verified_type":3,"verified_type_ext":0,"verified_reason":"\u65b0\u6d6a\u65b0\u95fb\u4e2d\u5fc324\u5c0f\u65f6\u64ad\u62a5\u5168\u7403\u91cd\u5927\u65b0\u95fb","close_blue_v":false,"description":"\u6bcf\u65e5\u64ad\u62a5\u5168\u7403\u5404\u7c7b\u91cd\u8981\u8d44\u8baf\u3001\u7a81\u53d1\u65b0\u95fb\uff0c\u5168\u592924\u5c0f\u65f6\u5373\u65f6\u53d1\u5e03\u3002\u6b22\u8fce\u62a5\u6599\u3001\u6295\u7a3f\uff0c\u8bf7\u53d1\u79c1\u4fe1\u6216\u8005\u90ae\u4ef6\uff1axlttnews@vip.sina.com\u3002","gender":"f","mbtype":2,"urank":45,"mbrank":4,"follow_me":false,"following":false,"followers_count":52654969,"follow_count":1168,"cover_image_phone":"https:\/\/tva1.sinaimg.cn\/crop.0.0.640.640.640\/549d0121tw1egm1kjly3jj20hs0hsq4f.jpg","avatar_hd":"https:\/\/wx2.sinaimg.cn\/orj480\/60718250ly1fe7kog3jroj20f00f03zj.jpg","like":false,"like_me":false,"badge":{"enterprise":1,"zongyiji":1,"dzwbqlx_2016":1,"follow_whitelist_video":1,"hongbao_2018":1}},"reposts_count":413,"comments_count":926,"attitudes_count":899,"pending_approval_count":0,"isLongText":false,"visible":{"type":0,"list_id":0},"more_info_type":0,"content_auth":0,"edit_config":{"edited":false},"page_info":{"page_pic":{"url":"https:\/\/n.sinaimg.cn\/translate\/20170824\/L9Ek-fykiuaz0493798.jpg"},"page_url":"http:\/\/feed.mix.sina.com.cn\/link_card\/redirect?url=http%3A%2F%2Fnews.sina.com.cn%2Fw%2Fzx%2F2017-08-24%2Fdoc-ifykiqfe1272540.shtml&sendweibouid=1401527553&sinainternalbrowser=topnav&share_menu=1&luicode=10000011&lfid=1076031401527553","page_title":"\u5370\u5ea6\u518d\u6b21\u7206\u53d1\u5185\u4e71 \u5927\u6279\u6559\u5e08\u6297\u8bae\u81f4\u591a\u5730\u4ea4\u901a\u762b\u75ea","content1":"\u5370\u5ea6\u518d\u6b21\u7206\u53d1\u5185\u4e71 \u5927\u6279\u6559\u5e08\u6297\u8bae\u81f4\u591a\u5730\u4ea4\u901a\u762b\u75ea","content2":"\u539f\u6807\u9898\uff1a\u5370\u5ea6\u518d\u7206\u5927\u89c4\u6a21\u5185\u4e71 \u5927\u6279\u6559\u5e08\u6297\u8bae\u81f4\u591a\u5730\u4ea4\u901a\u762b\u75ea\u5f53\u5730\u4ea4\u901a\u762b\u75ea\u573a\u666f\uff08\u6765\u6e90\uff1a\u5370\u5ea6\u65f6\u62a5\uff09 \u6d77\u5916\u7f518\u670824\u65e5\u7535 \u5f53\u5730\u65f6\u95f4\u5468\u4e09\uff0823\u65e5\uff09...","type":"webpage"},"bid":"FiCrDhnfW","pics":[{"pid":"60718250ly1fiv47x1x6sj20dw099js8","url":"https:\/\/wx2.sinaimg.cn\/orj360\/60718250ly1fiv47x1x6sj20dw099js8.jpg","size":"orj360","geo":{"width":405,"height":270,"croped":false},"large":{"size":"large","url":"https:\/\/wx2.sinaimg.cn\/large\/60718250ly1fiv47x1x6sj20dw099js8.jpg","geo":{"width":"500","height":"333","croped":false}}},{"pid":"60718250ly1fiv47yjncuj20dq09ljs8","url":"https:\/\/wx3.sinaimg.cn\/orj360\/60718250ly1fiv47yjncuj20dq09ljs8.jpg","size":"orj360","geo":{"width":386,"height":270,"croped":false},"large":{"size":"large","url":"https:\/\/wx3.sinaimg.cn\/large\/60718250ly1fiv47yjncuj20dq09ljs8.jpg","geo":{"width":"494","height":"345","croped":false}}},{"pid":"60718250ly1fiv4805n3kj20fa0b1q3l","url":"https:\/\/wx1.sinaimg.cn\/orj360\/60718250ly1fiv4805n3kj20fa0b1q3l.jpg","size":"orj360","geo":{"width":374,"height":270,"croped":false},"large":{"size":"large","url":"https:\/\/wx1.sinaimg.cn\/large\/60718250ly1fiv4805n3kj20fa0b1q3l.jpg","geo":{"width":"550","height":"397","croped":false}}}]},"reposts_count":79,"comments_count":28,"attitudes_count":59,"pending_approval_count":0,"isLongText":false,"visible":{"type":0,"list_id":0},"more_info_type":0,"content_auth":0,"edit_config":{"edited":false},"mblogtype":0,"obj_ext":"","raw_text":"\u5236\u9020\u3001\u6269\u5927\u5916\u90e8\u77db\u76fe\u6765\u8f6c\u79fb\u5185\u90e8\u77db\u76fe\uff0c\u662f\u653f\u6cbb\u5bb6\u5fc5\u4fee\u8bfe\u3002\/\/@\u8001\u5e08\u6728:\u5e78\u4e8f\u4e2d\u56fd\u6ca1\u6253\uff0c\u6253\u4e86\u5c31\u662f\u5e2e\u4ed6\u5fd9\u4e86","bid":"FiCyXqPwO"},"show_type":0}],"showAppTips":0,"scheme":"sinaweibo:\/\/cardlist?containerid=1076031401527553&extparam=&luicode=10000011&lfid=&featurecode="}}