{"ok":1,"data":{"cardlistInfo":{"containerid":"1076031401527553","v_p":42,"show_style":1,"total":15518,"page":50},"cards":[{"card_type":9,"itemid":"1076031401527553_-_3498983093393240","scheme":"https:\/\/m.weibo.cn\/status\/yFx09eeJG?mblogid=yFx09eeJG&luicode=10000011&lfid=1076031401527553","mblog":{"created_at":"2012-10-08","id":"3498983093393240","idstr":"3498983093393240","mid":"3498983093393240","can_edit":false,"text":"\u56de\u590d<a href='https:\/\/m.weibo.cn\/n\/\u84dd\u847b'>@\u84dd\u847b<\/a>: \u4f60\u89c9\u5f97\u9648\u51a0\u5e0c\u4e00\u70b9\u9519\u6ca1\u6709\uff0c\u4f46\u5f88\u591a\u5973\u540c\u5fd7\u8ba4\u4e3a\u9519\u5f88\u5927\uff0c\u6240\u4ee5\u8bf4\u6709\u4e89\u8bae\u30022005\u5e74\u82f1\u56fd\u6709\u4e2a\u59d1\u5a18\u5f80\u526f\u9996\u76f8\u8eab\u4e0a\u6254\u9e21\u86cb\uff0c\u547d\u4e2d\uff0c\u7f5a\u4e8680\u82f1\u9551\u3002\u90a3\u59d1\u5a18\u8bf4\u8fd9\u94b1\u82b1\u5f97\u5fd2\u503c\u4e86\u3002\u6211\u89c9\u5f97\u5979\u5e94\u8be5\u53d7\u7f5a\u6b3e\uff0c\u53e6\u5916\u6211\u4e5f\u89c9\u5f97\u5979\u82b1\u5f97\u503c\u3002 \/\/<a href='https:\/\/m.weibo.cn\/n\/\u84dd\u847b'>@\u84dd\u847b<\/a>:\u6254\u978b\u6270\u4e71\u6cbb\u5b89\u9020\u6210\u4f24\u5bb3\uff0c\u9648\u51a0\u5e0c\u4e00\u70b9\u9519\u6ca1\u6709\u8fd9\u4e0d\u80fd\u6bd4\u8f83","source":"\u5fae\u535a weibo.com","favorited":false,"is_paid":false,"mblog_vip_type":0,"user":{"id":1401527553,"screen_name":"tombkeeper","profile_image_url":"https:\/\/tva2.sinaimg.cn\/crop.0.0.180.180.180\/53899d01jw8fcb9qpe7vbj2050050mx8.jpg","profile_url":"https:\/\/m.weibo.cn\/u\/1401527553?uid=1401527553&luicode=10000011&lfid=1076031401527553","statuses_count":15425,"verified":true,"verified_type":0,"verified_type_ext":1,"verified_reason":"\u77e5\u540d\u4e92\u8054\u7f51\u8d44\u8baf\u535a\u4e3b","close_blue_v":false,"description":"\u5fae\u535a\u672c\u5730\u8d44\u8baf\u535a\u4e3b\uff08\u521a\u679c\u5e03\u62c9\u67f4\u7ef4\u5c14\uff09","gender":"m","mbtype":12,"urank":48,"mbrank":6,"follow_me":false,"following":false,"followers_count":192533,"follow_count":277,"cover_image_phone":"https:\/\/tva1.sinaimg.cn\/crop.0.0.640.640.640\/549d0121tw1egm1kjly3jj20hs0hsq4f.jpg","avatar_hd":"https:\/\/ww2.sinaimg.cn\/orj480\/53899d01jw8fcb9qpe7vbj2050050mx8.jpg","like":false,"like_me":false,"badge":{"bind_taobao":1,"dzwbqlx_2016":1,"follow_whitelist_video":1,"hongbao_2018":1}},"pid":3498970393105594,"retweeted_status":{"created_at":"2012-10-08","id":"3498963115786451","idstr":"3498963115786451","mid":"3498963115786451","can_edit":false,"text":"\u6254\u978b\u8fd9\u4e8b\u513f\u5176\u5b9e\u5f88\u7b80\u5355\uff1a1\u3001\u6254\u978b\u662f\u4e0d\u5bf9\u7684\uff1b2\u3001\u4f46\u6211\u786e\u5b9e\u4e5f\u60f3\u6254\uff1b3\u3001\u524d\u4e24\u70b9\u4e0d\u77db\u76fe\u30021\u548c2\u5f97\u5206\u5f00\uff0c\u628a\u8fd9\u4e24\u70b9\u6df7\u4e00\u5757\u513f\u662f\u4ed6\u4eec\u5e38\u7528\u7684\u5ffd\u60a0\u672f\u3002\u4e0d\u597d\u7406\u89e3\uff1f\u90a3\u8fd9\u4e48\u8bf4\uff1a1\u3001\u9648\u51a0\u5e0c\u662f\u4e0d\u5bf9\u7684\uff1b2\u3001\u4f46\u6211\u786e\u5b9e\u4e5f\u60f3\u9648\u51a0\u5e0c\uff1b3\u3001\u524d\u4e24\u70b9\u4e0d\u77db\u76fe\u3002 \u200b\u200b\u200b","source":"\u5fae\u535a weibo.com","favorited":false,"is_paid":false,"mblog_vip_type":0,"user":{"id":1401527553,"screen_name":"tombkeeper","profile_image_url":"https:\/\/tva2.sinaimg.cn\/crop.0.0.180.180.180\/53899d01jw8fcb9qpe7vbj2050050mx8.jpg","profile_url":"https:\/\/m.weibo.cn\/u\/1401527553?uid=1401527553&luicode=10000011&lfid=1076031401527553","statuses_count":15425,"verified":true,"verified_type":0,"verified_type_ext":1,"verified_reason":"\u77e5\u540d\u4e92\u8054\u7f51\u8d44\u8baf\u535a\u4e3b","close_blue_v":false,"description":"\u5fae\u535a\u672c\u5730\u8d44\u8baf\u535a\u4e3b\uff08\u521a\u679c\u5e03\u62c9\u67f4\u7ef4\u5c14\uff09","gender":"m","mbtype":12,"urank":48,"mbrank":6,"follow_me":false,"following":false,"followers_count":192533,"follow_count":277,"cover_image_phone":"https:\/\/tva1.sinaimg.cn\/crop.0.0.640.640.640\/549d0121tw1egm1kjly3jj20hs0hsq4f.jpg","avatar_hd":"https:\/\/ww2.sinaimg.cn\/orj480\/53899d01jw8fcb9qpe7vbj2050050mx8.jpg","like":false,"like_me":false,"badge":{"bind_taobao":1,"dzwbqlx_2016":1,"follow_whitelist_video":1,"hongbao_2018":1}},"reposts_count":21,"comments_count":13,"attitudes_count":1,"pending_approval_count":0,"isLongText":false,"visible":{"type":0,"list_id":0},"more_info_type":0,"content_auth":0,"edit_config":{"edited":false},"bid":"yFwtVohjR"},"reposts_count":2,"comments_count":12,"attitudes_count":0,"pending_approval_count":0,"isLongText":false,"visible":{"type":0,"list_id":0},"more_info_type":0,"content_auth":0,"edit_config":{"edited":false},"mblogtype":0,"obj_ext":"","raw_text":"\u56de\u590d@\u84dd\u847b: \u4f60\u89c9\u5f97\u9648\u51a0\u5e0c\u4e00\u70b9\u9519\u6ca1\u6709\uff0c\u4f46\u5f88\u591a\u5973\u540c\u5fd7\u8ba4\u4e3a\u9519\u5f88\u5927\uff0c\u6240\u4ee5\u8bf4\u6709\u4e89\u8bae\u30022005\u5e74\u82f1\u56fd\u6709\u4e2a\u59d1\u5a18\u5f80\u526f\u9996\u76f8\u8eab\u4e0a\u6254\u9e21\u86cb\uff0c\u547d\u4e2d\uff0c\u7f5a\u4e8680\u82f1\u9551\u3002\u90a3\u59d1\u5a18\u8bf4\u8fd9\u94b1\u82b1\u5f97\u5fd2\u503c\u4e86\u3002\u6211\u89c9\u5f97\u5979\u5e94\u8be5\u53d7\u7f5a\u6b3e\uff0c\u53e6\u5916\u6211\u4e5f\u89c9\u5f97\u5979\u82b1\u5f97\u503c\u3002 \/\/@\u84dd\u847b:\u6254\u978b\u6270\u4e71\u6cbb\u5b89\u9020\u6210\u4f24\u5bb3\uff0c\u9648\u51a0\u5e0c\u4e00\u70b9\u9519\u6ca1\u6709\u8fd9\u4e0d\u80fd\u6bd4\u8f83","bid":"yFx09eeJG"},"show_type":0},{"card_type":9,"itemid":"1076031401527553_-_3498974830950664","scheme":"https:\/\/m.weibo.cn\/status\/yFwMP3Zji?mblogid=yFwMP3Zji&luicode=10000011&lfid=1076031401527553","mblog":{"created_at":"2012-10-08","id":"3498974830950664","idstr":"3498974830950664","mid":"3498974830950664","can_edit":false,"text":"\u6709\u4e9b\u5730\u65b9\u4e0d\u6613\u4e70\u5230\u77ed\u6ce2\u6536\u97f3\u673a\u5e76\u4e0d\u662f\u56e0\u4e3a\u5b98\u65b9\u7981\u6b62\uff0c\u800c\u662f\u56e0\u4e3a\u5e02\u573a\u9700\u6c42\u4e0d\u5927\u2014\u2014\u7c7b\u4f3c\u4ed6\u4eec\u7684\u57ce\u5e02\u5c45\u6c11\u5bf9\u7535\u89c6\u536b\u661f\u63a5\u6536\u5929\u7ebf\u7684\u9700\u6c42\u4e5f\u5e76\u4e0d\u50cf\u54b1\u4eec\u8fd9\u4e48\u65fa\u76db\u4e00\u6837\u3002","source":"\u5fae\u535a weibo.com","favorited":false,"is_paid":false,"mblog_vip_type":0,"user":{"id":1401527553,"screen_name":"tombkeeper","profile_image_url":"https:\/\/tva2.sinaimg.cn\/crop.0.0.180.180.180\/53899d01jw8fcb9qpe7vbj2050050mx8.jpg","profile_url":"https:\/\/m.weibo.cn\/u\/1401527553?uid=1401527553&luicode=10000011&lfid=1076031401527553","statuses_count":15425,"verified":true,"verified_type":0,"verified_type_ext":1,"verified_reason":"\u77e5\u540d\u4e92\u8054\u7f51\u8d44\u8baf\u535a\u4e3b","close_blue_v":false,"description":"\u5fae\u535a\u672c\u5730\u8d44\u8baf\u535a\u4e3b\uff08\u521a\u679c\u5e03\u62c9\u67f4\u7ef4\u5c14\uff09","gender":"m","mbtype":12,"urank":48,"mbrank":6,"follow_me":false,"following":false,"followers_count":192533,"follow_count":277,"cover_image_phone":"https:\/\/tva1.sinaimg.cn\/crop.0.0.640.640.640\/549d0121tw1egm1kjly3jj20hs0hsq4f.jpg","avatar_hd":"https:\/\/ww2.sinaimg.cn\/orj480\/53899d01jw8fcb9qpe7vbj2050050mx8.jpg","like":false,"like_me":false,"badge":{"bind_taobao":1,"dzwbqlx_2016":1,"follow_whitelist_video":1,"hongbao_2018":1}},"retweeted_status":{"created_at":"2012-10-08","id":"3498972121052658","idstr":"3498972121052658","mid":"3498972121052658","can_edit":false,"text":"\u7f8e\u56fd\u7684\u786e\u6709\u6cd5\u5f8b\u7981\u6b62\u5177\u6709\u653f\u5e9c\u80cc\u666f\u7684\u7f8e\u56fd\u4e4b\u97f3\u5411\u7f8e\u56fd\u516c\u6c11\u5e7f\u64ad\uff0c\u4ed6\u4eec\u7acb\u6cd5\u7981\u6b62\u7684\u539f\u56e0\u662f\uff1a\u201c\u7f8e\u56fd\u7eb3\u7a0e\u4eba\u80af\u5b9a\u4e0d\u9700\u8981\u3001\u4e5f\u4e0d\u5e0c\u671b\u81ea\u5df1\u7684\u94b1\u88ab\u7528\u6765\u652f\u6301\u653f\u5e9c\u5411\u81ea\u5df1\u704c\u8f93\u5ba3\u4f20\u3002\u7f8e\u56fd\u4e0d\u80fd\u50cf\u5171\u4ea7\u515a\u56fd\u5bb6\u4e00\u6837\uff0c\u7528\u56fd\u5bb6\u8d44\u6e90\u64cd\u529e\u5ba3\u4f20\u673a\u5668\uff0c\u548c\u6c11\u95f4\u65b0\u95fb\u673a\u6784\u7ade\u4e89\uff0c\u5e76\u5de6\u53f3\u516c\u4f17\u8206\u8bba\u201d\u2014\u2014\u53c2\u8bae\u5458Edward Zorinsky\u3002 \u200b\u200b\u200b","source":"\u5fae\u535a weibo.com","favorited":false,"thumbnail_pic":"http:\/\/ww4.sinaimg.cn\/thumbnail\/53899d01gw1dxo4hmwzldg.gif","bmiddle_pic":"http:\/\/ww4.sinaimg.cn\/bmiddle\/53899d01gw1dxo4hmwzldg.gif","original_pic":"http:\/\/ww4.sinaimg.cn\/large\/53899d01gw1dxo4hmwzldg.gif","is_paid":false,"mblog_vip_type":0,"user":{"id":1401527553,"screen_name":"tombkeeper","profile_image_url":"https:\/\/tva2.sinaimg.cn\/crop.0.0.180.180.180\/53899d01jw8fcb9qpe7vbj2050050mx8.jpg","profile_url":"https:\/\/m.weibo.cn\/u\/1401527553?uid=1401527553&luicode=10000011&lfid=1076031401527553","statuses_count":15425,"verified":true,"verified_type":0,"verified_type_ext":1,"verified_reason":"\u77e5\u540d\u4e92\u8054\u7f51\u8d44\u8baf\u535a\u4e3b","close_blue_v":false,"description":"\u5fae\u535a\u672c\u5730\u8d44\u8baf\u535a\u4e3b\uff08\u521a\u679c\u5e03\u62c9\u67f4\u7ef4\u5c14\uff09","gender":"m","mbtype":12,"urank":48,"mbrank":6,"follow_me":false,"following":false,"followers_count":192533,"follow_count":277,"cover_image_phone":"https:\/\/tva1.sinaimg.cn\/crop.0.0.640.640.640\/549d0121tw1egm1kjly3jj20hs0hsq4f.jpg","avatar_hd":"https:\/\/ww2.sinaimg.cn\/orj480\/53899d01jw8fcb9qpe7vbj2050050mx8.jpg","like":false,"like_me":false,"badge":{"bind_taobao":1,"dzwbqlx_2016":1,"follow_whitelist_video":1,"hongbao_2018":1}},"reposts_count":46,"comments_count":9,"attitudes_count":1,"pending_approval_count":0,"isLongText":false,"visible":{"type":0,"list_id":0},"more_info_type":0,"content_auth":0,"edit_config":{"edited":false},"bid":"yFwIs4pQm","pics":[{"pid":"53899d01gw1dxo4hmwzldg","url":"https:\/\/ww4.sinaimg.cn\/orj360\/53899d01gw1dxo4hmwzldg.gif","size":"orj360","geo":false,"large":{"size":"large","url":"https:\/\/ww4.sinaimg.cn\/large\/53899d01gw1dxo4hmwzldg.gif","geo":false}}]},"reposts_count":5,"comments_count":6,"attitudes_count":0,"pending_approval_count":0,"isLongText":false,"visible":{"type":0,"list_id":0},"more_info_type":0,"content_auth":0,"edit_config":{"edited":false},"mblogtype":0,"obj_ext":"","raw_text":"\u6709\u4e9b\u5730\u65b9\u4e0d\u6613\u4e70\u5230\u77ed\u6ce2\u6536\u97f3\u673a\u5e76\u4e0d\u662f\u56e0\u4e3a\u5b98\u65b9\u7981\u6b62\uff0c\u800c\u662f\u56e0\u4e3a\u5e02\u573a\u9700\u6c42\u4e0d\u5927\u2014\u2014\u7c7b\u4f3c\u4ed6\u4eec\u7684\u57ce\u5e02\u5c45\u6c11\u5bf9\u7535\u89c6\u536b\u661f\u63a5\u6536\u5929\u7ebf\u7684\u9700\u6c42\u4e5f\u5e76\u4e0d\u50cf\u54b1\u4eec\u8fd9\u4e48\u65fa\u76db\u4e00\u6837\u3002","bid":"yFwMP3Zji"},"show_type":0},{"card_type":9,"itemid":"1076031401527553_-_3498972121052658","scheme":"https:\/\/m.weibo.cn\/status\/yFwIs4pQm?mblogid=yFwIs4pQm&luicode=10000011&lfid=1076031401527553","mblog":{"created_at":"2012-10-08","id":"3498972121052658","idstr":"3498972121052658","mid":"3498972121052658","can_edit":false,"text":"\u7f8e\u56fd\u7684\u786e\u6709\u6cd5\u5f8b\u7981\u6b62\u5177\u6709\u653f\u5e9c\u80cc\u666f\u7684\u7f8e\u56fd\u4e4b\u97f3\u5411\u7f8e\u56fd\u516c\u6c11\u5e7f\u64ad\uff0c\u4ed6\u4eec\u7acb\u6cd5\u7981\u6b62\u7684\u539f\u56e0\u662f\uff1a\u201c\u7f8e\u56fd\u7eb3\u7a0e\u4eba\u80af\u5b9a\u4e0d\u9700\u8981\u3001\u4e5f\u4e0d\u5e0c\u671b\u81ea\u5df1\u7684\u94b1\u88ab\u7528\u6765\u652f\u6301\u653f\u5e9c\u5411\u81ea\u5df1\u704c\u8f93\u5ba3\u4f20\u3002\u7f8e\u56fd\u4e0d\u80fd\u50cf\u5171\u4ea7\u515a\u56fd\u5bb6\u4e00\u6837\uff0c\u7528\u56fd\u5bb6\u8d44\u6e90\u64cd\u529e\u5ba3\u4f20\u673a\u5668\uff0c\u548c\u6c11\u95f4\u65b0\u95fb\u673a\u6784\u7ade\u4e89\uff0c\u5e76\u5de6\u53f3\u516c\u4f17\u8206\u8bba\u201d\u2014\u2014\u53c2\u8bae\u5458Edward Zorinsky\u3002 \u200b\u200b\u200b","source":"\u5fae\u535a weibo.com","favorited":false,"thumbnail_pic":"http:\/\/ww4.sinaimg.cn\/thumbnail\/53899d01gw1dxo4hmwzldg.gif","bmiddle_pic":"http:\/\/ww4.sinaimg.cn\/bmiddle\/53899d01gw1dxo4hmwzldg.gif","original_pic":"http:\/\/ww4.sinaimg.cn\/large\/53899d01gw1dxo4hmwzldg.gif","is_paid":false,"mblog_vip_type":0,"user":{"id":1401527553,"screen_name":"tombkeeper","profile_image_url":"https:\/\/tva2.sinaimg.cn\/crop.0.0.180.180.180\/53899d01jw8fcb9qpe7vbj2050050mx8.jpg","profile_url":"https:\/\/m.weibo.cn\/u\/1401527553?uid=1401527553&luicode=10000011&lfid=1076031401527553","statuses_count":15425,"verified":true,"verified_type":0,"verified_type_ext":1,"verified_reason":"\u77e5\u540d\u4e92\u8054\u7f51\u8d44\u8baf\u535a\u4e3b","close_blue_v":false,"description":"\u5fae\u535a\u672c\u5730\u8d44\u8baf\u535a\u4e3b\uff08\u521a\u679c\u5e03\u62c9\u67f4\u7ef4\u5c14\uff09","gender":"m","mbtype":12,"urank":48,"mbrank":6,"follow_me":false,"following":false,"followers_count":192533,"follow_count":277,"cover_image_phone":"https:\/\/tva1.sinaimg.cn\/crop.0.0.640.640.640\/549d0121tw1egm1kjly3jj20hs0hsq4f.jpg","avatar_hd":"https:\/\/ww2.sinaimg.cn\/orj480\/53899d01jw8fcb9qpe7vbj2050050mx8.jpg","like":false,"like_me":false,"badge":{"bind_taobao":1,"dzwbqlx_2016":1,"follow_whitelist_video":1,"hongbao_2018":1}},"reposts_count":46,"comments_count":9,"attitudes_count":1,"pending_approval_count":0,"isLongText":false,"visible":{"type":0,"list_id":0},"more_info_type":0,"content_auth":0,"edit_config":{"edited":false},"mblogtype":0,"bid":"yFwIs4pQm","pics":[{"pid":"53899d01gw1dxo4hmwzldg","url":"https:\/\/ww4.sinaimg.cn\/orj360\/53899d01gw1dxo4hmwzldg.gif","size":"orj360","geo":false,"large":{"size":"large","url":"https:\/\/ww4.sinaimg.cn\/large\/53899d01gw1dxo4hmwzldg.gif","geo":false}}]},"show_type":0},{"card_type":9,"itemid":"1076031401527553_-_3498970393105594","scheme":"https:\/\/m.weibo.cn\/status\/yFwFFd1Ue?mblogid=yFwFFd1Ue&luicode=10000011&lfid=1076031401527553","mblog":{"created_at":"2012-10-08","id":"3498970393105594","idstr":"3498970393105594","mid":"3498970393105594","can_edit":false,"text":"\u56de\u590d<a href='https:\/\/m.weibo.cn\/n\/\u771f-\u67f3\u5821'>@\u771f-\u67f3\u5821<\/a>: \u6ca1\u9519\uff0c\u4e3e\u9648\u51a0\u5e0c\u7684\u4f8b\u5b50\uff0c\u5c31\u662f\u56e0\u4e3a\u4ed6\u7684\u201c\u4e0d\u5bf9\u201d\u540c\u6837\u662f\u6709\u4e89\u8bae\u7684\u3002\u8981\u4e3e\u201c\u5ad6\u5bbf\u5e7c\u5973\u201d\u4ec0\u4e48\u7684\u4f8b\u5b50\uff0c\u5c31\u5c5e\u4e8e\u5f3a\u626f\u4e86\u3002\u8bf4\u8fd9\u4e2a\uff0c\u662f\u5e0c\u671b\u5927\u5bb6\u5206\u6e05\u695a\u7406\u6027\u548c\u60c5\u611f\uff0c\u60f3\u6254\u7684\uff0c\u4e0d\u8981\u56e0\u4e3a\u77e5\u9053\u6254\u978b\u4e0d\u5bf9\u5c31\u9a97\u81ea\u5df1\u8bf4\u5176\u5b9e\u4e0d\u60f3\u6254\u3002 \/\/<a href='https:\/\/m.weibo.cn\/n\/\u771f-\u67f3\u5821'>@\u771f-\u67f3\u5821<\/a>:\u9648\u51a0\u5e0c\u54ea\u91cc\u4e0d\u5bf9\u4e86\uff1f\uff1f\uff1f\uff1f\u4e0d\u5bf9\u7684\u662f\u6cc4\u9732\u4eba\u5bb6\u9690\u79c1\u7684\u4eba\u597d\u5417","source":"\u5fae\u535a weibo.com","favorited":false,"is_paid":false,"mblog_vip_type":0,"user":{"id":1401527553,"screen_name":"tombkeeper","profile_image_url":"https:\/\/tva2.sinaimg.cn\/crop.0.0.180.180.180\/53899d01jw8fcb9qpe7vbj2050050mx8.jpg","profile_url":"https:\/\/m.weibo.cn\/u\/1401527553?uid=1401527553&luicode=10000011&lfid=1076031401527553","statuses_count":15425,"verified":true,"verified_type":0,"verified_type_ext":1,"verified_reason":"\u77e5\u540d\u4e92\u8054\u7f51\u8d44\u8baf\u535a\u4e3b","close_blue_v":false,"description":"\u5fae\u535a\u672c\u5730\u8d44\u8baf\u535a\u4e3b\uff08\u521a\u679c\u5e03\u62c9\u67f4\u7ef4\u5c14\uff09","gender":"m","mbtype":12,"urank":48,"mbrank":6,"follow_me":false,"following":false,"followers_count":192533,"follow_count":277,"cover_image_phone":"https:\/\/tva1.sinaimg.cn\/crop.0.0.640.640.640\/549d0121tw1egm1kjly3jj20hs0hsq4f.jpg","avatar_hd":"https:\/\/ww2.sinaimg.cn\/orj480\/53899d01jw8fcb9qpe7vbj2050050mx8.jpg","like":false,"like_me":false,"badge":{"bind_taobao":1,"dzwbqlx_2016":1,"follow_whitelist_video":1,"hongbao_2018":1}},"retweeted_status":{"created_at":"2012-10-08","id":"3498963115786451","idstr":"3498963115786451","mid":"3498963115786451","can_edit":false,"text":"\u6254\u978b\u8fd9\u4e8b\u513f\u5176\u5b9e\u5f88\u7b80\u5355\uff1a1\u3001\u6254\u978b\u662f\u4e0d\u5bf9\u7684\uff1b2\u3001\u4f46\u6211\u786e\u5b9e\u4e5f\u60f3\u6254\uff1b3\u3001\u524d\u4e24\u70b9\u4e0d\u77db\u76fe\u30021\u548c2\u5f97\u5206\u5f00\uff0c\u628a\u8fd9\u4e24\u70b9\u6df7\u4e00\u5757\u513f\u662f\u4ed6\u4eec\u5e38\u7528\u7684\u5ffd\u60a0\u672f\u3002\u4e0d\u597d\u7406\u89e3\uff1f\u90a3\u8fd9\u4e48\u8bf4\uff1a1\u3001\u9648\u51a0\u5e0c\u662f\u4e0d\u5bf9\u7684\uff1b2\u3001\u4f46\u6211\u786e\u5b9e\u4e5f\u60f3\u9648\u51a0\u5e0c\uff1b3\u3001\u524d\u4e24\u70b9\u4e0d\u77db\u76fe\u3002 \u200b\u200b\u200b","source":"\u5fae\u535a weibo.com","favorited":false,"is_paid":false,"mblog_vip_type":0,"user":{"id":1401527553,"screen_name":"tombkeeper","profile_image_url":"https:\/\/tva2.sinaimg.cn\/crop.0.0.180.180.180\/53899d01jw8fcb9qpe7vbj2050050mx8.jpg","profile_url":"https:\/\/m.weibo.cn\/u\/1401527553?uid=1401527553&luicode=10000011&lfid=1076031401527553","statuses_count":15425,"verified":true,"verified_type":0,"verified_type_ext":1,"verified_reason":"\u77e5\u540d\u4e92\u8054\u7f51\u8d44\u8baf\u535a\u4e3b","close_blue_v":false,"description":"\u5fae\u535a\u672c\u5730\u8d44\u8baf\u535a\u4e3b\uff08\u521a\u679c\u5e03\u62c9\u67f4\u7ef4\u5c14\uff09","gender":"m","mbtype":12,"urank":48,"mbrank":6,"follow_me":false,"following":false,"followers_count":192533,"follow_count":277,"cover_image_phone":"https:\/\/tva1.sinaimg.cn\/crop.0.0.640.640.640\/549d0121tw1egm1kjly3jj20hs0hsq4f.jpg","avatar_hd":"https:\/\/ww2.sinaimg.cn\/orj480\/53899d01jw8fcb9qpe7vbj2050050mx8.jpg","like":false,"like_me":false,"badge":{"bind_taobao":1,"dzwbqlx_2016":1,"follow_whitelist_video":1,"hongbao_2018":1}},"reposts_count":21,"comments_count":13,"attitudes_count":1,"pending_approval_count":0,"isLongText":false,"visible":{"type":0,"list_id":0},"more_info_type":0,"content_auth":0,"edit_config":{"edited":false},"bid":"yFwtVohjR"},"reposts_count":2,"comments_count":4,"attitudes_count":1,"pending_approval_count":0,"isLongText":false,"visible":{"type":0,"list_id":0},"more_info_type":0,"content_auth":0,"edit_config":{"edited":false},"mblogtype":0,"obj_ext":"","raw_text":"\u56de\u590d@\u771f-\u67f3\u5821: \u6ca1\u9519\uff0c\u4e3e\u9648\u51a0\u5e0c\u7684\u4f8b\u5b50\uff0c\u5c31\u662f\u56e0\u4e3a\u4ed6\u7684\u201c\u4e0d\u5bf9\u201d\u540c\u6837\u662f\u6709\u4e89\u8bae\u7684\u3002\u8981\u4e3e\u201c\u5ad6\u5bbf\u5e7c\u5973\u201d\u4ec0\u4e48\u7684\u4f8b\u5b50\uff0c\u5c31\u5c5e\u4e8e\u5f3a\u626f\u4e86\u3002\u8bf4\u8fd9\u4e2a\uff0c\u662f\u5e0c\u671b\u5927\u5bb6\u5206\u6e05\u695a\u7406\u6027\u548c\u60c5\u611f\uff0c\u60f3\u6254\u7684\uff0c\u4e0d\u8981\u56e0\u4e3a\u77e5\u9053\u6254\u978b\u4e0d\u5bf9\u5c31\u9a97\u81ea\u5df1\u8bf4\u5176\u5b9e\u4e0d\u60f3\u6254\u3002 \/\/@\u771f-\u67f3\u5821:\u9648\u51a0\u5e0c\u54ea\u91cc\u4e0d\u5bf9\u4e86\uff1f\uff1f\uff1f\uff1f\u4e0d\u5bf9\u7684\u662f\u6cc4\u9732\u4eba\u5bb6\u9690\u79c1\u7684\u4eba\u597d\u5417","bid":"yFwFFd1Ue"},"show_type":0},{"card_type":9,"itemid":"1076031401527553_-_3498963115786451","scheme":"https:\/\/m.weibo.cn\/status\/yFwtVohjR?mblogid=yFwtVohjR&luicode=10000011&lfid=1076031401527553","mblog":{"created_at":"2012-10-08","id":"3498963115786451","idstr":"3498963115786451","mid":"3498963115786451","can_edit":false,"text":"\u6254\u978b\u8fd9\u4e8b\u513f\u5176\u5b9e\u5f88\u7b80\u5355\uff1a1\u3001\u6254\u978b\u662f\u4e0d\u5bf9\u7684\uff1b2\u3001\u4f46\u6211\u786e\u5b9e\u4e5f\u60f3\u6254\uff1b3\u3001\u524d\u4e24\u70b9\u4e0d\u77db\u76fe\u30021\u548c2\u5f97\u5206\u5f00\uff0c\u628a\u8fd9\u4e24\u70b9\u6df7\u4e00\u5757\u513f\u662f\u4ed6\u4eec\u5e38\u7528\u7684\u5ffd\u60a0\u672f\u3002\u4e0d\u597d\u7406\u89e3\uff1f\u90a3\u8fd9\u4e48\u8bf4\uff1a1\u3001\u9648\u51a0\u5e0c\u662f\u4e0d\u5bf9\u7684\uff1b2\u3001\u4f46\u6211\u786e\u5b9e\u4e5f\u60f3\u9648\u51a0\u5e0c\uff1b3\u3001\u524d\u4e24\u70b9\u4e0d\u77db\u76fe\u3002 \u200b\u200b\u200b","source":"\u5fae\u535a weibo.com","favorited":false,"is_paid":false,"mblog_vip_type":0,"user":{"id":1401527553,"screen_name":"tombkeeper","profile_image_url":"https:\/\/tva2.sinaimg.cn\/crop.0.0.180.180.180\/53899d01jw8fcb9qpe7vbj2050050mx8.jpg","profile_url":"https:\/\/m.weibo.cn\/u\/1401527553?uid=1401527553&luicode=10000011&lfid=1076031401527553","statuses_count":15425,"verified":true,"verified_type":0,"verified_type_ext":1,"verified_reason":"\u77e5\u540d\u4e92\u8054\u7f51\u8d44\u8baf\u535a\u4e3b","close_blue_v":false,"description":"\u5fae\u535a\u672c\u5730\u8d44\u8baf\u535a\u4e3b\uff08\u521a\u679c\u5e03\u62c9\u67f4\u7ef4\u5c14\uff09","gender":"m","mbtype":12,"urank":48,"mbrank":6,"follow_me":false,"following":false,"followers_count":192533,"follow_count":277,"cover_image_phone":"https:\/\/tva1.sinaimg.cn\/crop.0.0.640.640.640\/549d0121tw1egm1kjly3jj20hs0hsq4f.jpg","avatar_hd":"https:\/\/ww2.sinaimg.cn\/orj480\/53899d01jw8fcb9qpe7vbj2050050mx8.jpg","like":false,"like_me":false,"badge":{"bind_taobao":1,"dzwbqlx_2016":1,"follow_whitelist_video":1,"hongbao_2018":1}},"reposts_count":21,"comments_count":13,"attitudes_count":1,"pending_approval_count":0,"isLongText":false,"visible":{"type":0,"list_id":0},"more_info_type":0,"content_auth":0,"edit_config":{"edited":false},"mblogtype":0,"bid":"yFwtVohjR"},"show_type":0},{"card_type":9,"itemid":"1076031401527553_-_3498878562796478","scheme":"https:\/\/m.weibo.cn\/status\/yFuhybJuu?mblogid=yFuhybJuu&luicode=10000011&lfid=1076031401527553","mblog":{"created_at":"2012-10-08","id":"3498878562796478","idstr":"3498878562796478","mid":"3498878562796478","can_edit":false,"text":"\u56de\u590d<a href='https:\/\/m.weibo.cn\/n\/Derek020'>@Derek020<\/a>: \u7528\u5b8c\u4e86\uff0c\u4f46\u54b1\u4eca\u5e74\u4e0d\u662f\u548c\u65e5\u672c\u95f9\u522b\u626d\u5417\uff0c\u4ed6\u4eec\u5382\u957f\u7279\u522b\u7231\u56fd\uff0c\u51b3\u5b9a\u4ee5\u540e\u4e0d\u518d\u4ece\u65e5\u672c\u8fdb\u8d27\u4e86\uff0c\u6539\u7528\u6d2a\u90fd\u62c9\u65af\u4ea7\u7684\uff0c\u73b0\u5728\u836f\u6548\u6bd4\u4ee5\u524d\u5dee\u591a\u4e86\uff0c\u8fd8\u4e0d\u5982\u897f\u836f\u5462\u3002 \/\/<a href='https:\/\/m.weibo.cn\/n\/Derek020'>@Derek020<\/a>:\u8001\u4eba\u4f1a\u6bcf\u4e2a\u6708\u95ee\u4f60\u4e00\u6b21\uff0c\u90a3\u6279\u539f\u6599\u7528\u5b8c\u4e86\u5417\u3002\u6216\u8005\u518d\u542c\u4fe1\u53e6\u4e00\u4e2a\u6545\u4e8b","source":"\u5fae\u535a weibo.com","favorited":false,"is_paid":false,"mblog_vip_type":0,"user":{"id":1401527553,"screen_name":"tombkeeper","profile_image_url":"https:\/\/tva2.sinaimg.cn\/crop.0.0.180.180.180\/53899d01jw8fcb9qpe7vbj2050050mx8.jpg","profile_url":"https:\/\/m.weibo.cn\/u\/1401527553?uid=1401527553&luicode=10000011&lfid=1076031401527553","statuses_count":15425,"verified":true,"verified_type":0,"verified_type_ext":1,"verified_reason":"\u77e5\u540d\u4e92\u8054\u7f51\u8d44\u8baf\u535a\u4e3b","close_blue_v":false,"description":"\u5fae\u535a\u672c\u5730\u8d44\u8baf\u535a\u4e3b\uff08\u521a\u679c\u5e03\u62c9\u67f4\u7ef4\u5c14\uff09","gender":"m","mbtype":12,"urank":48,"mbrank":6,"follow_me":false,"following":false,"followers_count":192533,"follow_count":277,"cover_image_phone":"https:\/\/tva1.sinaimg.cn\/crop.0.0.640.640.640\/549d0121tw1egm1kjly3jj20hs0hsq4f.jpg","avatar_hd":"https:\/\/ww2.sinaimg.cn\/orj480\/53899d01jw8fcb9qpe7vbj2050050mx8.jpg","like":false,"like_me":false,"badge":{"bind_taobao":1,"dzwbqlx_2016":1,"follow_whitelist_video":1,"hongbao_2018":1}},"retweeted_status":{"created_at":"2012-10-08","id":"3498873953274335","idstr":"3498873953274335","mid":"3498873953274335","can_edit":false,"text":"\u4e0a\u4e2a\u6708\u4e00\u540c\u4e8b\u95ee\u6211\u5982\u4f55\u8bf4\u670d\u5bb6\u91cc\u8001\u4eba\u4e0d\u8981\u4e70\u67d0\u4e09\u65e0\u964d\u7cd6\u4e2d\u836f\u3002\u6211\u8bf4\u4f60\u5343\u4e07\u522b\u8ddf\u8001\u4eba\u8c08\u79d1\u5b66\uff0c\u522b\u8bf4\u8fd9\u7c7b\u4e1c\u897f\u90fd\u662f\u9a97\u5b50\u5565\u7684\uff0c\u6211\u5e2e\u4f60\u7f16\u4e2a\u778e\u8bdd\uff1a\u5148\u80af\u5b9a\u8001\u4eba\u7684\u6d88\u606f\u662f\u5bf9\u7684\uff1a\u8fd9\u836f\u786e\u5b9e\u597d\u3002\u4f46\u542c\u5546\u52a1\u90e8\u7684\u670b\u53cb\u8bf4\u90a3\u5bb6\u836f\u5382\u53bb\u5e74\u4ece\u65e5\u672c\u8fdb\u7684\u4e00\u6279\u539f\u6599\u88ab\u6838\u7535\u7ad9\u6c61\u67d3\u4e86\u3002\u5148\u522b\u6025\uff0c\u7b49\u7b49\uff0c\u7b49\u4ed6\u4eec\u6709\u8f90\u5c04\u7684\u539f\u6599\u7528\u5b8c\u4e86\u751f\u4ea7\u65b0\u7684\u54b1\u518d\u4e70\u3002 \u200b\u200b\u200b","source":"\u5fae\u535a weibo.com","favorited":false,"thumbnail_pic":"http:\/\/ww2.sinaimg.cn\/thumbnail\/53899d01jw1dxnt8e4rmqg.gif","bmiddle_pic":"http:\/\/ww2.sinaimg.cn\/bmiddle\/53899d01jw1dxnt8e4rmqg.gif","original_pic":"http:\/\/ww2.sinaimg.cn\/large\/53899d01jw1dxnt8e4rmqg.gif","is_paid":false,"mblog_vip_type":0,"user":{"id":1401527553,"screen_name":"tombkeeper","profile_image_url":"https:\/\/tva2.sinaimg.cn\/crop.0.0.180.180.180\/53899d01jw8fcb9qpe7vbj2050050mx8.jpg","profile_url":"https:\/\/m.weibo.cn\/u\/1401527553?uid=1401527553&luicode=10000011&lfid=1076031401527553","statuses_count":15425,"verified":true,"verified_type":0,"verified_type_ext":1,"verified_reason":"\u77e5\u540d\u4e92\u8054\u7f51\u8d44\u8baf\u535a\u4e3b","close_blue_v":false,"description":"\u5fae\u535a\u672c\u5730\u8d44\u8baf\u535a\u4e3b\uff08\u521a\u679c\u5e03\u62c9\u67f4\u7ef4\u5c14\uff09","gender":"m","mbtype":12,"urank":48,"mbrank":6,"follow_me":false,"following":false,"followers_count":192533,"follow_count":277,"cover_image_phone":"https:\/\/tva1.sinaimg.cn\/crop.0.0.640.640.640\/549d0121tw1egm1kjly3jj20hs0hsq4f.jpg","avatar_hd":"https:\/\/ww2.sinaimg.cn\/orj480\/53899d01jw8fcb9qpe7vbj2050050mx8.jpg","like":false,"like_me":false,"badge":{"bind_taobao":1,"dzwbqlx_2016":1,"follow_whitelist_video":1,"hongbao_2018":1}},"reposts_count":105,"comments_count":32,"attitudes_count":0,"pending_approval_count":0,"isLongText":false,"visible":{"type":0,"list_id":0},"more_info_type":0,"content_auth":0,"edit_config":{"edited":false},"bid":"yFua7dJNR","pics":[{"pid":"53899d01jw1dxnt8e4rmqg","url":"https:\/\/ww2.sinaimg.cn\/orj360\/53899d01jw1dxnt8e4rmqg.gif","size":"orj360","geo":false,"large":{"size":"large","url":"https:\/\/ww2.sinaimg.cn\/large\/53899d01jw1dxnt8e4rmqg.gif","geo":false}}]},"reposts_count":9,"comments_count":9,"attitudes_count":0,"pending_approval_count":0,"isLongText":false,"visible":{"type":0,"list_id":0},"more_info_type":0,"content_auth":0,"edit_config":{"edited":false},"mblogtype":0,"obj_ext":"","raw_text":"\u56de\u590d@Derek020: \u7528\u5b8c\u4e86\uff0c\u4f46\u54b1\u4eca\u5e74\u4e0d\u662f\u548c\u65e5\u672c\u95f9\u522b\u626d\u5417\uff0c\u4ed6\u4eec\u5382\u957f\u7279\u522b\u7231\u56fd\uff0c\u51b3\u5b9a\u4ee5\u540e\u4e0d\u518d\u4ece\u65e5\u672c\u8fdb\u8d27\u4e86\uff0c\u6539\u7528\u6d2a\u90fd\u62c9\u65af\u4ea7\u7684\uff0c\u73b0\u5728\u836f\u6548\u6bd4\u4ee5\u524d\u5dee\u591a\u4e86\uff0c\u8fd8\u4e0d\u5982\u897f\u836f\u5462\u3002 \/\/@Derek020:\u8001\u4eba\u4f1a\u6bcf\u4e2a\u6708\u95ee\u4f60\u4e00\u6b21\uff0c\u90a3\u6279\u539f\u6599\u7528\u5b8c\u4e86\u5417\u3002\u6216\u8005\u518d\u542c\u4fe1\u53e6\u4e00\u4e2a\u6545\u4e8b","bid":"yFuhybJuu"},"show_type":0},{"card_type":9,"itemid":"1076031401527553_-_3498873953274335","scheme":"https:\/\/m.weibo.cn\/status\/yFua7dJNR?mblogid=yFua7dJNR&luicode=10000011&lfid=1076031401527553","mblog":{"created_at":"2012-10-08","id":"3498873953274335","idstr":"3498873953274335","mid":"3498873953274335","can_edit":false,"text":"\u4e0a\u4e2a\u6708\u4e00\u540c\u4e8b\u95ee\u6211\u5982\u4f55\u8bf4\u670d\u5bb6\u91cc\u8001\u4eba\u4e0d\u8981\u4e70\u67d0\u4e09\u65e0\u964d\u7cd6\u4e2d\u836f\u3002\u6211\u8bf4\u4f60\u5343\u4e07\u522b\u8ddf\u8001\u4eba\u8c08\u79d1\u5b66\uff0c\u522b\u8bf4\u8fd9\u7c7b\u4e1c\u897f\u90fd\u662f\u9a97\u5b50\u5565\u7684\uff0c\u6211\u5e2e\u4f60\u7f16\u4e2a\u778e\u8bdd\uff1a\u5148\u80af\u5b9a\u8001\u4eba\u7684\u6d88\u606f\u662f\u5bf9\u7684\uff1a\u8fd9\u836f\u786e\u5b9e\u597d\u3002\u4f46\u542c\u5546\u52a1\u90e8\u7684\u670b\u53cb\u8bf4\u90a3\u5bb6\u836f\u5382\u53bb\u5e74\u4ece\u65e5\u672c\u8fdb\u7684\u4e00\u6279\u539f\u6599\u88ab\u6838\u7535\u7ad9\u6c61\u67d3\u4e86\u3002\u5148\u522b\u6025\uff0c\u7b49\u7b49\uff0c\u7b49\u4ed6\u4eec\u6709\u8f90\u5c04\u7684\u539f\u6599\u7528\u5b8c\u4e86\u751f\u4ea7\u65b0\u7684\u54b1\u518d\u4e70\u3002 \u200b\u200b\u200b","source":"\u5fae\u535a weibo.com","favorited":false,"thumbnail_pic":"http:\/\/ww2.sinaimg.cn\/thumbnail\/53899d01jw1dxnt8e4rmqg.gif","bmiddle_pic":"http:\/\/ww2.sinaimg.cn\/bmiddle\/53899d01jw1dxnt8e4rmqg.gif","original_pic":"http:\/\/ww2.sinaimg.cn\/large\/53899d01jw1dxnt8e4rmqg.gif","is_paid":false,"mblog_vip_type":0,"user":{"id":1401527553,"screen_name":"tombkeeper","profile_image_url":"https:\/\/tva2.sinaimg.cn\/crop.0.0.180.180.180\/53899d01jw8fcb9qpe7vbj2050050mx8.jpg","profile_url":"https:\/\/m.weibo.cn\/u\/1401527553?uid=1401527553&luicode=10000011&lfid=1076031401527553","statuses_count":15425,"verified":true,"verified_type":0,"verified_type_ext":1,"verified_reason":"\u77e5\u540d\u4e92\u8054\u7f51\u8d44\u8baf\u535a\u4e3b","close_blue_v":false,"description":"\u5fae\u535a\u672c\u5730\u8d44\u8baf\u535a\u4e3b\uff08\u521a\u679c\u5e03\u62c9\u67f4\u7ef4\u5c14\uff09","gender":"m","mbtype":12,"urank":48,"mbrank":6,"follow_me":false,"following":false,"followers_count":192533,"follow_count":277,"cover_image_phone":"https:\/\/tva1.sinaimg.cn\/crop.0.0.640.640.640\/549d0121tw1egm1kjly3jj20hs0hsq4f.jpg","avatar_hd":"https:\/\/ww2.sinaimg.cn\/orj480\/53899d01jw8fcb9qpe7vbj2050050mx8.jpg","like":false,"like_me":false,"badge":{"bind_taobao":1,"dzwbqlx_2016":1,"follow_whitelist_video":1,"hongbao_2018":1}},"reposts_count":105,"comments_count":32,"attitudes_count":0,"pending_approval_count":0,"isLongText":false,"visible":{"type":0,"list_id":0},"more_info_type":0,"content_auth":0,"edit_config":{"edited":false},"mblogtype":0,"bid":"yFua7dJNR","pics":[{"pid":"53899d01jw1dxnt8e4rmqg","url":"https:\/\/ww2.sinaimg.cn\/orj360\/53899d01jw1dxnt8e4rmqg.gif","size":"orj360","geo":false,"large":{"size":"large","url":"https:\/\/ww2.sinaimg.cn\/large\/53899d01jw1dxnt8e4rmqg.gif","geo":false}}]},"show_type":0},{"card_type":9,"itemid":"1076031401527553_-_3498831385330757","scheme":"https:\/\/m.weibo.cn\/status\/yFt3smmLX?mblogid=yFt3smmLX&luicode=10000011&lfid=1076031401527553","mblog":{"created_at":"2012-10-08","id":"3498831385330757","idstr":"3498831385330757","mid":"3498831385330757","can_edit":false,"text":"\u201c\u4eca\u65e5\u8bdd\u9898\u201d\u6709RSS\uff1a<a data-url=\"http:\/\/t.cn\/zOi6r6I\" target=\"_blank\" href=\"https:\/\/weibo.cn\/sinaurl\/blocked073399c6?luicode=10000011&lfid=1076031401527553&u=http%3A%2F%2Fview.news.qq.com%2Findex2010%2Fzhuanti%2Fztrss.xml&ep=yFt3smmLX%252C1401527553%252Cyi3M1EAkf%252C1907888047\" class=\"\"><span class=\"url-icon\"><img src=\"\/\/h5.sinaimg.cn\/upload\/2015\/09\/25\/3\/timeline_card_small_web_default.png\"><\/span><\/i><span class=\"surl-text\">\u7f51\u9875\u94fe\u63a5<\/a>\uff0c\u4f46\u5386\u53f2\u7248\u6ca1\u6709\u3002\u4e0d\u8fc7\u53ef\u4ee5\u5728\u817e\u8baf\u5fae\u535a\u8ba2\u9605\u201c\u817e\u8baf\u5386\u53f2\u9891\u9053\u201d\u3002 \/\/<a href='https:\/\/m.weibo.cn\/n\/\u9c8d\u65ed\u534e-NSFOCUS'>@\u9c8d\u65ed\u534e-NSFOCUS<\/a>: \u597d\u50cf\u4e0d\u652f\u6301RSS\u8ba2\u9605\u5440\uff1f\/\/<a href='https:\/\/m.weibo.cn\/n\/tombkeeper'>@tombkeeper<\/a>: \u817e\u8baf\u7684\u201c\u4eca\u65e5\u8bdd\u9898\u201d\uff0c\u5c24\u5176\u662f\u5176\u5386\u53f2\u7248\uff0c\u548c\u96c5\u864e\u5b66\u5802\u76f8\u6bd4\uff0c\u5404\u6709\u5343\u79cb\uff0c\u90fd\u503c\u5f97\u8ba2\u9605\u3002","source":"\u5fae\u535a weibo.com","favorited":false,"is_paid":false,"mblog_vip_type":0,"user":{"id":1401527553,"screen_name":"tombkeeper","profile_image_url":"https:\/\/tva2.sinaimg.cn\/crop.0.0.180.180.180\/53899d01jw8fcb9qpe7vbj2050050mx8.jpg","profile_url":"https:\/\/m.weibo.cn\/u\/1401527553?uid=1401527553&luicode=10000011&lfid=1076031401527553","statuses_count":15425,"verified":true,"verified_type":0,"verified_type_ext":1,"verified_reason":"\u77e5\u540d\u4e92\u8054\u7f51\u8d44\u8baf\u535a\u4e3b","close_blue_v":false,"description":"\u5fae\u535a\u672c\u5730\u8d44\u8baf\u535a\u4e3b\uff08\u521a\u679c\u5e03\u62c9\u67f4\u7ef4\u5c14\uff09","gender":"m","mbtype":12,"urank":48,"mbrank":6,"follow_me":false,"following":false,"followers_count":192533,"follow_count":277,"cover_image_phone":"https:\/\/tva1.sinaimg.cn\/crop.0.0.640.640.640\/549d0121tw1egm1kjly3jj20hs0hsq4f.jpg","avatar_hd":"https:\/\/ww2.sinaimg.cn\/orj480\/53899d01jw8fcb9qpe7vbj2050050mx8.jpg","like":false,"like_me":false,"badge":{"bind_taobao":1,"dzwbqlx_2016":1,"follow_whitelist_video":1,"hongbao_2018":1}},"pid":3498801710579695,"retweeted_status":{"created_at":"2012-05-07","id":"3443044139672759","idstr":"3443044139672759","mid":"3443044139672759","can_edit":false,"text":"\u3010\u6bdb\u65f6\u4ee3\u6ca1\u591a\u5c11\u8150\u8d25\uff1f\u3011<a data-url=\"http:\/\/t.cn\/zOQCeqR\" target=\"_blank\" href=\"https:\/\/weibo.cn\/sinaurl\/blockedd6df5d77?luicode=10000011&lfid=1076031401527553&u=http%3A%2F%2Fview.news.qq.com%2Fzt2012%2Fggqfb%2Findex.htm&ep=yi3M1EAkf%252C1907888047%252Cyi3M1EAkf%252C1907888047\" class=\"\"><span class=\"url-icon\"><img src=\"\/\/h5.sinaimg.cn\/upload\/2015\/09\/25\/3\/timeline_card_small_web_default.png\"><\/span><\/i><span class=\"surl-text\">\u7f51\u9875\u94fe\u63a5<\/a> \u200b\u200b\u200b","source":"\u5fae\u535a\u684c\u9762","favorited":false,"thumbnail_pic":"http:\/\/ww2.sinaimg.cn\/thumbnail\/71b80fafjw1dspp9nm1ubj.jpg","bmiddle_pic":"http:\/\/ww2.sinaimg.cn\/bmiddle\/71b80fafjw1dspp9nm1ubj.jpg","original_pic":"http:\/\/ww2.sinaimg.cn\/large\/71b80fafjw1dspp9nm1ubj.jpg","is_paid":false,"mblog_vip_type":0,"user":{"id":1907888047,"screen_name":"\u66f9\u601d\u6e90","profile_image_url":"https:\/\/tva1.sinaimg.cn\/crop.0.0.180.180.180\/71b80fafjw1e8qgp5bmzyj2050050aa8.jpg","profile_url":"https:\/\/m.weibo.cn\/u\/1907888047?uid=1907888047&luicode=10000011&lfid=1076031401527553","statuses_count":10200,"verified":true,"verified_type":0,"verified_type_ext":0,"verified_reason":"\u5317\u4eac\u601d\u6e90\u793e\u4f1a\u79d1\u5b66\u7814\u7a76\u4e2d\u5fc3\u603b\u88c1\u3001\u601d\u6e90\u517c\u5e76\u4e0e\u7834\u4ea7\u54a8\u8be2\u4e8b\u52a1\u6240\u6240\u957f\u66f9\u601d\u6e90","close_blue_v":false,"description":"\u8457\u540d\u7ecf\u6d4e\u5b66\u5bb6\uff0c\u5baa\u653f\u7814\u7a76\u5b66\u8005\u3002\u4e2d\u56fd\u7b2c\u4e00\u5bb6\u6c11\u8425\u667a\u5e93\u521b\u529e\u4eba\uff0c\u66fe\u4e3b\u6301\u8d77\u8349\u4e2d\u56fd\u7b2c\u4e00\u90e8\u4f01\u4e1a\u7834\u4ea7\u6cd5\uff0c\u4eba\u9001\u5916\u53f7\u201c\u66f9\u7834\u4ea7\u201d\u3001\uff02\u66f9\u79c1\u6709\\\\&quot;\u3001\u201c\u66f9\u5baa\u653f\u201d\u3002","gender":"m","mbtype":0,"urank":25,"mbrank":0,"follow_me":false,"following":false,"followers_count":93978,"follow_count":786,"cover_image_phone":"https:\/\/tva1.sinaimg.cn\/crop.0.0.640.640.640\/549d0121tw1egm1kjly3jj20hs0hsq4f.jpg","avatar_hd":"https:\/\/ww1.sinaimg.cn\/orj480\/71b80fafjw1e8qgp5bmzyj2050050aa8.jpg","like":false,"like_me":false,"badge":{"unread_pool":1,"unread_pool_ext":1}},"reposts_count":493,"comments_count":98,"attitudes_count":0,"pending_approval_count":0,"isLongText":false,"visible":{"type":0,"list_id":0},"more_info_type":0,"content_auth":0,"edit_config":{"edited":false},"bid":"yi3M1EAkf","pics":[{"pid":"71b80fafjw1dspp9nm1ubj","url":"https:\/\/ww2.sinaimg.cn\/orj360\/71b80fafjw1dspp9nm1ubj.jpg","size":"orj360","geo":false,"large":{"size":"large","url":"https:\/\/ww2.sinaimg.cn\/large\/71b80fafjw1dspp9nm1ubj.jpg","geo":false}}]},"reposts_count":6,"comments_count":1,"attitudes_count":1,"pending_approval_count":0,"isLongText":false,"visible":{"type":0,"list_id":0},"more_info_type":0,"content_auth":0,"edit_config":{"edited":false},"mblogtype":0,"obj_ext":"","raw_text":"\u201c\u4eca\u65e5\u8bdd\u9898\u201d\u6709RSS\uff1ahttp:\/\/t.cn\/zOi6r6I\uff0c\u4f46\u5386\u53f2\u7248\u6ca1\u6709\u3002\u4e0d\u8fc7\u53ef\u4ee5\u5728\u817e\u8baf\u5fae\u535a\u8ba2\u9605\u201c\u817e\u8baf\u5386\u53f2\u9891\u9053\u201d\u3002 \/\/@\u9c8d\u65ed\u534e-NSFOCUS: \u597d\u50cf\u4e0d\u652f\u6301RSS\u8ba2\u9605\u5440\uff1f\/\/@tombkeeper: \u817e\u8baf\u7684\u201c\u4eca\u65e5\u8bdd\u9898\u201d\uff0c\u5c24\u5176\u662f\u5176\u5386\u53f2\u7248\uff0c\u548c\u96c5\u864e\u5b66\u5802\u76f8\u6bd4\uff0c\u5404\u6709\u5343\u79cb\uff0c\u90fd\u503c\u5f97\u8ba2\u9605\u3002","bid":"yFt3smmLX"},"show_type":0}],"showAppTips":0,"scheme":"sinaweibo:\/\/cardlist?containerid=1076031401527553&extparam=&luicode=10000011&lfid=&featurecode="}}