{"ok":1,"data":{"cardlistInfo":{"containerid":"1076031401527553","v_p":42,"show_style":1,"total":15518,"page":50},"cards":[{"card_type":9,"itemid":"1076031401527553_-_3494262240858584","scheme":"https:\/\/m.weibo.cn\/status\/yDybS3Bm8?mblogid=yDybS3Bm8&luicode=10000011&lfid=1076031401527553","mblog":{"created_at":"2012-09-25","id":"3494262240858584","idstr":"3494262240858584","mid":"3494262240858584","can_edit":false,"text":"\u4eca\u5e74\u5fae\u8f6fBlueHat\u7684\u8fd9\u4e2aCounterHeapSpray\uff08<a data-url=\"http:\/\/t.cn\/zlLktVd\" target=\"_blank\" href=\"https:\/\/weibo.cn\/sinaurl\/blockedc56f96bc?luicode=10000011&lfid=1076031401527553&u=http%3A%2F%2Fblog.didierstevens.com%2F2012%2F07%2F27%2Fmy-bluehat-prize-entry-counterheapspray%2F&ep=yDybS3Bm8%252C1401527553%252CyDybS3Bm8%252C1401527553\" class=\"\"><span class=\"url-icon\"><img src=\"\/\/h5.sinaimg.cn\/upload\/2015\/09\/25\/3\/timeline_card_small_web_default.png\"><\/span><\/i><span class=\"surl-text\">\u7f51\u9875\u94fe\u63a5<\/a>\uff09\u7684Prize\uff0c\u601d\u8def\u5b8c\u5168\u5c31\u662f\u62112008\u5199\u7ed9\u8001\u5a46\u7528\u7684\u90a3\u4e2a\u201c\u5bb6\u7528\u9632\u6302\u9a6c\u5c0f\u5de5\u5177\uff08<a data-url=\"http:\/\/t.cn\/zlLktVr\" target=\"_blank\" href=\"https:\/\/weibo.cn\/sinaurl\/blocked845bc1d1?luicode=10000011&lfid=1076031401527553&u=http%3A%2F%2Fhi.baidu.com%2Ftombkeeper%2Fitem%2Fe8748be99017f43b87d9de2c&ep=yDybS3Bm8%252C1401527553%252CyDybS3Bm8%252C1401527553\" class=\"\"><span class=\"url-icon\"><img src=\"\/\/h5.sinaimg.cn\/upload\/2015\/09\/25\/3\/timeline_card_small_web_default.png\"><\/span><\/i><span class=\"surl-text\">\u7f51\u9875\u94fe\u63a5<\/a>\uff09\u201d\u554a\u3002\u6ca1\u60f3\u5230\u8fd9\u4e48\u7b80\u5355\u7684\u4e1c\u897f\u4e5f\u53ef\u4ee5\u6362\u94b1\u2026\u2026 <a href='https:\/\/m.weibo.cn\/n\/\u53ef\u60dc\u65e0\u58f0'>@\u53ef\u60dc\u65e0\u58f0<\/a> \u200b\u200b\u200b","source":"\u5fae\u535a weibo.com","favorited":false,"is_paid":false,"mblog_vip_type":0,"user":{"id":1401527553,"screen_name":"tombkeeper","profile_image_url":"https:\/\/tva2.sinaimg.cn\/crop.0.0.180.180.180\/53899d01jw8fcb9qpe7vbj2050050mx8.jpg","profile_url":"https:\/\/m.weibo.cn\/u\/1401527553?uid=1401527553&luicode=10000011&lfid=1076031401527553","statuses_count":15425,"verified":true,"verified_type":0,"verified_type_ext":1,"verified_reason":"\u77e5\u540d\u4e92\u8054\u7f51\u8d44\u8baf\u535a\u4e3b","close_blue_v":false,"description":"\u5fae\u535a\u672c\u5730\u8d44\u8baf\u535a\u4e3b\uff08\u521a\u679c\u5e03\u62c9\u67f4\u7ef4\u5c14\uff09","gender":"m","mbtype":12,"urank":48,"mbrank":6,"follow_me":false,"following":false,"followers_count":192533,"follow_count":277,"cover_image_phone":"https:\/\/tva1.sinaimg.cn\/crop.0.0.640.640.640\/549d0121tw1egm1kjly3jj20hs0hsq4f.jpg","avatar_hd":"https:\/\/ww2.sinaimg.cn\/orj480\/53899d01jw8fcb9qpe7vbj2050050mx8.jpg","like":false,"like_me":false,"badge":{"bind_taobao":1,"dzwbqlx_2016":1,"follow_whitelist_video":1,"hongbao_2018":1}},"reposts_count":6,"comments_count":7,"attitudes_count":0,"pending_approval_count":0,"isLongText":false,"visible":{"type":0,"list_id":0},"more_info_type":0,"content_auth":0,"edit_config":{"edited":false},"mblogtype":0,"bid":"yDybS3Bm8"},"show_type":0},{"card_type":9,"itemid":"1076031401527553_-_3494114890503506","scheme":"https:\/\/m.weibo.cn\/status\/yDumd26Z4?mblogid=yDumd26Z4&luicode=10000011&lfid=1076031401527553","mblog":{"created_at":"2012-09-25","id":"3494114890503506","idstr":"3494114890503506","mid":"3494114890503506","can_edit":false,"text":"\u56de\u590d<a href='https:\/\/m.weibo.cn\/n\/\u8881\u7956\u5e86'>@\u8881\u7956\u5e86<\/a>: \u201c\u51fa\u606f\u201d\u4e00\u822c\u548c\u98ce\u6708\u6216\uff08\u548c\uff09\u6c5f\u6e56\u5f3a\u76f8\u5173\uff0c\u800c\u98ce\u6708\u548c\u6c5f\u6e56\u90fd\u662f\u5bfc\u81f4\u6362\u624b\u673a\u53f7\u7684\u91cd\u8981\u539f\u56e0\u3002\u6c5f\u6e56\u6a21\u5f0f\u53ef\u80fd\u662f\u8fd9\u6837\u7684\uff1a\u8ba4\u8bc6100\u4e2a\u4eba\uff0c\u7136\u540e\u6362\u624b\u673a\u53f7\uff0c\u5e76\u901a\u77e5\u5176\u4e2d20\u4e2a\u3002\u98ce\u6708\u6a21\u5f0f\u53ef\u80fd\u662f\u8fd9\u6837\u7684\uff1a\u8ba4\u8bc6100\u4e2a\u4eba\uff0c\u7136\u540e\u6362\u624b\u673a\u53f7\u3002 \/\/<a href='https:\/\/m.weibo.cn\/n\/\u8881\u7956\u5e86'>@\u8881\u7956\u5e86<\/a>:TK\uff0c\u600e\u4e48\u8bf4\uff1f","source":"\u5fae\u535a weibo.com","favorited":false,"is_paid":false,"mblog_vip_type":0,"user":{"id":1401527553,"screen_name":"tombkeeper","profile_image_url":"https:\/\/tva2.sinaimg.cn\/crop.0.0.180.180.180\/53899d01jw8fcb9qpe7vbj2050050mx8.jpg","profile_url":"https:\/\/m.weibo.cn\/u\/1401527553?uid=1401527553&luicode=10000011&lfid=1076031401527553","statuses_count":15425,"verified":true,"verified_type":0,"verified_type_ext":1,"verified_reason":"\u77e5\u540d\u4e92\u8054\u7f51\u8d44\u8baf\u535a\u4e3b","close_blue_v":false,"description":"\u5fae\u535a\u672c\u5730\u8d44\u8baf\u535a\u4e3b\uff08\u521a\u679c\u5e03\u62c9\u67f4\u7ef4\u5c14\uff09","gender":"m","mbtype":12,"urank":48,"mbrank":6,"follow_me":false,"following":false,"followers_count":192533,"follow_count":277,"cover_image_phone":"https:\/\/tva1.sinaimg.cn\/crop.0.0.640.640.640\/549d0121tw1egm1kjly3jj20hs0hsq4f.jpg","avatar_hd":"https:\/\/ww2.sinaimg.cn\/orj480\/53899d01jw8fcb9qpe7vbj2050050mx8.jpg","like":false,"like_me":false,"badge":{"bind_taobao":1,"dzwbqlx_2016":1,"follow_whitelist_video":1,"hongbao_2018":1}},"retweeted_status":{"created_at":"2012-09-25","id":"3494109115207029","idstr":"3494109115207029","mid":"3494109115207029","can_edit":false,"text":"\u5728\u201c\u51fa\u606f\u201d\u7a0b\u5ea6\u5230\u8fbe\u67d0\u4e2a\u4e34\u754c\u503c\u4e4b\u524d\uff0c\u7537\u6027\u66f4\u6362\u624b\u673a\u53f7\u7684\u9891\u7387\u53ef\u80fd\u548c\u201c\u51fa\u606f\u201d\u6210\u6b63\u6bd4\u3002 \u200b\u200b\u200b","source":"\u5fae\u535a weibo.com","favorited":false,"is_paid":false,"mblog_vip_type":0,"user":{"id":1401527553,"screen_name":"tombkeeper","profile_image_url":"https:\/\/tva2.sinaimg.cn\/crop.0.0.180.180.180\/53899d01jw8fcb9qpe7vbj2050050mx8.jpg","profile_url":"https:\/\/m.weibo.cn\/u\/1401527553?uid=1401527553&luicode=10000011&lfid=1076031401527553","statuses_count":15425,"verified":true,"verified_type":0,"verified_type_ext":1,"verified_reason":"\u77e5\u540d\u4e92\u8054\u7f51\u8d44\u8baf\u535a\u4e3b","close_blue_v":false,"description":"\u5fae\u535a\u672c\u5730\u8d44\u8baf\u535a\u4e3b\uff08\u521a\u679c\u5e03\u62c9\u67f4\u7ef4\u5c14\uff09","gender":"m","mbtype":12,"urank":48,"mbrank":6,"follow_me":false,"following":false,"followers_count":192533,"follow_count":277,"cover_image_phone":"https:\/\/tva1.sinaimg.cn\/crop.0.0.640.640.640\/549d0121tw1egm1kjly3jj20hs0hsq4f.jpg","avatar_hd":"https:\/\/ww2.sinaimg.cn\/orj480\/53899d01jw8fcb9qpe7vbj2050050mx8.jpg","like":false,"like_me":false,"badge":{"bind_taobao":1,"dzwbqlx_2016":1,"follow_whitelist_video":1,"hongbao_2018":1}},"reposts_count":8,"comments_count":10,"attitudes_count":0,"pending_approval_count":0,"isLongText":false,"visible":{"type":0,"list_id":0},"more_info_type":0,"content_auth":0,"edit_config":{"edited":false},"bid":"yDucTlQAl"},"reposts_count":1,"comments_count":1,"attitudes_count":1,"pending_approval_count":0,"isLongText":false,"visible":{"type":0,"list_id":0},"more_info_type":0,"content_auth":0,"edit_config":{"edited":false},"mblogtype":0,"obj_ext":"","raw_text":"\u56de\u590d@\u8881\u7956\u5e86: \u201c\u51fa\u606f\u201d\u4e00\u822c\u548c\u98ce\u6708\u6216\uff08\u548c\uff09\u6c5f\u6e56\u5f3a\u76f8\u5173\uff0c\u800c\u98ce\u6708\u548c\u6c5f\u6e56\u90fd\u662f\u5bfc\u81f4\u6362\u624b\u673a\u53f7\u7684\u91cd\u8981\u539f\u56e0\u3002\u6c5f\u6e56\u6a21\u5f0f\u53ef\u80fd\u662f\u8fd9\u6837\u7684\uff1a\u8ba4\u8bc6100\u4e2a\u4eba\uff0c\u7136\u540e\u6362\u624b\u673a\u53f7\uff0c\u5e76\u901a\u77e5\u5176\u4e2d20\u4e2a\u3002\u98ce\u6708\u6a21\u5f0f\u53ef\u80fd\u662f\u8fd9\u6837\u7684\uff1a\u8ba4\u8bc6100\u4e2a\u4eba\uff0c\u7136\u540e\u6362\u624b\u673a\u53f7\u3002 \/\/@\u8881\u7956\u5e86:TK\uff0c\u600e\u4e48\u8bf4\uff1f","bid":"yDumd26Z4"},"show_type":0},{"card_type":9,"itemid":"1076031401527553_-_3494109115207029","scheme":"https:\/\/m.weibo.cn\/status\/yDucTlQAl?mblogid=yDucTlQAl&luicode=10000011&lfid=1076031401527553","mblog":{"created_at":"2012-09-25","id":"3494109115207029","idstr":"3494109115207029","mid":"3494109115207029","can_edit":false,"text":"\u5728\u201c\u51fa\u606f\u201d\u7a0b\u5ea6\u5230\u8fbe\u67d0\u4e2a\u4e34\u754c\u503c\u4e4b\u524d\uff0c\u7537\u6027\u66f4\u6362\u624b\u673a\u53f7\u7684\u9891\u7387\u53ef\u80fd\u548c\u201c\u51fa\u606f\u201d\u6210\u6b63\u6bd4\u3002 \u200b\u200b\u200b","source":"\u5fae\u535a weibo.com","favorited":false,"is_paid":false,"mblog_vip_type":0,"user":{"id":1401527553,"screen_name":"tombkeeper","profile_image_url":"https:\/\/tva2.sinaimg.cn\/crop.0.0.180.180.180\/53899d01jw8fcb9qpe7vbj2050050mx8.jpg","profile_url":"https:\/\/m.weibo.cn\/u\/1401527553?uid=1401527553&luicode=10000011&lfid=1076031401527553","statuses_count":15425,"verified":true,"verified_type":0,"verified_type_ext":1,"verified_reason":"\u77e5\u540d\u4e92\u8054\u7f51\u8d44\u8baf\u535a\u4e3b","close_blue_v":false,"description":"\u5fae\u535a\u672c\u5730\u8d44\u8baf\u535a\u4e3b\uff08\u521a\u679c\u5e03\u62c9\u67f4\u7ef4\u5c14\uff09","gender":"m","mbtype":12,"urank":48,"mbrank":6,"follow_me":false,"following":false,"followers_count":192533,"follow_count":277,"cover_image_phone":"https:\/\/tva1.sinaimg.cn\/crop.0.0.640.640.640\/549d0121tw1egm1kjly3jj20hs0hsq4f.jpg","avatar_hd":"https:\/\/ww2.sinaimg.cn\/orj480\/53899d01jw8fcb9qpe7vbj2050050mx8.jpg","like":false,"like_me":false,"badge":{"bind_taobao":1,"dzwbqlx_2016":1,"follow_whitelist_video":1,"hongbao_2018":1}},"reposts_count":8,"comments_count":10,"attitudes_count":0,"pending_approval_count":0,"isLongText":false,"visible":{"type":0,"list_id":0},"more_info_type":0,"content_auth":0,"edit_config":{"edited":false},"mblogtype":0,"bid":"yDucTlQAl"},"show_type":0},{"card_type":9,"itemid":"1076031401527553_-_3494075179072905","scheme":"https:\/\/m.weibo.cn\/status\/yDtk9C4hb?mblogid=yDtk9C4hb&luicode=10000011&lfid=1076031401527553","mblog":{"created_at":"2012-09-25","id":"3494075179072905","idstr":"3494075179072905","mid":"3494075179072905","can_edit":false,"text":"\u7f51\u6613\u65b0\u95fb\u300a\u793e\u4fdd\u5373\u91cd\u7a0e\uff1a\u5317\u6b27\u51cf\u7a0e\uff0c\u4e2d\u56fd\u589e\u7a0e\u300b\uff1a\u201c2008\u5e74\u6b63\u89c4\u7ecf\u6d4e\u90e8\u95e8\u7684\u804c\u5de5\u5de5\u8d44\u6536\u5165\u4e2d\u5e73\u5747\u201c\u7a0e\u6536\u6954\u5b50\u201d\u8fbe\u523045%\uff0c\u8fdc\u8fdc\u9ad8\u4e8e\u7ecf\u5408\u7ec4\u7ec7\u56fd\u5bb6\u7684\u5e73\u5747\u6c34\u5e73\uff0c\u751a\u81f3\u8981\u7a0d\u9ad8\u4e8e\u6b27\u76df15\u56fd\u7684\u5e73\u5747\u6c34\u5e73\uff0c\u8d85\u51fa\u6fb3\u5927\u5229\u4e9a\u4e0e\u7f8e\u56fd\u7684\u5e73\u5747\u7a0e\u6954\u8fd1\u4e00\u500d\u201d\u3002 <a data-url=\"http:\/\/t.cn\/zlL4cM7\" target=\"_blank\" href=\"https:\/\/weibo.cn\/sinaurl\/blockeda321d6a3?luicode=10000011&lfid=1076031401527553&u=http%3A%2F%2Fview.163.com%2Fspecial%2Freviews%2Fsocialsecurity0925.html&ep=yDtk9C4hb%252C1401527553%252CyDtk9C4hb%252C1401527553\" class=\"\"><span class=\"url-icon\"><img src=\"\/\/h5.sinaimg.cn\/upload\/2015\/09\/25\/3\/timeline_card_small_web_default.png\"><\/span><\/i><span class=\"surl-text\">\u7f51\u9875\u94fe\u63a5<\/a> \u200b\u200b\u200b","source":"\u5fae\u535a weibo.com","favorited":false,"is_paid":false,"mblog_vip_type":0,"user":{"id":1401527553,"screen_name":"tombkeeper","profile_image_url":"https:\/\/tva2.sinaimg.cn\/crop.0.0.180.180.180\/53899d01jw8fcb9qpe7vbj2050050mx8.jpg","profile_url":"https:\/\/m.weibo.cn\/u\/1401527553?uid=1401527553&luicode=10000011&lfid=1076031401527553","statuses_count":15425,"verified":true,"verified_type":0,"verified_type_ext":1,"verified_reason":"\u77e5\u540d\u4e92\u8054\u7f51\u8d44\u8baf\u535a\u4e3b","close_blue_v":false,"description":"\u5fae\u535a\u672c\u5730\u8d44\u8baf\u535a\u4e3b\uff08\u521a\u679c\u5e03\u62c9\u67f4\u7ef4\u5c14\uff09","gender":"m","mbtype":12,"urank":48,"mbrank":6,"follow_me":false,"following":false,"followers_count":192533,"follow_count":277,"cover_image_phone":"https:\/\/tva1.sinaimg.cn\/crop.0.0.640.640.640\/549d0121tw1egm1kjly3jj20hs0hsq4f.jpg","avatar_hd":"https:\/\/ww2.sinaimg.cn\/orj480\/53899d01jw8fcb9qpe7vbj2050050mx8.jpg","like":false,"like_me":false,"badge":{"bind_taobao":1,"dzwbqlx_2016":1,"follow_whitelist_video":1,"hongbao_2018":1}},"reposts_count":124,"comments_count":11,"attitudes_count":4,"pending_approval_count":0,"isLongText":false,"visible":{"type":0,"list_id":0},"more_info_type":0,"content_auth":0,"edit_config":{"edited":false},"mblogtype":0,"bid":"yDtk9C4hb"},"show_type":0},{"card_type":9,"itemid":"1076031401527553_-_3493736023258417","scheme":"https:\/\/m.weibo.cn\/status\/yDkv8dFF7?mblogid=yDkv8dFF7&luicode=10000011&lfid=1076031401527553","mblog":{"created_at":"2012-09-24","id":"3493736023258417","idstr":"3493736023258417","mid":"3493736023258417","can_edit":false,"text":"\u822a\u6bcd\u5347\u65d7\u3001\u4ea4\u8239\u7684\u65b0\u95fb\u91cc\uff0c\u518d\u6b21\u63d0\u5230\u5f53\u5e74\u628a\u8239\u5f04\u56de\u6765\uff0c\u4ece\u535a\u65af\u666e\u9c81\u65af\u6d77\u5ce1\u8fc7\u7684\u65f6\u5019\uff0c\u571f\u8033\u5176\u8981\u4e8610\u4ebf\u7f8e\u5143\u4fdd\u8bc1\u91d1\u7684\u4e8b\uff1a<a data-url=\"http:\/\/t.cn\/zl2fg26\" target=\"_blank\" href=\"https:\/\/weibo.cn\/sinaurl\/blocked63ff7e27?luicode=10000011&lfid=1076031401527553&u=http%3A%2F%2Fnews.qq.com%2Fa%2F20120924%2F000075.htm&ep=yDkv8dFF7%252C1401527553%252CyDkv8dFF7%252C1401527553\" class=\"\"><span class=\"url-icon\"><img src=\"\/\/h5.sinaimg.cn\/upload\/2015\/09\/25\/3\/timeline_card_small_web_default.png\"><\/span><\/i><span class=\"surl-text\">\u7f51\u9875\u94fe\u63a5<\/a>\u3002\u8fd9\u5c31\u662f\u6d77\u6743\u7684\u91cd\u8981\u6027\u3002 \u200b\u200b\u200b","source":"\u5fae\u535a weibo.com","favorited":false,"is_paid":false,"mblog_vip_type":0,"user":{"id":1401527553,"screen_name":"tombkeeper","profile_image_url":"https:\/\/tva2.sinaimg.cn\/crop.0.0.180.180.180\/53899d01jw8fcb9qpe7vbj2050050mx8.jpg","profile_url":"https:\/\/m.weibo.cn\/u\/1401527553?uid=1401527553&luicode=10000011&lfid=1076031401527553","statuses_count":15425,"verified":true,"verified_type":0,"verified_type_ext":1,"verified_reason":"\u77e5\u540d\u4e92\u8054\u7f51\u8d44\u8baf\u535a\u4e3b","close_blue_v":false,"description":"\u5fae\u535a\u672c\u5730\u8d44\u8baf\u535a\u4e3b\uff08\u521a\u679c\u5e03\u62c9\u67f4\u7ef4\u5c14\uff09","gender":"m","mbtype":12,"urank":48,"mbrank":6,"follow_me":false,"following":false,"followers_count":192533,"follow_count":277,"cover_image_phone":"https:\/\/tva1.sinaimg.cn\/crop.0.0.640.640.640\/549d0121tw1egm1kjly3jj20hs0hsq4f.jpg","avatar_hd":"https:\/\/ww2.sinaimg.cn\/orj480\/53899d01jw8fcb9qpe7vbj2050050mx8.jpg","like":false,"like_me":false,"badge":{"bind_taobao":1,"dzwbqlx_2016":1,"follow_whitelist_video":1,"hongbao_2018":1}},"reposts_count":7,"comments_count":9,"attitudes_count":0,"pending_approval_count":0,"isLongText":false,"visible":{"type":0,"list_id":0},"more_info_type":0,"content_auth":0,"edit_config":{"edited":false},"mblogtype":0,"bid":"yDkv8dFF7"},"show_type":0},{"card_type":9,"itemid":"1076031401527553_-_3493709074809000","scheme":"https:\/\/m.weibo.cn\/status\/yDjNFkb2w?mblogid=yDjNFkb2w&luicode=10000011&lfid=1076031401527553","mblog":{"created_at":"2012-09-24","id":"3493709074809000","idstr":"3493709074809000","mid":"3493709074809000","can_edit":false,"text":"\u542c\u8bf4\u9493\u9c7c\u5c9b\u6700\u9ad8\u5cf0\u88ab\u547d\u540d\u4e3a\u201c\u9ad8\u534e\u201d\u2014\u2014\u63a8\u8350\u9605\u8bfb\u9ad8\u534e\u6559\u6388\u4ee3\u8868\u4f5c\u300a\u7ea2\u592a\u9633\u662f\u600e\u6837\u5347\u8d77\u7684\u300b\uff1a<a data-url=\"http:\/\/t.cn\/zl2JZ6C\" target=\"_blank\" href=\"https:\/\/weibo.cn\/sinaurl\/blocked97faa2b9?wd=%BA%EC%CC%AB%D1%F4%CA%C7%D4%F5%D1%F9%C9%FD%C6%F0%B5%C4&luicode=10000011&lfid=1076031401527553&u=http%3A%2F%2Fwww.baidu.com%2Fs%3Fwd%3D%25BA%25EC%25CC%25AB%25D1%25F4%25CA%25C7%25D4%25F5%25D1%25F9%25C9%25FD%25C6%25F0%25B5%25C4&ep=yDjNFkb2w%252C1401527553%252CyDjNFkb2w%252C1401527553\" class=\"\"><span class=\"url-icon\"><img src=\"\/\/h5.sinaimg.cn\/upload\/2015\/09\/25\/3\/timeline_card_small_web_default.png\"><\/span><\/i><span class=\"surl-text\">\u7f51\u9875\u94fe\u63a5<\/a> \u200b\u200b\u200b","source":"\u5fae\u535a weibo.com","favorited":false,"thumbnail_pic":"http:\/\/ww3.sinaimg.cn\/thumbnail\/53899d01jw1dx7c1rae4oj.jpg","bmiddle_pic":"http:\/\/ww3.sinaimg.cn\/bmiddle\/53899d01jw1dx7c1rae4oj.jpg","original_pic":"http:\/\/ww3.sinaimg.cn\/large\/53899d01jw1dx7c1rae4oj.jpg","is_paid":false,"mblog_vip_type":0,"user":{"id":1401527553,"screen_name":"tombkeeper","profile_image_url":"https:\/\/tva2.sinaimg.cn\/crop.0.0.180.180.180\/53899d01jw8fcb9qpe7vbj2050050mx8.jpg","profile_url":"https:\/\/m.weibo.cn\/u\/1401527553?uid=1401527553&luicode=10000011&lfid=1076031401527553","statuses_count":15425,"verified":true,"verified_type":0,"verified_type_ext":1,"verified_reason":"\u77e5\u540d\u4e92\u8054\u7f51\u8d44\u8baf\u535a\u4e3b","close_blue_v":false,"description":"\u5fae\u535a\u672c\u5730\u8d44\u8baf\u535a\u4e3b\uff08\u521a\u679c\u5e03\u62c9\u67f4\u7ef4\u5c14\uff09","gender":"m","mbtype":12,"urank":48,"mbrank":6,"follow_me":false,"following":false,"followers_count":192533,"follow_count":277,"cover_image_phone":"https:\/\/tva1.sinaimg.cn\/crop.0.0.640.640.640\/549d0121tw1egm1kjly3jj20hs0hsq4f.jpg","avatar_hd":"https:\/\/ww2.sinaimg.cn\/orj480\/53899d01jw8fcb9qpe7vbj2050050mx8.jpg","like":false,"like_me":false,"badge":{"bind_taobao":1,"dzwbqlx_2016":1,"follow_whitelist_video":1,"hongbao_2018":1}},"reposts_count":31,"comments_count":12,"attitudes_count":0,"pending_approval_count":0,"isLongText":false,"visible":{"type":0,"list_id":0},"more_info_type":0,"content_auth":0,"edit_config":{"edited":false},"mblogtype":0,"bid":"yDjNFkb2w","pics":[{"pid":"53899d01jw1dx7c1rae4oj","url":"https:\/\/ww3.sinaimg.cn\/orj360\/53899d01jw1dx7c1rae4oj.jpg","size":"orj360","geo":false,"large":{"size":"large","url":"https:\/\/ww3.sinaimg.cn\/large\/53899d01jw1dx7c1rae4oj.jpg","geo":false}}]},"show_type":0},{"card_type":9,"itemid":"1076031401527553_-_3493499461055646","scheme":"https:\/\/m.weibo.cn\/status\/yDelA4qCy?mblogid=yDelA4qCy&luicode=10000011&lfid=1076031401527553","mblog":{"created_at":"2012-09-23","id":"3493499461055646","idstr":"3493499461055646","mid":"3493499461055646","can_edit":false,"text":"\u89e3\u91ca\u4e00\u4e0b\uff1a\u8ba4\u4e3a\u81ea\u5df1\u553e\u6db2\u662f\u5e72\u51c0\u7684\uff0c\u522b\u4eba\u7684\u553e\u6db2\u662f\u810f\u7684\uff0c\u8fd9\u5c31\u5c5e\u4e8e\u5dee\u522b\u5fc3\u3002\u4f5b\u5bb6\u8ba4\u5dee\u522b\u5fc3\u662f\u4fee\u884c\u4e0a\u7684\u4e00\u5927\u969c\u788d\u3002","source":"\u5fae\u535a weibo.com","favorited":false,"is_paid":false,"mblog_vip_type":0,"user":{"id":1401527553,"screen_name":"tombkeeper","profile_image_url":"https:\/\/tva2.sinaimg.cn\/crop.0.0.180.180.180\/53899d01jw8fcb9qpe7vbj2050050mx8.jpg","profile_url":"https:\/\/m.weibo.cn\/u\/1401527553?uid=1401527553&luicode=10000011&lfid=1076031401527553","statuses_count":15425,"verified":true,"verified_type":0,"verified_type_ext":1,"verified_reason":"\u77e5\u540d\u4e92\u8054\u7f51\u8d44\u8baf\u535a\u4e3b","close_blue_v":false,"description":"\u5fae\u535a\u672c\u5730\u8d44\u8baf\u535a\u4e3b\uff08\u521a\u679c\u5e03\u62c9\u67f4\u7ef4\u5c14\uff09","gender":"m","mbtype":12,"urank":48,"mbrank":6,"follow_me":false,"following":false,"followers_count":192533,"follow_count":277,"cover_image_phone":"https:\/\/tva1.sinaimg.cn\/crop.0.0.640.640.640\/549d0121tw1egm1kjly3jj20hs0hsq4f.jpg","avatar_hd":"https:\/\/ww2.sinaimg.cn\/orj480\/53899d01jw8fcb9qpe7vbj2050050mx8.jpg","like":false,"like_me":false,"badge":{"bind_taobao":1,"dzwbqlx_2016":1,"follow_whitelist_video":1,"hongbao_2018":1}},"retweeted_status":{"created_at":"2012-09-23","id":"3493397601885436","idstr":"3493397601885436","mid":"3493397601885436","can_edit":false,"text":"\u770b\u5230\u6709\u5b66\u4f5b\u7684\u4eba\u7528\u5e38\u89c1\u7684\u90a3\u79cd\u7279\u522b\u667a\u6167\u7684\u8bed\u6c14\u95ee\u4e16\u4eba\uff1a\u201c\u5047\u5982\u4eb2\u4eba\u8089\u4e0a\u957f\u8113\u5305\uff0c\u5927\u591a\u6570\u4eba\u4e5f\u7edd\u4e0d\u6562\u53bb\u5438\u4ed6\u7684\u8089\u548c\u8113\u3002\u4f46\u662f\uff0c\u4eba\u4eec\u5374\u5e38\u628a\u5f88\u591a\u4e0d\u77e5\u6709\u6ca1\u6709\u751f\u75c5\u7684\u52a8\u7269\uff0c\u5927\u5757\u5927\u5757\u7684\u5c38\u4f53\uff08\u5f53\u7136\u542b\u553e\u6db2\u3001\u4f53\u6db2\uff09\u653e\u5165\u53e3\u4e2d\u4eb2\u543b\u53c8\u56bc\u98df\u2026\u2026\u201d \u6211\u5176\u5b9e\u5341\u5206\u60f3\u7559\u8a00\u8bf4\uff1a\u201c\u672b\u5b66\u4ee5\u4e3a\uff0c\u9601\u4e0b\u7684\u5dee\u522b\u5fc3\u592a\u91cd\u4e86\u201d\u3002\u4f46\u662f\u6211\u5fcd\u4e86\u3002 \u200b\u200b\u200b","source":"\u5fae\u535a weibo.com","favorited":false,"is_paid":false,"mblog_vip_type":0,"user":{"id":1401527553,"screen_name":"tombkeeper","profile_image_url":"https:\/\/tva2.sinaimg.cn\/crop.0.0.180.180.180\/53899d01jw8fcb9qpe7vbj2050050mx8.jpg","profile_url":"https:\/\/m.weibo.cn\/u\/1401527553?uid=1401527553&luicode=10000011&lfid=1076031401527553","statuses_count":15425,"verified":true,"verified_type":0,"verified_type_ext":1,"verified_reason":"\u77e5\u540d\u4e92\u8054\u7f51\u8d44\u8baf\u535a\u4e3b","close_blue_v":false,"description":"\u5fae\u535a\u672c\u5730\u8d44\u8baf\u535a\u4e3b\uff08\u521a\u679c\u5e03\u62c9\u67f4\u7ef4\u5c14\uff09","gender":"m","mbtype":12,"urank":48,"mbrank":6,"follow_me":false,"following":false,"followers_count":192533,"follow_count":277,"cover_image_phone":"https:\/\/tva1.sinaimg.cn\/crop.0.0.640.640.640\/549d0121tw1egm1kjly3jj20hs0hsq4f.jpg","avatar_hd":"https:\/\/ww2.sinaimg.cn\/orj480\/53899d01jw8fcb9qpe7vbj2050050mx8.jpg","like":false,"like_me":false,"badge":{"bind_taobao":1,"dzwbqlx_2016":1,"follow_whitelist_video":1,"hongbao_2018":1}},"reposts_count":16,"comments_count":15,"attitudes_count":0,"pending_approval_count":0,"isLongText":false,"visible":{"type":0,"list_id":0},"more_info_type":0,"content_auth":0,"edit_config":{"edited":false},"bid":"yDbHi7Uug"},"reposts_count":3,"comments_count":5,"attitudes_count":0,"pending_approval_count":0,"isLongText":false,"visible":{"type":0,"list_id":0},"more_info_type":0,"content_auth":0,"edit_config":{"edited":false},"mblogtype":0,"obj_ext":"","raw_text":"\u89e3\u91ca\u4e00\u4e0b\uff1a\u8ba4\u4e3a\u81ea\u5df1\u553e\u6db2\u662f\u5e72\u51c0\u7684\uff0c\u522b\u4eba\u7684\u553e\u6db2\u662f\u810f\u7684\uff0c\u8fd9\u5c31\u5c5e\u4e8e\u5dee\u522b\u5fc3\u3002\u4f5b\u5bb6\u8ba4\u5dee\u522b\u5fc3\u662f\u4fee\u884c\u4e0a\u7684\u4e00\u5927\u969c\u788d\u3002","bid":"yDelA4qCy"},"show_type":0}],"showAppTips":0,"scheme":"sinaweibo:\/\/cardlist?containerid=1076031401527553&extparam=&luicode=10000011&lfid=&featurecode="}}