{"ok":1,"data":{"cardlistInfo":{"containerid":"1076031401527553","v_p":42,"show_style":1,"total":15518,"page":50},"cards":[{"card_type":9,"itemid":"1076031401527553_-_3491026246866543","scheme":"https:\/\/m.weibo.cn\/status\/yCc0wsOiH?mblogid=yCc0wsOiH&luicode=10000011&lfid=1076031401527553","mblog":{"created_at":"2012-09-16","id":"3491026246866543","idstr":"3491026246866543","mid":"3491026246866543","can_edit":false,"text":"\u53f0\u6e7e\u67d0\u6740\u8f6f\u516c\u53f8\u65e9\u5e74\u66fe\u6536\u5230\u6307\u793a\uff0c\u8ba9\u4ed6\u4eec\u4e3a\u515a\u56fd\u505a\u70b9\u8d21\u732e\uff0c\u5728\u9500\u5f80\u5927\u9646\u7684\u8f6f\u4ef6\u91cc\u653e\u4e0a\u540e\u95e8\u3002\u4ed6\u4eec\u62d2\u7edd\u4e86\u3002","source":"\u5fae\u535a weibo.com","favorited":false,"is_paid":false,"mblog_vip_type":0,"user":{"id":1401527553,"screen_name":"tombkeeper","profile_image_url":"https:\/\/tva2.sinaimg.cn\/crop.0.0.180.180.180\/53899d01jw8fcb9qpe7vbj2050050mx8.jpg","profile_url":"https:\/\/m.weibo.cn\/u\/1401527553?uid=1401527553&luicode=10000011&lfid=1076031401527553","statuses_count":15425,"verified":true,"verified_type":0,"verified_type_ext":1,"verified_reason":"\u77e5\u540d\u4e92\u8054\u7f51\u8d44\u8baf\u535a\u4e3b","close_blue_v":false,"description":"\u5fae\u535a\u672c\u5730\u8d44\u8baf\u535a\u4e3b\uff08\u521a\u679c\u5e03\u62c9\u67f4\u7ef4\u5c14\uff09","gender":"m","mbtype":12,"urank":48,"mbrank":6,"follow_me":false,"following":false,"followers_count":192533,"follow_count":277,"cover_image_phone":"https:\/\/tva1.sinaimg.cn\/crop.0.0.640.640.640\/549d0121tw1egm1kjly3jj20hs0hsq4f.jpg","avatar_hd":"https:\/\/ww2.sinaimg.cn\/orj480\/53899d01jw8fcb9qpe7vbj2050050mx8.jpg","like":false,"like_me":false,"badge":{"bind_taobao":1,"dzwbqlx_2016":1,"follow_whitelist_video":1,"hongbao_2018":1}},"retweeted_status":{"created_at":"2012-09-16","id":"3491023139647482","idstr":"3491023139647482","mid":"3491023139647482","can_edit":false,"text":"\u97e9\u5267\uff1c\u5e7d\u7075\uff1e\u91cc\u9762safe-tech\u7684\u6740\u6bd2\u8f6f\u4ef6\u53ef\u4ee5\u4ece\u7535\u8111\u91cc\u9762\u4e0a\u573a\u6587\u4ef6\uff0c\u548c\u67d0\u8f6f\u4ef6\u592a\u50cf\u4e86\u3002\u563f\u563f\uff0c\u4e5f\u8bb8\uff0c\u6211\u4eec\u4e00\u76f4\u6d3b\u5728\u7535\u89c6\u5267\u4e2d\uff1f \u200b\u200b\u200b","source":"WeicoiPad","favorited":false,"is_paid":false,"mblog_vip_type":0,"user":{"id":1619185424,"screen_name":"sbilly","profile_image_url":"https:\/\/tva2.sinaimg.cn\/crop.0.0.249.249.180\/6082cf10gw1ei68nkvopuj206y06yaaf.jpg","profile_url":"https:\/\/m.weibo.cn\/u\/1619185424?uid=1619185424&luicode=10000011&lfid=1076031401527553","statuses_count":5143,"verified":false,"verified_type":-1,"close_blue_v":false,"description":"\u6000\u63e3\u68a6\u60f3\u7684\u5b9e\u7528\u4e3b\u4e49\u8005&lt;br\/&gt; \u50bb\u903c\u4e4b\u5904\u591a\u6279\u8bc4\uff0c\u725b\u903c\u4e4b\u5904\u591a\u8868\u626c\uff0c\u7edd\u4e0d\u88c5\u903c\u3002&lt;br\/&gt;","gender":"m","mbtype":0,"urank":28,"mbrank":0,"follow_me":false,"following":false,"followers_count":4087,"follow_count":1411,"cover_image_phone":"https:\/\/tva1.sinaimg.cn\/crop.0.0.640.640\/7c85468fjw1e8yqchu1r6j20hs0hs40q.jpg","avatar_hd":"https:\/\/ww2.sinaimg.cn\/orj480\/6082cf10gw1ei68nkvopuj206y06yaaf.jpg","like":false,"like_me":false},"reposts_count":33,"comments_count":10,"attitudes_count":1,"pending_approval_count":0,"isLongText":false,"visible":{"type":0,"list_id":0},"more_info_type":0,"content_auth":0,"edit_config":{"edited":false},"bid":"yCbVvEtKy"},"reposts_count":11,"comments_count":18,"attitudes_count":0,"pending_approval_count":0,"isLongText":false,"visible":{"type":0,"list_id":0},"more_info_type":0,"content_auth":0,"edit_config":{"edited":false},"mblogtype":0,"obj_ext":"","raw_text":"\u53f0\u6e7e\u67d0\u6740\u8f6f\u516c\u53f8\u65e9\u5e74\u66fe\u6536\u5230\u6307\u793a\uff0c\u8ba9\u4ed6\u4eec\u4e3a\u515a\u56fd\u505a\u70b9\u8d21\u732e\uff0c\u5728\u9500\u5f80\u5927\u9646\u7684\u8f6f\u4ef6\u91cc\u653e\u4e0a\u540e\u95e8\u3002\u4ed6\u4eec\u62d2\u7edd\u4e86\u3002","bid":"yCc0wsOiH"},"show_type":0},{"card_type":9,"itemid":"1076031401527553_-_3491005179334745","scheme":"https:\/\/m.weibo.cn\/status\/yCbsxDaop?mblogid=yCbsxDaop&luicode=10000011&lfid=1076031401527553","mblog":{"created_at":"2012-09-16","id":"3491005179334745","idstr":"3491005179334745","mid":"3491005179334745","can_edit":false,"text":"\u8def\u900f\u793e\uff1a\u8fd1\u671f\u90e8\u5206\u9a7b\u4eac\u5916\u56fd\u8bb0\u8005\u7535\u8111\u53d7\u5230\u653b\u51fb\uff0c\u653b\u51fb\u65b9\u5f0f\u662f\u7535\u5b50\u90ae\u4ef6\uff0c\u9891\u7387\u51e0\u4e4e\u662f\u534a\u4e2a\u6708\u4e00\u6b21\u3002 \u200b\u200b\u200b","source":"\u5fae\u535a weibo.com","favorited":false,"is_paid":false,"mblog_vip_type":0,"user":{"id":1401527553,"screen_name":"tombkeeper","profile_image_url":"https:\/\/tva2.sinaimg.cn\/crop.0.0.180.180.180\/53899d01jw8fcb9qpe7vbj2050050mx8.jpg","profile_url":"https:\/\/m.weibo.cn\/u\/1401527553?uid=1401527553&luicode=10000011&lfid=1076031401527553","statuses_count":15425,"verified":true,"verified_type":0,"verified_type_ext":1,"verified_reason":"\u77e5\u540d\u4e92\u8054\u7f51\u8d44\u8baf\u535a\u4e3b","close_blue_v":false,"description":"\u5fae\u535a\u672c\u5730\u8d44\u8baf\u535a\u4e3b\uff08\u521a\u679c\u5e03\u62c9\u67f4\u7ef4\u5c14\uff09","gender":"m","mbtype":12,"urank":48,"mbrank":6,"follow_me":false,"following":false,"followers_count":192533,"follow_count":277,"cover_image_phone":"https:\/\/tva1.sinaimg.cn\/crop.0.0.640.640.640\/549d0121tw1egm1kjly3jj20hs0hsq4f.jpg","avatar_hd":"https:\/\/ww2.sinaimg.cn\/orj480\/53899d01jw8fcb9qpe7vbj2050050mx8.jpg","like":false,"like_me":false,"badge":{"bind_taobao":1,"dzwbqlx_2016":1,"follow_whitelist_video":1,"hongbao_2018":1}},"reposts_count":3,"comments_count":5,"attitudes_count":0,"pending_approval_count":0,"isLongText":false,"visible":{"type":0,"list_id":0},"more_info_type":0,"content_auth":0,"edit_config":{"edited":false},"mblogtype":0,"bid":"yCbsxDaop"},"show_type":0},{"card_type":9,"itemid":"1076031401527553_-_3491002431868883","scheme":"https:\/\/m.weibo.cn\/status\/yCbo77Qbh?mblogid=yCbo77Qbh&luicode=10000011&lfid=1076031401527553","mblog":{"created_at":"2012-09-16","id":"3491002431868883","idstr":"3491002431868883","mid":"3491002431868883","can_edit":false,"text":"\u56de\u590d<a href='https:\/\/m.weibo.cn\/n\/bluescv'>@bluescv<\/a>:\u5f88\u591a\u5e74\u524d\uff0c\u6211\u548c<a href='https:\/\/m.weibo.cn\/n\/glacier'>@glacier<\/a> <a href='https:\/\/m.weibo.cn\/n\/Uncle_\u8def'>@Uncle_\u8def<\/a> <a href='https:\/\/m.weibo.cn\/n\/wulujia'>@wulujia<\/a> \u7b49\u4eba\u8fd8\u5e38\u8ba8\u8bba\u62b5\u5236\u65e5\u8d27\u7684\u95ee\u9898\u65f6\uff0c\u6211\u7684\u89c2\u70b9\u662f\uff1a\u201c\u5728\u4e0d\u635f\u5bb3\u4e2d\u534e\u6c11\u65cf\u5229\u76ca\u7684\u60c5\u51b5\u4e0b\uff0c\u5c3d\u53ef\u80fd\u51cf\u5c11\u65e5\u672c\u7684\u53ef\u80fd\u83b7\u76ca\u3002\u82e5\u4e8c\u8005\u6709\u77db\u76fe\uff0c\u5219\u6743\u8861\u53d6\u91cd\u201d\u3002\u8bf8\u541b\u89c2\u70b9\u4e5f\u7c7b\u4f3c\u3002 \/\/<a href='https:\/\/m.weibo.cn\/n\/bluescv'>@bluescv<\/a>:\u5176\u5b9e\u6211\u4eec\u53ea\u662f\u5fd8\u4e86\u81ea\u5df1\u66fe\u7ecf\u7684\u611a\u8822\uff0c\u800c\u4e14\u9519\u8bef\u7684\u4ee5\u4e3a\u81ea\u5df1\u5df2\u7ecf\u4e0d\u518d\u611a\u8822\u4e86\u3002","source":"\u5fae\u535a weibo.com","favorited":false,"is_paid":false,"mblog_vip_type":0,"user":{"id":1401527553,"screen_name":"tombkeeper","profile_image_url":"https:\/\/tva2.sinaimg.cn\/crop.0.0.180.180.180\/53899d01jw8fcb9qpe7vbj2050050mx8.jpg","profile_url":"https:\/\/m.weibo.cn\/u\/1401527553?uid=1401527553&luicode=10000011&lfid=1076031401527553","statuses_count":15425,"verified":true,"verified_type":0,"verified_type_ext":1,"verified_reason":"\u77e5\u540d\u4e92\u8054\u7f51\u8d44\u8baf\u535a\u4e3b","close_blue_v":false,"description":"\u5fae\u535a\u672c\u5730\u8d44\u8baf\u535a\u4e3b\uff08\u521a\u679c\u5e03\u62c9\u67f4\u7ef4\u5c14\uff09","gender":"m","mbtype":12,"urank":48,"mbrank":6,"follow_me":false,"following":false,"followers_count":192533,"follow_count":277,"cover_image_phone":"https:\/\/tva1.sinaimg.cn\/crop.0.0.640.640.640\/549d0121tw1egm1kjly3jj20hs0hsq4f.jpg","avatar_hd":"https:\/\/ww2.sinaimg.cn\/orj480\/53899d01jw8fcb9qpe7vbj2050050mx8.jpg","like":false,"like_me":false,"badge":{"bind_taobao":1,"dzwbqlx_2016":1,"follow_whitelist_video":1,"hongbao_2018":1}},"retweeted_status":{"created_at":"2011-09-26","id":"3361991374751952","idstr":"3361991374751952","mid":"3361991374751952","can_edit":false,"text":"\u8001\u5a46\u8ba9\u6211\u6700\u8fd1\u4ed4\u7ec6\u8003\u8651\u4e00\u4e0b\u600e\u4e48\u6559\u80b2\u5c0f\u5b69\u3002\u6211\u4e5f\u89c9\u5f97\u5e94\u8be5\u65e9\u4f5c\u51c6\u5907\uff0c\u9884\u5148\u7f16\u597d\u4e00\u4e9b\u4f8b\u53e5\u662f\u6709\u5fc5\u8981\u7684\u3002\u8b6c\u5982\u5e94\u5bf9\u201c\u522b\u7684\u5c0f\u670b\u53cb\u90fd\u5982\u4f55\u5982\u4f55\u201d\u8fd9\u79cd\u8bdd\uff0c\u53ef\u56de\u5e94\uff1a\u201c\u4f60\u771f\u60f3\u548c\u90a3\u4e9b\u65e0\u77e5\u7684\u5730\u7403\u4eba\u4e00\u6837\u5417\u201d\uff1f\u5e94\u5bf9\u201c\u96be\u9053\u4f60\u5c0f\u65f6\u5019\u6ca1\u6709\u72af\u8fc7\u9519\u8bef\u5417\u201d\uff1f\u53ef\u56de\u5e94\uff1a\u201c\u6211\u4e5f\u66fe\u548c\u4f60\u4e00\u6837\u5e74\u8f7b\uff0c\u4f46\u4ece\u4e0d\u66fe\u548c\u4f60\u4e00\u6837\u611a\u8822\u201d\u3002\u7b49\u7b49\u3002 \u200b\u200b\u200b","source":"\u5fae\u535a weibo.com","favorited":false,"is_paid":false,"mblog_vip_type":0,"user":{"id":1401527553,"screen_name":"tombkeeper","profile_image_url":"https:\/\/tva2.sinaimg.cn\/crop.0.0.180.180.180\/53899d01jw8fcb9qpe7vbj2050050mx8.jpg","profile_url":"https:\/\/m.weibo.cn\/u\/1401527553?uid=1401527553&luicode=10000011&lfid=1076031401527553","statuses_count":15425,"verified":true,"verified_type":0,"verified_type_ext":1,"verified_reason":"\u77e5\u540d\u4e92\u8054\u7f51\u8d44\u8baf\u535a\u4e3b","close_blue_v":false,"description":"\u5fae\u535a\u672c\u5730\u8d44\u8baf\u535a\u4e3b\uff08\u521a\u679c\u5e03\u62c9\u67f4\u7ef4\u5c14\uff09","gender":"m","mbtype":12,"urank":48,"mbrank":6,"follow_me":false,"following":false,"followers_count":192533,"follow_count":277,"cover_image_phone":"https:\/\/tva1.sinaimg.cn\/crop.0.0.640.640.640\/549d0121tw1egm1kjly3jj20hs0hsq4f.jpg","avatar_hd":"https:\/\/ww2.sinaimg.cn\/orj480\/53899d01jw8fcb9qpe7vbj2050050mx8.jpg","like":false,"like_me":false,"badge":{"bind_taobao":1,"dzwbqlx_2016":1,"follow_whitelist_video":1,"hongbao_2018":1}},"reposts_count":75,"comments_count":16,"attitudes_count":24,"pending_approval_count":0,"isLongText":false,"visible":{"type":0,"list_id":0},"more_info_type":0,"content_auth":0,"edit_config":{"edited":false},"bid":"xq0G5jWco"},"reposts_count":6,"comments_count":5,"attitudes_count":0,"pending_approval_count":0,"isLongText":false,"visible":{"type":0,"list_id":0},"more_info_type":0,"content_auth":0,"edit_config":{"edited":false},"mblogtype":0,"obj_ext":"","raw_text":"\u56de\u590d@bluescv:\u5f88\u591a\u5e74\u524d\uff0c\u6211\u548c@glacier @Uncle_\u8def @wulujia \u7b49\u4eba\u8fd8\u5e38\u8ba8\u8bba\u62b5\u5236\u65e5\u8d27\u7684\u95ee\u9898\u65f6\uff0c\u6211\u7684\u89c2\u70b9\u662f\uff1a\u201c\u5728\u4e0d\u635f\u5bb3\u4e2d\u534e\u6c11\u65cf\u5229\u76ca\u7684\u60c5\u51b5\u4e0b\uff0c\u5c3d\u53ef\u80fd\u51cf\u5c11\u65e5\u672c\u7684\u53ef\u80fd\u83b7\u76ca\u3002\u82e5\u4e8c\u8005\u6709\u77db\u76fe\uff0c\u5219\u6743\u8861\u53d6\u91cd\u201d\u3002\u8bf8\u541b\u89c2\u70b9\u4e5f\u7c7b\u4f3c\u3002 \/\/@bluescv:\u5176\u5b9e\u6211\u4eec\u53ea\u662f\u5fd8\u4e86\u81ea\u5df1\u66fe\u7ecf\u7684\u611a\u8822\uff0c\u800c\u4e14\u9519\u8bef\u7684\u4ee5\u4e3a\u81ea\u5df1\u5df2\u7ecf\u4e0d\u518d\u611a\u8822\u4e86\u3002","bid":"yCbo77Qbh"},"show_type":0},{"card_type":9,"itemid":"1076031401527553_-_3490634390131943","scheme":"https:\/\/m.weibo.cn\/status\/yC1Ov0yk7?mblogid=yC1Ov0yk7&luicode=10000011&lfid=1076031401527553","mblog":{"created_at":"2012-09-15","id":"3490634390131943","idstr":"3490634390131943","mid":"3490634390131943","can_edit":false,"text":"\u56de\u590d<a href='https:\/\/m.weibo.cn\/n\/lao_shan'>@lao_shan<\/a>:\u9ed8\u8bb8\u51e0\u4e4e\u662f\u4e00\u5b9a\u7684\u3002\u4f46\u6709\u4eba\u8ba4\u4e3a\u91cc\u9762\u4e00\u534a\u90fd\u662f\u8b66\u5bdf\uff0c\u8fd9\u5c31\u592a\u626f\u4e86\u3002","source":"iPad\u5ba2\u6237\u7aef","favorited":false,"is_paid":false,"mblog_vip_type":0,"user":{"id":1401527553,"screen_name":"tombkeeper","profile_image_url":"https:\/\/tva2.sinaimg.cn\/crop.0.0.180.180.180\/53899d01jw8fcb9qpe7vbj2050050mx8.jpg","profile_url":"https:\/\/m.weibo.cn\/u\/1401527553?uid=1401527553&luicode=10000011&lfid=1076031401527553","statuses_count":15425,"verified":true,"verified_type":0,"verified_type_ext":1,"verified_reason":"\u77e5\u540d\u4e92\u8054\u7f51\u8d44\u8baf\u535a\u4e3b","close_blue_v":false,"description":"\u5fae\u535a\u672c\u5730\u8d44\u8baf\u535a\u4e3b\uff08\u521a\u679c\u5e03\u62c9\u67f4\u7ef4\u5c14\uff09","gender":"m","mbtype":12,"urank":48,"mbrank":6,"follow_me":false,"following":false,"followers_count":192533,"follow_count":277,"cover_image_phone":"https:\/\/tva1.sinaimg.cn\/crop.0.0.640.640.640\/549d0121tw1egm1kjly3jj20hs0hsq4f.jpg","avatar_hd":"https:\/\/ww2.sinaimg.cn\/orj480\/53899d01jw8fcb9qpe7vbj2050050mx8.jpg","like":false,"like_me":false,"badge":{"bind_taobao":1,"dzwbqlx_2016":1,"follow_whitelist_video":1,"hongbao_2018":1}},"retweeted_status":{"created_at":"2012-09-15","id":"3490623640154436","idstr":"3490623640154436","mid":"3490623640154436","can_edit":false,"text":"\u6709\u4eba\u6000\u7591\u4e0a\u8857\u7684\u4eba\u91cc\u53ef\u80fd\u6709\u5b98\u5e9c\u7684\u4eba\uff0c\u751a\u81f3\u5f88\u591a\u662f\u5b98\u5e9c\u7684\u4eba\u2014\u2014\u8fd9\u4e8b\u5982\u679c\u662f\u771f\u7684\uff0c\u90a3\u4e48\u53c2\u4e0e\u7684\u4eba\u5fc5\u7136\u76f8\u5f53\u591a\uff0c\u4e8b\u540e\u51e0\u4e4e\u4e00\u5b9a\u4f1a\u8d25\u9732\uff0c\u8d25\u9732\u5f15\u53d1\u7684\u4e11\u95fb\u5c06\u65e0\u6bd4\u5de8\u5927\u3002\u4ed6\u4eec\u53ef\u4e0d\u50bb\uff0c\u4e0d\u4f1a\u7ed9\u653f\u654c\u8fd9\u4e48\u597d\u7684\u673a\u4f1a\u3002 \u200b\u200b\u200b","source":"iPad\u5ba2\u6237\u7aef","favorited":false,"is_paid":false,"mblog_vip_type":0,"user":{"id":1401527553,"screen_name":"tombkeeper","profile_image_url":"https:\/\/tva2.sinaimg.cn\/crop.0.0.180.180.180\/53899d01jw8fcb9qpe7vbj2050050mx8.jpg","profile_url":"https:\/\/m.weibo.cn\/u\/1401527553?uid=1401527553&luicode=10000011&lfid=1076031401527553","statuses_count":15425,"verified":true,"verified_type":0,"verified_type_ext":1,"verified_reason":"\u77e5\u540d\u4e92\u8054\u7f51\u8d44\u8baf\u535a\u4e3b","close_blue_v":false,"description":"\u5fae\u535a\u672c\u5730\u8d44\u8baf\u535a\u4e3b\uff08\u521a\u679c\u5e03\u62c9\u67f4\u7ef4\u5c14\uff09","gender":"m","mbtype":12,"urank":48,"mbrank":6,"follow_me":false,"following":false,"followers_count":192533,"follow_count":277,"cover_image_phone":"https:\/\/tva1.sinaimg.cn\/crop.0.0.640.640.640\/549d0121tw1egm1kjly3jj20hs0hsq4f.jpg","avatar_hd":"https:\/\/ww2.sinaimg.cn\/orj480\/53899d01jw8fcb9qpe7vbj2050050mx8.jpg","like":false,"like_me":false,"badge":{"bind_taobao":1,"dzwbqlx_2016":1,"follow_whitelist_video":1,"hongbao_2018":1}},"reposts_count":16,"comments_count":19,"attitudes_count":0,"pending_approval_count":0,"isLongText":false,"visible":{"type":0,"list_id":0},"more_info_type":0,"content_auth":0,"edit_config":{"edited":false},"bid":"yC1xa0EaU"},"reposts_count":7,"comments_count":10,"attitudes_count":0,"pending_approval_count":0,"isLongText":false,"visible":{"type":0,"list_id":0},"more_info_type":0,"content_auth":0,"edit_config":{"edited":false},"mblogtype":0,"obj_ext":"","raw_text":"\u56de\u590d@lao_shan:\u9ed8\u8bb8\u51e0\u4e4e\u662f\u4e00\u5b9a\u7684\u3002\u4f46\u6709\u4eba\u8ba4\u4e3a\u91cc\u9762\u4e00\u534a\u90fd\u662f\u8b66\u5bdf\uff0c\u8fd9\u5c31\u592a\u626f\u4e86\u3002","bid":"yC1Ov0yk7"},"show_type":0},{"card_type":9,"itemid":"1076031401527553_-_3490629746976431","scheme":"https:\/\/m.weibo.cn\/status\/yC1H0tgT5?mblogid=yC1H0tgT5&luicode=10000011&lfid=1076031401527553","mblog":{"created_at":"2012-09-15","id":"3490629746976431","idstr":"3490629746976431","mid":"3490629746976431","can_edit":false,"text":"\u5728\u5546\u573a\u91cc\u770b\u5230\u4e00\u4e2a\u65b0\u644a\u4f4d\uff0c\u4e13\u95e8\u505a\u82f1\u5c5e\u4ec0\u4e48\u4ec0\u4e48\u5c9b\u7684\u7f6e\u4e1a\u79fb\u6c11\u3002\u6ca1\u60f3\u5230\u73b0\u5728\u79fb\u6c11\u751f\u610f\u90fd\u6446\u644a\u6765\u505a\u4e86\u3002 \u200b\u200b\u200b","source":"iPad\u5ba2\u6237\u7aef","favorited":false,"is_paid":false,"mblog_vip_type":0,"user":{"id":1401527553,"screen_name":"tombkeeper","profile_image_url":"https:\/\/tva2.sinaimg.cn\/crop.0.0.180.180.180\/53899d01jw8fcb9qpe7vbj2050050mx8.jpg","profile_url":"https:\/\/m.weibo.cn\/u\/1401527553?uid=1401527553&luicode=10000011&lfid=1076031401527553","statuses_count":15425,"verified":true,"verified_type":0,"verified_type_ext":1,"verified_reason":"\u77e5\u540d\u4e92\u8054\u7f51\u8d44\u8baf\u535a\u4e3b","close_blue_v":false,"description":"\u5fae\u535a\u672c\u5730\u8d44\u8baf\u535a\u4e3b\uff08\u521a\u679c\u5e03\u62c9\u67f4\u7ef4\u5c14\uff09","gender":"m","mbtype":12,"urank":48,"mbrank":6,"follow_me":false,"following":false,"followers_count":192533,"follow_count":277,"cover_image_phone":"https:\/\/tva1.sinaimg.cn\/crop.0.0.640.640.640\/549d0121tw1egm1kjly3jj20hs0hsq4f.jpg","avatar_hd":"https:\/\/ww2.sinaimg.cn\/orj480\/53899d01jw8fcb9qpe7vbj2050050mx8.jpg","like":false,"like_me":false,"badge":{"bind_taobao":1,"dzwbqlx_2016":1,"follow_whitelist_video":1,"hongbao_2018":1}},"reposts_count":9,"comments_count":6,"attitudes_count":0,"pending_approval_count":0,"isLongText":false,"visible":{"type":0,"list_id":0},"more_info_type":0,"content_auth":0,"edit_config":{"edited":false},"mblogtype":0,"bid":"yC1H0tgT5"},"show_type":0},{"card_type":9,"itemid":"1076031401527553_-_3490627607711329","scheme":"https:\/\/m.weibo.cn\/status\/yC1Dywm4h?mblogid=yC1Dywm4h&luicode=10000011&lfid=1076031401527553","mblog":{"created_at":"2012-09-15","id":"3490627607711329","idstr":"3490627607711329","mid":"3490627607711329","can_edit":false,"text":"\u4ee5\u524d\u51c0\u542c\u8bf4\u5171\u6d4e\u4f1a\u5982\u4f55\u5982\u4f55\u4e86\u5f97\uff0c\u6b27\u7f8e\u653f\u5e9c\u90fd\u662f\u4ed6\u4eec\u624b\u4e2d\u7684\u6728\u5076\u4e91\u4e91\u3002\u4e8e\u662f\u5341\u5206\u62c5\u5fc3\u4ed6\u4eec\u7528\u8f6c\u57fa\u56e0\u6d88\u706d\u6211\u4eec\u6709\u8272\u4eba\u79cd\u3002\u524d\u9635\u5b50\u53c8\u542c\u8bf4\u4ece\u8f9b\u4ea5\u9769\u547d\u5230\u5317\u6d0b\u653f\u5e9c\u5230\u73b0\u5728\uff0c\u90fd\u662f\u6d2a\u95e8\u5728\u80cc\u540e\u63a7\u5236\u7684\u2026 \u2026 \u6211\u8eab\u4e3a\u534e\u4eba\u89c9\u5f97\u7ec8\u4e8e\u6709\u6307\u671b\u4e86\uff0c\u6d2a\u95e8\u4e00\u5b9a\u53ef\u4ee5\u5bf9\u4ed8\u4f60\u4eec\u5171\u6d4e\u4f1a\u3002 \u200b\u200b\u200b","source":"iPad\u5ba2\u6237\u7aef","favorited":false,"is_paid":false,"mblog_vip_type":0,"user":{"id":1401527553,"screen_name":"tombkeeper","profile_image_url":"https:\/\/tva2.sinaimg.cn\/crop.0.0.180.180.180\/53899d01jw8fcb9qpe7vbj2050050mx8.jpg","profile_url":"https:\/\/m.weibo.cn\/u\/1401527553?uid=1401527553&luicode=10000011&lfid=1076031401527553","statuses_count":15425,"verified":true,"verified_type":0,"verified_type_ext":1,"verified_reason":"\u77e5\u540d\u4e92\u8054\u7f51\u8d44\u8baf\u535a\u4e3b","close_blue_v":false,"description":"\u5fae\u535a\u672c\u5730\u8d44\u8baf\u535a\u4e3b\uff08\u521a\u679c\u5e03\u62c9\u67f4\u7ef4\u5c14\uff09","gender":"m","mbtype":12,"urank":48,"mbrank":6,"follow_me":false,"following":false,"followers_count":192533,"follow_count":277,"cover_image_phone":"https:\/\/tva1.sinaimg.cn\/crop.0.0.640.640.640\/549d0121tw1egm1kjly3jj20hs0hsq4f.jpg","avatar_hd":"https:\/\/ww2.sinaimg.cn\/orj480\/53899d01jw8fcb9qpe7vbj2050050mx8.jpg","like":false,"like_me":false,"badge":{"bind_taobao":1,"dzwbqlx_2016":1,"follow_whitelist_video":1,"hongbao_2018":1}},"reposts_count":33,"comments_count":13,"attitudes_count":0,"pending_approval_count":0,"isLongText":false,"visible":{"type":0,"list_id":0},"more_info_type":0,"content_auth":0,"edit_config":{"edited":false},"mblogtype":0,"bid":"yC1Dywm4h"},"show_type":0},{"card_type":9,"itemid":"1076031401527553_-_3490623640154436","scheme":"https:\/\/m.weibo.cn\/status\/yC1xa0EaU?mblogid=yC1xa0EaU&luicode=10000011&lfid=1076031401527553","mblog":{"created_at":"2012-09-15","id":"3490623640154436","idstr":"3490623640154436","mid":"3490623640154436","can_edit":false,"text":"\u6709\u4eba\u6000\u7591\u4e0a\u8857\u7684\u4eba\u91cc\u53ef\u80fd\u6709\u5b98\u5e9c\u7684\u4eba\uff0c\u751a\u81f3\u5f88\u591a\u662f\u5b98\u5e9c\u7684\u4eba\u2014\u2014\u8fd9\u4e8b\u5982\u679c\u662f\u771f\u7684\uff0c\u90a3\u4e48\u53c2\u4e0e\u7684\u4eba\u5fc5\u7136\u76f8\u5f53\u591a\uff0c\u4e8b\u540e\u51e0\u4e4e\u4e00\u5b9a\u4f1a\u8d25\u9732\uff0c\u8d25\u9732\u5f15\u53d1\u7684\u4e11\u95fb\u5c06\u65e0\u6bd4\u5de8\u5927\u3002\u4ed6\u4eec\u53ef\u4e0d\u50bb\uff0c\u4e0d\u4f1a\u7ed9\u653f\u654c\u8fd9\u4e48\u597d\u7684\u673a\u4f1a\u3002 \u200b\u200b\u200b","source":"iPad\u5ba2\u6237\u7aef","favorited":false,"is_paid":false,"mblog_vip_type":0,"user":{"id":1401527553,"screen_name":"tombkeeper","profile_image_url":"https:\/\/tva2.sinaimg.cn\/crop.0.0.180.180.180\/53899d01jw8fcb9qpe7vbj2050050mx8.jpg","profile_url":"https:\/\/m.weibo.cn\/u\/1401527553?uid=1401527553&luicode=10000011&lfid=1076031401527553","statuses_count":15425,"verified":true,"verified_type":0,"verified_type_ext":1,"verified_reason":"\u77e5\u540d\u4e92\u8054\u7f51\u8d44\u8baf\u535a\u4e3b","close_blue_v":false,"description":"\u5fae\u535a\u672c\u5730\u8d44\u8baf\u535a\u4e3b\uff08\u521a\u679c\u5e03\u62c9\u67f4\u7ef4\u5c14\uff09","gender":"m","mbtype":12,"urank":48,"mbrank":6,"follow_me":false,"following":false,"followers_count":192533,"follow_count":277,"cover_image_phone":"https:\/\/tva1.sinaimg.cn\/crop.0.0.640.640.640\/549d0121tw1egm1kjly3jj20hs0hsq4f.jpg","avatar_hd":"https:\/\/ww2.sinaimg.cn\/orj480\/53899d01jw8fcb9qpe7vbj2050050mx8.jpg","like":false,"like_me":false,"badge":{"bind_taobao":1,"dzwbqlx_2016":1,"follow_whitelist_video":1,"hongbao_2018":1}},"reposts_count":16,"comments_count":19,"attitudes_count":0,"pending_approval_count":0,"isLongText":false,"visible":{"type":0,"list_id":0},"more_info_type":0,"content_auth":0,"edit_config":{"edited":false},"mblogtype":0,"bid":"yC1xa0EaU"},"show_type":0},{"card_type":9,"itemid":"1076031401527553_-_3490603407206055","scheme":"https:\/\/m.weibo.cn\/status\/yC10wueCH?mblogid=yC10wueCH&luicode=10000011&lfid=1076031401527553","mblog":{"created_at":"2012-09-15","id":"3490603407206055","idstr":"3490603407206055","mid":"3490603407206055","can_edit":false,"text":"\u4ee5\u524d\u770b\u6e05\u5bab\u620f\uff0c\u5e38\u89c1\u8fd9\u6837\u7684\u955c\u5934\uff1a\u5927\u81e3\u7980\u62a5\u8bf4\u67d0\u5904\u6709\u53d8\uff0c\u4f46\u767e\u59d3\u4eec\u4e3b\u52a8\u652f\u6301\u5b98\u519b\u3002\u7687\u4e0a\u4f1a\u5ffd\u7136\u7ad9\u8d77\u6765\uff0c\u6ee1\u8138\u5174\u594b\uff0c\u7528\u6fc0\u52a8\u5230\u53d1\u6296\u7684\u58f0\u97f3\u8bf4\uff1a\u201c\u6c11\u5fc3\u53ef\u7528\uff0c\u6c11\u5fc3\u53ef\u7528\u554a\uff01\u201d \u200b\u200b\u200b","source":"S60\u5ba2\u6237\u7aef","favorited":false,"is_paid":false,"mblog_vip_type":0,"user":{"id":1401527553,"screen_name":"tombkeeper","profile_image_url":"https:\/\/tva2.sinaimg.cn\/crop.0.0.180.180.180\/53899d01jw8fcb9qpe7vbj2050050mx8.jpg","profile_url":"https:\/\/m.weibo.cn\/u\/1401527553?uid=1401527553&luicode=10000011&lfid=1076031401527553","statuses_count":15425,"verified":true,"verified_type":0,"verified_type_ext":1,"verified_reason":"\u77e5\u540d\u4e92\u8054\u7f51\u8d44\u8baf\u535a\u4e3b","close_blue_v":false,"description":"\u5fae\u535a\u672c\u5730\u8d44\u8baf\u535a\u4e3b\uff08\u521a\u679c\u5e03\u62c9\u67f4\u7ef4\u5c14\uff09","gender":"m","mbtype":12,"urank":48,"mbrank":6,"follow_me":false,"following":false,"followers_count":192533,"follow_count":277,"cover_image_phone":"https:\/\/tva1.sinaimg.cn\/crop.0.0.640.640.640\/549d0121tw1egm1kjly3jj20hs0hsq4f.jpg","avatar_hd":"https:\/\/ww2.sinaimg.cn\/orj480\/53899d01jw8fcb9qpe7vbj2050050mx8.jpg","like":false,"like_me":false,"badge":{"bind_taobao":1,"dzwbqlx_2016":1,"follow_whitelist_video":1,"hongbao_2018":1}},"reposts_count":82,"comments_count":15,"attitudes_count":5,"pending_approval_count":0,"isLongText":false,"visible":{"type":0,"list_id":0},"more_info_type":0,"content_auth":0,"edit_config":{"edited":false},"mblogtype":0,"bid":"yC10wueCH"},"show_type":0}],"showAppTips":0,"scheme":"sinaweibo:\/\/cardlist?containerid=1076031401527553&extparam=&luicode=10000011&lfid=&featurecode="}}