{"ok":1,"data":{"cardlistInfo":{"containerid":"1076031401527553","v_p":42,"show_style":1,"total":15518,"page":50},"cards":[{"card_type":9,"itemid":"1076031401527553_-_3490143711244567","scheme":"https:\/\/m.weibo.cn\/status\/yBP355dLF?mblogid=yBP355dLF&luicode=10000011&lfid=1076031401527553","mblog":{"created_at":"2012-09-14","id":"3490143711244567","idstr":"3490143711244567","mid":"3490143711244567","can_edit":false,"text":"\u8fd9\u662f\u5411\u300a\u4eac\u90fd\u7403\u4fa0\u300b\u81f4\u656c\u5427\uff0c\u201c\u2026\u2026\u62a4\u7403\u2026\u2026\u65cb\u5b50\u2026\u2026\u8db4\u4e0b\u2026\u2026\u201d","source":"\u5fae\u535a weibo.com","favorited":false,"is_paid":false,"mblog_vip_type":0,"user":{"id":1401527553,"screen_name":"tombkeeper","profile_image_url":"https:\/\/tva2.sinaimg.cn\/crop.0.0.180.180.180\/53899d01jw8fcb9qpe7vbj2050050mx8.jpg","profile_url":"https:\/\/m.weibo.cn\/u\/1401527553?uid=1401527553&luicode=10000011&lfid=1076031401527553","statuses_count":15425,"verified":true,"verified_type":0,"verified_type_ext":1,"verified_reason":"\u77e5\u540d\u4e92\u8054\u7f51\u8d44\u8baf\u535a\u4e3b","close_blue_v":false,"description":"\u5fae\u535a\u672c\u5730\u8d44\u8baf\u535a\u4e3b\uff08\u521a\u679c\u5e03\u62c9\u67f4\u7ef4\u5c14\uff09","gender":"m","mbtype":12,"urank":48,"mbrank":6,"follow_me":false,"following":false,"followers_count":192533,"follow_count":277,"cover_image_phone":"https:\/\/tva1.sinaimg.cn\/crop.0.0.640.640.640\/549d0121tw1egm1kjly3jj20hs0hsq4f.jpg","avatar_hd":"https:\/\/ww2.sinaimg.cn\/orj480\/53899d01jw8fcb9qpe7vbj2050050mx8.jpg","like":false,"like_me":false,"badge":{"bind_taobao":1,"dzwbqlx_2016":1,"follow_whitelist_video":1,"hongbao_2018":1}},"pid":3490141765484607,"retweeted_status":{"created_at":"2012-09-14","id":"3490092922078361","idstr":"3490092922078361","mid":"3490092922078361","can_edit":false,"text":"\u3010\u5927\u4e00\u65b0\u751f\u53ef\u4ee5\u53bb\u4fdd\u536b\u9493\u9c7c\u5c9b\u4e86\u3011\u54c8\u5de5\u7a0b2010\u519b\u8bad\u4e4b\u7279\u79cd\u6218\u672f TMD\u5e05\u6b7b\u4e86\u2026\u2026\u8fd9\u8f88\u5b50\u6211\u80fd\u53c2\u6f14\u4e00\u6b21\u8fd9\u79cd\u519b\u8bad\u8db3\u77e3 <a data-url=\"http:\/\/t.cn\/zlPAO6F\" target=\"_blank\" href=\"https:\/\/weibo.cn\/sinaurl\/blocked03146ca9?url_type=1&object_type=&pos=1&luicode=10000011&lfid=1076031401527553&u=http%3A%2F%2Fwww.56.com%2Fu30%2Fv_NjI4Njc0ODM.html%2F880831_quanmin2012.html%3Furl_type%3D1%26object_type%3D%26pos%3D1&ep=yBNJa8IFX%252C2281386844%252CyBNJa8IFX%252C2281386844\" class=\"\"><span class=\"url-icon\"><img src=\"http:\/\/u1.sinaimg.cn\/upload\/2014\/10\/16\/timeline_card_small_video_default.png\"><\/span><\/i><span class=\"surl-text\">\u89c6\u9891<\/a> \u200b\u200b\u200b","source":"iPad\u5ba2\u6237\u7aef","favorited":false,"thumbnail_pic":"http:\/\/ww2.sinaimg.cn\/thumbnail\/87fb335cjw1dwvsqvfzklj.jpg","bmiddle_pic":"http:\/\/ww2.sinaimg.cn\/bmiddle\/87fb335cjw1dwvsqvfzklj.jpg","original_pic":"http:\/\/ww2.sinaimg.cn\/large\/87fb335cjw1dwvsqvfzklj.jpg","is_paid":false,"mblog_vip_type":0,"user":{"id":2281386844,"screen_name":"\u6700\u70ed\u89c6\u9891\u7cbe\u9009","profile_image_url":"https:\/\/tva1.sinaimg.cn\/crop.0.0.180.180.180\/87fb335cjw1e8qgp5bmzyj2050050aa8.jpg","profile_url":"https:\/\/m.weibo.cn\/u\/2281386844?uid=2281386844&luicode=10000011&lfid=1076031401527553","statuses_count":147348,"verified":true,"verified_type":0,"verified_type_ext":0,"verified_reason":"\u77e5\u540d\u641e\u7b11\u5e7d\u9ed8\u535a\u4e3b","close_blue_v":false,"description":"\u6bcf\u65e5\u63d0\u4f9b\u6700\u65b0\u70ed\u95e8\u89c6\u9891\uff1a\u8f7b\u677e\u641e\u7b11\u3001\u5a31\u4e50\u516b\u5366\u4ee5\u53ca\u5f71\u89c6\u5927\u7247\uff0c\u5168\u592924\u5c0f\u65f6\u5373\u65f6\u53d1\u5e03\u3002\u6b22\u8fce\u62a5\u6599\u3001\u6295\u7a3f\uff0c\u8bf7\u53d1\u79c1\u4fe1\u3002","gender":"f","mbtype":2,"urank":48,"mbrank":7,"follow_me":false,"following":false,"followers_count":1442044,"follow_count":294,"cover_image_phone":"https:\/\/tva1.sinaimg.cn\/crop.0.0.640.640.640\/9d44112bjw1f1xl1c10tuj20hs0hs0tw.jpg","avatar_hd":"https:\/\/ww1.sinaimg.cn\/orj480\/87fb335cjw1e8qgp5bmzyj2050050aa8.jpg","like":false,"like_me":false,"badge":{"gongyi":1,"bind_taobao":1,"zongyiji":1,"dzwbqlx_2016":1,"follow_whitelist_video":1}},"reposts_count":7984,"comments_count":904,"attitudes_count":26,"pending_approval_count":0,"isLongText":false,"visible":{"type":0,"list_id":0},"more_info_type":0,"content_auth":0,"edit_config":{"edited":false},"bid":"yBNJa8IFX","pics":[{"pid":"87fb335cjw1dwvsqvfzklj","url":"https:\/\/ww2.sinaimg.cn\/orj360\/87fb335cjw1dwvsqvfzklj.jpg","size":"orj360","geo":false,"large":{"size":"large","url":"https:\/\/ww2.sinaimg.cn\/large\/87fb335cjw1dwvsqvfzklj.jpg","geo":false}}]},"reposts_count":8,"comments_count":3,"attitudes_count":0,"pending_approval_count":0,"isLongText":false,"visible":{"type":0,"list_id":0},"more_info_type":0,"content_auth":0,"edit_config":{"edited":false},"mblogtype":0,"obj_ext":"","raw_text":"\u8fd9\u662f\u5411\u300a\u4eac\u90fd\u7403\u4fa0\u300b\u81f4\u656c\u5427\uff0c\u201c\u2026\u2026\u62a4\u7403\u2026\u2026\u65cb\u5b50\u2026\u2026\u8db4\u4e0b\u2026\u2026\u201d","bid":"yBP355dLF"},"show_type":0},{"card_type":9,"itemid":"1076031401527553_-_3490117672746576","scheme":"https:\/\/m.weibo.cn\/status\/yBOn5bwvC?mblogid=yBOn5bwvC&luicode=10000011&lfid=1076031401527553","mblog":{"created_at":"2012-09-14","id":"3490117672746576","idstr":"3490117672746576","mid":"3490117672746576","can_edit":false,"text":"\u56de\u590d<a href='https:\/\/m.weibo.cn\/n\/DrJan'>@DrJan<\/a>: XCon 2005\u6700\u540e\u4e00\u5929\uff0c\u6211\u548c\u51e0\u4e2a\u56fd\u9645\u53cb\u4eba\u7b54\u53c2\u4f1a\u8005\u95ee\u3002\u6709\u4eba\u63d0\u4e86\u51e0\u4e2a\u5c16\u9510\u7684\u95ee\u9898\uff0c\u6211\u505a\u4e86\u56de\u7b54\u3002\u4e8e\u662fXCon\u4e3b\u6301\u4eba\u5bf9\u53f0\u4e0b\u8bf4\u4ed6\u53ea\u4f69\u670d\u4e24\u4e2a\u4eba\uff0c\u4e00\u662f\u8299\u84c9\u59d0\u59d0\uff0c\u4e8c\u662f\u6211\u3002\u5f53\u65f6\u8299\u84c9\u59d0\u59d0\u88ab\u79f0\u4f5c\u8299\u84c9\u6559\u4e3b\uff0c\u4e8e\u662f\u201c\u6559\u4e3b\u201d\u8fd9\u4e2a\u79f0\u547c\u5c31\u4ece\u67d0QQ\u7fa4\u5f00\u59cb\uff0c\u6162\u6162\u6269\u6563\u5f00\u3002\u6240\u4ee5\u8fd9\u79f0\u547c\u4e0d\u4f46\u672c\u8eab\u5c31\u4e0d\u597d\u542c\uff0c\u5176\u5386\u53f2\u4e5f\u4e0d\u4f18\u96c5\u3002 \u200b\u200b\u200b","source":"\u5fae\u535a weibo.com","favorited":false,"is_paid":false,"mblog_vip_type":0,"user":{"id":1401527553,"screen_name":"tombkeeper","profile_image_url":"https:\/\/tva2.sinaimg.cn\/crop.0.0.180.180.180\/53899d01jw8fcb9qpe7vbj2050050mx8.jpg","profile_url":"https:\/\/m.weibo.cn\/u\/1401527553?uid=1401527553&luicode=10000011&lfid=1076031401527553","statuses_count":15425,"verified":true,"verified_type":0,"verified_type_ext":1,"verified_reason":"\u77e5\u540d\u4e92\u8054\u7f51\u8d44\u8baf\u535a\u4e3b","close_blue_v":false,"description":"\u5fae\u535a\u672c\u5730\u8d44\u8baf\u535a\u4e3b\uff08\u521a\u679c\u5e03\u62c9\u67f4\u7ef4\u5c14\uff09","gender":"m","mbtype":12,"urank":48,"mbrank":6,"follow_me":false,"following":false,"followers_count":192533,"follow_count":277,"cover_image_phone":"https:\/\/tva1.sinaimg.cn\/crop.0.0.640.640.640\/549d0121tw1egm1kjly3jj20hs0hsq4f.jpg","avatar_hd":"https:\/\/ww2.sinaimg.cn\/orj480\/53899d01jw8fcb9qpe7vbj2050050mx8.jpg","like":false,"like_me":false,"badge":{"bind_taobao":1,"dzwbqlx_2016":1,"follow_whitelist_video":1,"hongbao_2018":1}},"reposts_count":3,"comments_count":13,"attitudes_count":1,"pending_approval_count":0,"isLongText":false,"visible":{"type":0,"list_id":0},"more_info_type":0,"content_auth":0,"edit_config":{"edited":false},"mblogtype":0,"bid":"yBOn5bwvC"},"show_type":0},{"card_type":9,"itemid":"1076031401527553_-_3490111834530095","scheme":"https:\/\/m.weibo.cn\/status\/yBOdFj0u3?mblogid=yBOdFj0u3&luicode=10000011&lfid=1076031401527553","mblog":{"created_at":"2012-09-14","id":"3490111834530095","idstr":"3490111834530095","mid":"3490111834530095","can_edit":false,"text":"\u4f60\u60f3\u95ee\u7684\u4e0d\u662f\u201c\u907f\u514d\u6ea2\u51fa\u201d\u800c\u662f\u201c\u907f\u514d\u6ea2\u51fa\u88ab\u5229\u7528\u201d\u5427\uff1f\u65e0\u6cd5\u907f\u514d\uff0c\u53ea\u662f\u5229\u7528\u96be\u5ea6\u5927\u4e00\u4e9b\u3002\u4f60\u53ef\u4ee5\u8fd9\u4e48\u60f3\uff1ax86\u7684NX\u5b9e\u9645\u4e0a\u53ef\u4ee5\u7406\u89e3\u4e3a\u903b\u8f91\u4e0a\u7684\u54c8\u4f5b\u7ed3\u6784\u3002\u53e6\u5916\uff0c\u6073\u6c42\u5927\u5bb6\u5728\u4e0d\u8981\u518d\u7528\u201c\u6559\u4e3b\u201d\u79f0\u547c\u6211\u3002 \/\/<a href='https:\/\/m.weibo.cn\/n\/Hanson_Shi'>@Hanson_Shi<\/a>: \u8bf7\u6559\u4e2a\u95ee\u9898\uff0c\u82e5\u4f7f\u7528\u4e25\u683c\u7684\u662f\u5426\u53ef\u4ee5\u907f\u514d\u7f13\u51b2\u533a\u6ea2\u51fa\u5462\uff1f\u4e2a\u4eba\u8ba4\u4e3a\u53ef\u4ee5\uff0c\u4e0d\u77e5\u6559\u4e3b\u600e\u4e48\u770b\uff0c\u8c22\u8c22 \u200b\u200b\u200b","source":"\u5fae\u535a weibo.com","favorited":false,"is_paid":false,"mblog_vip_type":0,"user":{"id":1401527553,"screen_name":"tombkeeper","profile_image_url":"https:\/\/tva2.sinaimg.cn\/crop.0.0.180.180.180\/53899d01jw8fcb9qpe7vbj2050050mx8.jpg","profile_url":"https:\/\/m.weibo.cn\/u\/1401527553?uid=1401527553&luicode=10000011&lfid=1076031401527553","statuses_count":15425,"verified":true,"verified_type":0,"verified_type_ext":1,"verified_reason":"\u77e5\u540d\u4e92\u8054\u7f51\u8d44\u8baf\u535a\u4e3b","close_blue_v":false,"description":"\u5fae\u535a\u672c\u5730\u8d44\u8baf\u535a\u4e3b\uff08\u521a\u679c\u5e03\u62c9\u67f4\u7ef4\u5c14\uff09","gender":"m","mbtype":12,"urank":48,"mbrank":6,"follow_me":false,"following":false,"followers_count":192533,"follow_count":277,"cover_image_phone":"https:\/\/tva1.sinaimg.cn\/crop.0.0.640.640.640\/549d0121tw1egm1kjly3jj20hs0hsq4f.jpg","avatar_hd":"https:\/\/ww2.sinaimg.cn\/orj480\/53899d01jw8fcb9qpe7vbj2050050mx8.jpg","like":false,"like_me":false,"badge":{"bind_taobao":1,"dzwbqlx_2016":1,"follow_whitelist_video":1,"hongbao_2018":1}},"reposts_count":0,"comments_count":6,"attitudes_count":0,"pending_approval_count":0,"isLongText":false,"visible":{"type":0,"list_id":0},"more_info_type":0,"content_auth":0,"edit_config":{"edited":false},"mblogtype":0,"bid":"yBOdFj0u3"},"show_type":0},{"card_type":9,"itemid":"1076031401527553_-_3490105266120523","scheme":"https:\/\/m.weibo.cn\/status\/yBO34pGe7?mblogid=yBO34pGe7&luicode=10000011&lfid=1076031401527553","mblog":{"created_at":"2012-09-14","id":"3490105266120523","idstr":"3490105266120523","mid":"3490105266120523","can_edit":false,"text":"\u770b\u8fc7\u300a\u5c0f\u5175\u5f20\u560e\u300b\u7684\u5e94\u8be5\u8fd8\u8bb0\u5f97\u560e\u5b50\u62ff\u7740\u90a3\u628a\u52c3\u6717\u5b81M1900\u5411\u5927\u5bb6\u70ab\u8000\u8bf4\uff1a\u201c\u8fd9\u53eb\u64b8\u5b50\u201d\u3002\u5317\u65b9\u5730\u533a\u4ee5\u524d\u628a\u5957\u7b52\u5f0f\u624b\u67aa\u53eb\u201c\u64b8\u5b50\u201d\uff0c\u56e0\u4e3a\u7528\u4e4b\u524d\u8981\u201c\u64b8\u4e00\u4e0b\u201d\uff0c\u5373\u62c9\u52a8\u5957\u7b52\u3002\u6240\u4ee5\u8bf4\u201c\u624b\u67aa\u201d\u548c\u201c\u64b8\u201d\u4e4b\u95f4\u7684\u5173\u7cfb\u76f8\u5f53\u60a0\u4e45\u3002 \u200b\u200b\u200b","source":"\u5fae\u535a weibo.com","favorited":false,"thumbnail_pic":"http:\/\/ww2.sinaimg.cn\/thumbnail\/53899d01jw1dwvu5vsg7yj.jpg","bmiddle_pic":"http:\/\/ww2.sinaimg.cn\/bmiddle\/53899d01jw1dwvu5vsg7yj.jpg","original_pic":"http:\/\/ww2.sinaimg.cn\/large\/53899d01jw1dwvu5vsg7yj.jpg","is_paid":false,"mblog_vip_type":0,"user":{"id":1401527553,"screen_name":"tombkeeper","profile_image_url":"https:\/\/tva2.sinaimg.cn\/crop.0.0.180.180.180\/53899d01jw8fcb9qpe7vbj2050050mx8.jpg","profile_url":"https:\/\/m.weibo.cn\/u\/1401527553?uid=1401527553&luicode=10000011&lfid=1076031401527553","statuses_count":15425,"verified":true,"verified_type":0,"verified_type_ext":1,"verified_reason":"\u77e5\u540d\u4e92\u8054\u7f51\u8d44\u8baf\u535a\u4e3b","close_blue_v":false,"description":"\u5fae\u535a\u672c\u5730\u8d44\u8baf\u535a\u4e3b\uff08\u521a\u679c\u5e03\u62c9\u67f4\u7ef4\u5c14\uff09","gender":"m","mbtype":12,"urank":48,"mbrank":6,"follow_me":false,"following":false,"followers_count":192533,"follow_count":277,"cover_image_phone":"https:\/\/tva1.sinaimg.cn\/crop.0.0.640.640.640\/549d0121tw1egm1kjly3jj20hs0hsq4f.jpg","avatar_hd":"https:\/\/ww2.sinaimg.cn\/orj480\/53899d01jw8fcb9qpe7vbj2050050mx8.jpg","like":false,"like_me":false,"badge":{"bind_taobao":1,"dzwbqlx_2016":1,"follow_whitelist_video":1,"hongbao_2018":1}},"reposts_count":20,"comments_count":18,"attitudes_count":0,"pending_approval_count":0,"isLongText":false,"visible":{"type":0,"list_id":0},"more_info_type":0,"content_auth":0,"edit_config":{"edited":false},"mblogtype":0,"bid":"yBO34pGe7","pics":[{"pid":"53899d01jw1dwvu5vsg7yj","url":"https:\/\/ww2.sinaimg.cn\/orj360\/53899d01jw1dwvu5vsg7yj.jpg","size":"orj360","geo":false,"large":{"size":"large","url":"https:\/\/ww2.sinaimg.cn\/large\/53899d01jw1dwvu5vsg7yj.jpg","geo":false}}]},"show_type":0},{"card_type":9,"itemid":"1076031401527553_-_3490091135211339","scheme":"https:\/\/m.weibo.cn\/status\/yBNGhlRHR?mblogid=yBNGhlRHR&luicode=10000011&lfid=1076031401527553","mblog":{"created_at":"2012-09-14","id":"3490091135211339","idstr":"3490091135211339","mid":"3490091135211339","can_edit":false,"text":"\u8fd9\u79cd\u660e\u6446\u7740\u7684\u4e8b\u513f\u5176\u5b9e\u771f\u4e0d\u9700\u8981\u7814\u7a76\uff0c\u4f46\u4e0d\u7814\u7a76\u76f4\u63a5\u5f53\u7ed3\u8bba\u8bf4\u5fc5\u6709\u4eba\u8981\u626f\u6de1\u2026\u2026\u4e0d\u8fc7\u770b\u8bc4\u8bba\uff0c\u7814\u7a76\u4e86\u4e5f\u6709\u4eba\u626f\u6de1\u2026\u2026\u6d89\u53ca\u80f8\u90e8\u7684\u65f6\u5019\uff0c\u770b\u6765\u626f\u6de1\u5c31\u662f\u4e0d\u53ef\u907f\u514d\u7684\u3002","source":"\u5fae\u535a weibo.com","favorited":false,"is_paid":false,"mblog_vip_type":0,"user":{"id":1401527553,"screen_name":"tombkeeper","profile_image_url":"https:\/\/tva2.sinaimg.cn\/crop.0.0.180.180.180\/53899d01jw8fcb9qpe7vbj2050050mx8.jpg","profile_url":"https:\/\/m.weibo.cn\/u\/1401527553?uid=1401527553&luicode=10000011&lfid=1076031401527553","statuses_count":15425,"verified":true,"verified_type":0,"verified_type_ext":1,"verified_reason":"\u77e5\u540d\u4e92\u8054\u7f51\u8d44\u8baf\u535a\u4e3b","close_blue_v":false,"description":"\u5fae\u535a\u672c\u5730\u8d44\u8baf\u535a\u4e3b\uff08\u521a\u679c\u5e03\u62c9\u67f4\u7ef4\u5c14\uff09","gender":"m","mbtype":12,"urank":48,"mbrank":6,"follow_me":false,"following":false,"followers_count":192533,"follow_count":277,"cover_image_phone":"https:\/\/tva1.sinaimg.cn\/crop.0.0.640.640.640\/549d0121tw1egm1kjly3jj20hs0hsq4f.jpg","avatar_hd":"https:\/\/ww2.sinaimg.cn\/orj480\/53899d01jw8fcb9qpe7vbj2050050mx8.jpg","like":false,"like_me":false,"badge":{"bind_taobao":1,"dzwbqlx_2016":1,"follow_whitelist_video":1,"hongbao_2018":1}},"retweeted_status":{"created_at":"2012-09-14","id":"3490036266088399","idstr":"3490036266088399","mid":"3490036266088399","can_edit":false,"text":"<a class='k' href='https:\/\/m.weibo.cn\/k\/%E5%91%A8%E4%BA%94%E6%80%AA%E7%A7%91%E5%AD%A6?from=feed'>#\u5468\u4e94\u602a\u79d1\u5b66#<\/a> \u6cd5\u56fd\u79d1\u5b66\u5bb6\u7814\u7a76\u5973\u6027\u80f8\u90e8\u5927\u5c0f\u5bf9\u5979\u5728\u8def\u8fb9\u8981\u6c42\u642d\u987a\u98ce\u8f66\u7684\u6210\u529f\u7387\u7684\u5f71\u54cd\u3002\u7ed3\u679c\u662f\uff1a\uff21\u7f69\u676f\uff0c\u6709\uff11\uff15\uff05\u7537\u53f8\u673a\u505c\u4e0b\u6765\uff1bB\u7f69\u676f\uff0c\u6709\uff11\uff18\uff05\u7537\u53f8\u673a\u505c\u4e0b\u6765\uff1b\uff23\u7f69\u676f\uff0c\u6709\uff12\uff14\uff05\u7537\u53f8\u673a\u505c\u4e0b\u6765\u3002\u5973\u53f8\u673a\u505c\u4e0b\u7684\u6bd4\u7387\u5219\u65e0\u53d8\u5316\u3002\u8bba\u6587Bust size and hitchhiking: a field study\u94fe\u63a5<a data-url=\"http:\/\/t.cn\/zlPzAU6\" target=\"_blank\" href=\"https:\/\/weibo.cn\/sinaurl\/blockedf22648af?luicode=10000011&lfid=1076031401527553&u=http%3A%2F%2Fwww.ncbi.nlm.nih.gov%2Fpubmed%2F18380130&ep=yBMfMpxRZ%252C1770284623%252CyBMfMpxRZ%252C1770284623\" class=\"\"><span class=\"url-icon\"><img src=\"\/\/h5.sinaimg.cn\/upload\/2015\/09\/25\/3\/timeline_card_small_web_default.png\"><\/span><\/i><span class=\"surl-text\">\u7f51\u9875\u94fe\u63a5<\/a> \u200b\u200b\u200b","source":"\u5fae\u535a weibo.com","favorited":false,"thumbnail_pic":"http:\/\/ww3.sinaimg.cn\/thumbnail\/6984664fgw1dwvm06ukw4j.jpg","bmiddle_pic":"http:\/\/ww3.sinaimg.cn\/bmiddle\/6984664fgw1dwvm06ukw4j.jpg","original_pic":"http:\/\/ww3.sinaimg.cn\/large\/6984664fgw1dwvm06ukw4j.jpg","is_paid":false,"mblog_vip_type":0,"user":{"id":1770284623,"screen_name":"oztiger","profile_image_url":"https:\/\/tva4.sinaimg.cn\/crop.0.0.180.180.180\/6984664fjw1e8qgp5bmzyj2050050aa8.jpg","profile_url":"https:\/\/m.weibo.cn\/u\/1770284623?uid=1770284623&luicode=10000011&lfid=1076031401527553","statuses_count":8716,"verified":false,"verified_type":-1,"close_blue_v":false,"description":"intelligently arrogant \u63a8\u7279\u53f7: oztiger1","gender":"m","mbtype":0,"urank":38,"mbrank":0,"follow_me":false,"following":false,"followers_count":154315,"follow_count":79,"cover_image_phone":"https:\/\/tva1.sinaimg.cn\/crop.0.0.640.640.640\/549d0121tw1egm1kjly3jj20hs0hsq4f.jpg","avatar_hd":"https:\/\/ww4.sinaimg.cn\/orj480\/6984664fjw1e8qgp5bmzyj2050050aa8.jpg","like":false,"like_me":false,"badge":{"olympic_2016":1,"follow_whitelist_video":1}},"reposts_count":40,"comments_count":20,"attitudes_count":0,"pending_approval_count":0,"isLongText":false,"visible":{"type":0,"list_id":0},"more_info_type":0,"content_auth":0,"edit_config":{"edited":false},"page_info":{"page_pic":{"url":"https:\/\/wx3.sinaimg.cn\/thumb180\/a50b0fd1ly9fm5gvo79dbj2050050jra.jpg"},"page_url":"https:\/\/m.weibo.cn\/p\/index?containerid=100808efcebdf27ce11db3d563dce9ceca51f7&extparam=%E5%91%A8%E4%BA%94%E6%80%AA%E7%A7%91%E5%AD%A6&luicode=10000011&lfid=1076031401527553","page_title":"#\u5468\u4e94\u602a\u79d1\u5b66#","content1":"","content2":"","type":"topic"},"bid":"yBMfMpxRZ","pics":[{"pid":"6984664fgw1dwvm06ukw4j","url":"https:\/\/ww3.sinaimg.cn\/orj360\/6984664fgw1dwvm06ukw4j.jpg","size":"orj360","geo":false,"large":{"size":"large","url":"https:\/\/ww3.sinaimg.cn\/large\/6984664fgw1dwvm06ukw4j.jpg","geo":false}}]},"reposts_count":8,"comments_count":5,"attitudes_count":0,"pending_approval_count":0,"isLongText":false,"visible":{"type":0,"list_id":0},"more_info_type":0,"content_auth":0,"edit_config":{"edited":false},"mblogtype":0,"obj_ext":"","raw_text":"\u8fd9\u79cd\u660e\u6446\u7740\u7684\u4e8b\u513f\u5176\u5b9e\u771f\u4e0d\u9700\u8981\u7814\u7a76\uff0c\u4f46\u4e0d\u7814\u7a76\u76f4\u63a5\u5f53\u7ed3\u8bba\u8bf4\u5fc5\u6709\u4eba\u8981\u626f\u6de1\u2026\u2026\u4e0d\u8fc7\u770b\u8bc4\u8bba\uff0c\u7814\u7a76\u4e86\u4e5f\u6709\u4eba\u626f\u6de1\u2026\u2026\u6d89\u53ca\u80f8\u90e8\u7684\u65f6\u5019\uff0c\u770b\u6765\u626f\u6de1\u5c31\u662f\u4e0d\u53ef\u907f\u514d\u7684\u3002","bid":"yBNGhlRHR"},"show_type":0},{"card_type":9,"itemid":"1076031401527553_-_3489953914599302","scheme":"https:\/\/m.weibo.cn\/status\/yBK6Xjiui?mblogid=yBK6Xjiui&luicode=10000011&lfid=1076031401527553","mblog":{"created_at":"2012-09-14","id":"3489953914599302","idstr":"3489953914599302","mid":"3489953914599302","can_edit":false,"text":"\u770b\u7f51\u6613\u65b0\u95fb\u8bf4\u610f\u5927\u5229\u4e00\u4f4d101\u5c81\u7684\u8001\u4eba\u56e0\u4e3a\u81ea\u5df1\u65e0\u6cd5\u518d\u53c2\u52a0\u8dd1\u6b65\u8fd0\u52a8\uff0c\u90c1\u95f7\u81ea\u6740\u3002\u8fd9\u4f4d\u8001\u7237\u5b5089\u5c81\u65f6\u7684\u767e\u7c73\u6210\u7ee9\u662f16\u79d2\u2014\u2014\u4f60\u4eec\u73b0\u5728\u80fd\u8dd1\u8fd9\u4e48\u5feb\u5417\uff1f \u200b\u200b\u200b","source":"iPad\u5ba2\u6237\u7aef","favorited":false,"is_paid":false,"mblog_vip_type":0,"user":{"id":1401527553,"screen_name":"tombkeeper","profile_image_url":"https:\/\/tva2.sinaimg.cn\/crop.0.0.180.180.180\/53899d01jw8fcb9qpe7vbj2050050mx8.jpg","profile_url":"https:\/\/m.weibo.cn\/u\/1401527553?uid=1401527553&luicode=10000011&lfid=1076031401527553","statuses_count":15425,"verified":true,"verified_type":0,"verified_type_ext":1,"verified_reason":"\u77e5\u540d\u4e92\u8054\u7f51\u8d44\u8baf\u535a\u4e3b","close_blue_v":false,"description":"\u5fae\u535a\u672c\u5730\u8d44\u8baf\u535a\u4e3b\uff08\u521a\u679c\u5e03\u62c9\u67f4\u7ef4\u5c14\uff09","gender":"m","mbtype":12,"urank":48,"mbrank":6,"follow_me":false,"following":false,"followers_count":192533,"follow_count":277,"cover_image_phone":"https:\/\/tva1.sinaimg.cn\/crop.0.0.640.640.640\/549d0121tw1egm1kjly3jj20hs0hsq4f.jpg","avatar_hd":"https:\/\/ww2.sinaimg.cn\/orj480\/53899d01jw8fcb9qpe7vbj2050050mx8.jpg","like":false,"like_me":false,"badge":{"bind_taobao":1,"dzwbqlx_2016":1,"follow_whitelist_video":1,"hongbao_2018":1}},"reposts_count":9,"comments_count":12,"attitudes_count":0,"pending_approval_count":0,"isLongText":false,"visible":{"type":0,"list_id":0},"more_info_type":0,"content_auth":0,"edit_config":{"edited":false},"mblogtype":0,"bid":"yBK6Xjiui"},"show_type":0},{"card_type":9,"itemid":"1076031401527553_-_3489914346086364","scheme":"https:\/\/m.weibo.cn\/status\/yBJ58pxla?mblogid=yBJ58pxla&luicode=10000011&lfid=1076031401527553","mblog":{"created_at":"2012-09-13","id":"3489914346086364","idstr":"3489914346086364","mid":"3489914346086364","can_edit":false,"text":"\u56de\u590d<a href='https:\/\/m.weibo.cn\/n\/\u4e5dtnnd\u957f\u8001'>@\u4e5dtnnd\u957f\u8001<\/a>: \u300a\u602f\u5927\u9f13\u300b\u91cc\u7684\u3002 \/\/<a href='https:\/\/m.weibo.cn\/n\/\u4e5dtnnd\u957f\u8001'>@\u4e5dtnnd\u957f\u8001<\/a>:\u4e00\u7ad9\u5230\u5e95\uff0c\u91cc\u9762\u600e\u4e48\u6709\u6c6a\u6db5\uff1f\uff1fps\uff1a\u8001\u90ed\u90a3\u6bb5\u513f\u201d\u5b59\u609f\u7a7a\u5927\u6218\u732a\u516b\u6212\u201c\u662f\u54ea\u4e2a\u76f8\u58f0?\u6211\u8fd8\u6ca1\u542c\u8fc7\uff01","source":"\u5fae\u535a\u684c\u9762","favorited":false,"is_paid":false,"mblog_vip_type":0,"user":{"id":1401527553,"screen_name":"tombkeeper","profile_image_url":"https:\/\/tva2.sinaimg.cn\/crop.0.0.180.180.180\/53899d01jw8fcb9qpe7vbj2050050mx8.jpg","profile_url":"https:\/\/m.weibo.cn\/u\/1401527553?uid=1401527553&luicode=10000011&lfid=1076031401527553","statuses_count":15425,"verified":true,"verified_type":0,"verified_type_ext":1,"verified_reason":"\u77e5\u540d\u4e92\u8054\u7f51\u8d44\u8baf\u535a\u4e3b","close_blue_v":false,"description":"\u5fae\u535a\u672c\u5730\u8d44\u8baf\u535a\u4e3b\uff08\u521a\u679c\u5e03\u62c9\u67f4\u7ef4\u5c14\uff09","gender":"m","mbtype":12,"urank":48,"mbrank":6,"follow_me":false,"following":false,"followers_count":192533,"follow_count":277,"cover_image_phone":"https:\/\/tva1.sinaimg.cn\/crop.0.0.640.640.640\/549d0121tw1egm1kjly3jj20hs0hsq4f.jpg","avatar_hd":"https:\/\/ww2.sinaimg.cn\/orj480\/53899d01jw8fcb9qpe7vbj2050050mx8.jpg","like":false,"like_me":false,"badge":{"bind_taobao":1,"dzwbqlx_2016":1,"follow_whitelist_video":1,"hongbao_2018":1}},"retweeted_status":{"created_at":"2012-09-13","id":"3489907080984414","idstr":"3489907080984414","mid":"3489907080984414","can_edit":false,"text":"\u770b\u4e86<a href='https:\/\/m.weibo.cn\/n\/\u8f76\u5b9d\u5b9d'>@\u8f76\u5b9d\u5b9d<\/a> \u53d1\u7684\u90a3\u7ec4\u4e0d\u77e5\u5565\u8282\u76ee\u7684\u622a\u56fe\u540e\uff0c\u968f\u624b\u7f16\u4e86\u51e0\u53e5\uff0c\u4f46\u603b\u89c9\u5f97\u610f\u72b9\u672a\u5c3d\uff0c\u5bf9\u4e0d\u8d77\u8fd9\u7ec4\u56fe\uff0c\u6240\u4ee5\u73b0\u5728\u6765\u4e2a\u5168\u672c\u3002\u8bf7\u5927\u5bb6\u6309\u7167<a href='https:\/\/m.weibo.cn\/n\/\u90ed\u5fb7\u7eb2'>@\u90ed\u5fb7\u7eb2<\/a> \u201c\u5b59\u609f\u7a7a\u5927\u6218\u90a3\u732a\u516b\u6212\u201d\u7684\u8c03\u5b50\uff0c\u7528\u6d6a\u8361\u7684\u58f0\u97f3\u5531\u8d77\u6765\u3002 \u200b\u200b\u200b","source":"\u5fae\u535a weibo.com","favorited":false,"thumbnail_pic":"http:\/\/ww2.sinaimg.cn\/thumbnail\/53899d01gw1dwv7e8l11oj.jpg","bmiddle_pic":"http:\/\/ww2.sinaimg.cn\/bmiddle\/53899d01gw1dwv7e8l11oj.jpg","original_pic":"http:\/\/ww2.sinaimg.cn\/large\/53899d01gw1dwv7e8l11oj.jpg","is_paid":false,"mblog_vip_type":0,"user":{"id":1401527553,"screen_name":"tombkeeper","profile_image_url":"https:\/\/tva2.sinaimg.cn\/crop.0.0.180.180.180\/53899d01jw8fcb9qpe7vbj2050050mx8.jpg","profile_url":"https:\/\/m.weibo.cn\/u\/1401527553?uid=1401527553&luicode=10000011&lfid=1076031401527553","statuses_count":15425,"verified":true,"verified_type":0,"verified_type_ext":1,"verified_reason":"\u77e5\u540d\u4e92\u8054\u7f51\u8d44\u8baf\u535a\u4e3b","close_blue_v":false,"description":"\u5fae\u535a\u672c\u5730\u8d44\u8baf\u535a\u4e3b\uff08\u521a\u679c\u5e03\u62c9\u67f4\u7ef4\u5c14\uff09","gender":"m","mbtype":12,"urank":48,"mbrank":6,"follow_me":false,"following":false,"followers_count":192533,"follow_count":277,"cover_image_phone":"https:\/\/tva1.sinaimg.cn\/crop.0.0.640.640.640\/549d0121tw1egm1kjly3jj20hs0hsq4f.jpg","avatar_hd":"https:\/\/ww2.sinaimg.cn\/orj480\/53899d01jw8fcb9qpe7vbj2050050mx8.jpg","like":false,"like_me":false,"badge":{"bind_taobao":1,"dzwbqlx_2016":1,"follow_whitelist_video":1,"hongbao_2018":1}},"reposts_count":9,"comments_count":6,"attitudes_count":0,"pending_approval_count":0,"isLongText":false,"visible":{"type":0,"list_id":0},"more_info_type":0,"content_auth":0,"edit_config":{"edited":false},"bid":"yBITq485E","pics":[{"pid":"53899d01gw1dwv7e8l11oj","url":"https:\/\/ww2.sinaimg.cn\/orj360\/53899d01gw1dwv7e8l11oj.jpg","size":"orj360","geo":false,"large":{"size":"large","url":"https:\/\/ww2.sinaimg.cn\/large\/53899d01gw1dwv7e8l11oj.jpg","geo":false}}]},"reposts_count":1,"comments_count":0,"attitudes_count":0,"pending_approval_count":0,"isLongText":false,"visible":{"type":0,"list_id":0},"more_info_type":0,"content_auth":0,"edit_config":{"edited":false},"mblogtype":0,"obj_ext":"","raw_text":"\u56de\u590d@\u4e5dtnnd\u957f\u8001: \u300a\u602f\u5927\u9f13\u300b\u91cc\u7684\u3002 \/\/@\u4e5dtnnd\u957f\u8001:\u4e00\u7ad9\u5230\u5e95\uff0c\u91cc\u9762\u600e\u4e48\u6709\u6c6a\u6db5\uff1f\uff1fps\uff1a\u8001\u90ed\u90a3\u6bb5\u513f\u201d\u5b59\u609f\u7a7a\u5927\u6218\u732a\u516b\u6212\u201c\u662f\u54ea\u4e2a\u76f8\u58f0?\u6211\u8fd8\u6ca1\u542c\u8fc7\uff01","bid":"yBJ58pxla"},"show_type":0},{"card_type":9,"itemid":"1076031401527553_-_3489912282245482","scheme":"https:\/\/m.weibo.cn\/status\/yBJ1O9q9s?mblogid=yBJ1O9q9s&luicode=10000011&lfid=1076031401527553","mblog":{"created_at":"2012-09-13","id":"3489912282245482","idstr":"3489912282245482","mid":"3489912282245482","can_edit":false,"text":"\u56de\u590d<a href='https:\/\/m.weibo.cn\/n\/\u68a6\u6795\u5bd2\u6c99\u7684\u8001\u767d'>@\u68a6\u6795\u5bd2\u6c99\u7684\u8001\u767d<\/a>: \u4f60\u6ca1\u8bb0\u9519\uff0c\u662f\u6211\u77ed\u8def\u4e86\u3002 \/\/<a href='https:\/\/m.weibo.cn\/n\/\u68a6\u6795\u5bd2\u6c99\u7684\u8001\u767d'>@\u68a6\u6795\u5bd2\u6c99\u7684\u8001\u767d<\/a>:\u300a\u7b2c\u4e00\u6b21\u4eb2\u5bc6\u63a5\u89e6\u300b\u4e0d\u662f\u75de\u5b50\u8521\u7684\u4e48\uff0c\u96be\u9053\u6211\u8bb0\u9519\u4e86","source":"\u5fae\u535a\u684c\u9762","favorited":false,"is_paid":false,"mblog_vip_type":0,"user":{"id":1401527553,"screen_name":"tombkeeper","profile_image_url":"https:\/\/tva2.sinaimg.cn\/crop.0.0.180.180.180\/53899d01jw8fcb9qpe7vbj2050050mx8.jpg","profile_url":"https:\/\/m.weibo.cn\/u\/1401527553?uid=1401527553&luicode=10000011&lfid=1076031401527553","statuses_count":15425,"verified":true,"verified_type":0,"verified_type_ext":1,"verified_reason":"\u77e5\u540d\u4e92\u8054\u7f51\u8d44\u8baf\u535a\u4e3b","close_blue_v":false,"description":"\u5fae\u535a\u672c\u5730\u8d44\u8baf\u535a\u4e3b\uff08\u521a\u679c\u5e03\u62c9\u67f4\u7ef4\u5c14\uff09","gender":"m","mbtype":12,"urank":48,"mbrank":6,"follow_me":false,"following":false,"followers_count":192533,"follow_count":277,"cover_image_phone":"https:\/\/tva1.sinaimg.cn\/crop.0.0.640.640.640\/549d0121tw1egm1kjly3jj20hs0hsq4f.jpg","avatar_hd":"https:\/\/ww2.sinaimg.cn\/orj480\/53899d01jw8fcb9qpe7vbj2050050mx8.jpg","like":false,"like_me":false,"badge":{"bind_taobao":1,"dzwbqlx_2016":1,"follow_whitelist_video":1,"hongbao_2018":1}},"retweeted_status":{"created_at":"2012-09-13","id":"3489907080984414","idstr":"3489907080984414","mid":"3489907080984414","can_edit":false,"text":"\u770b\u4e86<a href='https:\/\/m.weibo.cn\/n\/\u8f76\u5b9d\u5b9d'>@\u8f76\u5b9d\u5b9d<\/a> \u53d1\u7684\u90a3\u7ec4\u4e0d\u77e5\u5565\u8282\u76ee\u7684\u622a\u56fe\u540e\uff0c\u968f\u624b\u7f16\u4e86\u51e0\u53e5\uff0c\u4f46\u603b\u89c9\u5f97\u610f\u72b9\u672a\u5c3d\uff0c\u5bf9\u4e0d\u8d77\u8fd9\u7ec4\u56fe\uff0c\u6240\u4ee5\u73b0\u5728\u6765\u4e2a\u5168\u672c\u3002\u8bf7\u5927\u5bb6\u6309\u7167<a href='https:\/\/m.weibo.cn\/n\/\u90ed\u5fb7\u7eb2'>@\u90ed\u5fb7\u7eb2<\/a> \u201c\u5b59\u609f\u7a7a\u5927\u6218\u90a3\u732a\u516b\u6212\u201d\u7684\u8c03\u5b50\uff0c\u7528\u6d6a\u8361\u7684\u58f0\u97f3\u5531\u8d77\u6765\u3002 \u200b\u200b\u200b","source":"\u5fae\u535a weibo.com","favorited":false,"thumbnail_pic":"http:\/\/ww2.sinaimg.cn\/thumbnail\/53899d01gw1dwv7e8l11oj.jpg","bmiddle_pic":"http:\/\/ww2.sinaimg.cn\/bmiddle\/53899d01gw1dwv7e8l11oj.jpg","original_pic":"http:\/\/ww2.sinaimg.cn\/large\/53899d01gw1dwv7e8l11oj.jpg","is_paid":false,"mblog_vip_type":0,"user":{"id":1401527553,"screen_name":"tombkeeper","profile_image_url":"https:\/\/tva2.sinaimg.cn\/crop.0.0.180.180.180\/53899d01jw8fcb9qpe7vbj2050050mx8.jpg","profile_url":"https:\/\/m.weibo.cn\/u\/1401527553?uid=1401527553&luicode=10000011&lfid=1076031401527553","statuses_count":15425,"verified":true,"verified_type":0,"verified_type_ext":1,"verified_reason":"\u77e5\u540d\u4e92\u8054\u7f51\u8d44\u8baf\u535a\u4e3b","close_blue_v":false,"description":"\u5fae\u535a\u672c\u5730\u8d44\u8baf\u535a\u4e3b\uff08\u521a\u679c\u5e03\u62c9\u67f4\u7ef4\u5c14\uff09","gender":"m","mbtype":12,"urank":48,"mbrank":6,"follow_me":false,"following":false,"followers_count":192533,"follow_count":277,"cover_image_phone":"https:\/\/tva1.sinaimg.cn\/crop.0.0.640.640.640\/549d0121tw1egm1kjly3jj20hs0hsq4f.jpg","avatar_hd":"https:\/\/ww2.sinaimg.cn\/orj480\/53899d01jw8fcb9qpe7vbj2050050mx8.jpg","like":false,"like_me":false,"badge":{"bind_taobao":1,"dzwbqlx_2016":1,"follow_whitelist_video":1,"hongbao_2018":1}},"reposts_count":9,"comments_count":6,"attitudes_count":0,"pending_approval_count":0,"isLongText":false,"visible":{"type":0,"list_id":0},"more_info_type":0,"content_auth":0,"edit_config":{"edited":false},"bid":"yBITq485E","pics":[{"pid":"53899d01gw1dwv7e8l11oj","url":"https:\/\/ww2.sinaimg.cn\/orj360\/53899d01gw1dwv7e8l11oj.jpg","size":"orj360","geo":false,"large":{"size":"large","url":"https:\/\/ww2.sinaimg.cn\/large\/53899d01gw1dwv7e8l11oj.jpg","geo":false}}]},"reposts_count":0,"comments_count":1,"attitudes_count":0,"pending_approval_count":0,"isLongText":false,"visible":{"type":0,"list_id":0},"more_info_type":0,"content_auth":0,"edit_config":{"edited":false},"mblogtype":0,"obj_ext":"","raw_text":"\u56de\u590d@\u68a6\u6795\u5bd2\u6c99\u7684\u8001\u767d: \u4f60\u6ca1\u8bb0\u9519\uff0c\u662f\u6211\u77ed\u8def\u4e86\u3002 \/\/@\u68a6\u6795\u5bd2\u6c99\u7684\u8001\u767d:\u300a\u7b2c\u4e00\u6b21\u4eb2\u5bc6\u63a5\u89e6\u300b\u4e0d\u662f\u75de\u5b50\u8521\u7684\u4e48\uff0c\u96be\u9053\u6211\u8bb0\u9519\u4e86","bid":"yBJ1O9q9s"},"show_type":0},{"card_type":9,"itemid":"1076031401527553_-_3489907080984414","scheme":"https:\/\/m.weibo.cn\/status\/yBITq485E?mblogid=yBITq485E&luicode=10000011&lfid=1076031401527553","mblog":{"created_at":"2012-09-13","id":"3489907080984414","idstr":"3489907080984414","mid":"3489907080984414","can_edit":false,"text":"\u770b\u4e86<a href='https:\/\/m.weibo.cn\/n\/\u8f76\u5b9d\u5b9d'>@\u8f76\u5b9d\u5b9d<\/a> \u53d1\u7684\u90a3\u7ec4\u4e0d\u77e5\u5565\u8282\u76ee\u7684\u622a\u56fe\u540e\uff0c\u968f\u624b\u7f16\u4e86\u51e0\u53e5\uff0c\u4f46\u603b\u89c9\u5f97\u610f\u72b9\u672a\u5c3d\uff0c\u5bf9\u4e0d\u8d77\u8fd9\u7ec4\u56fe\uff0c\u6240\u4ee5\u73b0\u5728\u6765\u4e2a\u5168\u672c\u3002\u8bf7\u5927\u5bb6\u6309\u7167<a href='https:\/\/m.weibo.cn\/n\/\u90ed\u5fb7\u7eb2'>@\u90ed\u5fb7\u7eb2<\/a> \u201c\u5b59\u609f\u7a7a\u5927\u6218\u90a3\u732a\u516b\u6212\u201d\u7684\u8c03\u5b50\uff0c\u7528\u6d6a\u8361\u7684\u58f0\u97f3\u5531\u8d77\u6765\u3002 \u200b\u200b\u200b","source":"\u5fae\u535a weibo.com","favorited":false,"thumbnail_pic":"http:\/\/ww2.sinaimg.cn\/thumbnail\/53899d01gw1dwv7e8l11oj.jpg","bmiddle_pic":"http:\/\/ww2.sinaimg.cn\/bmiddle\/53899d01gw1dwv7e8l11oj.jpg","original_pic":"http:\/\/ww2.sinaimg.cn\/large\/53899d01gw1dwv7e8l11oj.jpg","is_paid":false,"mblog_vip_type":0,"user":{"id":1401527553,"screen_name":"tombkeeper","profile_image_url":"https:\/\/tva2.sinaimg.cn\/crop.0.0.180.180.180\/53899d01jw8fcb9qpe7vbj2050050mx8.jpg","profile_url":"https:\/\/m.weibo.cn\/u\/1401527553?uid=1401527553&luicode=10000011&lfid=1076031401527553","statuses_count":15425,"verified":true,"verified_type":0,"verified_type_ext":1,"verified_reason":"\u77e5\u540d\u4e92\u8054\u7f51\u8d44\u8baf\u535a\u4e3b","close_blue_v":false,"description":"\u5fae\u535a\u672c\u5730\u8d44\u8baf\u535a\u4e3b\uff08\u521a\u679c\u5e03\u62c9\u67f4\u7ef4\u5c14\uff09","gender":"m","mbtype":12,"urank":48,"mbrank":6,"follow_me":false,"following":false,"followers_count":192533,"follow_count":277,"cover_image_phone":"https:\/\/tva1.sinaimg.cn\/crop.0.0.640.640.640\/549d0121tw1egm1kjly3jj20hs0hsq4f.jpg","avatar_hd":"https:\/\/ww2.sinaimg.cn\/orj480\/53899d01jw8fcb9qpe7vbj2050050mx8.jpg","like":false,"like_me":false,"badge":{"bind_taobao":1,"dzwbqlx_2016":1,"follow_whitelist_video":1,"hongbao_2018":1}},"reposts_count":9,"comments_count":6,"attitudes_count":0,"pending_approval_count":0,"isLongText":false,"visible":{"type":0,"list_id":0},"more_info_type":0,"content_auth":0,"edit_config":{"edited":false},"mblogtype":0,"bid":"yBITq485E","pics":[{"pid":"53899d01gw1dwv7e8l11oj","url":"https:\/\/ww2.sinaimg.cn\/orj360\/53899d01gw1dwv7e8l11oj.jpg","size":"orj360","geo":false,"large":{"size":"large","url":"https:\/\/ww2.sinaimg.cn\/large\/53899d01gw1dwv7e8l11oj.jpg","geo":false}}]},"show_type":0},{"card_type":9,"itemid":"1076031401527553_-_3489849509857199","scheme":"https:\/\/m.weibo.cn\/status\/yBHoyFmj5?mblogid=yBHoyFmj5&luicode=10000011&lfid=1076031401527553","mblog":{"created_at":"2012-09-13","id":"3489849509857199","idstr":"3489849509857199","mid":"3489849509857199","can_edit":false,"text":"\u771f\u6ca1\u60f3\u5230\uff0c\u5bf9\u5510\u56fd\u5f3a\u4e0d\u5b55\u4e0d\u80b2\u533b\u9662\u52a8\u624b\u7684\u4e0d\u662f\u536b\u751f\u90e8\uff0c\u800c\u662f\u767e\u5ea6\u3002\u592a\u795e\u5947\u4e86\u3002 \u200b\u200b\u200b","source":"\u5fae\u535a weibo.com","favorited":false,"is_paid":false,"mblog_vip_type":0,"user":{"id":1401527553,"screen_name":"tombkeeper","profile_image_url":"https:\/\/tva2.sinaimg.cn\/crop.0.0.180.180.180\/53899d01jw8fcb9qpe7vbj2050050mx8.jpg","profile_url":"https:\/\/m.weibo.cn\/u\/1401527553?uid=1401527553&luicode=10000011&lfid=1076031401527553","statuses_count":15425,"verified":true,"verified_type":0,"verified_type_ext":1,"verified_reason":"\u77e5\u540d\u4e92\u8054\u7f51\u8d44\u8baf\u535a\u4e3b","close_blue_v":false,"description":"\u5fae\u535a\u672c\u5730\u8d44\u8baf\u535a\u4e3b\uff08\u521a\u679c\u5e03\u62c9\u67f4\u7ef4\u5c14\uff09","gender":"m","mbtype":12,"urank":48,"mbrank":6,"follow_me":false,"following":false,"followers_count":192533,"follow_count":277,"cover_image_phone":"https:\/\/tva1.sinaimg.cn\/crop.0.0.640.640.640\/549d0121tw1egm1kjly3jj20hs0hsq4f.jpg","avatar_hd":"https:\/\/ww2.sinaimg.cn\/orj480\/53899d01jw8fcb9qpe7vbj2050050mx8.jpg","like":false,"like_me":false,"badge":{"bind_taobao":1,"dzwbqlx_2016":1,"follow_whitelist_video":1,"hongbao_2018":1}},"reposts_count":0,"comments_count":3,"attitudes_count":0,"pending_approval_count":0,"isLongText":false,"visible":{"type":0,"list_id":0},"more_info_type":0,"content_auth":0,"edit_config":{"edited":false},"mblogtype":0,"bid":"yBHoyFmj5"},"show_type":0}],"showAppTips":0,"scheme":"sinaweibo:\/\/cardlist?containerid=1076031401527553&extparam=&luicode=10000011&lfid=&featurecode="}}