{"ok":1,"data":{"cardlistInfo":{"containerid":"1076031401527553","v_p":42,"show_style":1,"total":15518,"page":50},"cards":[{"card_type":9,"itemid":"1076031401527553_-_3489530570968817","scheme":"https:\/\/m.weibo.cn\/status\/yBz694425?mblogid=yBz694425&luicode=10000011&lfid=1076031401527553","mblog":{"created_at":"2012-09-12","id":"3489530570968817","idstr":"3489530570968817","mid":"3489530570968817","can_edit":false,"text":"\u5ffd\u7136\u60f3\u5230\uff1a\u5218\u6148\u6b23\u300a\u4e61\u6751\u6559\u5e08\u300b\u91cc\u90a3\u4e2a\u8bbe\u5b9a\u7684\u7075\u611f\u662f\u5426\u6765\u81ea\u300a\u94f6\u6cb3\u7cfb\u6f2b\u6e38\u6307\u5357\u300b\uff1f\u4e00\u4e2a\u662f\u6bc1\u8def\uff0c\u4e00\u4e2a\u662f\u4fee\u8def\u3002 \u200b\u200b\u200b","source":"\u5fae\u535a weibo.com","favorited":false,"is_paid":false,"mblog_vip_type":0,"user":{"id":1401527553,"screen_name":"tombkeeper","profile_image_url":"https:\/\/tva2.sinaimg.cn\/crop.0.0.180.180.180\/53899d01jw8fcb9qpe7vbj2050050mx8.jpg","profile_url":"https:\/\/m.weibo.cn\/u\/1401527553?uid=1401527553&luicode=10000011&lfid=1076031401527553","statuses_count":15425,"verified":true,"verified_type":0,"verified_type_ext":1,"verified_reason":"\u77e5\u540d\u4e92\u8054\u7f51\u8d44\u8baf\u535a\u4e3b","close_blue_v":false,"description":"\u5fae\u535a\u672c\u5730\u8d44\u8baf\u535a\u4e3b\uff08\u521a\u679c\u5e03\u62c9\u67f4\u7ef4\u5c14\uff09","gender":"m","mbtype":12,"urank":48,"mbrank":6,"follow_me":false,"following":false,"followers_count":192533,"follow_count":277,"cover_image_phone":"https:\/\/tva1.sinaimg.cn\/crop.0.0.640.640.640\/549d0121tw1egm1kjly3jj20hs0hsq4f.jpg","avatar_hd":"https:\/\/ww2.sinaimg.cn\/orj480\/53899d01jw8fcb9qpe7vbj2050050mx8.jpg","like":false,"like_me":false,"badge":{"bind_taobao":1,"dzwbqlx_2016":1,"follow_whitelist_video":1,"hongbao_2018":1}},"reposts_count":1,"comments_count":3,"attitudes_count":0,"pending_approval_count":0,"isLongText":false,"visible":{"type":0,"list_id":0},"more_info_type":0,"content_auth":0,"edit_config":{"edited":false},"mblogtype":0,"bid":"yBz694425"},"show_type":0},{"card_type":9,"itemid":"1076031401527553_-_3489515328747174","scheme":"https:\/\/m.weibo.cn\/status\/yByHyAHxs?mblogid=yByHyAHxs&luicode=10000011&lfid=1076031401527553","mblog":{"created_at":"2012-09-12","id":"3489515328747174","idstr":"3489515328747174","mid":"3489515328747174","can_edit":false,"text":"\/\/<a href='https:\/\/m.weibo.cn\/n\/caoz'>@caoz<\/a>: \u8001\u4e1c\u5bb6\u7684\u62a5\u544a\uff0c\u4e00\u5982\u65e2\u5f80\u7684\u79d1\u5b66\u4e25\u8c28\uff0c\u5c31\u662f\u53ef\u8bfb\u6027\u5dee\u70b9\uff0c\u9700\u501f\u52a9\u641c\u7d22\u5f15\u64ce\u4e0d\u65ad\u7406\u89e3\u5404\u79cd\u540d\u8bcd\u3002\u5efa\u8bae\u6bcf\u4e2a\u4e92\u8054\u7f51\u516c\u53f8\u8fd0\u7ef4\u8d1f\u8d23\u4eba\u8bfb\u4e00\u4e0b\uff0c\u6709\u5174\u8da3\u7684\u8001\u677f\u4e5f\u5efa\u8bae\u8bfb\u4e00\u4e0b\uff0c\u5206\u4eab\u5176\u4e2d\u4e00\u4e2a\u89c2\u70b9\uff0c\u9ad8\u98ce\u9669\u6f0f\u6d1e\u7684\u516c\u5e03\u6570\u5b57\u770b\u4e0a\u53bb\u662f\u51cf\u5c11\u4e86\uff0c\u4f46\u662f\u66f4\u591a\u662f\u56e0\u4e3a\u88ab\u5730\u4e0b\u7ec4\u7ec7\u548c\u5404\u56fd\u519b\u65b9\u96ea\u85cf\u4e86\uff0c\u8d64\u88f8\u88f8\u7684\u73b0\u5b9e\uff0c\u65e0\u5904\u4e0d\u5728\u76840day","source":"\u5fae\u535a weibo.com","favorited":false,"is_paid":false,"mblog_vip_type":0,"user":{"id":1401527553,"screen_name":"tombkeeper","profile_image_url":"https:\/\/tva2.sinaimg.cn\/crop.0.0.180.180.180\/53899d01jw8fcb9qpe7vbj2050050mx8.jpg","profile_url":"https:\/\/m.weibo.cn\/u\/1401527553?uid=1401527553&luicode=10000011&lfid=1076031401527553","statuses_count":15425,"verified":true,"verified_type":0,"verified_type_ext":1,"verified_reason":"\u77e5\u540d\u4e92\u8054\u7f51\u8d44\u8baf\u535a\u4e3b","close_blue_v":false,"description":"\u5fae\u535a\u672c\u5730\u8d44\u8baf\u535a\u4e3b\uff08\u521a\u679c\u5e03\u62c9\u67f4\u7ef4\u5c14\uff09","gender":"m","mbtype":12,"urank":48,"mbrank":6,"follow_me":false,"following":false,"followers_count":192533,"follow_count":277,"cover_image_phone":"https:\/\/tva1.sinaimg.cn\/crop.0.0.640.640.640\/549d0121tw1egm1kjly3jj20hs0hsq4f.jpg","avatar_hd":"https:\/\/ww2.sinaimg.cn\/orj480\/53899d01jw8fcb9qpe7vbj2050050mx8.jpg","like":false,"like_me":false,"badge":{"bind_taobao":1,"dzwbqlx_2016":1,"follow_whitelist_video":1,"hongbao_2018":1}},"pid":3489514766681197,"retweeted_status":{"created_at":"2012-09-12","id":"3489478041251390","idstr":"3489478041251390","mid":"3489478041251390","can_edit":false,"text":"\u7eff\u76df\u79d1\u6280\u5b89\u5168\u7814\u7a76\u9662\u53d1\u5e03\u4e0a\u534a\u5e74\u5b89\u5168\u5a01\u80c1\u6001\u52bf\u62a5\u544a\uff1a\u62a5\u544a\u4ece\u80cc\u666f\u3001\u76ee\u6807\u3001\u624b\u6bb5\u548c\u6765\u6e90\u56db\u4e2a\u89d2\u5ea6\u5bf9\u5a01\u80c1\u6001\u52bf\u8fdb\u884c\u4e86\u5206\u6790\uff0c\u5e76\u5f97\u51fa\u4e86\u4e00\u7cfb\u5217\u89c2\u70b9\u3002\u5185\u5bb9\u4e3b\u8981\u5305\u62ec\uff1a \u6f0f\u6d1e\u7684\u53d8\u5316\u8d8b\u52bf\uff1b\u4f17\u77e2\u4e4b\u7684\u2014Web\u5e94\u7528\uff1b \u5371\u9669\u7684DDoS\u653b\u51fb\uff1b\u9690\u85cf\u5728\u4e92\u8054\u7f51\u4e2d\u7684\u5a01\u80c1...\u8be6\u7ec6\u5185\u5bb9,\u8bf7\u70b9\u51fb\u4e0b\u8f7d<a data-url=\"http:\/\/t.cn\/zlvA8eG\" href=\"http:\/\/vdisk.weibo.com\/s\/chpwY?luicode=10000011&lfid=1076031401527553&ep=yBxJq5fxI%252C1686253095%252CyBxJq5fxI%252C1686253095\" data-hide=\"\"><span class=\"url-icon\"><img src=\"\/\/h5.sinaimg.cn\/upload\/2015\/09\/25\/3\/timeline_card_small_web_default.png\"><\/span><\/i><span class=\"surl-text\">\u7f51\u9875\u94fe\u63a5<\/a> \u200b\u200b\u200b","source":"\u4e13\u4e1a\u7248\u5fae\u535a","favorited":false,"thumbnail_pic":"http:\/\/ww1.sinaimg.cn\/thumbnail\/64822e27jw1dwtu32lc5xj.jpg","bmiddle_pic":"http:\/\/ww1.sinaimg.cn\/bmiddle\/64822e27jw1dwtu32lc5xj.jpg","original_pic":"http:\/\/ww1.sinaimg.cn\/large\/64822e27jw1dwtu32lc5xj.jpg","is_paid":false,"mblog_vip_type":0,"user":{"id":1686253095,"screen_name":"\u7eff\u76df\u79d1\u6280","profile_image_url":"https:\/\/tva1.sinaimg.cn\/crop.0.0.180.180.180\/64822e27jw1e8qgp5bmzyj2050050aa8.jpg","profile_url":"https:\/\/m.weibo.cn\/u\/1686253095?uid=1686253095&luicode=10000011&lfid=1076031401527553","statuses_count":1210,"verified":true,"verified_type":2,"verified_type_ext":0,"verified_reason":"\u7eff\u76df\u79d1\u6280\u5b98\u65b9\u5fae\u535a","close_blue_v":false,"description":"\u5de8\u4eba\u80cc\u540e\u7684\u4e13\u5bb6","gender":"m","mbtype":0,"urank":23,"mbrank":0,"follow_me":false,"following":false,"followers_count":14097,"follow_count":1019,"cover_image_phone":"https:\/\/tva1.sinaimg.cn\/crop.0.0.640.640.640\/549d0121tw1egm1kjly3jj20hs0hsq4f.jpg","avatar_hd":"https:\/\/ww1.sinaimg.cn\/orj480\/64822e27jw1e8qgp5bmzyj2050050aa8.jpg","like":false,"like_me":false},"reposts_count":314,"comments_count":50,"attitudes_count":1,"pending_approval_count":0,"isLongText":false,"visible":{"type":0,"list_id":0},"more_info_type":0,"content_auth":0,"edit_config":{"edited":false},"bid":"yBxJq5fxI","pics":[{"pid":"64822e27jw1dwtu32lc5xj","url":"https:\/\/ww1.sinaimg.cn\/orj360\/64822e27jw1dwtu32lc5xj.jpg","size":"orj360","geo":false,"large":{"size":"large","url":"https:\/\/ww1.sinaimg.cn\/large\/64822e27jw1dwtu32lc5xj.jpg","geo":false}}]},"reposts_count":6,"comments_count":0,"attitudes_count":0,"pending_approval_count":0,"isLongText":false,"visible":{"type":0,"list_id":0},"more_info_type":0,"content_auth":0,"edit_config":{"edited":false},"mblogtype":0,"obj_ext":"","raw_text":"\/\/@caoz: \u8001\u4e1c\u5bb6\u7684\u62a5\u544a\uff0c\u4e00\u5982\u65e2\u5f80\u7684\u79d1\u5b66\u4e25\u8c28\uff0c\u5c31\u662f\u53ef\u8bfb\u6027\u5dee\u70b9\uff0c\u9700\u501f\u52a9\u641c\u7d22\u5f15\u64ce\u4e0d\u65ad\u7406\u89e3\u5404\u79cd\u540d\u8bcd\u3002\u5efa\u8bae\u6bcf\u4e2a\u4e92\u8054\u7f51\u516c\u53f8\u8fd0\u7ef4\u8d1f\u8d23\u4eba\u8bfb\u4e00\u4e0b\uff0c\u6709\u5174\u8da3\u7684\u8001\u677f\u4e5f\u5efa\u8bae\u8bfb\u4e00\u4e0b\uff0c\u5206\u4eab\u5176\u4e2d\u4e00\u4e2a\u89c2\u70b9\uff0c\u9ad8\u98ce\u9669\u6f0f\u6d1e\u7684\u516c\u5e03\u6570\u5b57\u770b\u4e0a\u53bb\u662f\u51cf\u5c11\u4e86\uff0c\u4f46\u662f\u66f4\u591a\u662f\u56e0\u4e3a\u88ab\u5730\u4e0b\u7ec4\u7ec7\u548c\u5404\u56fd\u519b\u65b9\u96ea\u85cf\u4e86\uff0c\u8d64\u88f8\u88f8\u7684\u73b0\u5b9e\uff0c\u65e0\u5904\u4e0d\u5728\u76840day","bid":"yByHyAHxs"},"show_type":0},{"card_type":9,"itemid":"1076031401527553_-_3489505568584346","scheme":"https:\/\/m.weibo.cn\/status\/yByrOA1bc?mblogid=yByrOA1bc&luicode=10000011&lfid=1076031401527553","mblog":{"created_at":"2012-09-12","id":"3489505568584346","idstr":"3489505568584346","mid":"3489505568584346","can_edit":false,"text":"\u770b\u5230\u65b0\u95fb\u201c\u4fc4\u7f57\u65af\u4e00\u67b6\u5b89-28\u578b\u5ba2\u673a12\u65e5\u5728\u8fdc\u4e1c\u582a\u5bdf\u52a0\u5dde\u5317\u90e8\u5730\u533a\u5760\u6bc1\u201d\uff0c\u6211\u8111\u5b50\u91cc\u6d6e\u8d77\u4e09\u4e2a\u95ee\u53f7\uff1a\u4fc4\u56fd\u4eba\u53bb\u7f8e\u56fd\u52d8\u67e5\u5565\uff1f\u600e\u4e48\u8fd8\u7528\u5ba2\u673a\uff1f\u52a0\u5dde\u5565\u65f6\u5019\u7b97\u8fdc\u4e1c\u5730\u533a\u4e86\uff1f\u7ec6\u4e00\u770b\u624d\u660e\u767d\uff0c\u539f\u6765\u4fc4\u7f57\u65af\u6709\u4e2a\u5730\u65b9\u53eb\u201c\u582a\u5bdf\u52a0\u5dde\u201d\u3002 \u200b\u200b\u200b","source":"\u5fae\u535a weibo.com","favorited":false,"is_paid":false,"mblog_vip_type":0,"user":{"id":1401527553,"screen_name":"tombkeeper","profile_image_url":"https:\/\/tva2.sinaimg.cn\/crop.0.0.180.180.180\/53899d01jw8fcb9qpe7vbj2050050mx8.jpg","profile_url":"https:\/\/m.weibo.cn\/u\/1401527553?uid=1401527553&luicode=10000011&lfid=1076031401527553","statuses_count":15425,"verified":true,"verified_type":0,"verified_type_ext":1,"verified_reason":"\u77e5\u540d\u4e92\u8054\u7f51\u8d44\u8baf\u535a\u4e3b","close_blue_v":false,"description":"\u5fae\u535a\u672c\u5730\u8d44\u8baf\u535a\u4e3b\uff08\u521a\u679c\u5e03\u62c9\u67f4\u7ef4\u5c14\uff09","gender":"m","mbtype":12,"urank":48,"mbrank":6,"follow_me":false,"following":false,"followers_count":192533,"follow_count":277,"cover_image_phone":"https:\/\/tva1.sinaimg.cn\/crop.0.0.640.640.640\/549d0121tw1egm1kjly3jj20hs0hsq4f.jpg","avatar_hd":"https:\/\/ww2.sinaimg.cn\/orj480\/53899d01jw8fcb9qpe7vbj2050050mx8.jpg","like":false,"like_me":false,"badge":{"bind_taobao":1,"dzwbqlx_2016":1,"follow_whitelist_video":1,"hongbao_2018":1}},"reposts_count":27,"comments_count":11,"attitudes_count":0,"pending_approval_count":0,"isLongText":false,"visible":{"type":0,"list_id":0},"more_info_type":0,"content_auth":0,"edit_config":{"edited":false},"mblogtype":0,"bid":"yByrOA1bc"},"show_type":0},{"card_type":9,"itemid":"1076031401527553_-_3489490997841974","scheme":"https:\/\/m.weibo.cn\/status\/yBy4jwU3s?mblogid=yBy4jwU3s&luicode=10000011&lfid=1076031401527553","mblog":{"created_at":"2012-09-12","id":"3489490997841974","idstr":"3489490997841974","mid":"3489490997841974","can_edit":false,"text":"\u6628\u5929\u300a\u65b0\u95fb\u76f4\u64ad\u95f4\u300b\u8c08APT\u548c\u62d6\u5e93\uff0c<a href='https:\/\/m.weibo.cn\/n\/flashsky'>@flashsky<\/a> <a href='https:\/\/m.weibo.cn\/n\/wulujia'>@wulujia<\/a> <a href='https:\/\/m.weibo.cn\/n\/\u4e4c\u4e91-\u6f0f\u6d1e\u62a5\u544a\u5e73\u53f0'>@\u4e4c\u4e91-\u6f0f\u6d1e\u62a5\u544a\u5e73\u53f0<\/a> \u4e09\u4f4d\u90fd\u9732\u4e86\u4e00\u5c0f\u8138\u3002\u968f\u7740\u4eba\u7c7b\u751f\u6d3b\u6570\u5b57\u5316\u7a0b\u5ea6\u8d8a\u6765\u8d8a\u9ad8\uff0c\u8fd9\u4e9b\u95ee\u9898\u5c06\u6765\u4f1a\u8d8a\u6765\u8d8a\u88ab\u5173\u6ce8\uff0c\u53ef\u80fd\u771f\u7684\u4f1a\u548c\u5a31\u4e50\u5708\u4ea4\u53c9\u2026\u2026\u518d\u6709\u4e2a10\u5e74\uff0c\u6ca1\u51c6\u5c31\u5f97\u51fa\u73b0\u60c5\u611f\u7c7b\u8282\u76ee\u8bf7\u9ed1\u5ba2\u5f53\u5609\u5bbe\u7684\u4e8b<span class=\"url-icon\"><img src=\"\/\/h5.sinaimg.cn\/m\/emoticon\/icon\/default\/d_xixi-ce63ce2629.png\" style=\"width:1em;height:1em;\" alt=\"[\u563b\u563b]\"><\/span>\u3002 \u200b\u200b\u200b","source":"\u5fae\u535a weibo.com","favorited":false,"thumbnail_pic":"http:\/\/ww3.sinaimg.cn\/thumbnail\/53899d01jw1dwtvg4nmguj.jpg","bmiddle_pic":"http:\/\/ww3.sinaimg.cn\/bmiddle\/53899d01jw1dwtvg4nmguj.jpg","original_pic":"http:\/\/ww3.sinaimg.cn\/large\/53899d01jw1dwtvg4nmguj.jpg","is_paid":false,"mblog_vip_type":0,"user":{"id":1401527553,"screen_name":"tombkeeper","profile_image_url":"https:\/\/tva2.sinaimg.cn\/crop.0.0.180.180.180\/53899d01jw8fcb9qpe7vbj2050050mx8.jpg","profile_url":"https:\/\/m.weibo.cn\/u\/1401527553?uid=1401527553&luicode=10000011&lfid=1076031401527553","statuses_count":15425,"verified":true,"verified_type":0,"verified_type_ext":1,"verified_reason":"\u77e5\u540d\u4e92\u8054\u7f51\u8d44\u8baf\u535a\u4e3b","close_blue_v":false,"description":"\u5fae\u535a\u672c\u5730\u8d44\u8baf\u535a\u4e3b\uff08\u521a\u679c\u5e03\u62c9\u67f4\u7ef4\u5c14\uff09","gender":"m","mbtype":12,"urank":48,"mbrank":6,"follow_me":false,"following":false,"followers_count":192533,"follow_count":277,"cover_image_phone":"https:\/\/tva1.sinaimg.cn\/crop.0.0.640.640.640\/549d0121tw1egm1kjly3jj20hs0hsq4f.jpg","avatar_hd":"https:\/\/ww2.sinaimg.cn\/orj480\/53899d01jw8fcb9qpe7vbj2050050mx8.jpg","like":false,"like_me":false,"badge":{"bind_taobao":1,"dzwbqlx_2016":1,"follow_whitelist_video":1,"hongbao_2018":1}},"reposts_count":192,"comments_count":58,"attitudes_count":2,"pending_approval_count":0,"isLongText":false,"visible":{"type":0,"list_id":0},"more_info_type":0,"content_auth":0,"edit_config":{"edited":false},"mblogtype":0,"bid":"yBy4jwU3s","pics":[{"pid":"53899d01jw1dwtvg4nmguj","url":"https:\/\/ww3.sinaimg.cn\/orj360\/53899d01jw1dwtvg4nmguj.jpg","size":"orj360","geo":false,"large":{"size":"large","url":"https:\/\/ww3.sinaimg.cn\/large\/53899d01jw1dwtvg4nmguj.jpg","geo":false}}]},"show_type":0},{"card_type":9,"itemid":"1076031401527553_-_3489475088797696","scheme":"https:\/\/m.weibo.cn\/status\/yBxEEAUGk?mblogid=yBxEEAUGk&luicode=10000011&lfid=1076031401527553","mblog":{"created_at":"2012-09-12","id":"3489475088797696","idstr":"3489475088797696","mid":"3489475088797696","can_edit":false,"text":"\u770b\u5230\u67d0\u6742\u5fd7\u81ea\u5938\u201c\u4e2d\u56fd\u4eba\u81ea\u5df1\u7684\u5fc3\u7075\u9e21\u6c64\u201d\u3002\u6211\u5ffd\u7136\u7406\u89e3\u4e3a\u4f55\u6709\u4e9b\u4eba\u4ee5\u81ea\u5e72\u4e94\u4e3a\u803b\uff0c\u6709\u4e9b\u4eba\u81ea\u79f0\u81ea\u5e72\u4e94\uff1b\u6709\u4e9b\u4eba\u4ee5\u5e26\u8def\u515a\u4e3a\u803b\uff0c\u6709\u4e9b\u4eba\u81ea\u79f0\u5e26\u8def\u515a\u2014\u2014\u8fd9\u5c31\u662f\u7269\u79cd\u591a\u6837\u6027\u554a\u3002 \u200b\u200b\u200b","source":"\u5fae\u535a weibo.com","favorited":false,"is_paid":false,"mblog_vip_type":0,"user":{"id":1401527553,"screen_name":"tombkeeper","profile_image_url":"https:\/\/tva2.sinaimg.cn\/crop.0.0.180.180.180\/53899d01jw8fcb9qpe7vbj2050050mx8.jpg","profile_url":"https:\/\/m.weibo.cn\/u\/1401527553?uid=1401527553&luicode=10000011&lfid=1076031401527553","statuses_count":15425,"verified":true,"verified_type":0,"verified_type_ext":1,"verified_reason":"\u77e5\u540d\u4e92\u8054\u7f51\u8d44\u8baf\u535a\u4e3b","close_blue_v":false,"description":"\u5fae\u535a\u672c\u5730\u8d44\u8baf\u535a\u4e3b\uff08\u521a\u679c\u5e03\u62c9\u67f4\u7ef4\u5c14\uff09","gender":"m","mbtype":12,"urank":48,"mbrank":6,"follow_me":false,"following":false,"followers_count":192533,"follow_count":277,"cover_image_phone":"https:\/\/tva1.sinaimg.cn\/crop.0.0.640.640.640\/549d0121tw1egm1kjly3jj20hs0hsq4f.jpg","avatar_hd":"https:\/\/ww2.sinaimg.cn\/orj480\/53899d01jw8fcb9qpe7vbj2050050mx8.jpg","like":false,"like_me":false,"badge":{"bind_taobao":1,"dzwbqlx_2016":1,"follow_whitelist_video":1,"hongbao_2018":1}},"reposts_count":2,"comments_count":6,"attitudes_count":0,"pending_approval_count":0,"isLongText":false,"visible":{"type":0,"list_id":0},"more_info_type":0,"content_auth":0,"edit_config":{"edited":false},"mblogtype":0,"bid":"yBxEEAUGk"},"show_type":0},{"card_type":9,"itemid":"1076031401527553_-_3489198365211246","scheme":"https:\/\/m.weibo.cn\/status\/yBqsklRGm?mblogid=yBqsklRGm&luicode=10000011&lfid=1076031401527553","mblog":{"created_at":"2012-09-11","id":"3489198365211246","idstr":"3489198365211246","mid":"3489198365211246","can_edit":false,"text":"\u8fd9\u51e0\u5929\u4e00\u53cd\u5e38\u6001\u6518\u8d77\u5916\u6765\u3002\u8bdd\u8bf4\u6518\u5916\u5fc5\u5148\u5b89\u5185\uff0c\u4f46\u6518\u5916\u4e5f\u53ef\u4ee5\u662f\u4e3a\u4e86\u5b89\u5185\u3002\u770b\u4e86\u4e0d\u5c11\u98ce\u8a00\u98ce\u8bed\u540e\uff0c\u6211\u4e0d\u77e5\u600e\u4e48\u60f3\u8d77\u82cf\u94f8\u540c\u5fd7\u6765\u3002 \u200b\u200b\u200b","source":"\u5fae\u535a weibo.com","favorited":false,"is_paid":false,"mblog_vip_type":0,"user":{"id":1401527553,"screen_name":"tombkeeper","profile_image_url":"https:\/\/tva2.sinaimg.cn\/crop.0.0.180.180.180\/53899d01jw8fcb9qpe7vbj2050050mx8.jpg","profile_url":"https:\/\/m.weibo.cn\/u\/1401527553?uid=1401527553&luicode=10000011&lfid=1076031401527553","statuses_count":15425,"verified":true,"verified_type":0,"verified_type_ext":1,"verified_reason":"\u77e5\u540d\u4e92\u8054\u7f51\u8d44\u8baf\u535a\u4e3b","close_blue_v":false,"description":"\u5fae\u535a\u672c\u5730\u8d44\u8baf\u535a\u4e3b\uff08\u521a\u679c\u5e03\u62c9\u67f4\u7ef4\u5c14\uff09","gender":"m","mbtype":12,"urank":48,"mbrank":6,"follow_me":false,"following":false,"followers_count":192533,"follow_count":277,"cover_image_phone":"https:\/\/tva1.sinaimg.cn\/crop.0.0.640.640.640\/549d0121tw1egm1kjly3jj20hs0hsq4f.jpg","avatar_hd":"https:\/\/ww2.sinaimg.cn\/orj480\/53899d01jw8fcb9qpe7vbj2050050mx8.jpg","like":false,"like_me":false,"badge":{"bind_taobao":1,"dzwbqlx_2016":1,"follow_whitelist_video":1,"hongbao_2018":1}},"reposts_count":4,"comments_count":9,"attitudes_count":0,"pending_approval_count":0,"isLongText":false,"visible":{"type":0,"list_id":0},"more_info_type":0,"content_auth":0,"edit_config":{"edited":false},"mblogtype":0,"bid":"yBqsklRGm"},"show_type":0},{"card_type":9,"itemid":"1076031401527553_-_3489193835525678","scheme":"https:\/\/m.weibo.cn\/status\/yBql1nbtQ?mblogid=yBql1nbtQ&luicode=10000011&lfid=1076031401527553","mblog":{"created_at":"2012-09-11","id":"3489193835525678","idstr":"3489193835525678","mid":"3489193835525678","can_edit":false,"text":"\u770b\u4e86Revolution\u7b2c\u4e00\u96c6\uff0c\u8ba9\u6211\u60f3\u8d771997\u5e74\u7684\u7535\u5f71The Postman\u2014\u2014\u6211\u751a\u81f3\u6000\u7591The Postman\u662fRevolution\u7f16\u5267\u7684\u6700\u521d\u7075\u611f\u3002\u5267\u60c5\u4e0d\u591a\u8bf4\u4e86\uff0c\u4e00\u8bf4\u52bf\u5fc5\u8981\u63d0\u5230Democracy\u3001Constitutionalism\u8fd9\u7c7b\u5f88\u591a\u4eba\u4e00\u770b\u5c31\u6d51\u8eab\u4e0d\u8212\u670d\u7684\u8bcd\u3002\u603b\u4e4b\uff0c\u5982\u679c\u4f60\u6253\u7b97\u770bRevolution\uff0c\u53c8\u6ca1\u770b\u8fc7The Postman\uff0c\u5f3a\u70c8\u5efa\u8bae\u5148\u53bb\u8865\u8865\u3002 \u200b\u200b\u200b","source":"\u5fae\u535a weibo.com","favorited":false,"is_paid":false,"mblog_vip_type":0,"user":{"id":1401527553,"screen_name":"tombkeeper","profile_image_url":"https:\/\/tva2.sinaimg.cn\/crop.0.0.180.180.180\/53899d01jw8fcb9qpe7vbj2050050mx8.jpg","profile_url":"https:\/\/m.weibo.cn\/u\/1401527553?uid=1401527553&luicode=10000011&lfid=1076031401527553","statuses_count":15425,"verified":true,"verified_type":0,"verified_type_ext":1,"verified_reason":"\u77e5\u540d\u4e92\u8054\u7f51\u8d44\u8baf\u535a\u4e3b","close_blue_v":false,"description":"\u5fae\u535a\u672c\u5730\u8d44\u8baf\u535a\u4e3b\uff08\u521a\u679c\u5e03\u62c9\u67f4\u7ef4\u5c14\uff09","gender":"m","mbtype":12,"urank":48,"mbrank":6,"follow_me":false,"following":false,"followers_count":192533,"follow_count":277,"cover_image_phone":"https:\/\/tva1.sinaimg.cn\/crop.0.0.640.640.640\/549d0121tw1egm1kjly3jj20hs0hsq4f.jpg","avatar_hd":"https:\/\/ww2.sinaimg.cn\/orj480\/53899d01jw8fcb9qpe7vbj2050050mx8.jpg","like":false,"like_me":false,"badge":{"bind_taobao":1,"dzwbqlx_2016":1,"follow_whitelist_video":1,"hongbao_2018":1}},"reposts_count":2,"comments_count":4,"attitudes_count":0,"pending_approval_count":0,"isLongText":false,"visible":{"type":0,"list_id":0},"more_info_type":0,"content_auth":0,"edit_config":{"edited":false},"mblogtype":0,"bid":"yBql1nbtQ"},"show_type":0},{"card_type":9,"itemid":"1076031401527553_-_3489127263883107","scheme":"https:\/\/m.weibo.cn\/status\/yBoBEgiaL?mblogid=yBoBEgiaL&luicode=10000011&lfid=1076031401527553","mblog":{"created_at":"2012-09-11","id":"3489127263883107","idstr":"3489127263883107","mid":"3489127263883107","can_edit":false,"text":"\u7f8e\u56fd1989\u5e74\u53d1\u5c04\u4f3d\u5229\u7565\u53f7\u65f6\uff0c\u91cc\u9762\u7528\u4e86\u949a238\u6838\u7535\u6c60\u7684\u4e8b\u513f\u4e0d\u77e5\u600e\u4e48\u88ab\u53cd\u539f\u5b50\u80fd\u7ec4\u7ec7\u76ef\u4e0a\u4e86\uff0c\u95f9\u4e86\u597d\u4e00\u9635\u3002\u9ed1\u5ba2\u4e5f\u6765\u51d1\u70ed\u95f9\uff0c\u5f80NASA\u7684\u7f51\u7edc\u91cc\u4e22\u4e86\u4e00\u4e2a\u9488\u5bf9\u4ed6\u4eec\u7684VMS\u7cfb\u7edf\u7684\u8815\u866b\uff0c\u5229\u7528\u7684\u95ee\u9898\u5f88\u7b80\u5355\uff0c\u5c31\u662f\u5f31\u53e3\u4ee4\u3002","source":"\u516c\u76ca\u7248","favorited":false,"is_paid":false,"mblog_vip_type":0,"user":{"id":1401527553,"screen_name":"tombkeeper","profile_image_url":"https:\/\/tva2.sinaimg.cn\/crop.0.0.180.180.180\/53899d01jw8fcb9qpe7vbj2050050mx8.jpg","profile_url":"https:\/\/m.weibo.cn\/u\/1401527553?uid=1401527553&luicode=10000011&lfid=1076031401527553","statuses_count":15425,"verified":true,"verified_type":0,"verified_type_ext":1,"verified_reason":"\u77e5\u540d\u4e92\u8054\u7f51\u8d44\u8baf\u535a\u4e3b","close_blue_v":false,"description":"\u5fae\u535a\u672c\u5730\u8d44\u8baf\u535a\u4e3b\uff08\u521a\u679c\u5e03\u62c9\u67f4\u7ef4\u5c14\uff09","gender":"m","mbtype":12,"urank":48,"mbrank":6,"follow_me":false,"following":false,"followers_count":192533,"follow_count":277,"cover_image_phone":"https:\/\/tva1.sinaimg.cn\/crop.0.0.640.640.640\/549d0121tw1egm1kjly3jj20hs0hsq4f.jpg","avatar_hd":"https:\/\/ww2.sinaimg.cn\/orj480\/53899d01jw8fcb9qpe7vbj2050050mx8.jpg","like":false,"like_me":false,"badge":{"bind_taobao":1,"dzwbqlx_2016":1,"follow_whitelist_video":1,"hongbao_2018":1}},"retweeted_status":{"created_at":"2012-09-11","id":"3489115947085047","idstr":"3489115947085047","mid":"3489115947085047","can_edit":false,"text":"\u3010\u6838\u7535\u6c60\uff1a\u4e0a\u5929\u5165\u6d77\u663e\u795e\u901a\u3011<a href='https:\/\/m.weibo.cn\/n\/\u592a\u7a7a\u4ebaTaikonaut'>@\u592a\u7a7a\u4ebaTaikonaut<\/a> \uff1a08\u5e7411\u67082\u65e5\uff0c\u7531\u4e8e\u7740\u9646\u5730\u70b9\u7684\u5149\u7167\u51fa\u73b0\u5b63\u8282\u6027\u51cf\u5c11\uff0c\u52a0\u4e0a\u7a81\u5982\u5176\u6765\u7684\u4e00\u573a\u6c99\u5c18\u66b4\uff0c\u201c\u51e4\u51f0\u201d\u53f7\u706b\u661f\u767b\u9646\u5668\u7684\u592a\u9633\u80fd\u7535\u6c60\u63d0\u524d3\u5468\u7535\u91cf\u8017\u5c3d\u2026\u800c\u8fd9\u6b21\u521a\u767b\u9646\u706b\u661f\u7684\u201c\u597d\u5947\u201d\u53f7\uff0c\u5176\u7535\u529b\u7531\u201c\u653e\u5c04\u6027\u540c\u4f4d\u7d20\u70ed\u7535\u53d1\u751f\u5668\u201d\u63d0\u4f9b\uff0c\u672c\u8d28\u4e0a\u662f\u4e00\u5757\u6838\u7535\u6c60\u3002<a data-url=\"http:\/\/t.cn\/zWsJx6n\" target=\"_blank\" href=\"https:\/\/weibo.cn\/sinaurl\/blockeda979bd91?luicode=10000011&lfid=1076031401527553&u=http%3A%2F%2Fsongshuhui.net%2Farchives%2F72646&ep=yBojotJ8X%252C1529573474%252CyBojotJ8X%252C1529573474\" class=\"\"><span class=\"url-icon\"><img src=\"\/\/h5.sinaimg.cn\/upload\/2015\/09\/25\/3\/timeline_card_small_web_default.png\"><\/span><\/i><span class=\"surl-text\">\u7f51\u9875\u94fe\u63a5<\/a> \u200b\u200b\u200b","source":"\u5fae\u535a weibo.com","favorited":false,"thumbnail_pic":"http:\/\/ww1.sinaimg.cn\/thumbnail\/5b2b7062gw1dwsoeqsjhqj.jpg","bmiddle_pic":"http:\/\/ww1.sinaimg.cn\/bmiddle\/5b2b7062gw1dwsoeqsjhqj.jpg","original_pic":"http:\/\/ww1.sinaimg.cn\/large\/5b2b7062gw1dwsoeqsjhqj.jpg","is_paid":false,"mblog_vip_type":0,"user":{"id":1529573474,"screen_name":"\u79d1\u5b66\u677e\u9f20\u4f1a","profile_image_url":"https:\/\/tva1.sinaimg.cn\/crop.15.11.663.663.180\/5b2b7062jw1e9o98n7anpj20iw0iwq49.jpg","profile_url":"https:\/\/m.weibo.cn\/u\/1529573474?uid=1529573474&luicode=10000011&lfid=1076031401527553","statuses_count":9509,"verified":true,"verified_type":3,"verified_type_ext":0,"verified_reason":"\u6c11\u95f4\u79d1\u666e\u7ec4\u7ec7\u677e\u9f20\u4f1a","close_blue_v":false,"description":"\u79d1\u5b66\u677e\u9f20\u4f1a\u662f\u4e00\u5bb6\u516c\u76ca\u6027\u8d28\u7684\u79d1\u5b66\u4f20\u64ad\u673a\u6784\uff0c\u7531\u5317\u4eac\u5e02\u671d\u9633\u533a\u54c8\u8d5b\u79d1\u6280\u4f20\u64ad\u4e2d\u5fc3\u8fd0\u8425\u3002\u5b98\u65b9\u8054\u7cfb\u90ae\u7bb1\uff1acontact@songshuhui.net\u3002","gender":"f","mbtype":0,"urank":35,"mbrank":0,"follow_me":false,"following":false,"followers_count":2487838,"follow_count":546,"cover_image_phone":"https:\/\/tva1.sinaimg.cn\/crop.0.0.640.640.640\/549d0121tw1egm1kjly3jj20hs0hsq4f.jpg","avatar_hd":"https:\/\/ww1.sinaimg.cn\/orj480\/5b2b7062jw1e9o98n7anpj20iw0iwq49.jpg","like":false,"like_me":false,"badge":{"enterprise":1,"follow_whitelist_video":1,"hongbao_2018":1}},"reposts_count":146,"comments_count":43,"attitudes_count":0,"pending_approval_count":0,"isLongText":false,"visible":{"type":0,"list_id":0},"more_info_type":0,"content_auth":0,"edit_config":{"edited":false},"bid":"yBojotJ8X","pics":[{"pid":"5b2b7062gw1dwsoeqsjhqj","url":"https:\/\/ww1.sinaimg.cn\/orj360\/5b2b7062gw1dwsoeqsjhqj.jpg","size":"orj360","geo":false,"large":{"size":"large","url":"https:\/\/ww1.sinaimg.cn\/large\/5b2b7062gw1dwsoeqsjhqj.jpg","geo":false}}]},"reposts_count":2,"comments_count":4,"attitudes_count":0,"pending_approval_count":0,"isLongText":false,"visible":{"type":0,"list_id":0},"more_info_type":0,"content_auth":0,"edit_config":{"edited":false},"mblogtype":0,"obj_ext":"","raw_text":"\u7f8e\u56fd1989\u5e74\u53d1\u5c04\u4f3d\u5229\u7565\u53f7\u65f6\uff0c\u91cc\u9762\u7528\u4e86\u949a238\u6838\u7535\u6c60\u7684\u4e8b\u513f\u4e0d\u77e5\u600e\u4e48\u88ab\u53cd\u539f\u5b50\u80fd\u7ec4\u7ec7\u76ef\u4e0a\u4e86\uff0c\u95f9\u4e86\u597d\u4e00\u9635\u3002\u9ed1\u5ba2\u4e5f\u6765\u51d1\u70ed\u95f9\uff0c\u5f80NASA\u7684\u7f51\u7edc\u91cc\u4e22\u4e86\u4e00\u4e2a\u9488\u5bf9\u4ed6\u4eec\u7684VMS\u7cfb\u7edf\u7684\u8815\u866b\uff0c\u5229\u7528\u7684\u95ee\u9898\u5f88\u7b80\u5355\uff0c\u5c31\u662f\u5f31\u53e3\u4ee4\u3002","bid":"yBoBEgiaL"},"show_type":0}],"showAppTips":0,"scheme":"sinaweibo:\/\/cardlist?containerid=1076031401527553&extparam=&luicode=10000011&lfid=&featurecode="}}