{"ok":1,"data":{"cardlistInfo":{"containerid":"1076031401527553","v_p":42,"show_style":1,"total":15518,"page":50},"cards":[{"card_type":9,"itemid":"1076031401527553_-_3484478561725729","scheme":"https:\/\/m.weibo.cn\/status\/yzrFK7eWl?mblogid=yzrFK7eWl&luicode=10000011&lfid=1076031401527553","mblog":{"created_at":"2012-08-29","id":"3484478561725729","idstr":"3484478561725729","mid":"3484478561725729","can_edit":false,"text":"\u4e0a\u6b21\u8bf4\u7684\u6bcf\u5929\u65e9\u6668\u5410\u53e3\u8840\u7684\u5c0f\u5144\u5f1f\uff0c\u540e\u6765\u53bb\u505a\u80c3\u955c\uff0c\u63d0\u793a\u6d45\u8868\u6027\u80c3\u708e\u3001\u5e7d\u95e8\u87ba\u6746\u83cc\u9633\u6027\uff0c\u73b0\u5728\u5df2\u7ecf\u5f00\u59cb\u7528\u6297\u5e7d\u95e8\u87ba\u6746\u83cc\u4e94\u8054\u7597\u6cd5\uff0c\u795d\u4ed6\u65e9\u65e5\u5eb7\u590d\u3002\u5f53\u65f6\u4ed6\u6765\u627e\u6211\uff0c\u662f\u60f3\u95ee\u201c\u4e2d\u836f\u80fd\u4e0d\u80fd\u4e00\u6b21\u591a\u71ac\u70b9\u653e\u51b0\u7bb1\u5206\u51e0\u6b21\u559d\u201d\uff0c\u4ed6\u539f\u6765\u7684\u6253\u7b97\u662f\u627e\u8001\u4e2d\u533b\u5f00\u70b9\u836f\u517b\u517b\uff0c\u5e78\u4e8f\u6211\u591a\u4e2a\u5fc3\u773c\u8ffd\u95ee\u4e86\u4e00\u53e5\u3002\u540c\u5fd7\u4eec\uff0c\u5e7d\u95e8\u87ba\u6746\u83cc\u662f\u517b\u4e0d\u6b7b\u7684\u3002 \u200b\u200b\u200b","source":"\u5fae\u535a weibo.com","favorited":false,"is_paid":false,"mblog_vip_type":0,"user":{"id":1401527553,"screen_name":"tombkeeper","profile_image_url":"https:\/\/tva2.sinaimg.cn\/crop.0.0.180.180.180\/53899d01jw8fcb9qpe7vbj2050050mx8.jpg","profile_url":"https:\/\/m.weibo.cn\/u\/1401527553?uid=1401527553&luicode=10000011&lfid=1076031401527553","statuses_count":15425,"verified":true,"verified_type":0,"verified_type_ext":1,"verified_reason":"\u77e5\u540d\u4e92\u8054\u7f51\u8d44\u8baf\u535a\u4e3b","close_blue_v":false,"description":"\u5fae\u535a\u672c\u5730\u8d44\u8baf\u535a\u4e3b\uff08\u521a\u679c\u5e03\u62c9\u67f4\u7ef4\u5c14\uff09","gender":"m","mbtype":12,"urank":48,"mbrank":6,"follow_me":false,"following":false,"followers_count":192533,"follow_count":277,"cover_image_phone":"https:\/\/tva1.sinaimg.cn\/crop.0.0.640.640.640\/549d0121tw1egm1kjly3jj20hs0hsq4f.jpg","avatar_hd":"https:\/\/ww2.sinaimg.cn\/orj480\/53899d01jw8fcb9qpe7vbj2050050mx8.jpg","like":false,"like_me":false,"badge":{"bind_taobao":1,"dzwbqlx_2016":1,"follow_whitelist_video":1,"hongbao_2018":1}},"reposts_count":43,"comments_count":23,"attitudes_count":7,"pending_approval_count":0,"isLongText":false,"visible":{"type":0,"list_id":0},"more_info_type":0,"content_auth":0,"edit_config":{"edited":false},"mblogtype":0,"bid":"yzrFK7eWl"},"show_type":0},{"card_type":9,"itemid":"1076031401527553_-_3484473331411873","scheme":"https:\/\/m.weibo.cn\/status\/yzrxj5Vi9?mblogid=yzrxj5Vi9&luicode=10000011&lfid=1076031401527553","mblog":{"created_at":"2012-08-29","id":"3484473331411873","idstr":"3484473331411873","mid":"3484473331411873","can_edit":false,"text":"\u56de\u590d<a href='https:\/\/m.weibo.cn\/n\/\u963f\u6615_2011'>@\u963f\u6615_2011<\/a>:\u90a3\u662f\u56e0\u4e3a\u89c6\u9891\u6587\u4ef6\u672c\u8eab\u4e00\u822c\u5df2\u7ecf\u5145\u5206\u538b\u7f29\uff0c\u800c\u538b\u7f29\u8f6f\u4ef6\u9664\u4e86\u5904\u7406\u6570\u636e\uff0c\u8fd8\u8981\u52a0\u4e0a\u522b\u7684\u4fe1\u606f\uff0c\u4e8e\u662f\u30101\u4ebf\u4ebf\u591a\u70b9*5\u3011\u5c31\u88ab\u538b\u7f29\u6210\u3010\u5148\u8fdb\u6027\u6559\u80b2.rmvb\uff1a(1(\u4ebf*2)\u591a\u70b9)*5\u3011\u3002 \/\/<a href='https:\/\/m.weibo.cn\/n\/\u963f\u6615_2011'>@\u963f\u6615_2011<\/a>:\u65e5\u5e38\u7ecf\u9a8c\u662f\u89c6\u9891\u6587\u4ef6\u538b\u7f29\u540e\u4f1a\u66f4\u5927\u2026\u2026\u6211\u5f97\u597d\u597d\u5361\u770b\u8fd9\u7bc7\u6587\u7ae0\uff0c\u770b\u6765\u6211\u7684\u770b\u6cd5\u6709\u95ee\u9898\u3002","source":"\u5fae\u535a weibo.com","favorited":false,"is_paid":false,"mblog_vip_type":0,"user":{"id":1401527553,"screen_name":"tombkeeper","profile_image_url":"https:\/\/tva2.sinaimg.cn\/crop.0.0.180.180.180\/53899d01jw8fcb9qpe7vbj2050050mx8.jpg","profile_url":"https:\/\/m.weibo.cn\/u\/1401527553?uid=1401527553&luicode=10000011&lfid=1076031401527553","statuses_count":15425,"verified":true,"verified_type":0,"verified_type_ext":1,"verified_reason":"\u77e5\u540d\u4e92\u8054\u7f51\u8d44\u8baf\u535a\u4e3b","close_blue_v":false,"description":"\u5fae\u535a\u672c\u5730\u8d44\u8baf\u535a\u4e3b\uff08\u521a\u679c\u5e03\u62c9\u67f4\u7ef4\u5c14\uff09","gender":"m","mbtype":12,"urank":48,"mbrank":6,"follow_me":false,"following":false,"followers_count":192533,"follow_count":277,"cover_image_phone":"https:\/\/tva1.sinaimg.cn\/crop.0.0.640.640.640\/549d0121tw1egm1kjly3jj20hs0hsq4f.jpg","avatar_hd":"https:\/\/ww2.sinaimg.cn\/orj480\/53899d01jw8fcb9qpe7vbj2050050mx8.jpg","like":false,"like_me":false,"badge":{"bind_taobao":1,"dzwbqlx_2016":1,"follow_whitelist_video":1,"hongbao_2018":1}},"retweeted_status":{"created_at":"2012-08-29","id":"3484446629992108","idstr":"3484446629992108","mid":"3484446629992108","can_edit":false,"text":"<a href='https:\/\/m.weibo.cn\/n\/\u5965\u5361\u59c6\u5243\u5200'>@\u5965\u5361\u59c6\u5243\u5200<\/a> \u5199\u8fc7\u4e00\u7bc7\u4e0d\u9519\u7684\u5173\u4e8e\u538b\u7f29\u7b97\u6cd5\u7684\u79d1\u666e\uff08<a data-url=\"http:\/\/t.cn\/hqVpnC\" target=\"_blank\" href=\"https:\/\/weibo.cn\/sinaurl\/blockedb4605e04?luicode=10000011&lfid=1076031401527553&u=http%3A%2F%2Fsongshuhui.net%2Farchives%2F37945&ep=yzqQeFVp2%252C1401527553%252CyzqQeFVp2%252C1401527553\" class=\"\"><span class=\"url-icon\"><img src=\"\/\/h5.sinaimg.cn\/upload\/2015\/09\/25\/3\/timeline_card_small_web_default.png\"><\/span><\/i><span class=\"surl-text\">\u7f51\u9875\u94fe\u63a5<\/a>\uff09\u3002\u5982\u679c\u4f60\u6ca1\u65f6\u95f4\u8bfb\u8fd9\u7bc7\u6587\u7ae0\uff0c\u53ea\u662f\u60f3\u5feb\u901f\u4e86\u89e3WinRAR\u5de5\u4f5c\u7684\u539f\u7406\u300114\u4e2a\u5c0f\u65f6\u7684\u89c6\u9891\u4e3a\u4ec0\u4e48\u53ef\u4ee5\u538b\u7f29\u5230\u53ea\u670927.5G\uff0c\u4e0b\u9762\u662f\u6211\u4ee5\u524d\u7ed9\u4e00\u4e2a\u670b\u53cb\u89e3\u91ca\u538b\u7f29\u7b97\u6cd5\u65f6\u4e3e\u7684\u4f8b\u5b50\uff1a \u200b\u200b\u200b","source":"\u5fae\u535a weibo.com","favorited":false,"thumbnail_pic":"http:\/\/ww3.sinaimg.cn\/thumbnail\/53899d01gw1dwds9yord3g.gif","bmiddle_pic":"http:\/\/ww3.sinaimg.cn\/bmiddle\/53899d01gw1dwds9yord3g.gif","original_pic":"http:\/\/ww3.sinaimg.cn\/large\/53899d01gw1dwds9yord3g.gif","is_paid":false,"mblog_vip_type":0,"user":{"id":1401527553,"screen_name":"tombkeeper","profile_image_url":"https:\/\/tva2.sinaimg.cn\/crop.0.0.180.180.180\/53899d01jw8fcb9qpe7vbj2050050mx8.jpg","profile_url":"https:\/\/m.weibo.cn\/u\/1401527553?uid=1401527553&luicode=10000011&lfid=1076031401527553","statuses_count":15425,"verified":true,"verified_type":0,"verified_type_ext":1,"verified_reason":"\u77e5\u540d\u4e92\u8054\u7f51\u8d44\u8baf\u535a\u4e3b","close_blue_v":false,"description":"\u5fae\u535a\u672c\u5730\u8d44\u8baf\u535a\u4e3b\uff08\u521a\u679c\u5e03\u62c9\u67f4\u7ef4\u5c14\uff09","gender":"m","mbtype":12,"urank":48,"mbrank":6,"follow_me":false,"following":false,"followers_count":192533,"follow_count":277,"cover_image_phone":"https:\/\/tva1.sinaimg.cn\/crop.0.0.640.640.640\/549d0121tw1egm1kjly3jj20hs0hsq4f.jpg","avatar_hd":"https:\/\/ww2.sinaimg.cn\/orj480\/53899d01jw8fcb9qpe7vbj2050050mx8.jpg","like":false,"like_me":false,"badge":{"bind_taobao":1,"dzwbqlx_2016":1,"follow_whitelist_video":1,"hongbao_2018":1}},"reposts_count":471,"comments_count":61,"attitudes_count":0,"pending_approval_count":0,"isLongText":false,"visible":{"type":0,"list_id":0},"more_info_type":0,"content_auth":0,"edit_config":{"edited":false},"bid":"yzqQeFVp2","pics":[{"pid":"53899d01gw1dwds9yord3g","url":"https:\/\/ww3.sinaimg.cn\/orj360\/53899d01gw1dwds9yord3g.gif","size":"orj360","geo":false,"large":{"size":"large","url":"https:\/\/ww3.sinaimg.cn\/large\/53899d01gw1dwds9yord3g.gif","geo":false}}]},"reposts_count":6,"comments_count":7,"attitudes_count":0,"pending_approval_count":0,"isLongText":false,"visible":{"type":0,"list_id":0},"more_info_type":0,"content_auth":0,"edit_config":{"edited":false},"mblogtype":0,"obj_ext":"","raw_text":"\u56de\u590d@\u963f\u6615_2011:\u90a3\u662f\u56e0\u4e3a\u89c6\u9891\u6587\u4ef6\u672c\u8eab\u4e00\u822c\u5df2\u7ecf\u5145\u5206\u538b\u7f29\uff0c\u800c\u538b\u7f29\u8f6f\u4ef6\u9664\u4e86\u5904\u7406\u6570\u636e\uff0c\u8fd8\u8981\u52a0\u4e0a\u522b\u7684\u4fe1\u606f\uff0c\u4e8e\u662f\u30101\u4ebf\u4ebf\u591a\u70b9*5\u3011\u5c31\u88ab\u538b\u7f29\u6210\u3010\u5148\u8fdb\u6027\u6559\u80b2.rmvb\uff1a(1(\u4ebf*2)\u591a\u70b9)*5\u3011\u3002 \/\/@\u963f\u6615_2011:\u65e5\u5e38\u7ecf\u9a8c\u662f\u89c6\u9891\u6587\u4ef6\u538b\u7f29\u540e\u4f1a\u66f4\u5927\u2026\u2026\u6211\u5f97\u597d\u597d\u5361\u770b\u8fd9\u7bc7\u6587\u7ae0\uff0c\u770b\u6765\u6211\u7684\u770b\u6cd5\u6709\u95ee\u9898\u3002","bid":"yzrxj5Vi9"},"show_type":0},{"card_type":9,"itemid":"1076031401527553_-_3484446629992108","scheme":"https:\/\/m.weibo.cn\/status\/yzqQeFVp2?mblogid=yzqQeFVp2&luicode=10000011&lfid=1076031401527553","mblog":{"created_at":"2012-08-29","id":"3484446629992108","idstr":"3484446629992108","mid":"3484446629992108","can_edit":false,"text":"<a href='https:\/\/m.weibo.cn\/n\/\u5965\u5361\u59c6\u5243\u5200'>@\u5965\u5361\u59c6\u5243\u5200<\/a> \u5199\u8fc7\u4e00\u7bc7\u4e0d\u9519\u7684\u5173\u4e8e\u538b\u7f29\u7b97\u6cd5\u7684\u79d1\u666e\uff08<a data-url=\"http:\/\/t.cn\/hqVpnC\" target=\"_blank\" href=\"https:\/\/weibo.cn\/sinaurl\/blockedb4605e04?luicode=10000011&lfid=1076031401527553&u=http%3A%2F%2Fsongshuhui.net%2Farchives%2F37945&ep=yzqQeFVp2%252C1401527553%252CyzqQeFVp2%252C1401527553\" class=\"\"><span class=\"url-icon\"><img src=\"\/\/h5.sinaimg.cn\/upload\/2015\/09\/25\/3\/timeline_card_small_web_default.png\"><\/span><\/i><span class=\"surl-text\">\u7f51\u9875\u94fe\u63a5<\/a>\uff09\u3002\u5982\u679c\u4f60\u6ca1\u65f6\u95f4\u8bfb\u8fd9\u7bc7\u6587\u7ae0\uff0c\u53ea\u662f\u60f3\u5feb\u901f\u4e86\u89e3WinRAR\u5de5\u4f5c\u7684\u539f\u7406\u300114\u4e2a\u5c0f\u65f6\u7684\u89c6\u9891\u4e3a\u4ec0\u4e48\u53ef\u4ee5\u538b\u7f29\u5230\u53ea\u670927.5G\uff0c\u4e0b\u9762\u662f\u6211\u4ee5\u524d\u7ed9\u4e00\u4e2a\u670b\u53cb\u89e3\u91ca\u538b\u7f29\u7b97\u6cd5\u65f6\u4e3e\u7684\u4f8b\u5b50\uff1a \u200b\u200b\u200b","source":"\u5fae\u535a weibo.com","favorited":false,"thumbnail_pic":"http:\/\/ww3.sinaimg.cn\/thumbnail\/53899d01gw1dwds9yord3g.gif","bmiddle_pic":"http:\/\/ww3.sinaimg.cn\/bmiddle\/53899d01gw1dwds9yord3g.gif","original_pic":"http:\/\/ww3.sinaimg.cn\/large\/53899d01gw1dwds9yord3g.gif","is_paid":false,"mblog_vip_type":0,"user":{"id":1401527553,"screen_name":"tombkeeper","profile_image_url":"https:\/\/tva2.sinaimg.cn\/crop.0.0.180.180.180\/53899d01jw8fcb9qpe7vbj2050050mx8.jpg","profile_url":"https:\/\/m.weibo.cn\/u\/1401527553?uid=1401527553&luicode=10000011&lfid=1076031401527553","statuses_count":15425,"verified":true,"verified_type":0,"verified_type_ext":1,"verified_reason":"\u77e5\u540d\u4e92\u8054\u7f51\u8d44\u8baf\u535a\u4e3b","close_blue_v":false,"description":"\u5fae\u535a\u672c\u5730\u8d44\u8baf\u535a\u4e3b\uff08\u521a\u679c\u5e03\u62c9\u67f4\u7ef4\u5c14\uff09","gender":"m","mbtype":12,"urank":48,"mbrank":6,"follow_me":false,"following":false,"followers_count":192533,"follow_count":277,"cover_image_phone":"https:\/\/tva1.sinaimg.cn\/crop.0.0.640.640.640\/549d0121tw1egm1kjly3jj20hs0hsq4f.jpg","avatar_hd":"https:\/\/ww2.sinaimg.cn\/orj480\/53899d01jw8fcb9qpe7vbj2050050mx8.jpg","like":false,"like_me":false,"badge":{"bind_taobao":1,"dzwbqlx_2016":1,"follow_whitelist_video":1,"hongbao_2018":1}},"reposts_count":471,"comments_count":61,"attitudes_count":0,"pending_approval_count":0,"isLongText":false,"visible":{"type":0,"list_id":0},"more_info_type":0,"content_auth":0,"edit_config":{"edited":false},"mblogtype":0,"bid":"yzqQeFVp2","pics":[{"pid":"53899d01gw1dwds9yord3g","url":"https:\/\/ww3.sinaimg.cn\/orj360\/53899d01gw1dwds9yord3g.gif","size":"orj360","geo":false,"large":{"size":"large","url":"https:\/\/ww3.sinaimg.cn\/large\/53899d01gw1dwds9yord3g.gif","geo":false}}]},"show_type":0},{"card_type":9,"itemid":"1076031401527553_-_3484431317005138","scheme":"https:\/\/m.weibo.cn\/status\/yzqrxtom6?mblogid=yzqrxtom6&luicode=10000011&lfid=1076031401527553","mblog":{"created_at":"2012-08-29","id":"3484431317005138","idstr":"3484431317005138","mid":"3484431317005138","can_edit":false,"text":"\u4e3b\u8981\u7834\u7efd\u662f\uff1a5\u7f8e\u5206\u786c\u5e01\u662f\u94f6\u8272\u7684\u2026\u2026 \/\/<a href='https:\/\/m.weibo.cn\/n\/\u5b9d\u4e2d\u5802'>@\u5b9d\u4e2d\u5802<\/a>: \u521a\u4e0a\u5f53\u4e86\uff0c\u4e0d\u8fc7\u7834\u7efd\u662f\u5341\u4ebf\u7f8e\u5143\u5f97\u8981\u4e24\u767e\u4ebf\u4e2a\u786c\u5e01\uff0c\u5168\u7f8e\u56fd\u90fd\u6ca1\u6709\u3002\/\/<a href='https:\/\/m.weibo.cn\/n\/\u8bfa\u5e15\u5c3c\u514b'>@\u8bfa\u5e15\u5c3c\u514b<\/a>: \u4e09\u661f\u661f\u4f60\u4eec\u662f\u4e00\u7fa4\u5e9f\u840c\u5417\/\/<a href='https:\/\/m.weibo.cn\/n\/\u7687\u5bb6\u8377\u5305\u86cb\u75bc'>@\u7687\u5bb6\u8377\u5305\u86cb\u75bc<\/a>:\/\/<a href='https:\/\/m.weibo.cn\/n\/\u7535\u5f71\u9662\u91cc\u7684\u591a\u591a'>@\u7535\u5f71\u9662\u91cc\u7684\u591a\u591a<\/a>: \u679c\u7136\u662f\u68d2\u5b50\u7684\u98ce\u683c\u554a","source":"\u5fae\u535a weibo.com","favorited":false,"is_paid":false,"mblog_vip_type":0,"user":{"id":1401527553,"screen_name":"tombkeeper","profile_image_url":"https:\/\/tva2.sinaimg.cn\/crop.0.0.180.180.180\/53899d01jw8fcb9qpe7vbj2050050mx8.jpg","profile_url":"https:\/\/m.weibo.cn\/u\/1401527553?uid=1401527553&luicode=10000011&lfid=1076031401527553","statuses_count":15425,"verified":true,"verified_type":0,"verified_type_ext":1,"verified_reason":"\u77e5\u540d\u4e92\u8054\u7f51\u8d44\u8baf\u535a\u4e3b","close_blue_v":false,"description":"\u5fae\u535a\u672c\u5730\u8d44\u8baf\u535a\u4e3b\uff08\u521a\u679c\u5e03\u62c9\u67f4\u7ef4\u5c14\uff09","gender":"m","mbtype":12,"urank":48,"mbrank":6,"follow_me":false,"following":false,"followers_count":192533,"follow_count":277,"cover_image_phone":"https:\/\/tva1.sinaimg.cn\/crop.0.0.640.640.640\/549d0121tw1egm1kjly3jj20hs0hsq4f.jpg","avatar_hd":"https:\/\/ww2.sinaimg.cn\/orj480\/53899d01jw8fcb9qpe7vbj2050050mx8.jpg","like":false,"like_me":false,"badge":{"bind_taobao":1,"dzwbqlx_2016":1,"follow_whitelist_video":1,"hongbao_2018":1}},"pid":3484429773436399,"retweeted_status":{"created_at":"2012-08-29","id":"3484406834408808","idstr":"3484406834408808","mid":"3484406834408808","can_edit":false,"text":"\u3010<a class='k' href='https:\/\/m.weibo.cn\/k\/%E6%97%A0%E4%B8%8B%E9%99%90?from=feed'>#\u65e0\u4e0b\u9650#<\/a>\u4e09\u661f\u652f\u4ed8\u82f9\u679c10\u4ebf\u7f8e\u5143\uff1a30\u5361\u8f66\u76845\u7f8e\u5206\u786c\u5e01\u3011\u4eca\u5929\u4e0a\u534830\u8f86\u88c5\u6ee15\u7f8e\u5206\u786c\u5e01\u7684\u7684\u5361\u8f66\u505c\u5728\u4e86\u52a0\u5229\u798f\u5c3c\u4e9a\u5dde\u7684\u82f9\u679c\u516c\u53f8\u7684\u603b\u90e8\u3002\u6700\u521d\u5b89\u4fdd\u4ee5\u4e3a\u662f\u8f6c\u79fb\u9519\u4e86\u5730\u65b9\uff0c\u4f46\u662f\u5728\u6570\u5206\u949f\u4e4b\u540e\uff0c\u5e93\u514b\u6536\u5230\u4e00\u4e2a\u6765\u81ea\u4e09\u661fCEO\u7684\u7535\u8bdd\uff0c\u7535\u8bdd\u4e2d\u89e3\u91ca\u9053\u8fd9\u5c31\u662f\u4ed6\u4eec\u5c06\u8981\u652f\u4ed8\u7ed9\u7f8e\u56fd\u82f9\u679c\u516c\u53f8\u768410\u4ebf\u7f8e\u5143\u7684\u7f5a\u6b3e<a data-url=\"http:\/\/t.cn\/zW3nzuH\" target=\"_blank\" href=\"https:\/\/weibo.cn\/sinaurl\/blockedf4d673ca?luicode=10000011&lfid=1076031401527553&u=http%3A%2F%2Fwww.html5cn.org%2Farticle-3371-1.html&ep=yzpO3iuVO%252C2357270831%252CyzpO3iuVO%252C2357270831\" class=\"\"><span class=\"url-icon\"><img src=\"\/\/h5.sinaimg.cn\/upload\/2015\/09\/25\/3\/timeline_card_small_web_default.png\"><\/span><\/i><span class=\"surl-text\">\u7f51\u9875\u94fe\u63a5<\/a> \u200b\u200b\u200b","source":"\u5fae\u535a weibo.com","favorited":false,"thumbnail_pic":"http:\/\/ww3.sinaimg.cn\/thumbnail\/8c81192fjw1dwdnpe92idj.jpg","bmiddle_pic":"http:\/\/ww3.sinaimg.cn\/bmiddle\/8c81192fjw1dwdnpe92idj.jpg","original_pic":"http:\/\/ww3.sinaimg.cn\/large\/8c81192fjw1dwdnpe92idj.jpg","is_paid":false,"mblog_vip_type":0,"user":{"id":2357270831,"screen_name":"HTML5\u4e2d\u56fd","profile_image_url":"https:\/\/tva4.sinaimg.cn\/crop.0.0.180.180.180\/8c81192fjw1e8qgp5bmzyj2050050aa8.jpg","profile_url":"https:\/\/m.weibo.cn\/u\/2357270831?uid=2357270831&luicode=10000011&lfid=1076031401527553","statuses_count":35348,"verified":true,"verified_type":2,"verified_type_ext":0,"verified_reason":"html5\u5b66\u4e60\u3001\u5b9e\u6218\u3001\u4ea4\u6d41\u5e73\u53f0html5\u4e2d\u56fdwww.html5cn.org\u5b98\u65b9\u5fae\u535a","close_blue_v":false,"description":"HTML5\u4e2d\u56fd\uff1ahttp:\/\/www.html5cn.org\/ \u5fae\u4fe1\u516c\u4f17\u53f7\u3010html5_org\u3011 \u5546\u52a1\u5408\u4f5c\uff1a2601929995 \u6295\u7a3f\u90ae\u7bb1\uff1axiaoxiao@html5cn.org","gender":"f","mbtype":0,"urank":31,"mbrank":0,"follow_me":false,"following":false,"followers_count":94224,"follow_count":1152,"cover_image_phone":"https:\/\/tva1.sinaimg.cn\/crop.0.0.640.640.640\/549d0121tw1egm1kjly3jj20hs0hsq4f.jpg","avatar_hd":"https:\/\/ww4.sinaimg.cn\/orj480\/8c81192fjw1e8qgp5bmzyj2050050aa8.jpg","like":false,"like_me":false},"reposts_count":473,"comments_count":85,"attitudes_count":0,"pending_approval_count":0,"isLongText":false,"visible":{"type":0,"list_id":0},"more_info_type":0,"content_auth":0,"edit_config":{"edited":false},"page_info":{"page_pic":{"url":"https:\/\/ww3.sinaimg.cn\/thumb180\/987e56c9jw1eugbstu4olj20qo0zk452.jpg"},"page_url":"https:\/\/m.weibo.cn\/p\/index?containerid=100808369678adb1cf4f9c7a2340802bcdfe86&extparam=%E6%97%A0%E4%B8%8B%E9%99%90&luicode=10000011&lfid=1076031401527553","page_title":"#\u65e0\u4e0b\u9650#","content1":"","content2":"","type":"topic"},"bid":"yzpO3iuVO","pics":[{"pid":"8c81192fjw1dwdnpe92idj","url":"https:\/\/ww3.sinaimg.cn\/orj360\/8c81192fjw1dwdnpe92idj.jpg","size":"orj360","geo":false,"large":{"size":"large","url":"https:\/\/ww3.sinaimg.cn\/large\/8c81192fjw1dwdnpe92idj.jpg","geo":false}}],"report_info":{"text":"\u6b64\u5185\u5bb9\u4e3a\u4e0d\u5b9e\u6d88\u606f\uff0c\u5df2\u5904\u7406\u3002","url":"http:\/\/weibo.cn\/sinaurl?u=http%3A%2F%2Fservice.account.weibo.com%2Fshow%3Frid%3DK1CaJ6wpi7qse"}},"reposts_count":5,"comments_count":3,"attitudes_count":0,"pending_approval_count":0,"isLongText":false,"visible":{"type":0,"list_id":0},"more_info_type":0,"content_auth":0,"edit_config":{"edited":false},"mblogtype":0,"obj_ext":"","raw_text":"\u4e3b\u8981\u7834\u7efd\u662f\uff1a5\u7f8e\u5206\u786c\u5e01\u662f\u94f6\u8272\u7684\u2026\u2026 \/\/@\u5b9d\u4e2d\u5802: \u521a\u4e0a\u5f53\u4e86\uff0c\u4e0d\u8fc7\u7834\u7efd\u662f\u5341\u4ebf\u7f8e\u5143\u5f97\u8981\u4e24\u767e\u4ebf\u4e2a\u786c\u5e01\uff0c\u5168\u7f8e\u56fd\u90fd\u6ca1\u6709\u3002\/\/@\u8bfa\u5e15\u5c3c\u514b: \u4e09\u661f\u661f\u4f60\u4eec\u662f\u4e00\u7fa4\u5e9f\u840c\u5417\/\/@\u7687\u5bb6\u8377\u5305\u86cb\u75bc:\/\/@\u7535\u5f71\u9662\u91cc\u7684\u591a\u591a: \u679c\u7136\u662f\u68d2\u5b50\u7684\u98ce\u683c\u554a","bid":"yzqrxtom6"},"show_type":0},{"card_type":9,"itemid":"1076031401527553_-_3484380464773722","scheme":"https:\/\/m.weibo.cn\/status\/yzp7wk1Rw?mblogid=yzp7wk1Rw&luicode=10000011&lfid=1076031401527553","mblog":{"created_at":"2012-08-29","id":"3484380464773722","idstr":"3484380464773722","mid":"3484380464773722","can_edit":false,"text":"\u201cPhenix City\u7684Party Chief\u9003\u5230\u7f8e\u56fd\u53bb\u4e86\uff1f\u662fDemocratic Party\u8fd8\u662fRepublican Party\u7684Chief\uff1fAlabama\u5dde\u4e0d\u4e5f\u662f\u7f8e\u56fd\u5417\uff0c\u8fd8\u8dd1\u4ec0\u4e48\uff1f\u201d \u4e00\u8fde\u4e32\u95ee\u53f7\u6df1\u6df1\u5370\u5728\u7f8e\u56fd\u4eba\u6c11\u7684\u5fc3\u4e2d\u3002 \u200b\u200b\u200b","source":"\u5fae\u535a weibo.com","favorited":false,"is_paid":false,"mblog_vip_type":0,"user":{"id":1401527553,"screen_name":"tombkeeper","profile_image_url":"https:\/\/tva2.sinaimg.cn\/crop.0.0.180.180.180\/53899d01jw8fcb9qpe7vbj2050050mx8.jpg","profile_url":"https:\/\/m.weibo.cn\/u\/1401527553?uid=1401527553&luicode=10000011&lfid=1076031401527553","statuses_count":15425,"verified":true,"verified_type":0,"verified_type_ext":1,"verified_reason":"\u77e5\u540d\u4e92\u8054\u7f51\u8d44\u8baf\u535a\u4e3b","close_blue_v":false,"description":"\u5fae\u535a\u672c\u5730\u8d44\u8baf\u535a\u4e3b\uff08\u521a\u679c\u5e03\u62c9\u67f4\u7ef4\u5c14\uff09","gender":"m","mbtype":12,"urank":48,"mbrank":6,"follow_me":false,"following":false,"followers_count":192533,"follow_count":277,"cover_image_phone":"https:\/\/tva1.sinaimg.cn\/crop.0.0.640.640.640\/549d0121tw1egm1kjly3jj20hs0hsq4f.jpg","avatar_hd":"https:\/\/ww2.sinaimg.cn\/orj480\/53899d01jw8fcb9qpe7vbj2050050mx8.jpg","like":false,"like_me":false,"badge":{"bind_taobao":1,"dzwbqlx_2016":1,"follow_whitelist_video":1,"hongbao_2018":1}},"reposts_count":3,"comments_count":1,"attitudes_count":0,"pending_approval_count":0,"isLongText":false,"visible":{"type":0,"list_id":0},"more_info_type":0,"content_auth":0,"edit_config":{"edited":false},"mblogtype":0,"bid":"yzp7wk1Rw"},"show_type":0},{"card_type":9,"itemid":"1076031401527553_-_3484363381510955","scheme":"https:\/\/m.weibo.cn\/status\/yzoFY6l4f?mblogid=yzoFY6l4f&luicode=10000011&lfid=1076031401527553","mblog":{"created_at":"2012-08-29","id":"3484363381510955","idstr":"3484363381510955","mid":"3484363381510955","can_edit":false,"text":"\u524d\u4e00\u6761\u79f0\u56e0\u4e3a\u6015\u201c\u653e\u8dd1\u574f\u4eba\u201d\uff0c\u6240\u4ee5\u5e94\u8be5\u5141\u8bb8\u5211\u8baf\u903c\u4f9b\uff1b\u4f46\u7d27\u8ddf\u7740\u4e00\u6761\u8868\u793a\u968f\u624b\u62cd\u89e3\u6551\u4e5e\u8ba8\u513f\u7ae5\u662f\u5e94\u8be5\u53cd\u5bf9\u7684\uff0c\u4f3c\u4e4e\u53c8\u4e0d\u5f88\u6015\u201c\u653e\u8dd1\u574f\u4eba\u201d\u2026\u2026 \u200b\u200b\u200b","source":"\u5fae\u535a weibo.com","favorited":false,"thumbnail_pic":"http:\/\/ww3.sinaimg.cn\/thumbnail\/53899d01jw1dwdipnz6o3g.gif","bmiddle_pic":"http:\/\/ww3.sinaimg.cn\/bmiddle\/53899d01jw1dwdipnz6o3g.gif","original_pic":"http:\/\/ww3.sinaimg.cn\/large\/53899d01jw1dwdipnz6o3g.gif","is_paid":false,"mblog_vip_type":0,"user":{"id":1401527553,"screen_name":"tombkeeper","profile_image_url":"https:\/\/tva2.sinaimg.cn\/crop.0.0.180.180.180\/53899d01jw8fcb9qpe7vbj2050050mx8.jpg","profile_url":"https:\/\/m.weibo.cn\/u\/1401527553?uid=1401527553&luicode=10000011&lfid=1076031401527553","statuses_count":15425,"verified":true,"verified_type":0,"verified_type_ext":1,"verified_reason":"\u77e5\u540d\u4e92\u8054\u7f51\u8d44\u8baf\u535a\u4e3b","close_blue_v":false,"description":"\u5fae\u535a\u672c\u5730\u8d44\u8baf\u535a\u4e3b\uff08\u521a\u679c\u5e03\u62c9\u67f4\u7ef4\u5c14\uff09","gender":"m","mbtype":12,"urank":48,"mbrank":6,"follow_me":false,"following":false,"followers_count":192533,"follow_count":277,"cover_image_phone":"https:\/\/tva1.sinaimg.cn\/crop.0.0.640.640.640\/549d0121tw1egm1kjly3jj20hs0hsq4f.jpg","avatar_hd":"https:\/\/ww2.sinaimg.cn\/orj480\/53899d01jw8fcb9qpe7vbj2050050mx8.jpg","like":false,"like_me":false,"badge":{"bind_taobao":1,"dzwbqlx_2016":1,"follow_whitelist_video":1,"hongbao_2018":1}},"reposts_count":11,"comments_count":8,"attitudes_count":0,"pending_approval_count":0,"isLongText":false,"visible":{"type":0,"list_id":0},"more_info_type":0,"content_auth":0,"edit_config":{"edited":false},"mblogtype":0,"bid":"yzoFY6l4f","pics":[{"pid":"53899d01jw1dwdipnz6o3g","url":"https:\/\/ww3.sinaimg.cn\/orj360\/53899d01jw1dwdipnz6o3g.gif","size":"orj360","geo":false,"large":{"size":"large","url":"https:\/\/ww3.sinaimg.cn\/large\/53899d01jw1dwdipnz6o3g.gif","geo":false}}]},"show_type":0},{"card_type":9,"itemid":"1076031401527553_-_3484336550755212","scheme":"https:\/\/m.weibo.cn\/status\/yznYH3asQ?mblogid=yznYH3asQ&luicode=10000011&lfid=1076031401527553","mblog":{"created_at":"2012-08-29","id":"3484336550755212","idstr":"3484336550755212","mid":"3484336550755212","can_edit":false,"text":"\u6211\u7ec8\u4e8e\u65e0\u6cd5\u518d\u5fcd\u53d7Windows 7\u81ea\u5e26\u7684\u8ba1\u7b97\u5668\uff0c\u628aXP\u91cc\u7684\u62f7\u8fc7\u6765\u7528\u4e86\u3002 \u200b\u200b\u200b","source":"\u5fae\u535a weibo.com","favorited":false,"is_paid":false,"mblog_vip_type":0,"user":{"id":1401527553,"screen_name":"tombkeeper","profile_image_url":"https:\/\/tva2.sinaimg.cn\/crop.0.0.180.180.180\/53899d01jw8fcb9qpe7vbj2050050mx8.jpg","profile_url":"https:\/\/m.weibo.cn\/u\/1401527553?uid=1401527553&luicode=10000011&lfid=1076031401527553","statuses_count":15425,"verified":true,"verified_type":0,"verified_type_ext":1,"verified_reason":"\u77e5\u540d\u4e92\u8054\u7f51\u8d44\u8baf\u535a\u4e3b","close_blue_v":false,"description":"\u5fae\u535a\u672c\u5730\u8d44\u8baf\u535a\u4e3b\uff08\u521a\u679c\u5e03\u62c9\u67f4\u7ef4\u5c14\uff09","gender":"m","mbtype":12,"urank":48,"mbrank":6,"follow_me":false,"following":false,"followers_count":192533,"follow_count":277,"cover_image_phone":"https:\/\/tva1.sinaimg.cn\/crop.0.0.640.640.640\/549d0121tw1egm1kjly3jj20hs0hsq4f.jpg","avatar_hd":"https:\/\/ww2.sinaimg.cn\/orj480\/53899d01jw8fcb9qpe7vbj2050050mx8.jpg","like":false,"like_me":false,"badge":{"bind_taobao":1,"dzwbqlx_2016":1,"follow_whitelist_video":1,"hongbao_2018":1}},"reposts_count":6,"comments_count":23,"attitudes_count":0,"pending_approval_count":0,"isLongText":false,"visible":{"type":0,"list_id":0},"more_info_type":0,"content_auth":0,"edit_config":{"edited":false},"mblogtype":0,"bid":"yznYH3asQ"},"show_type":0},{"card_type":9,"itemid":"1076031401527553_-_3484316350522761","scheme":"https:\/\/m.weibo.cn\/status\/yzns72bZD?mblogid=yzns72bZD&luicode=10000011&lfid=1076031401527553","mblog":{"created_at":"2012-08-29","id":"3484316350522761","idstr":"3484316350522761","mid":"3484316350522761","can_edit":false,"text":"\u4e00\u822c\u60c5\u51b5\u4e0b\uff0c\u6d3b\u7684\u6210\u5e74\u4eba\u7c7b\u5728\u5b89\u9759\u60c5\u51b5\u4e0b\u6bcf\u5c0f\u65f6\u4f1a\u65e0\u611f\u84b8\u53d1\u7ea650\u514b\u6c34\uff1b\u6b7b\u540e\u56e0\u4e3a\u6ca1\u6709\u547c\u5438\uff0c\u6240\u4ee5\u4f1a\u7a0d\u5fae\u5c11\u4e00\u4e9b\u3002\u5982\u679c\u6b7b\u524d\u6323\u547d\uff0c\u4f1a\u5728\u77ed\u65f6\u95f4\u5185\u84b8\u53d1\u66f4\u591a\u7684\u6c34\u3002","source":"\u5fae\u535a weibo.com","favorited":false,"is_paid":false,"mblog_vip_type":0,"user":{"id":1401527553,"screen_name":"tombkeeper","profile_image_url":"https:\/\/tva2.sinaimg.cn\/crop.0.0.180.180.180\/53899d01jw8fcb9qpe7vbj2050050mx8.jpg","profile_url":"https:\/\/m.weibo.cn\/u\/1401527553?uid=1401527553&luicode=10000011&lfid=1076031401527553","statuses_count":15425,"verified":true,"verified_type":0,"verified_type_ext":1,"verified_reason":"\u77e5\u540d\u4e92\u8054\u7f51\u8d44\u8baf\u535a\u4e3b","close_blue_v":false,"description":"\u5fae\u535a\u672c\u5730\u8d44\u8baf\u535a\u4e3b\uff08\u521a\u679c\u5e03\u62c9\u67f4\u7ef4\u5c14\uff09","gender":"m","mbtype":12,"urank":48,"mbrank":6,"follow_me":false,"following":false,"followers_count":192533,"follow_count":277,"cover_image_phone":"https:\/\/tva1.sinaimg.cn\/crop.0.0.640.640.640\/549d0121tw1egm1kjly3jj20hs0hsq4f.jpg","avatar_hd":"https:\/\/ww2.sinaimg.cn\/orj480\/53899d01jw8fcb9qpe7vbj2050050mx8.jpg","like":false,"like_me":false,"badge":{"bind_taobao":1,"dzwbqlx_2016":1,"follow_whitelist_video":1,"hongbao_2018":1}},"retweeted_status":{"created_at":"2012-08-29","id":"3484313004250315","idstr":"3484313004250315","mid":"3484313004250315","can_edit":false,"text":"\u8bfb\u8fc7\u300a\u641c\u9748\u300b \u2605\u2605\u2605 \u201c\u7535\u5149\u5e7b\u5f71\uff1a\u4eba\u6709\u7075\u9b42\u561b\uff1f\u6211\u4e00\u76f4\u5f88\u559c\u6b22\u90a3\u4e2a21\u514b\u7684\u8bf4\u6cd5\uff0c\u4f46\u662f\u5982\u4f55\u6765\u8bc1\u660e\uff0c\u800c\u8fd921\u514b\u7684\u79bb\u5f00\u53c8\u4f1a\u98d8\u53bb\u54ea\u91cc\uff1f\u662f\u6709\u5f52\u5bbf\u8fd8\u662f\u70df\u6d88\u4e91\u6563\uff0c\u5176\u5b9e\u8fd8\u662f\u5f88\u503c\u5f97\u601d\u8003\u7684\u3002\u4e5f\u8bb8\u8fd9\u4e9b\u662f\u4eba\u6c38\u8fdc\u5728\u8ffd\u5bfb\u7684\u95ee..\u201d <a data-url=\"http:\/\/t.cn\/zW36Oz5\" target=\"_blank\" href=\"https:\/\/weibo.cn\/sinaurl\/blocked1ee43a5f?luicode=10000011&lfid=1076031401527553&u=http%3A%2F%2Fbook.douban.com%2Fsubject%2F6722252%2F&ep=yznmIhPHt%252C1249062485%252CyznmIhPHt%252C1249062485\" class=\"\"><span class=\"url-icon\"><img src=\"\/\/h5.sinaimg.cn\/upload\/2015\/09\/25\/3\/timeline_card_small_web_default.png\"><\/span><\/i><span class=\"surl-text\">\u7f51\u9875\u94fe\u63a5<\/a> \u200b\u200b\u200b","source":"\u8c46\u74e3\u8bfb\u4e66","favorited":false,"thumbnail_pic":"http:\/\/ww2.sinaimg.cn\/thumbnail\/4a732e55jw1dwdcxk1ch1j.jpg","bmiddle_pic":"http:\/\/ww2.sinaimg.cn\/bmiddle\/4a732e55jw1dwdcxk1ch1j.jpg","original_pic":"http:\/\/ww2.sinaimg.cn\/large\/4a732e55jw1dwdcxk1ch1j.jpg","is_paid":false,"mblog_vip_type":0,"user":{"id":1249062485,"screen_name":"\u5c0f\u4f5b\u641e\u7279","profile_image_url":"https:\/\/tva1.sinaimg.cn\/crop.0.0.180.180.180\/4a732e55jw1e8qgp5bmzyj2050050aa8.jpg","profile_url":"https:\/\/m.weibo.cn\/u\/1249062485?uid=1249062485&luicode=10000011&lfid=1076031401527553","statuses_count":17422,"verified":true,"verified_type":0,"verified_type_ext":0,"verified_reason":"\u5317\u665a\u4e94\u8272\u571f\u4e13\u680f\u4f5c\u8005\uff0c\u5317\u4eac\u5e02\u4f5c\u534f\u6210\u5458\uff0c\u65b0\u4f5c\u300a\u662f\u6211\u5fc5\u7136\u9047\u5230\u4f60\u300b \u5934\u6761\u6587\u7ae0\u4f5c\u8005","close_blue_v":false,"description":"\u6ee1\u8111\u888b\u9ec4\u8272\u5e9f\u6599\uff0c\u4e00\u809a\u5b50\u7834\u94dc\u70c2\u94c1\u3002\u8d2a\u56fe\u4eab\u4e50\u7684\u7269\u8d28\u8303\u513f\u3002\u4e0a\u5348\u8d70\u4f20\u7edf\u8def\u7ebf\uff0c\u4e0b\u5348\u662f\u5c0f\u6e05\u65b0\uff0c\u508d\u665a\u559c\u6b22\u6587\u827a\u8d77\u6765\uff0c\u6df1\u591c\u91cd\u53e3\u5473\u8fdb\u884c\u66f2\u3002\u6211\u4eec\u6765\u8c08\u4e2a\u604b\u7231\u5457~","gender":"f","mbtype":0,"urank":35,"mbrank":0,"follow_me":false,"following":false,"followers_count":21774,"follow_count":976,"cover_image_phone":"https:\/\/tva1.sinaimg.cn\/crop.0.0.640.640.640\/549d0121tw1egm1kjly3jj20hs0hsq4f.jpg","avatar_hd":"https:\/\/ww1.sinaimg.cn\/orj480\/4a732e55jw1e8qgp5bmzyj2050050aa8.jpg","like":false,"like_me":false,"badge":{"unread_pool":1,"unread_pool_ext":1,"dzwbqlx_2016":1,"suishoupai_2017":1,"hongbao_2018":1}},"reposts_count":11,"comments_count":4,"attitudes_count":0,"pending_approval_count":0,"isLongText":false,"visible":{"type":0,"list_id":0},"more_info_type":0,"content_auth":0,"edit_config":{"edited":false},"bid":"yznmIhPHt","pics":[{"pid":"4a732e55jw1dwdcxk1ch1j","url":"https:\/\/ww2.sinaimg.cn\/orj360\/4a732e55jw1dwdcxk1ch1j.jpg","size":"orj360","geo":false,"large":{"size":"large","url":"https:\/\/ww2.sinaimg.cn\/large\/4a732e55jw1dwdcxk1ch1j.jpg","geo":false}}]},"reposts_count":5,"comments_count":6,"attitudes_count":0,"pending_approval_count":0,"isLongText":false,"visible":{"type":0,"list_id":0},"more_info_type":0,"content_auth":0,"edit_config":{"edited":false},"mblogtype":0,"obj_ext":"","raw_text":"\u4e00\u822c\u60c5\u51b5\u4e0b\uff0c\u6d3b\u7684\u6210\u5e74\u4eba\u7c7b\u5728\u5b89\u9759\u60c5\u51b5\u4e0b\u6bcf\u5c0f\u65f6\u4f1a\u65e0\u611f\u84b8\u53d1\u7ea650\u514b\u6c34\uff1b\u6b7b\u540e\u56e0\u4e3a\u6ca1\u6709\u547c\u5438\uff0c\u6240\u4ee5\u4f1a\u7a0d\u5fae\u5c11\u4e00\u4e9b\u3002\u5982\u679c\u6b7b\u524d\u6323\u547d\uff0c\u4f1a\u5728\u77ed\u65f6\u95f4\u5185\u84b8\u53d1\u66f4\u591a\u7684\u6c34\u3002","bid":"yzns72bZD"},"show_type":0},{"card_type":9,"itemid":"1076031401527553_-_3484117658524755","scheme":"https:\/\/m.weibo.cn\/status\/yzihDzLG3?mblogid=yzihDzLG3&luicode=10000011&lfid=1076031401527553","mblog":{"created_at":"2012-08-28","id":"3484117658524755","idstr":"3484117658524755","mid":"3484117658524755","can_edit":false,"text":"Lilith\u662fTrueblood\u4e2d\u76ee\u524d\u4e3a\u6b62\u6700\u60ca\u8273\u7684\u89d2\u8272\uff0c\u4e0d\u8fc7\u548cSupernatural\u4e2d\u4e07\u6076\u4e4b\u6bcd\u90a3\u79cd\u900f\u7740\u90aa\u6076\u7684\u751c\u7f8e\u6bd4\u8d77\u6765\u8fd8\u5dee\u70b9\u610f\u601d\u3002 \u200b\u200b\u200b","source":"\u5fae\u535a weibo.com","favorited":false,"thumbnail_pic":"http:\/\/ww2.sinaimg.cn\/thumbnail\/53899d01gw1dwcqhs61gqj.jpg","bmiddle_pic":"http:\/\/ww2.sinaimg.cn\/bmiddle\/53899d01gw1dwcqhs61gqj.jpg","original_pic":"http:\/\/ww2.sinaimg.cn\/large\/53899d01gw1dwcqhs61gqj.jpg","is_paid":false,"mblog_vip_type":0,"user":{"id":1401527553,"screen_name":"tombkeeper","profile_image_url":"https:\/\/tva2.sinaimg.cn\/crop.0.0.180.180.180\/53899d01jw8fcb9qpe7vbj2050050mx8.jpg","profile_url":"https:\/\/m.weibo.cn\/u\/1401527553?uid=1401527553&luicode=10000011&lfid=1076031401527553","statuses_count":15425,"verified":true,"verified_type":0,"verified_type_ext":1,"verified_reason":"\u77e5\u540d\u4e92\u8054\u7f51\u8d44\u8baf\u535a\u4e3b","close_blue_v":false,"description":"\u5fae\u535a\u672c\u5730\u8d44\u8baf\u535a\u4e3b\uff08\u521a\u679c\u5e03\u62c9\u67f4\u7ef4\u5c14\uff09","gender":"m","mbtype":12,"urank":48,"mbrank":6,"follow_me":false,"following":false,"followers_count":192533,"follow_count":277,"cover_image_phone":"https:\/\/tva1.sinaimg.cn\/crop.0.0.640.640.640\/549d0121tw1egm1kjly3jj20hs0hsq4f.jpg","avatar_hd":"https:\/\/ww2.sinaimg.cn\/orj480\/53899d01jw8fcb9qpe7vbj2050050mx8.jpg","like":false,"like_me":false,"badge":{"bind_taobao":1,"dzwbqlx_2016":1,"follow_whitelist_video":1,"hongbao_2018":1}},"reposts_count":0,"comments_count":5,"attitudes_count":0,"pending_approval_count":0,"isLongText":false,"visible":{"type":0,"list_id":0},"more_info_type":0,"content_auth":0,"edit_config":{"edited":false},"mblogtype":0,"bid":"yzihDzLG3","pics":[{"pid":"53899d01gw1dwcqhs61gqj","url":"https:\/\/ww2.sinaimg.cn\/orj360\/53899d01gw1dwcqhs61gqj.jpg","size":"orj360","geo":false,"large":{"size":"large","url":"https:\/\/ww2.sinaimg.cn\/large\/53899d01gw1dwcqhs61gqj.jpg","geo":false}}]},"show_type":0}],"showAppTips":0,"scheme":"sinaweibo:\/\/cardlist?containerid=1076031401527553&extparam=&luicode=10000011&lfid=&featurecode="}}