{"ok":1,"data":{"cardlistInfo":{"containerid":"1076031401527553","v_p":42,"show_style":1,"total":15518,"page":50},"cards":[{"card_type":9,"itemid":"1076031401527553_-_3481750103285064","scheme":"https:\/\/m.weibo.cn\/status\/yyiH0dMAU?mblogid=yyiH0dMAU&luicode=10000011&lfid=1076031401527553","mblog":{"created_at":"2012-08-22","id":"3481750103285064","idstr":"3481750103285064","mid":"3481750103285064","can_edit":false,"text":"\u8fd9\u4e2a\u597d\uff0c\u6709\u7a7a\u7ec6\u770b\u3002","source":"\u5fae\u535a weibo.com","favorited":false,"is_paid":false,"mblog_vip_type":0,"user":{"id":1401527553,"screen_name":"tombkeeper","profile_image_url":"https:\/\/tva2.sinaimg.cn\/crop.0.0.180.180.180\/53899d01jw8fcb9qpe7vbj2050050mx8.jpg","profile_url":"https:\/\/m.weibo.cn\/u\/1401527553?uid=1401527553&luicode=10000011&lfid=1076031401527553","statuses_count":15425,"verified":true,"verified_type":0,"verified_type_ext":1,"verified_reason":"\u77e5\u540d\u4e92\u8054\u7f51\u8d44\u8baf\u535a\u4e3b","close_blue_v":false,"description":"\u5fae\u535a\u672c\u5730\u8d44\u8baf\u535a\u4e3b\uff08\u521a\u679c\u5e03\u62c9\u67f4\u7ef4\u5c14\uff09","gender":"m","mbtype":12,"urank":48,"mbrank":6,"follow_me":false,"following":false,"followers_count":192533,"follow_count":277,"cover_image_phone":"https:\/\/tva1.sinaimg.cn\/crop.0.0.640.640.640\/549d0121tw1egm1kjly3jj20hs0hsq4f.jpg","avatar_hd":"https:\/\/ww2.sinaimg.cn\/orj480\/53899d01jw8fcb9qpe7vbj2050050mx8.jpg","like":false,"like_me":false,"badge":{"bind_taobao":1,"dzwbqlx_2016":1,"follow_whitelist_video":1,"hongbao_2018":1}},"pid":3481745187740975,"retweeted_status":{"created_at":"2012-08-18","id":"3480506114626422","idstr":"3480506114626422","mid":"3480506114626422","can_edit":false,"text":"\u6628\u53d1\u4e2a\u8d34\u5b50\uff0c\u6797\u80b2\u82f1\u7684\u300a\u515a\u7684\u7b56\u7565\u548c\u6218\u672f\u300b\uff0c\u4f5c\u4e8e\u6297\u6218\u524d\uff0c\u7528\u4f5c\u5e72\u90e8\u57f9\u8bad\u8bb2\u4e49\uff0c\u6297\u6218\u534a\u5e74\u540e\u6d41\u51fa\uff0c\u5f15\u8d77\u8206\u8bba\u54d7\u7136\u3002\u5f53\u7136\u4e5f\u5f15\u8d77\u6211\u548c<a href='https:\/\/m.weibo.cn\/n\/\u6210\u90fd\u53cc\u77f3'>@\u6210\u90fd\u53cc\u77f3<\/a> \u683c\u54e5\u7684\u4e89\u8bba\uff0c\u4e94\u6bdb\u4e03\u5b57\u515a\u4ea6\u8ddf\u7740\u54d7\u7136\u3002\u6211\u7684\u539f\u5e16\uff1a<a data-url=\"http:\/\/weibo.com\/1494728355\/yxC3nfOpd\" href=\"http:\/\/weibo.com\/1494728355\/yxC3nfOpd?luicode=10000011&lfid=1076031401527553&ep=yxMkzjpxI%252C1405484373%252CyxMkzjpxI%252C1405484373\" data-hide=\"\"><span class=\"url-icon\"><img src=\"\/\/h5.sinaimg.cn\/upload\/2015\/09\/25\/3\/timeline_card_small_web_default.png\"><\/span><\/i><span class=\"surl-text\">\u7f51\u9875\u94fe\u63a5<\/a> \u53cc\u77f3\u54e5\u7684\u5e16\u5b50\uff1a<a data-url=\"http:\/\/weibo.com\/1405484373\/yxzbabAlT\" href=\"http:\/\/weibo.com\/1405484373\/yxzbabAlT?luicode=10000011&lfid=1076031401527553&ep=yxMkzjpxI%252C1405484373%252CyxMkzjpxI%252C1405484373\" data-hide=\"\"><span class=\"url-icon\"><img src=\"\/\/h5.sinaimg.cn\/upload\/2015\/09\/25\/3\/timeline_card_small_web_default.png\"><\/span><\/i><span class=\"surl-text\">\u7f51\u9875\u94fe\u63a5<\/a> \u6574\u4e2a\u8fc7\u7a0b\u770b\u957f\u5fae\u535a\u3002 \u200b\u200b\u200b","source":"\u5fae\u535a weibo.com","favorited":false,"thumbnail_pic":"http:\/\/ww2.sinaimg.cn\/thumbnail\/53c5fd55jw1dw17luk08qj.jpg","bmiddle_pic":"http:\/\/ww2.sinaimg.cn\/bmiddle\/53c5fd55jw1dw17luk08qj.jpg","original_pic":"http:\/\/ww2.sinaimg.cn\/large\/53c5fd55jw1dw17luk08qj.jpg","is_paid":false,"mblog_vip_type":0,"user":{"id":1405484373,"screen_name":"\u6bb5\u5b87\u5b8f","profile_image_url":"https:\/\/tva3.sinaimg.cn\/crop.8.12.209.209.180\/53c5fd55jw1elz43fjk9nj208c067752.jpg","profile_url":"https:\/\/m.weibo.cn\/u\/1405484373?uid=1405484373&luicode=10000011&lfid=1076031401527553","statuses_count":5574,"verified":true,"verified_type":0,"verified_type_ext":0,"verified_reason":"\u5a92\u4f53\u4eba \u5fae\u535a\u7b7e\u7ea6\u81ea\u5a92\u4f53","close_blue_v":false,"description":"\u516c\u5fae\u53f7\u2014\u2014\u77e5\u9053\u4e3b\u4e49\uff1azhidaozhuyi \u6218\u4e89\u53f2\u7814\u7a76\uff08\u960e\u4eac\u751f\uff09\u3001\u6bb5\u5b87\u5b8f\u4e0e\u670b\u53cb\u4eec\u7684\u5c0f\u8336\u5c4b\u3002","gender":"m","mbtype":2,"urank":33,"mbrank":6,"follow_me":false,"following":false,"followers_count":59130,"follow_count":873,"cover_image_phone":"https:\/\/tva1.sinaimg.cn\/crop.0.0.640.640.640\/9d44112bjw1f1xl1c10tuj20hs0hs0tw.jpg","avatar_hd":"https:\/\/ww3.sinaimg.cn\/orj480\/53c5fd55jw1elz43fjk9nj208c067752.jpg","like":false,"like_me":false,"badge":{"bind_taobao":1,"unread_pool":1,"unread_pool_ext":1,"self_media":1}},"reposts_count":469,"comments_count":227,"attitudes_count":1,"pending_approval_count":0,"isLongText":false,"visible":{"type":0,"list_id":0},"more_info_type":0,"content_auth":0,"edit_config":{"edited":false},"bid":"yxMkzjpxI","pics":[{"pid":"53c5fd55jw1dw17luk08qj","url":"https:\/\/ww2.sinaimg.cn\/orj360\/53c5fd55jw1dw17luk08qj.jpg","size":"orj360","geo":false,"large":{"size":"large","url":"https:\/\/ww2.sinaimg.cn\/large\/53c5fd55jw1dw17luk08qj.jpg","geo":false}}]},"reposts_count":11,"comments_count":2,"attitudes_count":0,"pending_approval_count":0,"isLongText":false,"visible":{"type":0,"list_id":0},"more_info_type":0,"content_auth":0,"edit_config":{"edited":false},"mblogtype":0,"obj_ext":"","raw_text":"\u8fd9\u4e2a\u597d\uff0c\u6709\u7a7a\u7ec6\u770b\u3002","bid":"yyiH0dMAU"},"show_type":0},{"card_type":9,"itemid":"1076031401527553_-_3481606914379010","scheme":"https:\/\/m.weibo.cn\/status\/yyeY3inbc?mblogid=yyeY3inbc&luicode=10000011&lfid=1076031401527553","mblog":{"created_at":"2012-08-21","id":"3481606914379010","idstr":"3481606914379010","mid":"3481606914379010","can_edit":false,"text":"\u6211\u7684\u670b\u53cb\u91cc\uff0c\u9664\u4e86\u5c11\u6570\u5df2\u7ecf\u6df7\u5230\u7279\u522b\u597d\u4eba\u8109\u6781\u5e7f\u8ba4\u8bc6\u4e00\u4e9b\u9ad8\u660e\u533b\u751f\u7684\uff0c\u591a\u6570\u6709\u5065\u5eb7\u95ee\u9898\u8fd8\u662f\u4f1a\u5148\u95ee\u6211\u3002\u8fd9\u4e9b\u5e74\u4e0b\u6765\uff0c\u6211\u53d1\u73b0\u4eba\u548c\u4eba\u5bf9\u81ea\u5df1\u8eab\u4f53\u7684\u6001\u5ea6\u533a\u522b\u771f\u662f\u592a\u5927\u4e86\uff1a\u6709\u4eba\u53ea\u662f\u611f\u89c9\u6709\u4e9b\u4e0d\u8212\u670d\uff0c\u4f1a\u534a\u591c\u4e24\u70b9\u6253\u6211\u7535\u8bdd\u54a8\u8be2\uff1b\u6709\u4eba\u5410\u4e86\u4e00\u4e2a\u591a\u6708\u8840\uff0c\u4ecd\u7136\u611f\u89c9\u826f\u597d\uff0c\u4e0d\u662f\u6211\u5bdf\u89c9\u51fa\u5f02\u5e38\u7d27\u8ffd\u95ee\u51e0\u53e5\u4ed6\u90fd\u4e0d\u63d0\u5410\u8840\u7684\u4e8b\u3002 \u200b\u200b\u200b","source":"\u5fae\u535a weibo.com","favorited":false,"is_paid":false,"mblog_vip_type":0,"user":{"id":1401527553,"screen_name":"tombkeeper","profile_image_url":"https:\/\/tva2.sinaimg.cn\/crop.0.0.180.180.180\/53899d01jw8fcb9qpe7vbj2050050mx8.jpg","profile_url":"https:\/\/m.weibo.cn\/u\/1401527553?uid=1401527553&luicode=10000011&lfid=1076031401527553","statuses_count":15425,"verified":true,"verified_type":0,"verified_type_ext":1,"verified_reason":"\u77e5\u540d\u4e92\u8054\u7f51\u8d44\u8baf\u535a\u4e3b","close_blue_v":false,"description":"\u5fae\u535a\u672c\u5730\u8d44\u8baf\u535a\u4e3b\uff08\u521a\u679c\u5e03\u62c9\u67f4\u7ef4\u5c14\uff09","gender":"m","mbtype":12,"urank":48,"mbrank":6,"follow_me":false,"following":false,"followers_count":192533,"follow_count":277,"cover_image_phone":"https:\/\/tva1.sinaimg.cn\/crop.0.0.640.640.640\/549d0121tw1egm1kjly3jj20hs0hsq4f.jpg","avatar_hd":"https:\/\/ww2.sinaimg.cn\/orj480\/53899d01jw8fcb9qpe7vbj2050050mx8.jpg","like":false,"like_me":false,"badge":{"bind_taobao":1,"dzwbqlx_2016":1,"follow_whitelist_video":1,"hongbao_2018":1}},"reposts_count":48,"comments_count":39,"attitudes_count":13,"pending_approval_count":0,"isLongText":false,"visible":{"type":0,"list_id":0},"more_info_type":0,"content_auth":0,"edit_config":{"edited":false},"mblogtype":0,"bid":"yyeY3inbc"},"show_type":0},{"card_type":9,"itemid":"1076031401527553_-_3481552241863658","scheme":"https:\/\/m.weibo.cn\/status\/yydxS7OP0?mblogid=yydxS7OP0&luicode=10000011&lfid=1076031401527553","mblog":{"created_at":"2012-08-21","id":"3481552241863658","idstr":"3481552241863658","mid":"3481552241863658","can_edit":false,"text":"\u8fd9\u4e00\u7cfb\u5217\u60c5\u8282\u5b8c\u5168\u53ef\u4ee5\u62cd\u4e2a\u5fae\u89c6\u9891\u201c\u5c0f\u8d75\u548c\u8001\u7f57\u201d\u3002","source":"\u5fae\u535a weibo.com","favorited":false,"is_paid":false,"mblog_vip_type":0,"user":{"id":1401527553,"screen_name":"tombkeeper","profile_image_url":"https:\/\/tva2.sinaimg.cn\/crop.0.0.180.180.180\/53899d01jw8fcb9qpe7vbj2050050mx8.jpg","profile_url":"https:\/\/m.weibo.cn\/u\/1401527553?uid=1401527553&luicode=10000011&lfid=1076031401527553","statuses_count":15425,"verified":true,"verified_type":0,"verified_type_ext":1,"verified_reason":"\u77e5\u540d\u4e92\u8054\u7f51\u8d44\u8baf\u535a\u4e3b","close_blue_v":false,"description":"\u5fae\u535a\u672c\u5730\u8d44\u8baf\u535a\u4e3b\uff08\u521a\u679c\u5e03\u62c9\u67f4\u7ef4\u5c14\uff09","gender":"m","mbtype":12,"urank":48,"mbrank":6,"follow_me":false,"following":false,"followers_count":192533,"follow_count":277,"cover_image_phone":"https:\/\/tva1.sinaimg.cn\/crop.0.0.640.640.640\/549d0121tw1egm1kjly3jj20hs0hsq4f.jpg","avatar_hd":"https:\/\/ww2.sinaimg.cn\/orj480\/53899d01jw8fcb9qpe7vbj2050050mx8.jpg","like":false,"like_me":false,"badge":{"bind_taobao":1,"dzwbqlx_2016":1,"follow_whitelist_video":1,"hongbao_2018":1}},"retweeted_status":{"created_at":"2012-08-21","id":"3481529533539702","idstr":"3481529533539702","mid":"3481529533539702","can_edit":false,"text":"\u4e70\u4e86\u4e00\u7bb1\u6d77\u5357\u6930\u7687\u7ed9\u540c\u4e8b\u4eec\u5403\uff0c\u4e3a\u4e86\u518d\u611f\u4eba\u4e00\u4e9b\uff0c\u6211\u4eb2\u624b\u7528\u5fb7\u56fd\u6392\u9aa8\u5200\u780d\u4e86\u5341\u51e0\u4e2a\u5e76\u63d2\u4e0a\u5438\u7ba1\u5206\u7ed9\u4ed6\u4eec\uff0c\u7ed3\u679c\u4e0d\u5c0f\u5fc3\u5212\u4f24\u4e86\u5de6\u624b\u3002\u5305\u624e\u540e\u5230\u536b\u751f\u95f4\u89e3\u624b\u65f6\uff0c\u542c\u5230\u5c0f\u8d75\uff08\u5bf9\uff0c\u5c31\u662f\u90a3\u4e2a\u89e3\u51b3\u4e0d\u4e86\u5173\u673a\u95f9\u949f\u7684\u5c0f\u4f19\u5b50\uff09\u5728\u9a6c\u6876\u4e0a\u8ddf\u53e6\u4e00\u4e2a\u540c\u4e8b\u8bf4\uff0c\u201c\u50bb\u903c\u4e3a\u4e86\u88c5\uff0c\u8fd8\u771f\u4e0b\u5f97\u4e86\u624b\u554a\u3002\u201d ......\u55ef\uff0c\u5206\u5bf8\u611f\u5f88\u91cd\u8981\u3002 \u200b\u200b\u200b","source":"\u5fae\u535a weibo.com","favorited":false,"is_paid":false,"mblog_vip_type":0,"user":{"id":1640571365,"screen_name":"\u7f57\u6c38\u6d69","profile_image_url":"https:\/\/tvax2.sinaimg.cn\/crop.0.0.996.996.180\/61c921e5ly8ffqz72dgzyj20ro0rogq9.jpg","profile_url":"https:\/\/m.weibo.cn\/u\/1640571365?uid=1640571365&luicode=10000011&lfid=1076031401527553","statuses_count":29542,"verified":true,"verified_type":0,"verified_type_ext":1,"verified_reason":"\u9524\u5b50\u79d1\u6280 CEO","close_blue_v":false,"description":"Smartisan\uff0c\u667a\u80fd\u673a\u65f6\u4ee3\u7684\u5de5\u5320","gender":"m","mbtype":12,"urank":47,"mbrank":6,"follow_me":false,"following":false,"followers_count":14411001,"follow_count":2304,"cover_image_phone":"https:\/\/wx2.sinaimg.cn\/crop.0.0.640.640.640\/61c921e5ly1fm9ogrp7b8j20u00u0alv.jpg","avatar_hd":"https:\/\/wx2.sinaimg.cn\/orj480\/61c921e5ly8ffqz72dgzyj20ro0rogq9.jpg","like":false,"like_me":false,"badge":{"follow_whitelist_video":1,"hongbao_2018":1}},"reposts_count":1776,"comments_count":1536,"attitudes_count":312,"pending_approval_count":0,"isLongText":false,"visible":{"type":0,"list_id":0},"more_info_type":0,"content_auth":0,"edit_config":{"edited":false},"bid":"yycXfeQPY"},"reposts_count":5,"comments_count":11,"attitudes_count":0,"pending_approval_count":0,"isLongText":false,"visible":{"type":0,"list_id":0},"more_info_type":0,"content_auth":0,"edit_config":{"edited":false},"mblogtype":0,"obj_ext":"","raw_text":"\u8fd9\u4e00\u7cfb\u5217\u60c5\u8282\u5b8c\u5168\u53ef\u4ee5\u62cd\u4e2a\u5fae\u89c6\u9891\u201c\u5c0f\u8d75\u548c\u8001\u7f57\u201d\u3002","bid":"yydxS7OP0"},"show_type":0},{"card_type":9,"itemid":"1076031401527553_-_3481517101655481","scheme":"https:\/\/m.weibo.cn\/status\/yycDc6WFj?mblogid=yycDc6WFj&luicode=10000011&lfid=1076031401527553","mblog":{"created_at":"2012-08-21","id":"3481517101655481","idstr":"3481517101655481","mid":"3481517101655481","can_edit":false,"text":"\u60f3\u8fc7\u53bb\u7684\uff0c\u8fd9\u662f\u4e2a\u65b9\u4fbf\u7684\u4f20\u9001\u95e8\u3002","source":"\u5fae\u535a weibo.com","favorited":false,"is_paid":false,"mblog_vip_type":0,"user":{"id":1401527553,"screen_name":"tombkeeper","profile_image_url":"https:\/\/tva2.sinaimg.cn\/crop.0.0.180.180.180\/53899d01jw8fcb9qpe7vbj2050050mx8.jpg","profile_url":"https:\/\/m.weibo.cn\/u\/1401527553?uid=1401527553&luicode=10000011&lfid=1076031401527553","statuses_count":15425,"verified":true,"verified_type":0,"verified_type_ext":1,"verified_reason":"\u77e5\u540d\u4e92\u8054\u7f51\u8d44\u8baf\u535a\u4e3b","close_blue_v":false,"description":"\u5fae\u535a\u672c\u5730\u8d44\u8baf\u535a\u4e3b\uff08\u521a\u679c\u5e03\u62c9\u67f4\u7ef4\u5c14\uff09","gender":"m","mbtype":12,"urank":48,"mbrank":6,"follow_me":false,"following":false,"followers_count":192533,"follow_count":277,"cover_image_phone":"https:\/\/tva1.sinaimg.cn\/crop.0.0.640.640.640\/549d0121tw1egm1kjly3jj20hs0hsq4f.jpg","avatar_hd":"https:\/\/ww2.sinaimg.cn\/orj480\/53899d01jw8fcb9qpe7vbj2050050mx8.jpg","like":false,"like_me":false,"badge":{"bind_taobao":1,"dzwbqlx_2016":1,"follow_whitelist_video":1,"hongbao_2018":1}},"retweeted_status":{"created_at":"2012-08-21","id":"3481456699365114","idstr":"3481456699365114","mid":"3481456699365114","can_edit":false,"text":"<a class='k' href='https:\/\/m.weibo.cn\/k\/%E5%AE%89%E5%85%A8%E5%B7%A5%E4%BD%9C?from=feed'>#\u5b89\u5168\u5de5\u4f5c#<\/a> McAfee\u62db\u8058\u5b89\u5168\u7814\u7a76\u5458(IPS\u65b9\u5411)\uff0c\u5de5\u4f5c\u5730\u70b9\u53ef\u4ee5\u9009\u62e9\u5317\u4eac\u6216\u8005\u7f8e\u56fd\uff0c\u6709\u610f\u8005\u53ef\u4ee5\u79c1\u4fe1\u6211\u6216\u8005\u90ae\u7bb1vessialq<a href='https:\/\/m.weibo.cn\/n\/gmail'>@gmail<\/a>.com, <a data-url=\"http:\/\/t.cn\/zW81250\" target=\"_blank\" href=\"https:\/\/weibo.cn\/sinaurl\/blockedc9d20c93?luicode=10000011&lfid=1076031401527553&u=http%3A%2F%2Fhi.baidu.com%2Fvessial%2Fitem%2Ff6a43f0a89231bcf74cd3c8d&ep=yyb3LDiie%252C1650374787%252Cyyb3LDiie%252C1650374787\" class=\"\"><span class=\"url-icon\"><img src=\"\/\/h5.sinaimg.cn\/upload\/2015\/09\/25\/3\/timeline_card_small_web_default.png\"><\/span><\/i><span class=\"surl-text\">\u7f51\u9875\u94fe\u63a5<\/a>\uff0c \u6b22\u8fce:) \u200b\u200b\u200b","source":"\u5fae\u535a weibo.com","favorited":false,"is_paid":false,"mblog_vip_type":0,"user":{"id":1650374787,"screen_name":"vessial","profile_image_url":"https:\/\/tva3.sinaimg.cn\/crop.0.0.180.180.180\/625eb883jw1e8qgp5bmzyj2050050aa8.jpg","profile_url":"https:\/\/m.weibo.cn\/u\/1650374787?uid=1650374787&luicode=10000011&lfid=1076031401527553","statuses_count":1668,"verified":false,"verified_type":-1,"close_blue_v":false,"description":"Security Fellow","gender":"m","mbtype":0,"urank":28,"mbrank":0,"follow_me":false,"following":false,"followers_count":3844,"follow_count":400,"cover_image_phone":"https:\/\/tva1.sinaimg.cn\/crop.0.0.640.640.640\/549d0121tw1egm1kjly3jj20hs0hsq4f.jpg","avatar_hd":"https:\/\/ww3.sinaimg.cn\/orj480\/625eb883jw1e8qgp5bmzyj2050050aa8.jpg","like":false,"like_me":false,"badge":{"bind_taobao":1}},"reposts_count":34,"comments_count":16,"attitudes_count":0,"pending_approval_count":0,"isLongText":false,"visible":{"type":0,"list_id":0},"more_info_type":0,"content_auth":0,"edit_config":{"edited":false},"page_info":{"page_pic":{"url":"https:\/\/ww4.sinaimg.cn\/thumb180\/74f67c55jw9exx3x00jyrj2050050mxl.jpg"},"page_url":"https:\/\/m.weibo.cn\/p\/index?containerid=1008080b5fd8bb5c920517b121c608e2b50b2b&extparam=%E5%AE%89%E5%85%A8%E5%B7%A5%E4%BD%9C&luicode=10000011&lfid=1076031401527553","page_title":"#\u5b89\u5168\u5de5\u4f5c#","content1":"","content2":"1\u4eba\u5173\u6ce8","type":"topic"},"bid":"yyb3LDiie"},"reposts_count":4,"comments_count":13,"attitudes_count":0,"pending_approval_count":0,"isLongText":false,"visible":{"type":0,"list_id":0},"more_info_type":0,"content_auth":0,"edit_config":{"edited":false},"mblogtype":0,"obj_ext":"","raw_text":"\u60f3\u8fc7\u53bb\u7684\uff0c\u8fd9\u662f\u4e2a\u65b9\u4fbf\u7684\u4f20\u9001\u95e8\u3002","bid":"yycDc6WFj"},"show_type":0},{"card_type":9,"itemid":"1076031401527553_-_3481506988698839","scheme":"https:\/\/m.weibo.cn\/status\/yycmSAuXR?mblogid=yycmSAuXR&luicode=10000011&lfid=1076031401527553","mblog":{"created_at":"2012-08-21","id":"3481506988698839","idstr":"3481506988698839","mid":"3481506988698839","can_edit":false,"text":"JAVA\u3001PHP\u3001Ruby\u3001Python\u2026\u2026\u7684\u672c\u5730\u6f0f\u6d1e\uff0c\u4ee5\u524d\u5371\u5bb3\u4e0d\u7b97\u7279\u522b\u5927\uff08JAVA\u7684\u8fd8\u6709\u53ef\u80fd\u901a\u8fc7\u6d4f\u89c8\u5668\u5229\u7528\uff09\uff0c\u800c\u5982\u4eca\u4e91\u670d\u52a1\u6ee1\u5929\u98de\u7684\u73af\u5883\u4e0b\uff0c\u8fd9\u4e9b\u6f0f\u6d1e\u7684\u5371\u5bb3\u5c31\u5f88\u5bb9\u6613\u88ab\u653e\u5927\u4e86\u3002\u4f20\u7edf\u865a\u62df\u4e3b\u673a\u670d\u52a1\u5176\u5b9e\u4e5f\u9762\u4e34\u8fd9\u4e9b\u95ee\u9898\uff0c\u4e0d\u8fc7\u56e0\u4e3a\u89c4\u6a21\u6ca1\u5230\u201c\u4e91\u201d\u8fd9\u4e48\u5927\uff0c\u6240\u4ee5\u5f71\u54cd\u6709\u9650\u3002\u4e0d\u77e5\u9053\u56fd\u5185\u5404\u5bb6\u4e91\u670d\u52a1\u7684Sandbox\u5b9e\u73b0\u7684\u600e\u4e48\u6837\u3002 \u200b\u200b\u200b","source":"\u5fae\u535a weibo.com","favorited":false,"is_paid":false,"mblog_vip_type":0,"user":{"id":1401527553,"screen_name":"tombkeeper","profile_image_url":"https:\/\/tva2.sinaimg.cn\/crop.0.0.180.180.180\/53899d01jw8fcb9qpe7vbj2050050mx8.jpg","profile_url":"https:\/\/m.weibo.cn\/u\/1401527553?uid=1401527553&luicode=10000011&lfid=1076031401527553","statuses_count":15425,"verified":true,"verified_type":0,"verified_type_ext":1,"verified_reason":"\u77e5\u540d\u4e92\u8054\u7f51\u8d44\u8baf\u535a\u4e3b","close_blue_v":false,"description":"\u5fae\u535a\u672c\u5730\u8d44\u8baf\u535a\u4e3b\uff08\u521a\u679c\u5e03\u62c9\u67f4\u7ef4\u5c14\uff09","gender":"m","mbtype":12,"urank":48,"mbrank":6,"follow_me":false,"following":false,"followers_count":192533,"follow_count":277,"cover_image_phone":"https:\/\/tva1.sinaimg.cn\/crop.0.0.640.640.640\/549d0121tw1egm1kjly3jj20hs0hsq4f.jpg","avatar_hd":"https:\/\/ww2.sinaimg.cn\/orj480\/53899d01jw8fcb9qpe7vbj2050050mx8.jpg","like":false,"like_me":false,"badge":{"bind_taobao":1,"dzwbqlx_2016":1,"follow_whitelist_video":1,"hongbao_2018":1}},"reposts_count":6,"comments_count":0,"attitudes_count":0,"pending_approval_count":0,"isLongText":false,"visible":{"type":0,"list_id":0},"more_info_type":0,"content_auth":0,"edit_config":{"edited":false},"mblogtype":0,"bid":"yycmSAuXR"},"show_type":0},{"card_type":9,"itemid":"1076031401527553_-_3481479117897396","scheme":"https:\/\/m.weibo.cn\/status\/yybDVx8tm?mblogid=yybDVx8tm&luicode=10000011&lfid=1076031401527553","mblog":{"created_at":"2012-08-21","id":"3481479117897396","idstr":"3481479117897396","mid":"3481479117897396","can_edit":false,"text":"\u4ee5\u524d\u8bf4\u8fc7\u65e0\u4e2d\u5fc3\u7f51\u7edc\uff08<a data-url=\"http:\/\/weibo.com\/1401527553\/ylwNIaFuV\" href=\"http:\/\/weibo.com\/1401527553\/ylwNIaFuV?luicode=10000011&lfid=1076031401527553&ep=yybDVx8tm%252C1401527553%252CyybDVx8tm%252C1401527553\" data-hide=\"\"><span class=\"url-icon\"><img src=\"\/\/h5.sinaimg.cn\/upload\/2015\/09\/25\/3\/timeline_card_small_web_default.png\"><\/span><\/i><span class=\"surl-text\">\u7f51\u9875\u94fe\u63a5<\/a>\uff09\uff0c\u4eca\u5929\u4ecb\u7ecd\u4e2a\u5b9e\u9645\u7684\u4f8b\u5b50\u3002Byzantium\u9879\u76ee\uff0c\u672c\u8d28\u4e0a\u5c31\u662f\u4e00\u4e2aLive-CD\uff0c\u5229\u7528WiFi\u7684Ad-Hoc\u6a21\u5f0f\uff0c\u5efa\u7acb\u8d77\u57fa\u4e8e\u65e0\u7ebf\u7684\u81ea\u7ec4\u7ec7\u3001\u65e0\u4e2d\u5fc3\u7f51\u7edc\u3002\u7406\u8bba\u4e0a\u8fd9\u9879\u76ee\u662f\u8ba1\u5212\u5728\u50f5\u5c38\u672b\u65e5\u53d1\u751f\u540e\uff0c\u73b0\u6709internet\u762b\u75ea\u7684\u60c5\u51b5\u4e0b\u53d1\u6325\u4f5c\u7528\u7684\u2026\u2026 \u200b\u200b\u200b","source":"\u5fae\u535a weibo.com","favorited":false,"thumbnail_pic":"http:\/\/ww1.sinaimg.cn\/thumbnail\/53899d01jw1dw4bgfu2iej.jpg","bmiddle_pic":"http:\/\/ww1.sinaimg.cn\/bmiddle\/53899d01jw1dw4bgfu2iej.jpg","original_pic":"http:\/\/ww1.sinaimg.cn\/large\/53899d01jw1dw4bgfu2iej.jpg","is_paid":false,"mblog_vip_type":0,"user":{"id":1401527553,"screen_name":"tombkeeper","profile_image_url":"https:\/\/tva2.sinaimg.cn\/crop.0.0.180.180.180\/53899d01jw8fcb9qpe7vbj2050050mx8.jpg","profile_url":"https:\/\/m.weibo.cn\/u\/1401527553?uid=1401527553&luicode=10000011&lfid=1076031401527553","statuses_count":15425,"verified":true,"verified_type":0,"verified_type_ext":1,"verified_reason":"\u77e5\u540d\u4e92\u8054\u7f51\u8d44\u8baf\u535a\u4e3b","close_blue_v":false,"description":"\u5fae\u535a\u672c\u5730\u8d44\u8baf\u535a\u4e3b\uff08\u521a\u679c\u5e03\u62c9\u67f4\u7ef4\u5c14\uff09","gender":"m","mbtype":12,"urank":48,"mbrank":6,"follow_me":false,"following":false,"followers_count":192533,"follow_count":277,"cover_image_phone":"https:\/\/tva1.sinaimg.cn\/crop.0.0.640.640.640\/549d0121tw1egm1kjly3jj20hs0hsq4f.jpg","avatar_hd":"https:\/\/ww2.sinaimg.cn\/orj480\/53899d01jw8fcb9qpe7vbj2050050mx8.jpg","like":false,"like_me":false,"badge":{"bind_taobao":1,"dzwbqlx_2016":1,"follow_whitelist_video":1,"hongbao_2018":1}},"reposts_count":9,"comments_count":5,"attitudes_count":2,"pending_approval_count":0,"isLongText":false,"visible":{"type":0,"list_id":0},"more_info_type":0,"content_auth":0,"edit_config":{"edited":false},"mblogtype":0,"bid":"yybDVx8tm","pics":[{"pid":"53899d01jw1dw4bgfu2iej","url":"https:\/\/ww1.sinaimg.cn\/orj360\/53899d01jw1dw4bgfu2iej.jpg","size":"orj360","geo":false,"large":{"size":"large","url":"https:\/\/ww1.sinaimg.cn\/large\/53899d01jw1dw4bgfu2iej.jpg","geo":false}}]},"show_type":0},{"card_type":9,"itemid":"1076031401527553_-_3481475007210054","scheme":"https:\/\/m.weibo.cn\/status\/yybxiufFc?mblogid=yybxiufFc&luicode=10000011&lfid=1076031401527553","mblog":{"created_at":"2012-08-21","id":"3481475007210054","idstr":"3481475007210054","mid":"3481475007210054","can_edit":false,"text":"\u201c\u81ea\u5c3d\u201d\u53d6\u53e4\u610f\uff1a\u636e\u7406\u529b\u4e89\u4ee5\u5fb7\u670d\u4eba\u3002\u90fd\u6ee1\u610f\u4e86\uff1f\/\/<a href='https:\/\/m.weibo.cn\/n\/\u98db\u9b5aTulip'>@\u98db\u9b5aTulip<\/a>: \u90a3\u6211\u89c9\u5f97\u8fd8\u662f\u5bf9\u65b9\u8d77\u4e86\u6b79\u610f\u7684\u65f6\u5019\uff0c\u9632\u536b\u4ed6\u4eba\u597d\u4e86\uff0c\u518d\u5371\u9669\u4e5f\u4e0d\u4e3a\u8fc7\uff0c\u5e72\u561b\u6ca1\u4e8b\u6559\u4eba\u81ea\u5c3d\u554a\uff1f\/\/<a href='https:\/\/m.weibo.cn\/n\/tombkeeper'>@tombkeeper<\/a>: \u6211\u53c8\u6ca1\u8bf4\u8ba9\u4f60\u624e\u522b\u4eba\u3002\u5e73\u65f6\u719f\u6089\u719f\u6089\uff0c\u4e07\u4e00\u5bf9\u65b9\u8d77\u4e86\u6b79\u610f\u4f60\u5c31\u523a\u9888\u81ea\u5c3d\uff0c\u4fdd\u5168\u8d1e\u8282\u3002 \/\/<a href='https:\/\/m.weibo.cn\/n\/\u9ea6\u7a57\u4e30'>@\u9ea6\u7a57\u4e30<\/a>: \u52a8\u8109\u4f4d\u7f6e\u8fd9\u4e2a\u7565\u5371\u9669\u4e86\u5427\uff0c\u5bb9\u6613\u9632\u536b\u8fc7\u5f53","source":"\u5fae\u535a weibo.com","favorited":false,"is_paid":false,"mblog_vip_type":0,"user":{"id":1401527553,"screen_name":"tombkeeper","profile_image_url":"https:\/\/tva2.sinaimg.cn\/crop.0.0.180.180.180\/53899d01jw8fcb9qpe7vbj2050050mx8.jpg","profile_url":"https:\/\/m.weibo.cn\/u\/1401527553?uid=1401527553&luicode=10000011&lfid=1076031401527553","statuses_count":15425,"verified":true,"verified_type":0,"verified_type_ext":1,"verified_reason":"\u77e5\u540d\u4e92\u8054\u7f51\u8d44\u8baf\u535a\u4e3b","close_blue_v":false,"description":"\u5fae\u535a\u672c\u5730\u8d44\u8baf\u535a\u4e3b\uff08\u521a\u679c\u5e03\u62c9\u67f4\u7ef4\u5c14\uff09","gender":"m","mbtype":12,"urank":48,"mbrank":6,"follow_me":false,"following":false,"followers_count":192533,"follow_count":277,"cover_image_phone":"https:\/\/tva1.sinaimg.cn\/crop.0.0.640.640.640\/549d0121tw1egm1kjly3jj20hs0hsq4f.jpg","avatar_hd":"https:\/\/ww2.sinaimg.cn\/orj480\/53899d01jw8fcb9qpe7vbj2050050mx8.jpg","like":false,"like_me":false,"badge":{"bind_taobao":1,"dzwbqlx_2016":1,"follow_whitelist_video":1,"hongbao_2018":1}},"pid":3481472910732514,"retweeted_status":{"created_at":"2012-08-21","id":"3481430225031378","idstr":"3481430225031378","mid":"3481430225031378","can_edit":false,"text":"\u5973\u540c\u5fd7\u4eec\u665a\u4e0a\u5982\u679c\u786e\u5b9e\u9700\u8981\u6253\u8f66\uff0c\u5305\u542b\u9ed1\u8f66\u548c\u4e0d\u9ed1\u7684\u8f66\uff0c\u5efa\u8bae\u8bb0\u4e0b\u8f66\u724c\u53f7\uff0c\u4e0a\u8f66\u540e\u7ed9\u5bb6\u91cc\u6253\u7535\u8bdd\uff0c\u8bf4\uff1a\u5df2\u4ece\u67d0\u5904\u4e0a\u8f66\uff0c\u7528\u77ed\u4fe1\u628a\u8f66\u724c\u53f7\u53d1\u7ed9\u4f60\u4e86\u3002\u53f8\u673a\u5982\u679c\u5600\u5495\uff0c\u4f60\u5c31\u8bf4\u662f\u5bb6\u91cc\u8981\u6c42\u7684\uff0c\u81ea\u5df1\u4e5f\u6ca1\u529e\u6cd5\u3002\u53e6\u5916\uff0c\u4e0a\u8f66\u8981\u5750\u540e\u6392\uff0c\u5305\u91cc\u5e26\u4e2a\u5c16\u9510\u7269\u4f53\uff0c\u7f8e\u5de5\u5200\u3001\u8d70\u73e0\u7b14\u90fd\u884c\u3002\u5e73\u65f6\u7528\u624b\u6478\u6478\u81ea\u5df1\u7684\u8116\u5b50\uff0c\u719f\u6089\u719f\u6089\u9888\u52a8\u8109\u7684\u4f4d\u7f6e\u3002 \u200b\u200b\u200b","source":"\u5fae\u535a weibo.com","favorited":false,"is_paid":false,"mblog_vip_type":0,"user":{"id":1401527553,"screen_name":"tombkeeper","profile_image_url":"https:\/\/tva2.sinaimg.cn\/crop.0.0.180.180.180\/53899d01jw8fcb9qpe7vbj2050050mx8.jpg","profile_url":"https:\/\/m.weibo.cn\/u\/1401527553?uid=1401527553&luicode=10000011&lfid=1076031401527553","statuses_count":15425,"verified":true,"verified_type":0,"verified_type_ext":1,"verified_reason":"\u77e5\u540d\u4e92\u8054\u7f51\u8d44\u8baf\u535a\u4e3b","close_blue_v":false,"description":"\u5fae\u535a\u672c\u5730\u8d44\u8baf\u535a\u4e3b\uff08\u521a\u679c\u5e03\u62c9\u67f4\u7ef4\u5c14\uff09","gender":"m","mbtype":12,"urank":48,"mbrank":6,"follow_me":false,"following":false,"followers_count":192533,"follow_count":277,"cover_image_phone":"https:\/\/tva1.sinaimg.cn\/crop.0.0.640.640.640\/549d0121tw1egm1kjly3jj20hs0hsq4f.jpg","avatar_hd":"https:\/\/ww2.sinaimg.cn\/orj480\/53899d01jw8fcb9qpe7vbj2050050mx8.jpg","like":false,"like_me":false,"badge":{"bind_taobao":1,"dzwbqlx_2016":1,"follow_whitelist_video":1,"hongbao_2018":1}},"reposts_count":388,"comments_count":77,"attitudes_count":9,"pending_approval_count":0,"isLongText":false,"visible":{"type":0,"list_id":0},"more_info_type":0,"content_auth":0,"edit_config":{"edited":false},"bid":"yyan4l6Tg"},"reposts_count":3,"comments_count":11,"attitudes_count":0,"pending_approval_count":0,"isLongText":false,"visible":{"type":0,"list_id":0},"more_info_type":0,"content_auth":0,"edit_config":{"edited":false},"mblogtype":0,"obj_ext":"","raw_text":"\u201c\u81ea\u5c3d\u201d\u53d6\u53e4\u610f\uff1a\u636e\u7406\u529b\u4e89\u4ee5\u5fb7\u670d\u4eba\u3002\u90fd\u6ee1\u610f\u4e86\uff1f\/\/@\u98db\u9b5aTulip: \u90a3\u6211\u89c9\u5f97\u8fd8\u662f\u5bf9\u65b9\u8d77\u4e86\u6b79\u610f\u7684\u65f6\u5019\uff0c\u9632\u536b\u4ed6\u4eba\u597d\u4e86\uff0c\u518d\u5371\u9669\u4e5f\u4e0d\u4e3a\u8fc7\uff0c\u5e72\u561b\u6ca1\u4e8b\u6559\u4eba\u81ea\u5c3d\u554a\uff1f\/\/@tombkeeper: \u6211\u53c8\u6ca1\u8bf4\u8ba9\u4f60\u624e\u522b\u4eba\u3002\u5e73\u65f6\u719f\u6089\u719f\u6089\uff0c\u4e07\u4e00\u5bf9\u65b9\u8d77\u4e86\u6b79\u610f\u4f60\u5c31\u523a\u9888\u81ea\u5c3d\uff0c\u4fdd\u5168\u8d1e\u8282\u3002 \/\/@\u9ea6\u7a57\u4e30: \u52a8\u8109\u4f4d\u7f6e\u8fd9\u4e2a\u7565\u5371\u9669\u4e86\u5427\uff0c\u5bb9\u6613\u9632\u536b\u8fc7\u5f53","bid":"yybxiufFc"},"show_type":0},{"card_type":9,"itemid":"1076031401527553_-_3481468456597635","scheme":"https:\/\/m.weibo.cn\/status\/yybmJrGlt?mblogid=yybmJrGlt&luicode=10000011&lfid=1076031401527553","mblog":{"created_at":"2012-08-21","id":"3481468456597635","idstr":"3481468456597635","mid":"3481468456597635","can_edit":false,"text":"\u6211\u53c8\u6ca1\u8bf4\u8ba9\u4f60\u624e\u522b\u4eba\u3002\u5e73\u65f6\u719f\u6089\u719f\u6089\uff0c\u4e07\u4e00\u5bf9\u65b9\u8d77\u4e86\u6b79\u610f\u4f60\u5c31\u523a\u9888\u81ea\u5c3d\uff0c\u4fdd\u5168\u8d1e\u8282\u3002 \/\/<a href='https:\/\/m.weibo.cn\/n\/\u9ea6\u7a57\u4e30'>@\u9ea6\u7a57\u4e30<\/a>: \u52a8\u8109\u4f4d\u7f6e\u8fd9\u4e2a\u7565\u5371\u9669\u4e86\u5427\uff0c\u5bb9\u6613\u9632\u536b\u8fc7\u5f53","source":"\u5fae\u535a weibo.com","favorited":false,"is_paid":false,"mblog_vip_type":0,"user":{"id":1401527553,"screen_name":"tombkeeper","profile_image_url":"https:\/\/tva2.sinaimg.cn\/crop.0.0.180.180.180\/53899d01jw8fcb9qpe7vbj2050050mx8.jpg","profile_url":"https:\/\/m.weibo.cn\/u\/1401527553?uid=1401527553&luicode=10000011&lfid=1076031401527553","statuses_count":15425,"verified":true,"verified_type":0,"verified_type_ext":1,"verified_reason":"\u77e5\u540d\u4e92\u8054\u7f51\u8d44\u8baf\u535a\u4e3b","close_blue_v":false,"description":"\u5fae\u535a\u672c\u5730\u8d44\u8baf\u535a\u4e3b\uff08\u521a\u679c\u5e03\u62c9\u67f4\u7ef4\u5c14\uff09","gender":"m","mbtype":12,"urank":48,"mbrank":6,"follow_me":false,"following":false,"followers_count":192533,"follow_count":277,"cover_image_phone":"https:\/\/tva1.sinaimg.cn\/crop.0.0.640.640.640\/549d0121tw1egm1kjly3jj20hs0hsq4f.jpg","avatar_hd":"https:\/\/ww2.sinaimg.cn\/orj480\/53899d01jw8fcb9qpe7vbj2050050mx8.jpg","like":false,"like_me":false,"badge":{"bind_taobao":1,"dzwbqlx_2016":1,"follow_whitelist_video":1,"hongbao_2018":1}},"pid":3481458465519901,"retweeted_status":{"created_at":"2012-08-21","id":"3481430225031378","idstr":"3481430225031378","mid":"3481430225031378","can_edit":false,"text":"\u5973\u540c\u5fd7\u4eec\u665a\u4e0a\u5982\u679c\u786e\u5b9e\u9700\u8981\u6253\u8f66\uff0c\u5305\u542b\u9ed1\u8f66\u548c\u4e0d\u9ed1\u7684\u8f66\uff0c\u5efa\u8bae\u8bb0\u4e0b\u8f66\u724c\u53f7\uff0c\u4e0a\u8f66\u540e\u7ed9\u5bb6\u91cc\u6253\u7535\u8bdd\uff0c\u8bf4\uff1a\u5df2\u4ece\u67d0\u5904\u4e0a\u8f66\uff0c\u7528\u77ed\u4fe1\u628a\u8f66\u724c\u53f7\u53d1\u7ed9\u4f60\u4e86\u3002\u53f8\u673a\u5982\u679c\u5600\u5495\uff0c\u4f60\u5c31\u8bf4\u662f\u5bb6\u91cc\u8981\u6c42\u7684\uff0c\u81ea\u5df1\u4e5f\u6ca1\u529e\u6cd5\u3002\u53e6\u5916\uff0c\u4e0a\u8f66\u8981\u5750\u540e\u6392\uff0c\u5305\u91cc\u5e26\u4e2a\u5c16\u9510\u7269\u4f53\uff0c\u7f8e\u5de5\u5200\u3001\u8d70\u73e0\u7b14\u90fd\u884c\u3002\u5e73\u65f6\u7528\u624b\u6478\u6478\u81ea\u5df1\u7684\u8116\u5b50\uff0c\u719f\u6089\u719f\u6089\u9888\u52a8\u8109\u7684\u4f4d\u7f6e\u3002 \u200b\u200b\u200b","source":"\u5fae\u535a weibo.com","favorited":false,"is_paid":false,"mblog_vip_type":0,"user":{"id":1401527553,"screen_name":"tombkeeper","profile_image_url":"https:\/\/tva2.sinaimg.cn\/crop.0.0.180.180.180\/53899d01jw8fcb9qpe7vbj2050050mx8.jpg","profile_url":"https:\/\/m.weibo.cn\/u\/1401527553?uid=1401527553&luicode=10000011&lfid=1076031401527553","statuses_count":15425,"verified":true,"verified_type":0,"verified_type_ext":1,"verified_reason":"\u77e5\u540d\u4e92\u8054\u7f51\u8d44\u8baf\u535a\u4e3b","close_blue_v":false,"description":"\u5fae\u535a\u672c\u5730\u8d44\u8baf\u535a\u4e3b\uff08\u521a\u679c\u5e03\u62c9\u67f4\u7ef4\u5c14\uff09","gender":"m","mbtype":12,"urank":48,"mbrank":6,"follow_me":false,"following":false,"followers_count":192533,"follow_count":277,"cover_image_phone":"https:\/\/tva1.sinaimg.cn\/crop.0.0.640.640.640\/549d0121tw1egm1kjly3jj20hs0hsq4f.jpg","avatar_hd":"https:\/\/ww2.sinaimg.cn\/orj480\/53899d01jw8fcb9qpe7vbj2050050mx8.jpg","like":false,"like_me":false,"badge":{"bind_taobao":1,"dzwbqlx_2016":1,"follow_whitelist_video":1,"hongbao_2018":1}},"reposts_count":388,"comments_count":77,"attitudes_count":9,"pending_approval_count":0,"isLongText":false,"visible":{"type":0,"list_id":0},"more_info_type":0,"content_auth":0,"edit_config":{"edited":false},"bid":"yyan4l6Tg"},"reposts_count":8,"comments_count":20,"attitudes_count":0,"pending_approval_count":0,"isLongText":false,"visible":{"type":0,"list_id":0},"more_info_type":0,"content_auth":0,"edit_config":{"edited":false},"mblogtype":0,"obj_ext":"","raw_text":"\u6211\u53c8\u6ca1\u8bf4\u8ba9\u4f60\u624e\u522b\u4eba\u3002\u5e73\u65f6\u719f\u6089\u719f\u6089\uff0c\u4e07\u4e00\u5bf9\u65b9\u8d77\u4e86\u6b79\u610f\u4f60\u5c31\u523a\u9888\u81ea\u5c3d\uff0c\u4fdd\u5168\u8d1e\u8282\u3002 \/\/@\u9ea6\u7a57\u4e30: \u52a8\u8109\u4f4d\u7f6e\u8fd9\u4e2a\u7565\u5371\u9669\u4e86\u5427\uff0c\u5bb9\u6613\u9632\u536b\u8fc7\u5f53","bid":"yybmJrGlt"},"show_type":0},{"card_type":9,"itemid":"1076031401527553_-_3481465738563886","scheme":"https:\/\/m.weibo.cn\/status\/yybilzVRc?mblogid=yybilzVRc&luicode=10000011&lfid=1076031401527553","mblog":{"created_at":"2012-08-21","id":"3481465738563886","idstr":"3481465738563886","mid":"3481465738563886","can_edit":false,"text":"\u5c82\u6b62\u560e\u6050\u6016\uff0c\u4ea4\u4e56\u6050\u6016\u3002\u8fdc\u7684\u4e0d\u8bf4\u4e86\uff0c\u8fd9\u4e24\u4e2a\u90fd\u662f\u4eca\u5e74\u7684\uff0c\u90fd\u662f\u6b63\u89c4\u51fa\u79df\u8f66\uff1a\u300a\u6253\u8f66\u9732\u94b1\u8d22\u5f15\u6765\u6740\u8eab\u7978 18\u5c81\u5973\u5b69\u60e8\u906d\u5f3a\u5978\u711a\u5c38\u300b<a data-url=\"http:\/\/t.cn\/zOg9QSx\" target=\"_blank\" href=\"https:\/\/weibo.cn\/sinaurl\/blocked68c2aa3a?luicode=10000011&lfid=1076031401527553&u=http%3A%2F%2Fnews.xinhuanet.com%2Flegal%2F2012-05%2F31%2Fc_123218586.htm&ep=yybilzVRc%252C1401527553%252Cyyan4l6Tg%252C1401527553\" class=\"\"><span class=\"url-icon\"><img src=\"\/\/h5.sinaimg.cn\/upload\/2015\/09\/25\/3\/timeline_card_small_web_default.png\"><\/span><\/i><span class=\"surl-text\">\u7f51\u9875\u94fe\u63a5<\/a>\uff1b\u300a\u51fa\u79df\u53f8\u673a\u62c5\u5fc3\u88ab\u6295\u8bc9\u52d2\u660f\u4e58\u5ba2\u629b\u5165\u6cb3\u4e2d\u88ab\u5224\u6b7b\u7f13\u300b<a data-url=\"http:\/\/t.cn\/zW8BMzD\" target=\"_blank\" href=\"https:\/\/weibo.cn\/sinaurl\/blockede7467cc3?luicode=10000011&lfid=1076031401527553&u=http%3A%2F%2Fnews.ifeng.com%2Fsociety%2F1%2Fdetail_2012_07%2F05%2F15787446_0.shtml&ep=yybilzVRc%252C1401527553%252Cyyan4l6Tg%252C1401527553\" class=\"\"><span class=\"url-icon\"><img src=\"\/\/h5.sinaimg.cn\/upload\/2015\/09\/25\/3\/timeline_card_small_web_default.png\"><\/span><\/i><span class=\"surl-text\">\u7f51\u9875\u94fe\u63a5<\/a>\u3002 \/\/<a href='https:\/\/m.weibo.cn\/n\/\u7693\u6708\u5f53\u7a7a8833'>@\u7693\u6708\u5f53\u7a7a8833<\/a>: \u6b63\u89c4\u51fa\u79df\u8c8c\u4f3c\u8fd8\u6ca1\u560e\u6050\u6016\u4f10","source":"\u5fae\u535a weibo.com","favorited":false,"is_paid":false,"mblog_vip_type":0,"user":{"id":1401527553,"screen_name":"tombkeeper","profile_image_url":"https:\/\/tva2.sinaimg.cn\/crop.0.0.180.180.180\/53899d01jw8fcb9qpe7vbj2050050mx8.jpg","profile_url":"https:\/\/m.weibo.cn\/u\/1401527553?uid=1401527553&luicode=10000011&lfid=1076031401527553","statuses_count":15425,"verified":true,"verified_type":0,"verified_type_ext":1,"verified_reason":"\u77e5\u540d\u4e92\u8054\u7f51\u8d44\u8baf\u535a\u4e3b","close_blue_v":false,"description":"\u5fae\u535a\u672c\u5730\u8d44\u8baf\u535a\u4e3b\uff08\u521a\u679c\u5e03\u62c9\u67f4\u7ef4\u5c14\uff09","gender":"m","mbtype":12,"urank":48,"mbrank":6,"follow_me":false,"following":false,"followers_count":192533,"follow_count":277,"cover_image_phone":"https:\/\/tva1.sinaimg.cn\/crop.0.0.640.640.640\/549d0121tw1egm1kjly3jj20hs0hsq4f.jpg","avatar_hd":"https:\/\/ww2.sinaimg.cn\/orj480\/53899d01jw8fcb9qpe7vbj2050050mx8.jpg","like":false,"like_me":false,"badge":{"bind_taobao":1,"dzwbqlx_2016":1,"follow_whitelist_video":1,"hongbao_2018":1}},"pid":3481458289520080,"retweeted_status":{"created_at":"2012-08-21","id":"3481430225031378","idstr":"3481430225031378","mid":"3481430225031378","can_edit":false,"text":"\u5973\u540c\u5fd7\u4eec\u665a\u4e0a\u5982\u679c\u786e\u5b9e\u9700\u8981\u6253\u8f66\uff0c\u5305\u542b\u9ed1\u8f66\u548c\u4e0d\u9ed1\u7684\u8f66\uff0c\u5efa\u8bae\u8bb0\u4e0b\u8f66\u724c\u53f7\uff0c\u4e0a\u8f66\u540e\u7ed9\u5bb6\u91cc\u6253\u7535\u8bdd\uff0c\u8bf4\uff1a\u5df2\u4ece\u67d0\u5904\u4e0a\u8f66\uff0c\u7528\u77ed\u4fe1\u628a\u8f66\u724c\u53f7\u53d1\u7ed9\u4f60\u4e86\u3002\u53f8\u673a\u5982\u679c\u5600\u5495\uff0c\u4f60\u5c31\u8bf4\u662f\u5bb6\u91cc\u8981\u6c42\u7684\uff0c\u81ea\u5df1\u4e5f\u6ca1\u529e\u6cd5\u3002\u53e6\u5916\uff0c\u4e0a\u8f66\u8981\u5750\u540e\u6392\uff0c\u5305\u91cc\u5e26\u4e2a\u5c16\u9510\u7269\u4f53\uff0c\u7f8e\u5de5\u5200\u3001\u8d70\u73e0\u7b14\u90fd\u884c\u3002\u5e73\u65f6\u7528\u624b\u6478\u6478\u81ea\u5df1\u7684\u8116\u5b50\uff0c\u719f\u6089\u719f\u6089\u9888\u52a8\u8109\u7684\u4f4d\u7f6e\u3002 \u200b\u200b\u200b","source":"\u5fae\u535a weibo.com","favorited":false,"is_paid":false,"mblog_vip_type":0,"user":{"id":1401527553,"screen_name":"tombkeeper","profile_image_url":"https:\/\/tva2.sinaimg.cn\/crop.0.0.180.180.180\/53899d01jw8fcb9qpe7vbj2050050mx8.jpg","profile_url":"https:\/\/m.weibo.cn\/u\/1401527553?uid=1401527553&luicode=10000011&lfid=1076031401527553","statuses_count":15425,"verified":true,"verified_type":0,"verified_type_ext":1,"verified_reason":"\u77e5\u540d\u4e92\u8054\u7f51\u8d44\u8baf\u535a\u4e3b","close_blue_v":false,"description":"\u5fae\u535a\u672c\u5730\u8d44\u8baf\u535a\u4e3b\uff08\u521a\u679c\u5e03\u62c9\u67f4\u7ef4\u5c14\uff09","gender":"m","mbtype":12,"urank":48,"mbrank":6,"follow_me":false,"following":false,"followers_count":192533,"follow_count":277,"cover_image_phone":"https:\/\/tva1.sinaimg.cn\/crop.0.0.640.640.640\/549d0121tw1egm1kjly3jj20hs0hsq4f.jpg","avatar_hd":"https:\/\/ww2.sinaimg.cn\/orj480\/53899d01jw8fcb9qpe7vbj2050050mx8.jpg","like":false,"like_me":false,"badge":{"bind_taobao":1,"dzwbqlx_2016":1,"follow_whitelist_video":1,"hongbao_2018":1}},"reposts_count":388,"comments_count":77,"attitudes_count":9,"pending_approval_count":0,"isLongText":false,"visible":{"type":0,"list_id":0},"more_info_type":0,"content_auth":0,"edit_config":{"edited":false},"bid":"yyan4l6Tg"},"reposts_count":197,"comments_count":2,"attitudes_count":0,"pending_approval_count":0,"isLongText":false,"visible":{"type":0,"list_id":0},"more_info_type":0,"content_auth":0,"edit_config":{"edited":false},"mblogtype":0,"obj_ext":"","raw_text":"\u5c82\u6b62\u560e\u6050\u6016\uff0c\u4ea4\u4e56\u6050\u6016\u3002\u8fdc\u7684\u4e0d\u8bf4\u4e86\uff0c\u8fd9\u4e24\u4e2a\u90fd\u662f\u4eca\u5e74\u7684\uff0c\u90fd\u662f\u6b63\u89c4\u51fa\u79df\u8f66\uff1a\u300a\u6253\u8f66\u9732\u94b1\u8d22\u5f15\u6765\u6740\u8eab\u7978 18\u5c81\u5973\u5b69\u60e8\u906d\u5f3a\u5978\u711a\u5c38\u300bhttp:\/\/t.cn\/zOg9QSx\uff1b\u300a\u51fa\u79df\u53f8\u673a\u62c5\u5fc3\u88ab\u6295\u8bc9\u52d2\u660f\u4e58\u5ba2\u629b\u5165\u6cb3\u4e2d\u88ab\u5224\u6b7b\u7f13\u300bhttp:\/\/t.cn\/zW8BMzD\u3002 \/\/@\u7693\u6708\u5f53\u7a7a8833: \u6b63\u89c4\u51fa\u79df\u8c8c\u4f3c\u8fd8\u6ca1\u560e\u6050\u6016\u4f10","bid":"yybilzVRc"},"show_type":0}],"showAppTips":0,"scheme":"sinaweibo:\/\/cardlist?containerid=1076031401527553&extparam=&luicode=10000011&lfid=&featurecode="}}