{"ok":1,"data":{"cardlistInfo":{"containerid":"1076031401527553","v_p":42,"show_style":1,"total":15519,"page":50},"cards":[{"card_type":9,"itemid":"1076031401527553_-_4140963016482979","scheme":"https:\/\/m.weibo.cn\/status\/FhbDnrcwb?mblogid=FhbDnrcwb&luicode=10000011&lfid=1076031401527553","mblog":{"created_at":"2017-08-15","id":"4140963016482979","idstr":"4140963016482979","mid":"4140963016482979","can_edit":false,"text":"\u56fd\u867d\u5927\uff0c\u597d\u6218\u5fc5\u4ea1\uff1b\u5929\u4e0b\u867d\u5b89\uff0c\u5fd8\u6218\u5fc5\u5371\u3002 \u200b\u200b\u200b","textLength":38,"source":"XiaoMiPhone","favorited":false,"is_paid":false,"mblog_vip_type":0,"user":{"id":1401527553,"screen_name":"tombkeeper","profile_image_url":"https:\/\/tva2.sinaimg.cn\/crop.0.0.180.180.180\/53899d01jw8fcb9qpe7vbj2050050mx8.jpg","profile_url":"https:\/\/m.weibo.cn\/u\/1401527553?uid=1401527553&luicode=10000011&lfid=1076031401527553","statuses_count":15425,"verified":true,"verified_type":0,"verified_type_ext":1,"verified_reason":"\u77e5\u540d\u4e92\u8054\u7f51\u8d44\u8baf\u535a\u4e3b","close_blue_v":false,"description":"\u5fae\u535a\u672c\u5730\u8d44\u8baf\u535a\u4e3b\uff08\u521a\u679c\u5e03\u62c9\u67f4\u7ef4\u5c14\uff09","gender":"m","mbtype":12,"urank":48,"mbrank":6,"follow_me":false,"following":false,"followers_count":192533,"follow_count":277,"cover_image_phone":"https:\/\/tva1.sinaimg.cn\/crop.0.0.640.640.640\/549d0121tw1egm1kjly3jj20hs0hsq4f.jpg","avatar_hd":"https:\/\/ww2.sinaimg.cn\/orj480\/53899d01jw8fcb9qpe7vbj2050050mx8.jpg","like":false,"like_me":false,"badge":{"bind_taobao":1,"dzwbqlx_2016":1,"follow_whitelist_video":1,"hongbao_2018":1}},"reposts_count":27,"comments_count":30,"attitudes_count":179,"pending_approval_count":0,"isLongText":false,"visible":{"type":0,"list_id":0},"more_info_type":0,"content_auth":0,"edit_config":{"edited":false},"mblogtype":0,"bid":"FhbDnrcwb"},"show_type":0},{"card_type":9,"itemid":"1076031401527553_-_4140938827492070","scheme":"https:\/\/m.weibo.cn\/status\/Fhb0mvr1Q?mblogid=Fhb0mvr1Q&luicode=10000011&lfid=1076031401527553","mblog":{"created_at":"2017-08-15","id":"4140938827492070","idstr":"4140938827492070","mid":"4140938827492070","can_edit":false,"text":"\u8d3e\u7389\u73cd\u6210\u4e86\u795e\u4ed9\uff0c\u4ecd\u7b28\u5f97\u5f88\uff0c\u662f\u4e00\u4e2a\u7b28\u795e\u4ed9\u3002<br\/>                                        \u2014\u2014\u502a\u5321\u00b7\u300a\u795e\u4ed9\u300b \u200b\u200b\u200b","textLength":105,"source":"XiaoMiPhone","favorited":false,"is_paid":false,"mblog_vip_type":0,"user":{"id":1401527553,"screen_name":"tombkeeper","profile_image_url":"https:\/\/tva2.sinaimg.cn\/crop.0.0.180.180.180\/53899d01jw8fcb9qpe7vbj2050050mx8.jpg","profile_url":"https:\/\/m.weibo.cn\/u\/1401527553?uid=1401527553&luicode=10000011&lfid=1076031401527553","statuses_count":15425,"verified":true,"verified_type":0,"verified_type_ext":1,"verified_reason":"\u77e5\u540d\u4e92\u8054\u7f51\u8d44\u8baf\u535a\u4e3b","close_blue_v":false,"description":"\u5fae\u535a\u672c\u5730\u8d44\u8baf\u535a\u4e3b\uff08\u521a\u679c\u5e03\u62c9\u67f4\u7ef4\u5c14\uff09","gender":"m","mbtype":12,"urank":48,"mbrank":6,"follow_me":false,"following":false,"followers_count":192533,"follow_count":277,"cover_image_phone":"https:\/\/tva1.sinaimg.cn\/crop.0.0.640.640.640\/549d0121tw1egm1kjly3jj20hs0hsq4f.jpg","avatar_hd":"https:\/\/ww2.sinaimg.cn\/orj480\/53899d01jw8fcb9qpe7vbj2050050mx8.jpg","like":false,"like_me":false,"badge":{"bind_taobao":1,"dzwbqlx_2016":1,"follow_whitelist_video":1,"hongbao_2018":1}},"reposts_count":1,"comments_count":7,"attitudes_count":19,"pending_approval_count":0,"isLongText":false,"visible":{"type":0,"list_id":0},"more_info_type":0,"content_auth":0,"edit_config":{"edited":false},"mblogtype":0,"bid":"Fhb0mvr1Q"},"show_type":0},{"card_type":9,"itemid":"1076031401527553_-_4140816336960546","scheme":"https:\/\/m.weibo.cn\/status\/Fh7ONtcKS?mblogid=Fh7ONtcKS&luicode=10000011&lfid=1076031401527553","mblog":{"created_at":"2017-08-15","id":"4140816336960546","idstr":"4140816336960546","mid":"4140816336960546","can_edit":false,"text":"\u6376\u695a\u4e4b\u4e0b\uff0c\u4f55\u6c42\u800c\u4e0d\u5f97\uff1fKPI \u4e4b\u4e0b\uff0c\u5565\u4e8b\u513f\u5e72\u4e0d\u51fa\u6765\uff1f \u200b\u200b\u200b","textLength":48,"source":"XiaoMiPhone","favorited":false,"is_paid":false,"mblog_vip_type":0,"user":{"id":1401527553,"screen_name":"tombkeeper","profile_image_url":"https:\/\/tva2.sinaimg.cn\/crop.0.0.180.180.180\/53899d01jw8fcb9qpe7vbj2050050mx8.jpg","profile_url":"https:\/\/m.weibo.cn\/u\/1401527553?uid=1401527553&luicode=10000011&lfid=1076031401527553","statuses_count":15425,"verified":true,"verified_type":0,"verified_type_ext":1,"verified_reason":"\u77e5\u540d\u4e92\u8054\u7f51\u8d44\u8baf\u535a\u4e3b","close_blue_v":false,"description":"\u5fae\u535a\u672c\u5730\u8d44\u8baf\u535a\u4e3b\uff08\u521a\u679c\u5e03\u62c9\u67f4\u7ef4\u5c14\uff09","gender":"m","mbtype":12,"urank":48,"mbrank":6,"follow_me":false,"following":false,"followers_count":192533,"follow_count":277,"cover_image_phone":"https:\/\/tva1.sinaimg.cn\/crop.0.0.640.640.640\/549d0121tw1egm1kjly3jj20hs0hsq4f.jpg","avatar_hd":"https:\/\/ww2.sinaimg.cn\/orj480\/53899d01jw8fcb9qpe7vbj2050050mx8.jpg","like":false,"like_me":false,"badge":{"bind_taobao":1,"dzwbqlx_2016":1,"follow_whitelist_video":1,"hongbao_2018":1}},"reposts_count":13,"comments_count":15,"attitudes_count":58,"pending_approval_count":0,"isLongText":false,"visible":{"type":0,"list_id":0},"more_info_type":0,"content_auth":0,"edit_config":{"edited":false},"mblogtype":0,"bid":"Fh7ONtcKS"},"show_type":0},{"card_type":9,"itemid":"1076031401527553_-_4140777170819931","scheme":"https:\/\/m.weibo.cn\/status\/Fh6ND3riH?mblogid=Fh6ND3riH&luicode=10000011&lfid=1076031401527553","mblog":{"created_at":"2017-08-14","id":"4140777170819931","idstr":"4140777170819931","mid":"4140777170819931","can_edit":false,"text":"\u6211\u5c31\u8bf4\u600e\u4e48\u53ef\u80fd\u6709\u4eba\u6562\u8fd9\u4e48\u6b3a\u8d1f\u738b\u662d\u541b\uff0c\u968f\u4fbf\u4e00\u4e2a\u5927\u5c31\u4e94\u6740\u4e86\u3002","source":"\u5fae\u535a weibo.com","favorited":false,"is_paid":false,"mblog_vip_type":0,"user":{"id":1401527553,"screen_name":"tombkeeper","profile_image_url":"https:\/\/tva2.sinaimg.cn\/crop.0.0.180.180.180\/53899d01jw8fcb9qpe7vbj2050050mx8.jpg","profile_url":"https:\/\/m.weibo.cn\/u\/1401527553?uid=1401527553&luicode=10000011&lfid=1076031401527553","statuses_count":15425,"verified":true,"verified_type":0,"verified_type_ext":1,"verified_reason":"\u77e5\u540d\u4e92\u8054\u7f51\u8d44\u8baf\u535a\u4e3b","close_blue_v":false,"description":"\u5fae\u535a\u672c\u5730\u8d44\u8baf\u535a\u4e3b\uff08\u521a\u679c\u5e03\u62c9\u67f4\u7ef4\u5c14\uff09","gender":"m","mbtype":12,"urank":48,"mbrank":6,"follow_me":false,"following":false,"followers_count":192533,"follow_count":277,"cover_image_phone":"https:\/\/tva1.sinaimg.cn\/crop.0.0.640.640.640\/549d0121tw1egm1kjly3jj20hs0hsq4f.jpg","avatar_hd":"https:\/\/ww2.sinaimg.cn\/orj480\/53899d01jw8fcb9qpe7vbj2050050mx8.jpg","like":false,"like_me":false,"badge":{"bind_taobao":1,"dzwbqlx_2016":1,"follow_whitelist_video":1,"hongbao_2018":1}},"pid":4140775790834791,"retweeted_status":{"created_at":"2017-08-14","id":"4140759629981398","idstr":"4140759629981398","mid":"4140759629981398","can_edit":false,"text":"\u3010\u53cd\u8f6c\uff01\u88ab\u5927\u5988\u6012\u603c\u7684cosplay\u5973\u5b69\u627f\u8ba4\u662f\u6446\u62cd\u3011\u201c\u7a7f\u5f97\u8fd9\u4e48\u5c11\uff0c\u6d6a\u7ed9\u8c01\u770b\u554a\uff01\u201d\u8fd1\u65e5\uff0c\u4e00\u5927\u5988\u5728\u5730\u94c1\u6012\u9a82cosplay\u5973\u5b69\u7684\u89c6\u9891\u706b\u7206\u7f51\u7edc\u3002\u7136\u800c\u6709\u7f51\u53cb\u7206\u6599\uff0c\u5973\u5b69\u548c\u963f\u59e8\u4e92\u76f8\u8ba4\u8bc6\uff0c<a href='https:\/\/m.weibo.cn\/n\/\u4e2d\u7cae\u6211\u4e70\u7f51'>@\u4e2d\u7cae\u6211\u4e70\u7f51<\/a> \u88ab\u7591\u662f\u5e55\u540e\u7b56\u5212\u300214\u65e5\u4e0b\u5348\uff0ccosplay\u5973\u5b69\u544a\u8bc9<a href='https:\/\/m.weibo.cn\/n\/\u5317\u4eac\u65f6\u95f4'>@\u5317\u4eac\u65f6\u95f4<\/a> \uff0c\u81ea\u5df1\u662f\u88ab\u96c7\u6765\u7684\uff0c\u6709\u507f\u62cd\u6444\uff0c\u8d39\u7528\u4e3a900\u5143\u3002<a data-url=\"http:\/\/t.cn\/R9FA0L7\" href=\"http:\/\/media.weibo.cn\/article?object_id=1022%3A2309351002674140759740759342&luicode=10000011&lfid=1076031401527553&id=2309351002674140759740759342&ep=Fh6lkFSCi%252C6250824982%252CFh6lkFSCi%252C6250824982\" data-hide=\"\"><span class=\"url-icon\"><img src=\"https:\/\/h5.sinaimg.cn\/upload\/2015\/09\/25\/3\/timeline_card_small_article_default.png\"><\/span><\/i><span class=\"surl-text\">\u201c\u5927\u5988\u603ccosplay\u5973\u5b69\u201d\u89c6\u9891\u6d89\u5acc\u7092\u4f5c \u5f53\u4e8b\u4eba\u627f\u8ba4\u6709\u507f\u62cd\u6444<\/a>  \u200b\u200b\u200b...<a href=\"\/status\/4140759629981398\">\u5168\u6587<\/a>","textLength":299,"source":"360\u5b89\u5168\u6d4f\u89c8\u5668","favorited":false,"is_paid":false,"mblog_vip_type":0,"user":{"id":6250824982,"screen_name":"\u65f6\u95f4\u89c6\u9891","profile_image_url":"https:\/\/tvax4.sinaimg.cn\/crop.40.39.966.966.180\/006P1P7Mly8ffpbk441anj30sr0sq3yt.jpg","profile_url":"https:\/\/m.weibo.cn\/u\/6250824982?uid=6250824982&luicode=10000011&lfid=1076031401527553","statuses_count":4404,"verified":true,"verified_type":3,"verified_type_ext":0,"verified_reason":"\u5317\u4eac\u65f6\u95f4\u65d7\u4e0b\u6cdb\u8d44\u8baf\u77ed\u89c6\u9891\u5e73\u53f0","close_blue_v":false,"description":"\u5317\u4eac\u65f6\u95f4\u65d7\u4e0b\u6cdb\u8d44\u8baf\u77ed\u89c6\u9891\u5e73\u53f0","gender":"m","mbtype":12,"urank":21,"mbrank":4,"follow_me":false,"following":false,"followers_count":826216,"follow_count":455,"cover_image_phone":"https:\/\/tva1.sinaimg.cn\/crop.0.0.640.640.640\/549d0121tw1egm1kjly3jj20hs0hsq4f.jpg","avatar_hd":"https:\/\/wx4.sinaimg.cn\/orj480\/006P1P7Mly8ffpbk441anj30sr0sq3yt.jpg","like":false,"like_me":false,"badge":{"bind_taobao":1,"vip_activity2":1,"video_attention":4,"lol_gm_2017":1,"hongbao_2018":1}},"reposts_count":116,"comments_count":113,"attitudes_count":123,"pending_approval_count":0,"isLongText":true,"visible":{"type":0,"list_id":0},"more_info_type":0,"content_auth":0,"edit_config":{"edited":false},"obj_ext":"382\u4e07\u6b21\u89c2\u770b","page_info":{"page_pic":{"url":"http:\/\/bsyimg3.cdn.krcom.cn\/stream\/y0iz12qgXx6UHJPfovkbT8Mf7Sz22mxc3m1E8w___32768.jpg"},"page_url":"https:\/\/weibo.cn\/sinaurl\/blockedcfdcfea4?containerid=2304428eac39a2d6b89deaaf75a291df30c63f&showurl=http%3A%2F%2Fmiaopai.com%2Fshow%2Fy0iz12qgXx6UHJPfovkbT8Mf7Sz22mxc3m1E8w__.htm&url_open_direct=1&toolbar_hidden=1&url_type=39&object_type=video&pos=2&luicode=10000011&lfid=1076031401527553&u=http%3A%2F%2Fmiaopai.com%2Fshow%2Fy0iz12qgXx6UHJPfovkbT8Mf7Sz22mxc3m1E8w__.htm%3Fcontainerid%3D2304428eac39a2d6b89deaaf75a291df30c63f%26showurl%3Dhttp%253A%252F%252Fmiaopai.com%252Fshow%252Fy0iz12qgXx6UHJPfovkbT8Mf7Sz22mxc3m1E8w__.htm%26url_open_direct%3D1%26toolbar_hidden%3D1%26url_type%3D39%26object_type%3Dvideo%26pos%3D2%26luicode%3D10000011%26lfid%3D1076031401527553","page_title":"\u65f6\u95f4\u89c6\u9891\u7684\u79d2\u62cd\u89c6\u9891","content1":"\u65f6\u95f4\u89c6\u9891\u7684\u79d2\u62cd\u89c6\u9891","content2":"\u53cd\u8f6c\uff01\u88ab\u5927\u5988\u6012\u603c\u7684cosplay\u5973\u5b69\u627f\u8ba4\u662f\u6446\u62cd via@\u65f6\u95f4\u89c6\u9891","type":"video","media_info":{"stream_url":"https:\/\/gslb.miaopai.com\/stream\/y0iz12qgXx6UHJPfovkbT8Mf7Sz22mxc3m1E8w__.mp4?yx=&refer=weibo_app&Expires=1520507178&ssig=zOZ1Io6Blj&KID=unistore,video"}},"bid":"Fh6lkFSCi"},"reposts_count":19,"comments_count":9,"attitudes_count":25,"pending_approval_count":0,"isLongText":false,"visible":{"type":0,"list_id":0},"more_info_type":0,"content_auth":0,"edit_config":{"edited":false},"mblogtype":0,"obj_ext":"382\u4e07\u6b21\u89c2\u770b","raw_text":"\u6211\u5c31\u8bf4\u600e\u4e48\u53ef\u80fd\u6709\u4eba\u6562\u8fd9\u4e48\u6b3a\u8d1f\u738b\u662d\u541b\uff0c\u968f\u4fbf\u4e00\u4e2a\u5927\u5c31\u4e94\u6740\u4e86\u3002","bid":"Fh6ND3riH"},"show_type":0},{"card_type":9,"itemid":"1076031401527553_-_4140738881576127","scheme":"https:\/\/m.weibo.cn\/status\/Fh5NS6C1p?mblogid=Fh5NS6C1p&luicode=10000011&lfid=1076031401527553","mblog":{"created_at":"2017-08-14","id":"4140738881576127","idstr":"4140738881576127","mid":"4140738881576127","can_edit":false,"text":"\u4e07\u5e74\u9752\u662f\u7528\u6cb9\u83dc\u505a\u7684\u3002\u8d21\u83dc\u662f\u7528\u83b4\u7b0b\u505a\u7684\u3002\u96ea\u83dc\u3001\u6885\u5e72\u83dc\u3001\u8001\u575b\u9178\u83dc\u90fd\u662f\u7528\u96ea\u91cc\u857b\u505a\u7684\u3002 \u200b\u200b\u200b","textLength":78,"source":"\u5fae\u535a weibo.com","favorited":false,"is_paid":false,"mblog_vip_type":0,"user":{"id":1401527553,"screen_name":"tombkeeper","profile_image_url":"https:\/\/tva2.sinaimg.cn\/crop.0.0.180.180.180\/53899d01jw8fcb9qpe7vbj2050050mx8.jpg","profile_url":"https:\/\/m.weibo.cn\/u\/1401527553?uid=1401527553&luicode=10000011&lfid=1076031401527553","statuses_count":15425,"verified":true,"verified_type":0,"verified_type_ext":1,"verified_reason":"\u77e5\u540d\u4e92\u8054\u7f51\u8d44\u8baf\u535a\u4e3b","close_blue_v":false,"description":"\u5fae\u535a\u672c\u5730\u8d44\u8baf\u535a\u4e3b\uff08\u521a\u679c\u5e03\u62c9\u67f4\u7ef4\u5c14\uff09","gender":"m","mbtype":12,"urank":48,"mbrank":6,"follow_me":false,"following":false,"followers_count":192533,"follow_count":277,"cover_image_phone":"https:\/\/tva1.sinaimg.cn\/crop.0.0.640.640.640\/549d0121tw1egm1kjly3jj20hs0hsq4f.jpg","avatar_hd":"https:\/\/ww2.sinaimg.cn\/orj480\/53899d01jw8fcb9qpe7vbj2050050mx8.jpg","like":false,"like_me":false,"badge":{"bind_taobao":1,"dzwbqlx_2016":1,"follow_whitelist_video":1,"hongbao_2018":1}},"reposts_count":14,"comments_count":23,"attitudes_count":38,"pending_approval_count":0,"isLongText":false,"visible":{"type":0,"list_id":0},"more_info_type":0,"content_auth":0,"edit_config":{"edited":false},"mblogtype":0,"bid":"Fh5NS6C1p"},"show_type":0},{"card_type":9,"itemid":"1076031401527553_-_4140734602593826","scheme":"https:\/\/m.weibo.cn\/status\/Fh5GYaSLU?mblogid=Fh5GYaSLU&luicode=10000011&lfid=1076031401527553","mblog":{"created_at":"2017-08-14","id":"4140734602593826","idstr":"4140734602593826","mid":"4140734602593826","can_edit":false,"text":"Linux \u5185\u6838\u7684 vmslice \u51fa\u8fc7\u4e00\u4e2a\u6f0f\u6d1e\u3002\u6709\u4eba\u5199\u4e86 exploit\uff0c\u6587\u4ef6\u540d\u662f\uff1ajessica_biel_naked_in_my_bed.c \u200b\u200b\u200b","textLength":93,"source":"\u5fae\u535a weibo.com","favorited":false,"is_paid":false,"mblog_vip_type":0,"user":{"id":1401527553,"screen_name":"tombkeeper","profile_image_url":"https:\/\/tva2.sinaimg.cn\/crop.0.0.180.180.180\/53899d01jw8fcb9qpe7vbj2050050mx8.jpg","profile_url":"https:\/\/m.weibo.cn\/u\/1401527553?uid=1401527553&luicode=10000011&lfid=1076031401527553","statuses_count":15425,"verified":true,"verified_type":0,"verified_type_ext":1,"verified_reason":"\u77e5\u540d\u4e92\u8054\u7f51\u8d44\u8baf\u535a\u4e3b","close_blue_v":false,"description":"\u5fae\u535a\u672c\u5730\u8d44\u8baf\u535a\u4e3b\uff08\u521a\u679c\u5e03\u62c9\u67f4\u7ef4\u5c14\uff09","gender":"m","mbtype":12,"urank":48,"mbrank":6,"follow_me":false,"following":false,"followers_count":192533,"follow_count":277,"cover_image_phone":"https:\/\/tva1.sinaimg.cn\/crop.0.0.640.640.640\/549d0121tw1egm1kjly3jj20hs0hsq4f.jpg","avatar_hd":"https:\/\/ww2.sinaimg.cn\/orj480\/53899d01jw8fcb9qpe7vbj2050050mx8.jpg","like":false,"like_me":false,"badge":{"bind_taobao":1,"dzwbqlx_2016":1,"follow_whitelist_video":1,"hongbao_2018":1}},"reposts_count":22,"comments_count":24,"attitudes_count":40,"pending_approval_count":0,"isLongText":false,"visible":{"type":0,"list_id":0},"more_info_type":0,"content_auth":0,"edit_config":{"edited":false},"mblogtype":0,"bid":"Fh5GYaSLU"},"show_type":0},{"card_type":9,"itemid":"1076031401527553_-_4140652595504013","scheme":"https:\/\/m.weibo.cn\/status\/Fh3yHn5Qp?mblogid=Fh3yHn5Qp&luicode=10000011&lfid=1076031401527553","mblog":{"created_at":"2017-08-14","id":"4140652595504013","idstr":"4140652595504013","mid":"4140652595504013","can_edit":false,"text":"\u8fdc\u7a0b\u7ba1\u7406\u8f6f\u4ef6\u7684\u5ba2\u6237\u7aef\uff0c\u662f\u4f9b\u5e94\u94fe\u653b\u51fb\u7684\u91cd\u8981\u76ee\u6807\u30022012 \u5e74\uff0c\u66fe\u6709\u4eba\u5728 putty\u3001WinSCP\u3001SSH Secure \u7b49\u8f6f\u4ef6\u7684\u6c49\u5316\u7248\u91cc\u690d\u5165\u540e\u95e8\u3002\u8fd8\u6709\u4eba\u7528 CDN \u6bd2\u5316\u641e\u8fc7 SourceForge \u4e0a\u76f8\u5173\u8f6f\u4ef6\u7684\u4e0b\u8f7d\u3002\u8fd9\u6b21 XShell \u540e\u95e8\u4e8b\u4ef6\uff0c\u662f\u65b0\u95fb\uff0c\u4e5f\u662f\u5386\u53f2\u91cd\u6f14\u3002<a data-url=\"http:\/\/t.cn\/R9DMVK7\" target=\"_blank\" href=\"https:\/\/weibo.cn\/sinaurl\/blockedfd5a99f6?luicode=10000011&lfid=1076031401527553&u=https%3A%2F%2Fwww.netsarang.com%2Fnews%2Fsecurity_exploit_in_july_18_2017_build.html&ep=Fh3yHn5Qp%252C1401527553%252CFh3yHn5Qp%252C1401527553\" class=\"\"><span class=\"url-icon\"><img src=\"\/\/h5.sinaimg.cn\/upload\/2015\/09\/25\/3\/timeline_card_small_web_default.png\"><\/span><\/i><span class=\"surl-text\">\u7f51\u9875\u94fe\u63a5<\/a> \u200b\u200b\u200b","textLength":231,"source":"\u5fae\u535a weibo.com","favorited":false,"is_paid":false,"mblog_vip_type":0,"user":{"id":1401527553,"screen_name":"tombkeeper","profile_image_url":"https:\/\/tva2.sinaimg.cn\/crop.0.0.180.180.180\/53899d01jw8fcb9qpe7vbj2050050mx8.jpg","profile_url":"https:\/\/m.weibo.cn\/u\/1401527553?uid=1401527553&luicode=10000011&lfid=1076031401527553","statuses_count":15425,"verified":true,"verified_type":0,"verified_type_ext":1,"verified_reason":"\u77e5\u540d\u4e92\u8054\u7f51\u8d44\u8baf\u535a\u4e3b","close_blue_v":false,"description":"\u5fae\u535a\u672c\u5730\u8d44\u8baf\u535a\u4e3b\uff08\u521a\u679c\u5e03\u62c9\u67f4\u7ef4\u5c14\uff09","gender":"m","mbtype":12,"urank":48,"mbrank":6,"follow_me":false,"following":false,"followers_count":192533,"follow_count":277,"cover_image_phone":"https:\/\/tva1.sinaimg.cn\/crop.0.0.640.640.640\/549d0121tw1egm1kjly3jj20hs0hsq4f.jpg","avatar_hd":"https:\/\/ww2.sinaimg.cn\/orj480\/53899d01jw8fcb9qpe7vbj2050050mx8.jpg","like":false,"like_me":false,"badge":{"bind_taobao":1,"dzwbqlx_2016":1,"follow_whitelist_video":1,"hongbao_2018":1}},"reposts_count":48,"comments_count":24,"attitudes_count":41,"pending_approval_count":0,"isLongText":false,"visible":{"type":0,"list_id":0},"more_info_type":0,"content_auth":0,"edit_config":{"edited":false},"mblogtype":0,"bid":"Fh3yHn5Qp"},"show_type":0},{"card_type":9,"itemid":"1076031401527553_-_4140593728439847","scheme":"https:\/\/m.weibo.cn\/status\/Fh21KzpAz?mblogid=Fh21KzpAz&luicode=10000011&lfid=1076031401527553","mblog":{"created_at":"2017-08-14","id":"4140593728439847","idstr":"4140593728439847","mid":"4140593728439847","can_edit":false,"text":"\u8fd9\u4e2a\u4e0d\u9519\u3002\u7f51\u7edc\u534f\u8bae\uff0c\u6587\u4ef6\u683c\u5f0f\u3001\u64cd\u4f5c\u7cfb\u7edf\uff0c\u641e\u5b89\u5168\u7814\u7a76\u8fd9\u51e0\u4e2a\u57fa\u672c\u529f\u5fc5\u987b\u624e\u5b9e\u3002 \/\/<a href='https:\/\/m.weibo.cn\/n\/holly_lee'>@holly_lee<\/a>: \u4ece\u524d\u6211\u4eec\u90fd\u662f\u5bf9\u7740 RFC \u6765\u5199\u7684... <span class=\"url-icon\"><img src=\"\/\/h5.sinaimg.cn\/m\/emoticon\/icon\/default\/d_yunbei-c6964bf237.png\" style=\"width:1em;height:1em;\" alt=\"[\u5141\u60b2]\"><\/span>\/\/<a href='https:\/\/m.weibo.cn\/n\/\u54cd\u9a6c'>@\u54cd\u9a6c<\/a>: \u597d\u5b9e\u9a8c","source":"\u5fae\u535a weibo.com","favorited":false,"is_paid":false,"mblog_vip_type":0,"user":{"id":1401527553,"screen_name":"tombkeeper","profile_image_url":"https:\/\/tva2.sinaimg.cn\/crop.0.0.180.180.180\/53899d01jw8fcb9qpe7vbj2050050mx8.jpg","profile_url":"https:\/\/m.weibo.cn\/u\/1401527553?uid=1401527553&luicode=10000011&lfid=1076031401527553","statuses_count":15425,"verified":true,"verified_type":0,"verified_type_ext":1,"verified_reason":"\u77e5\u540d\u4e92\u8054\u7f51\u8d44\u8baf\u535a\u4e3b","close_blue_v":false,"description":"\u5fae\u535a\u672c\u5730\u8d44\u8baf\u535a\u4e3b\uff08\u521a\u679c\u5e03\u62c9\u67f4\u7ef4\u5c14\uff09","gender":"m","mbtype":12,"urank":48,"mbrank":6,"follow_me":false,"following":false,"followers_count":192533,"follow_count":277,"cover_image_phone":"https:\/\/tva1.sinaimg.cn\/crop.0.0.640.640.640\/549d0121tw1egm1kjly3jj20hs0hsq4f.jpg","avatar_hd":"https:\/\/ww2.sinaimg.cn\/orj480\/53899d01jw8fcb9qpe7vbj2050050mx8.jpg","like":false,"like_me":false,"badge":{"bind_taobao":1,"dzwbqlx_2016":1,"follow_whitelist_video":1,"hongbao_2018":1}},"pid":4140592072482723,"retweeted_status":{"created_at":"2017-08-14","id":"4140569003137906","idstr":"4140569003137906","mid":"4140569003137906","can_edit":false,"text":"\u4ece\u96f6\u6784\u5efa TCP\/IP \u534f\u8bae\u30108.13 \u70ed\u95e8\u5206\u4eab\u56de\u987e\u3011 <a data-url=\"http:\/\/t.cn\/R9edNvt\" target=\"_blank\" href=\"https:\/\/weibo.cn\/sinaurl\/blocked770cd3db?luicode=10000011&lfid=1076031401527553&u=https%3A%2F%2Ftoutiao.io%2Ftop%2F2017-08-13&ep=Fh1nSdajo%252C5191033181%252CFh1nSdajo%252C5191033181\" class=\"\"><span class=\"url-icon\"><img src=\"\/\/h5.sinaimg.cn\/upload\/2015\/09\/25\/3\/timeline_card_small_web_default.png\"><\/span><\/i><span class=\"surl-text\">\u7f51\u9875\u94fe\u63a5<\/a> \u200b\u200b\u200b","textLength":61,"source":"\u5fae\u535a weibo.com","favorited":false,"thumbnail_pic":"http:\/\/wx2.sinaimg.cn\/thumbnail\/005Fj2RDgy1fiiyw3zbuvj30630m83z7.jpg","bmiddle_pic":"http:\/\/wx2.sinaimg.cn\/bmiddle\/005Fj2RDgy1fiiyw3zbuvj30630m83z7.jpg","original_pic":"http:\/\/wx2.sinaimg.cn\/large\/005Fj2RDgy1fiiyw3zbuvj30630m83z7.jpg","is_paid":false,"mblog_vip_type":0,"user":{"id":5191033181,"screen_name":"\u5f00\u53d1\u8005\u5934\u6761","profile_image_url":"https:\/\/tva2.sinaimg.cn\/crop.0.0.1022.1022.180\/005Fj2RDgw1ex5pinpg65j30sg0sgdg9.jpg","profile_url":"https:\/\/m.weibo.cn\/u\/5191033181?uid=5191033181&luicode=10000011&lfid=1076031401527553","statuses_count":22906,"verified":true,"verified_type":2,"verified_type_ext":0,"verified_reason":"\u5357\u4eac\u65e0\u5370\u4fe1\u606f\u6280\u672f\u6709\u9650\u516c\u53f8","close_blue_v":false,"description":"http:\/\/toutiao.io\/ \u5f00\u53d1\u8005\u5934\u6761 - \u5f00\u53d1\u8005\u7684\u9996\u9009\u9605\u8bfb\u5206\u4eab\u5e73\u53f0 \u5fae\u4fe1\u53f7\uff1akaifazhetoutiao","gender":"m","mbtype":12,"urank":41,"mbrank":6,"follow_me":false,"following":false,"followers_count":44647,"follow_count":3576,"cover_image_phone":"https:\/\/tva1.sinaimg.cn\/crop.0.0.640.640.640\/549d0121tw1egm1kjly3jj20hs0hsq4f.jpg","avatar_hd":"https:\/\/ww2.sinaimg.cn\/orj480\/005Fj2RDgw1ex5pinpg65j30sg0sgdg9.jpg","like":false,"like_me":false,"badge":{"bind_taobao":1,"dzwbqlx_2016":1}},"reposts_count":264,"comments_count":16,"attitudes_count":48,"pending_approval_count":0,"isLongText":false,"visible":{"type":0,"list_id":0},"more_info_type":0,"cardid":"star_005","content_auth":0,"edit_config":{"edited":false},"bid":"Fh1nSdajo","pics":[{"pid":"005Fj2RDgy1fiiyw3zbuvj30630m83z7","url":"https:\/\/wx2.sinaimg.cn\/orj360\/005Fj2RDgy1fiiyw3zbuvj30630m83z7.jpg","size":"orj360","geo":{"width":"219","height":"800","croped":false},"large":{"size":"large","url":"https:\/\/wx2.sinaimg.cn\/large\/005Fj2RDgy1fiiyw3zbuvj30630m83z7.jpg","geo":{"width":"219","height":"800","croped":false}}}]},"reposts_count":166,"comments_count":11,"attitudes_count":76,"pending_approval_count":0,"isLongText":false,"visible":{"type":0,"list_id":0},"more_info_type":0,"content_auth":0,"edit_config":{"edited":false},"mblogtype":0,"obj_ext":"","raw_text":"\u8fd9\u4e2a\u4e0d\u9519\u3002\u7f51\u7edc\u534f\u8bae\uff0c\u6587\u4ef6\u683c\u5f0f\u3001\u64cd\u4f5c\u7cfb\u7edf\uff0c\u641e\u5b89\u5168\u7814\u7a76\u8fd9\u51e0\u4e2a\u57fa\u672c\u529f\u5fc5\u987b\u624e\u5b9e\u3002 \/\/@holly_lee: \u4ece\u524d\u6211\u4eec\u90fd\u662f\u5bf9\u7740 RFC \u6765\u5199\u7684... [\u5141\u60b2]\/\/@\u54cd\u9a6c: \u597d\u5b9e\u9a8c","bid":"Fh21KzpAz"},"show_type":0},{"card_type":9,"itemid":"1076031401527553_-_4140569875616109","scheme":"https:\/\/m.weibo.cn\/status\/Fh1phnz0p?mblogid=Fh1phnz0p&luicode=10000011&lfid=1076031401527553","mblog":{"created_at":"2017-08-14","id":"4140569875616109","idstr":"4140569875616109","mid":"4140569875616109","can_edit":false,"text":"\u5982\u679c\u73b0\u5728\u53d1\u73b0\u4e86\u4eba\u5c5e\u7684\u5176\u4ed6\u79cd\uff0c\u7c7b\u4f3c\u5c3c\u5b89\u5fb7\u7279\u4eba\uff0c\u5e94\u5c06\u5176\u89c6\u4f5c\u52a8\u7269\u8fd8\u662f\u4eba\uff1f \u200b\u200b\u200b","textLength":66,"source":"XiaoMiPhone","favorited":false,"is_paid":false,"mblog_vip_type":0,"user":{"id":1401527553,"screen_name":"tombkeeper","profile_image_url":"https:\/\/tva2.sinaimg.cn\/crop.0.0.180.180.180\/53899d01jw8fcb9qpe7vbj2050050mx8.jpg","profile_url":"https:\/\/m.weibo.cn\/u\/1401527553?uid=1401527553&luicode=10000011&lfid=1076031401527553","statuses_count":15425,"verified":true,"verified_type":0,"verified_type_ext":1,"verified_reason":"\u77e5\u540d\u4e92\u8054\u7f51\u8d44\u8baf\u535a\u4e3b","close_blue_v":false,"description":"\u5fae\u535a\u672c\u5730\u8d44\u8baf\u535a\u4e3b\uff08\u521a\u679c\u5e03\u62c9\u67f4\u7ef4\u5c14\uff09","gender":"m","mbtype":12,"urank":48,"mbrank":6,"follow_me":false,"following":false,"followers_count":192533,"follow_count":277,"cover_image_phone":"https:\/\/tva1.sinaimg.cn\/crop.0.0.640.640.640\/549d0121tw1egm1kjly3jj20hs0hsq4f.jpg","avatar_hd":"https:\/\/ww2.sinaimg.cn\/orj480\/53899d01jw8fcb9qpe7vbj2050050mx8.jpg","like":false,"like_me":false,"badge":{"bind_taobao":1,"dzwbqlx_2016":1,"follow_whitelist_video":1,"hongbao_2018":1}},"reposts_count":15,"comments_count":52,"attitudes_count":23,"pending_approval_count":0,"isLongText":false,"visible":{"type":0,"list_id":0},"more_info_type":0,"content_auth":0,"edit_config":{"edited":false},"mblogtype":0,"bid":"Fh1phnz0p"},"show_type":0},{"card_type":9,"itemid":"1076031401527553_-_4140371229908586","scheme":"https:\/\/m.weibo.cn\/status\/FgWeSFzFU?mblogid=FgWeSFzFU&luicode=10000011&lfid=1076031401527553","mblog":{"created_at":"2017-08-13","id":"4140371229908586","idstr":"4140371229908586","mid":"4140371229908586","can_edit":false,"text":"\u706d\u4eba\u4e4b\u56fd\uff0c\u5fc5\u5148\u53bb\u5176\u53f2\u3002\u4f60\u4eec\u518d\u4ed4\u7ec6\u8bfb\u4e00\u8bfb\u8fd9\u4e2a\u7891\u6587\u4e0a\u7684\u5185\u5bb9\uff1a <a data-url=\"http:\/\/t.cn\/R9gWCp9\" href=\"http:\/\/photo.weibo.com\/h5\/repost\/reppic_id\/1022:2307962cc59e33fc83fb1fdfd08a5e3bb6b9fe?luicode=10000011&lfid=1076031401527553&ep=FgWeSFzFU%252C1401527553%252CFgU2miE7P%252C1751354641\" data-hide=\"\"><span class=\"url-icon\"><img src=\"\/\/h5.sinaimg.cn\/upload\/2015\/01\/21\/20\/timeline_card_small_photo_default.png\"><\/span><\/i><span class=\"surl-text\">\u67e5\u770b\u56fe\u7247<\/a>","source":"XiaoMiPhone","favorited":false,"is_paid":false,"mblog_vip_type":0,"user":{"id":1401527553,"screen_name":"tombkeeper","profile_image_url":"https:\/\/tva2.sinaimg.cn\/crop.0.0.180.180.180\/53899d01jw8fcb9qpe7vbj2050050mx8.jpg","profile_url":"https:\/\/m.weibo.cn\/u\/1401527553?uid=1401527553&luicode=10000011&lfid=1076031401527553","statuses_count":15425,"verified":true,"verified_type":0,"verified_type_ext":1,"verified_reason":"\u77e5\u540d\u4e92\u8054\u7f51\u8d44\u8baf\u535a\u4e3b","close_blue_v":false,"description":"\u5fae\u535a\u672c\u5730\u8d44\u8baf\u535a\u4e3b\uff08\u521a\u679c\u5e03\u62c9\u67f4\u7ef4\u5c14\uff09","gender":"m","mbtype":12,"urank":48,"mbrank":6,"follow_me":false,"following":false,"followers_count":192533,"follow_count":277,"cover_image_phone":"https:\/\/tva1.sinaimg.cn\/crop.0.0.640.640.640\/549d0121tw1egm1kjly3jj20hs0hsq4f.jpg","avatar_hd":"https:\/\/ww2.sinaimg.cn\/orj480\/53899d01jw8fcb9qpe7vbj2050050mx8.jpg","like":false,"like_me":false,"badge":{"bind_taobao":1,"dzwbqlx_2016":1,"follow_whitelist_video":1,"hongbao_2018":1}},"retweeted_status":{"created_at":"2017-08-13","id":"4140286584444149","idstr":"4140286584444149","mid":"4140286584444149","can_edit":false,"text":"\u79fd\u53f2\uff01\u4e2d\u56fd\u793e\u79d1\u9662\u7814\u7a76\u5458\u6613\u535c\u62c9\u6b23\u00b7\u51af\u4eca\u6e90\u7f16\u6512\u7684\u300a\u4e2d\u56fd\u7684\u4f0a\u65af\u5170\u6559\u300b\u4e66\u4e2d\uff0c\u4f2a\u9020\u4e86\u968b\u6587\u5e1d\u8981\u53e9\u62dc\u7a46\u7f55\u7a46\u5fb7\u7684\u9b3c\u8bdd\u3002\u6211\u89c9\u5f97\u8fd9\u6781\u5927\u7684\u4fae\u8fb1\u4e86\u6211\u7684\u6c11\u65cf\u611f\u60c5\uff01\u8eab\u4e3a\u4e2d\u534e\u6c11\u65cf\u7684\u6c11\u65cf\u611f\u60c5\u3002\u7687\u5e1d\u53d7\u547d\u4e8e\u5929\uff0c\u7f16\u9020\u7687\u5e1d\u53e9\u62dc\u7a46\u7f55\u9ed8\u5fb7\u7684\u9b3c\u8bdd\uff0c\u96be\u9053\u7a46\u7f55\u9ed8\u5fb7\u662f\u6211\u4eec\u7684\u5929\u5417\uff1f\u968b\u6587\u5e1d\u9a7e\u5d29\u7684604\u5e74\uff0c34\u5c81\u7684\u7a46\u7f55\u9ed8\u5fb7\u8fd8\u6ca1\u6709\u6284\u88ad\u51fa\u90a3\u672c\u7ecf\u4e66 \u200b\u200b\u200b...<a href=\"\/status\/4140286584444149\">\u5168\u6587<\/a>","textLength":421,"source":"","favorited":false,"thumbnail_pic":"http:\/\/wx4.sinaimg.cn\/thumbnail\/68638d11ly1fii2fgi092j20ku112q72.jpg","bmiddle_pic":"http:\/\/wx4.sinaimg.cn\/bmiddle\/68638d11ly1fii2fgi092j20ku112q72.jpg","original_pic":"http:\/\/wx4.sinaimg.cn\/large\/68638d11ly1fii2fgi092j20ku112q72.jpg","is_paid":false,"mblog_vip_type":0,"user":{"id":1751354641,"screen_name":"\u5f17\u8651\u5f17\u4e3a","profile_image_url":"https:\/\/tvax1.sinaimg.cn\/crop.0.0.750.750.180\/68638d11ly8fhveix684tj20ku0kuaa3.jpg","profile_url":"https:\/\/m.weibo.cn\/u\/1751354641?uid=1751354641&luicode=10000011&lfid=1076031401527553","statuses_count":5622,"verified":true,"verified_type":0,"verified_type_ext":1,"verified_reason":"\u5934\u6761\u6587\u7ae0\u4f5c\u8005 \u5fae\u535a\u7b7e\u7ea6\u81ea\u5a92\u4f53","close_blue_v":false,"description":"\u548c\u800c\u4e0d\u540c \u7fa4\u800c\u4e0d\u515a","gender":"m","mbtype":12,"urank":44,"mbrank":6,"follow_me":false,"following":false,"followers_count":458825,"follow_count":90,"cover_image_phone":"https:\/\/tva1.sinaimg.cn\/crop.0.0.640.640.640\/68638d11jw1f390s9zeibj20ku0kugnh.jpg","avatar_hd":"https:\/\/wx1.sinaimg.cn\/orj480\/68638d11ly8fhveix684tj20ku0kuaa3.jpg","like":false,"like_me":false,"badge":{"bind_taobao":1,"dzwbqlx_2016":1,"follow_whitelist_video":1,"hongbao_2018":1}},"reposts_count":7434,"comments_count":246,"attitudes_count":2459,"pending_approval_count":0,"isLongText":true,"visible":{"type":0,"list_id":0},"expire_time":1502612197,"more_info_type":0,"content_auth":0,"edit_config":{"edited":false},"bid":"FgU2miE7P","pics":[{"pid":"68638d11ly1fii2fgi092j20ku112q72","url":"https:\/\/wx4.sinaimg.cn\/orj360\/68638d11ly1fii2fgi092j20ku112q72.jpg","size":"orj360","geo":{"width":360,"height":640,"croped":false},"large":{"size":"large","url":"https:\/\/wx4.sinaimg.cn\/large\/68638d11ly1fii2fgi092j20ku112q72.jpg","geo":{"width":"750","height":"1334","croped":false}}},{"pid":"68638d11ly1fii2fh15gvj20ku1127am","url":"https:\/\/wx3.sinaimg.cn\/orj360\/68638d11ly1fii2fh15gvj20ku1127am.jpg","size":"orj360","geo":{"width":360,"height":640,"croped":false},"large":{"size":"large","url":"https:\/\/wx3.sinaimg.cn\/large\/68638d11ly1fii2fh15gvj20ku1127am.jpg","geo":{"width":"750","height":"1334","croped":false}}},{"pid":"68638d11ly1fii2fg3l9zj20ku112q8o","url":"https:\/\/wx4.sinaimg.cn\/orj360\/68638d11ly1fii2fg3l9zj20ku112q8o.jpg","size":"orj360","geo":{"width":360,"height":640,"croped":false},"large":{"size":"large","url":"https:\/\/wx4.sinaimg.cn\/large\/68638d11ly1fii2fg3l9zj20ku112q8o.jpg","geo":{"width":"750","height":"1334","croped":false}}},{"pid":"68638d11ly1fii2fhgo9nj20ku112te2","url":"https:\/\/wx4.sinaimg.cn\/orj360\/68638d11ly1fii2fhgo9nj20ku112te2.jpg","size":"orj360","geo":{"width":360,"height":640,"croped":false},"large":{"size":"large","url":"https:\/\/wx4.sinaimg.cn\/large\/68638d11ly1fii2fhgo9nj20ku112te2.jpg","geo":{"width":"750","height":"1334","croped":false}}},{"pid":"68638d11ly1fii2fi0voij20ku11279s","url":"https:\/\/wx3.sinaimg.cn\/orj360\/68638d11ly1fii2fi0voij20ku11279s.jpg","size":"orj360","geo":{"width":360,"height":640,"croped":false},"large":{"size":"large","url":"https:\/\/wx3.sinaimg.cn\/large\/68638d11ly1fii2fi0voij20ku11279s.jpg","geo":{"width":"750","height":"1334","croped":false}}}]},"reposts_count":669,"comments_count":43,"attitudes_count":80,"pending_approval_count":0,"isLongText":false,"visible":{"type":0,"list_id":0},"more_info_type":0,"content_auth":0,"edit_config":{"edited":false},"mblogtype":0,"obj_ext":"","raw_text":"\u706d\u4eba\u4e4b\u56fd\uff0c\u5fc5\u5148\u53bb\u5176\u53f2\u3002\u4f60\u4eec\u518d\u4ed4\u7ec6\u8bfb\u4e00\u8bfb\u8fd9\u4e2a\u7891\u6587\u4e0a\u7684\u5185\u5bb9\uff1a http:\/\/t.cn\/R9gWCp9","bid":"FgWeSFzFU"},"show_type":0}],"showAppTips":0,"scheme":"sinaweibo:\/\/cardlist?containerid=1076031401527553&extparam=&luicode=10000011&lfid=&featurecode="}}