{"ok":1,"data":{"cardlistInfo":{"containerid":"1076031401527553","v_p":42,"show_style":1,"total":15518,"page":50},"cards":[{"card_type":9,"itemid":"1076031401527553_-_3476895381398862","scheme":"https:\/\/m.weibo.cn\/status\/ywgoO5RUi?mblogid=ywgoO5RUi&luicode=10000011&lfid=1076031401527553","mblog":{"created_at":"2012-08-08","id":"3476895381398862","idstr":"3476895381398862","mid":"3476895381398862","can_edit":false,"text":"\u98df\u8349\u52a8\u7269\u53ea\u662f\u4e0d\u5403\u8089\u800c\u5df2\uff0c\u5e76\u4e0d\u4e00\u5b9a\u6e29\u987a\u9a6f\u826f\u3001\u53cb\u5584\u76f8\u4eb2\uff0c\u4e89\u593a\u8d77\u9886\u5730\u3001\u914d\u5076\u6765\uff0c\u5176\u8840\u8165\u5b8c\u5168\u4e0d\u8f93\u7ed9\u98df\u8089\u52a8\u7269\uff0c\u5c31\u50cf\u4f60\u4eec\u5730\u7403\u4eba\u4e00\u6837\u3002 \u200b\u200b\u200b","source":"\u5fae\u535a weibo.com","favorited":false,"thumbnail_pic":"http:\/\/ww3.sinaimg.cn\/thumbnail\/53899d01gw1dvpp0iwrltj.jpg","bmiddle_pic":"http:\/\/ww3.sinaimg.cn\/bmiddle\/53899d01gw1dvpp0iwrltj.jpg","original_pic":"http:\/\/ww3.sinaimg.cn\/large\/53899d01gw1dvpp0iwrltj.jpg","is_paid":false,"mblog_vip_type":0,"user":{"id":1401527553,"screen_name":"tombkeeper","profile_image_url":"https:\/\/tva2.sinaimg.cn\/crop.0.0.180.180.180\/53899d01jw8fcb9qpe7vbj2050050mx8.jpg","profile_url":"https:\/\/m.weibo.cn\/u\/1401527553?uid=1401527553&luicode=10000011&lfid=1076031401527553","statuses_count":15425,"verified":true,"verified_type":0,"verified_type_ext":1,"verified_reason":"\u77e5\u540d\u4e92\u8054\u7f51\u8d44\u8baf\u535a\u4e3b","close_blue_v":false,"description":"\u5fae\u535a\u672c\u5730\u8d44\u8baf\u535a\u4e3b\uff08\u521a\u679c\u5e03\u62c9\u67f4\u7ef4\u5c14\uff09","gender":"m","mbtype":12,"urank":48,"mbrank":6,"follow_me":false,"following":false,"followers_count":192533,"follow_count":277,"cover_image_phone":"https:\/\/tva1.sinaimg.cn\/crop.0.0.640.640.640\/549d0121tw1egm1kjly3jj20hs0hsq4f.jpg","avatar_hd":"https:\/\/ww2.sinaimg.cn\/orj480\/53899d01jw8fcb9qpe7vbj2050050mx8.jpg","like":false,"like_me":false,"badge":{"bind_taobao":1,"dzwbqlx_2016":1,"follow_whitelist_video":1,"hongbao_2018":1}},"reposts_count":13,"comments_count":4,"attitudes_count":0,"pending_approval_count":0,"isLongText":false,"visible":{"type":0,"list_id":0},"more_info_type":0,"content_auth":0,"edit_config":{"edited":false},"mblogtype":0,"bid":"ywgoO5RUi","pics":[{"pid":"53899d01gw1dvpp0iwrltj","url":"https:\/\/ww3.sinaimg.cn\/orj360\/53899d01gw1dvpp0iwrltj.jpg","size":"orj360","geo":false,"large":{"size":"large","url":"https:\/\/ww3.sinaimg.cn\/large\/53899d01gw1dvpp0iwrltj.jpg","geo":false}}]},"show_type":0},{"card_type":9,"itemid":"1076031401527553_-_3476890092338885","scheme":"https:\/\/m.weibo.cn\/status\/ywggh9OrX?mblogid=ywggh9OrX&luicode=10000011&lfid=1076031401527553","mblog":{"created_at":"2012-08-08","id":"3476890092338885","idstr":"3476890092338885","mid":"3476890092338885","can_edit":false,"text":"\u8981\u662f\u91cd\u62cd\u54c8\u5229\u00b7\u6ce2\u7279\uff0c\u53ef\u4ee5\u8003\u8651\u8fd9\u4e2a\u8d6b\u654f\u3002 \u200b\u200b\u200b","source":"\u5fae\u535a weibo.com","favorited":false,"thumbnail_pic":"http:\/\/ww1.sinaimg.cn\/thumbnail\/53899d01gw1dvpodqypa7j.jpg","bmiddle_pic":"http:\/\/ww1.sinaimg.cn\/bmiddle\/53899d01gw1dvpodqypa7j.jpg","original_pic":"http:\/\/ww1.sinaimg.cn\/large\/53899d01gw1dvpodqypa7j.jpg","is_paid":false,"mblog_vip_type":0,"user":{"id":1401527553,"screen_name":"tombkeeper","profile_image_url":"https:\/\/tva2.sinaimg.cn\/crop.0.0.180.180.180\/53899d01jw8fcb9qpe7vbj2050050mx8.jpg","profile_url":"https:\/\/m.weibo.cn\/u\/1401527553?uid=1401527553&luicode=10000011&lfid=1076031401527553","statuses_count":15425,"verified":true,"verified_type":0,"verified_type_ext":1,"verified_reason":"\u77e5\u540d\u4e92\u8054\u7f51\u8d44\u8baf\u535a\u4e3b","close_blue_v":false,"description":"\u5fae\u535a\u672c\u5730\u8d44\u8baf\u535a\u4e3b\uff08\u521a\u679c\u5e03\u62c9\u67f4\u7ef4\u5c14\uff09","gender":"m","mbtype":12,"urank":48,"mbrank":6,"follow_me":false,"following":false,"followers_count":192533,"follow_count":277,"cover_image_phone":"https:\/\/tva1.sinaimg.cn\/crop.0.0.640.640.640\/549d0121tw1egm1kjly3jj20hs0hsq4f.jpg","avatar_hd":"https:\/\/ww2.sinaimg.cn\/orj480\/53899d01jw8fcb9qpe7vbj2050050mx8.jpg","like":false,"like_me":false,"badge":{"bind_taobao":1,"dzwbqlx_2016":1,"follow_whitelist_video":1,"hongbao_2018":1}},"reposts_count":7,"comments_count":9,"attitudes_count":0,"pending_approval_count":0,"isLongText":false,"visible":{"type":0,"list_id":0},"more_info_type":0,"content_auth":0,"edit_config":{"edited":false},"mblogtype":0,"bid":"ywggh9OrX","pics":[{"pid":"53899d01gw1dvpodqypa7j","url":"https:\/\/ww1.sinaimg.cn\/orj360\/53899d01gw1dvpodqypa7j.jpg","size":"orj360","geo":false,"large":{"size":"large","url":"https:\/\/ww1.sinaimg.cn\/large\/53899d01gw1dvpodqypa7j.jpg","geo":false}}]},"show_type":0},{"card_type":9,"itemid":"1076031401527553_-_3476867930058422","scheme":"https:\/\/m.weibo.cn\/status\/ywfGx0fci?mblogid=ywfGx0fci&luicode=10000011&lfid=1076031401527553","mblog":{"created_at":"2012-08-08","id":"3476867930058422","idstr":"3476867930058422","mid":"3476867930058422","can_edit":false,"text":"\u6211\u867d\u7136\u662f\u65e0\u795e\u8bba\u8005\uff0c\u4e0d\u8fc7\u4e16\u4e0a\u6050\u6015\u6ca1\u6709\u7b2c\u4e8c\u4e2a\u4eba\u6bd4\u6211\u66f4\u5f3a\u70c8\u5e0c\u671b\u6709\u795e\u5b58\u5728\uff0c\u81f3\u5c11\u5f97\u6709\u4e2a\u4e13\u95e8\u8d1f\u8d23\u9274\u5b9a\u50bb\u903c\u7684\u795e\u3002\u8b6c\u5982\u4f60\u89c9\u5f97\u67d0\u4eba\u505a\u7684\u67d0\u4e8b\u633a\u50bb\u903c\u7684\uff0c\u5c31\u53ef\u4ee5\u70e7\u9053\u7b26\uff0c\u8bf7\u795e\u9274\u5b9a\u4e00\u4e0b\u3002\u5982\u679c\u679c\u7136\u662f\u5bf9\u65b9\u50bb\u903c\uff0c\u90a3\u4e48\u4ed6\u8111\u95e8\u4e0a\u5c31\u6d6e\u51fa\u3016\u50bb \u903c\u3017\u4e24\u4e2a\u91d1\u5b57\uff1b\u5982\u679c\u522b\u4eba\u5e76\u4e0d\u50bb\u903c\uff0c\u662f\u4f60\u50bb\u903c\uff0c\u5b57\u5c31\u5728\u4f60\u8111\u95e8\u4e0a\u3002\u4e00\u5f20\u7b26\u7ba1\u4e00\u5929\u3002 \u200b\u200b\u200b","source":"\u5fae\u535a weibo.com","favorited":false,"is_paid":false,"mblog_vip_type":0,"user":{"id":1401527553,"screen_name":"tombkeeper","profile_image_url":"https:\/\/tva2.sinaimg.cn\/crop.0.0.180.180.180\/53899d01jw8fcb9qpe7vbj2050050mx8.jpg","profile_url":"https:\/\/m.weibo.cn\/u\/1401527553?uid=1401527553&luicode=10000011&lfid=1076031401527553","statuses_count":15425,"verified":true,"verified_type":0,"verified_type_ext":1,"verified_reason":"\u77e5\u540d\u4e92\u8054\u7f51\u8d44\u8baf\u535a\u4e3b","close_blue_v":false,"description":"\u5fae\u535a\u672c\u5730\u8d44\u8baf\u535a\u4e3b\uff08\u521a\u679c\u5e03\u62c9\u67f4\u7ef4\u5c14\uff09","gender":"m","mbtype":12,"urank":48,"mbrank":6,"follow_me":false,"following":false,"followers_count":192533,"follow_count":277,"cover_image_phone":"https:\/\/tva1.sinaimg.cn\/crop.0.0.640.640.640\/549d0121tw1egm1kjly3jj20hs0hsq4f.jpg","avatar_hd":"https:\/\/ww2.sinaimg.cn\/orj480\/53899d01jw8fcb9qpe7vbj2050050mx8.jpg","like":false,"like_me":false,"badge":{"bind_taobao":1,"dzwbqlx_2016":1,"follow_whitelist_video":1,"hongbao_2018":1}},"reposts_count":30,"comments_count":28,"attitudes_count":1,"pending_approval_count":0,"isLongText":false,"visible":{"type":0,"list_id":0},"more_info_type":0,"content_auth":0,"edit_config":{"edited":false},"mblogtype":0,"bid":"ywfGx0fci"},"show_type":0},{"card_type":9,"itemid":"1076031401527553_-_3476780373256113","scheme":"https:\/\/m.weibo.cn\/status\/ywdpjdF3X?mblogid=ywdpjdF3X&luicode=10000011&lfid=1076031401527553","mblog":{"created_at":"2012-08-08","id":"3476780373256113","idstr":"3476780373256113","mid":"3476780373256113","can_edit":false,"text":"\u4e0b\u56de\u53ef\u4ee5\u5370\u8fd9\u4e48\u4e00\u53e5\uff1a\u767d\u5e3d\u9ed1\u5e3d\uff0c\u80fd\u76d6\u5e3d\u5c31\u662f\u597d\u5e3d\u3002","source":"\u4e13\u4e1a\u7248\u5fae\u535a","favorited":false,"is_paid":false,"mblog_vip_type":0,"user":{"id":1401527553,"screen_name":"tombkeeper","profile_image_url":"https:\/\/tva2.sinaimg.cn\/crop.0.0.180.180.180\/53899d01jw8fcb9qpe7vbj2050050mx8.jpg","profile_url":"https:\/\/m.weibo.cn\/u\/1401527553?uid=1401527553&luicode=10000011&lfid=1076031401527553","statuses_count":15425,"verified":true,"verified_type":0,"verified_type_ext":1,"verified_reason":"\u77e5\u540d\u4e92\u8054\u7f51\u8d44\u8baf\u535a\u4e3b","close_blue_v":false,"description":"\u5fae\u535a\u672c\u5730\u8d44\u8baf\u535a\u4e3b\uff08\u521a\u679c\u5e03\u62c9\u67f4\u7ef4\u5c14\uff09","gender":"m","mbtype":12,"urank":48,"mbrank":6,"follow_me":false,"following":false,"followers_count":192533,"follow_count":277,"cover_image_phone":"https:\/\/tva1.sinaimg.cn\/crop.0.0.640.640.640\/549d0121tw1egm1kjly3jj20hs0hsq4f.jpg","avatar_hd":"https:\/\/ww2.sinaimg.cn\/orj480\/53899d01jw8fcb9qpe7vbj2050050mx8.jpg","like":false,"like_me":false,"badge":{"bind_taobao":1,"dzwbqlx_2016":1,"follow_whitelist_video":1,"hongbao_2018":1}},"retweeted_status":{"created_at":"2012-08-08","id":"3476770303039062","idstr":"3476770303039062","mid":"3476770303039062","can_edit":false,"text":"\u4f5c\u4e3a\u4e00\u540d\u77e5\u8bc6\u6e0a\u535a\u7684\u5b89\u5168\u4e13\u5bb6\uff0c\u7231\u8bfb\u4e66\u662f\u5fc5\u987b\u7684\u3002\u6211\u4eec\u8054\u5408<a href='https:\/\/m.weibo.cn\/n\/\u817e\u8bafQQ\u5b89\u5168\u4e2d\u5fc3'>@\u817e\u8bafQQ\u5b89\u5168\u4e2d\u5fc3<\/a> \u4e3a\u5927\u5bb6\u91cf\u8eab\u5b9a\u5236\u4e86\u4e24\u679a\u7cbe\u7f8e\u4e66\u7b7e\uff0c\u7b2c\u4e00\u6279\u4f1a\u8d60\u9001\u7ed9\u53c2\u52a0<a href='https:\/\/m.weibo.cn\/n\/xconxfocus'>@xconxfocus<\/a> \u7684\u4e13\u5bb6\u4eec\u3002\u611f\u8c22\u4e1a\u754c\u5bf9\u817e\u8baf\u5b89\u5168\u7684\u652f\u6301\u4e0e\u5e2e\u52a9\uff01\u6084\u6084\u900f\u9732\u4e00\u4e0b\uff0c\u8fd9\u4e24\u679a\u4e66\u7b7e\u662f\u817e\u8baf\u5b89\u5168\u4e2d\u5fc3\u5f00\u8f9f\u65f6\u4ee3\u9996\u6b21\u5236\u4f5c\u7684\u5305\u542b\u81ea\u6709LOGO\u7684\u5c0f\u793c\u54c1\uff0c\u6781\u5177\u89c2\u8d4f\u6536\u85cf\u5b9e\u7528\u4ef7\u503c \u200b\u200b\u200b","source":"\u4e13\u4e1a\u7248\u5fae\u535a","favorited":false,"thumbnail_pic":"http:\/\/ww4.sinaimg.cn\/thumbnail\/51405fd2gw1dvpantsuqqj.jpg","bmiddle_pic":"http:\/\/ww4.sinaimg.cn\/bmiddle\/51405fd2gw1dvpantsuqqj.jpg","original_pic":"http:\/\/ww4.sinaimg.cn\/large\/51405fd2gw1dvpantsuqqj.jpg","is_paid":false,"mblog_vip_type":0,"user":{"id":1363173330,"screen_name":"\u817e\u8baf\u5b89\u5168\u5e94\u6025\u54cd\u5e94\u4e2d\u5fc3","profile_image_url":"https:\/\/tva3.sinaimg.cn\/crop.7.0.206.206.180\/51405fd2jw8et6xtz445sj20640643yn.jpg","profile_url":"https:\/\/m.weibo.cn\/u\/1363173330?uid=1363173330&luicode=10000011&lfid=1076031401527553","statuses_count":1410,"verified":true,"verified_type":2,"verified_type_ext":50,"verified_reason":"\u817e\u8baf\u5b89\u5168\u5e94\u6025\u54cd\u5e94\u4e2d\u5fc3\u5b98\u65b9\u5fae\u535a","close_blue_v":false,"description":"\u817e\u8baf\u5b89\u5168\u5e94\u6025\u54cd\u5e94\u4e2d\u5fc3\uff08Tencent Security Response Center\uff0c\u4ee5\u4e0b\u7b80\u5199\u4f5cTSRC)\u662f\u96b6\u5c5e\u4e8e\u817e\u8baf\u5b89\u5168\u4e2d\u5fc3\u7684\u4e13\u95e8\u8d1f\u8d23\u5904\u7406\u817e\u8baf\u516c\u53f8\u4ea7\u54c1\u548c\u4e1a\u52a1\u5b89\u5168\u95ee\u9898\u7684\u7ec4\u7ec7\u673a\u6784\u3002 \u5982\u679c\u60a8\u53d1\u73b0\u817e\u8baf\u516c\u53f8\u4ea7\u54c1\u548c\u4e1a\u52a1\u7684\u5b89\u5168\u6f0f\u6d1e\u6216\u8005\u5b89\u5168\u95ee\u9898\uff0c\u8bf7\u7b2c\u4e00\u65f6\u95f4\u62a5\u544a\u6f0f\u6d1e\u7ed9\u6211\u4eec\uff0c\u6211\u4eec\u4f1a\u6709\u4e13\u4eba\u8ddf\u8fdb\u3002\u5728\u6f0f\u6d1e\u672a\u4fee\u590d\u524d\uff0c\u8bf7\u4e0d\u8981\u516c\u5f00\u548c\u4f20\u64ad\u3002\u6bcf\u9694\u4e00\u6bb5\u65f6\u95f4\uff0cTSRC\u4f1a\u6309\u7167\u201c\u6f0f\u6d1e\u5956\u52b1\u8ba1\u5212\u201d\u56de\u9988\u70ed\u5fc3\u7528\u6237\u3002\u62a5\u544a\u6f0f\u6d1e\u8bf7\u79fb\u6b65\uff1ahttp:\/\/security.tencent.com","gender":"m","mbtype":0,"urank":23,"mbrank":0,"follow_me":false,"following":false,"followers_count":11368,"follow_count":205,"cover_image_phone":"https:\/\/tva1.sinaimg.cn\/crop.0.0.640.640.640\/549d0121tw1egm1kjly3jj20hs0hsq4f.jpg","avatar_hd":"https:\/\/ww3.sinaimg.cn\/orj480\/51405fd2jw8et6xtz445sj20640643yn.jpg","like":false,"like_me":false,"badge":{"user_name_certificate":1}},"reposts_count":10,"comments_count":9,"attitudes_count":0,"pending_approval_count":0,"isLongText":false,"visible":{"type":0,"list_id":0},"more_info_type":0,"content_auth":0,"edit_config":{"edited":false},"bid":"ywd94cKB8","pics":[{"pid":"51405fd2gw1dvpantsuqqj","url":"https:\/\/ww4.sinaimg.cn\/orj360\/51405fd2gw1dvpantsuqqj.jpg","size":"orj360","geo":false,"large":{"size":"large","url":"https:\/\/ww4.sinaimg.cn\/large\/51405fd2gw1dvpantsuqqj.jpg","geo":false}}]},"reposts_count":2,"comments_count":1,"attitudes_count":0,"pending_approval_count":0,"isLongText":false,"visible":{"type":0,"list_id":0},"more_info_type":0,"content_auth":0,"edit_config":{"edited":false},"mblogtype":0,"obj_ext":"","raw_text":"\u4e0b\u56de\u53ef\u4ee5\u5370\u8fd9\u4e48\u4e00\u53e5\uff1a\u767d\u5e3d\u9ed1\u5e3d\uff0c\u80fd\u76d6\u5e3d\u5c31\u662f\u597d\u5e3d\u3002","bid":"ywdpjdF3X"},"show_type":0},{"card_type":9,"itemid":"1076031401527553_-_3476707375486602","scheme":"https:\/\/m.weibo.cn\/status\/ywbvzn1jA?mblogid=ywbvzn1jA&luicode=10000011&lfid=1076031401527553","mblog":{"created_at":"2012-08-08","id":"3476707375486602","idstr":"3476707375486602","mid":"3476707375486602","can_edit":false,"text":"\u56de\u590d<a href='https:\/\/m.weibo.cn\/n\/\u732a\u513f\u866b\u5c0f\u6b21\u90ce'>@\u732a\u513f\u866b\u5c0f\u6b21\u90ce<\/a>: \u4e0d\u662f\u51d1\u5b57\u6570\u3002\u53e4\u4eba\u8ba4\u4e3a\u5b54\u5b50\u5199\u300a\u6625\u79cb\u300b\uff0c\u6bcf\u4e2a\u5b57\u90fd\u6697\u542b\u8d2c\u8912\u3002\u6211\u4e00\u76f4\u5728\u8ffd\u6c42\u8fd9\u4e2a\u5883\u754c\u3002 \/\/<a href='https:\/\/m.weibo.cn\/n\/\u732a\u513f\u866b\u5c0f\u6b21\u90ce'>@\u732a\u513f\u866b\u5c0f\u6b21\u90ce<\/a>:\u5e74\u4efd\u51d1\u5b57\u6570\u554a","source":"\u5fae\u535a weibo.com","favorited":false,"is_paid":false,"mblog_vip_type":0,"user":{"id":1401527553,"screen_name":"tombkeeper","profile_image_url":"https:\/\/tva2.sinaimg.cn\/crop.0.0.180.180.180\/53899d01jw8fcb9qpe7vbj2050050mx8.jpg","profile_url":"https:\/\/m.weibo.cn\/u\/1401527553?uid=1401527553&luicode=10000011&lfid=1076031401527553","statuses_count":15425,"verified":true,"verified_type":0,"verified_type_ext":1,"verified_reason":"\u77e5\u540d\u4e92\u8054\u7f51\u8d44\u8baf\u535a\u4e3b","close_blue_v":false,"description":"\u5fae\u535a\u672c\u5730\u8d44\u8baf\u535a\u4e3b\uff08\u521a\u679c\u5e03\u62c9\u67f4\u7ef4\u5c14\uff09","gender":"m","mbtype":12,"urank":48,"mbrank":6,"follow_me":false,"following":false,"followers_count":192533,"follow_count":277,"cover_image_phone":"https:\/\/tva1.sinaimg.cn\/crop.0.0.640.640.640\/549d0121tw1egm1kjly3jj20hs0hsq4f.jpg","avatar_hd":"https:\/\/ww2.sinaimg.cn\/orj480\/53899d01jw8fcb9qpe7vbj2050050mx8.jpg","like":false,"like_me":false,"badge":{"bind_taobao":1,"dzwbqlx_2016":1,"follow_whitelist_video":1,"hongbao_2018":1}},"retweeted_status":{"created_at":"2012-08-08","id":"3476705685078832","idstr":"3476705685078832","mid":"3476705685078832","can_edit":false,"text":"\u5218\u7fd42000\u5e74\u30012001\u5e74\u30012002\u5e74\u30012003\u5e74\u30012004\u5e74\u30012005\u5e74\u30012006\u5e74\u30012007\u5e74\u30012008\u5e74\u30012009\u5e74\u30012010\u5e74\u30012011\u5e74\u30012012\u5e74\u7684\u53c2\u8d5b\u60c5\u51b5\u53ca\u53d6\u5f97\u7684\u540d\u6b21\uff0c\u6570\u636e\u6765\u81eawikipedia\uff1a<a data-url=\"http:\/\/t.cn\/zWfhw0P\" target=\"_blank\" href=\"https:\/\/weibo.cn\/sinaurl\/blocked50b21244?luicode=10000011&lfid=1076031401527553&u=http%3A%2F%2Fzh.wikipedia.org%2Fwiki%2F%25E5%2588%2598%25E7%25BF%2594&ep=ywbsQljeE%252C1401527553%252CywbsQljeE%252C1401527553\" class=\"\"><span class=\"url-icon\"><img src=\"\/\/h5.sinaimg.cn\/upload\/2015\/09\/25\/3\/timeline_card_small_web_default.png\"><\/span><\/i><span class=\"surl-text\">\u7f51\u9875\u94fe\u63a5<\/a>\u3002 \u200b\u200b\u200b","source":"\u5fae\u535a weibo.com","favorited":false,"thumbnail_pic":"http:\/\/ww3.sinaimg.cn\/thumbnail\/53899d01jw1dvp38qt3n6g.gif","bmiddle_pic":"http:\/\/ww3.sinaimg.cn\/bmiddle\/53899d01jw1dvp38qt3n6g.gif","original_pic":"http:\/\/ww3.sinaimg.cn\/large\/53899d01jw1dvp38qt3n6g.gif","is_paid":false,"mblog_vip_type":0,"user":{"id":1401527553,"screen_name":"tombkeeper","profile_image_url":"https:\/\/tva2.sinaimg.cn\/crop.0.0.180.180.180\/53899d01jw8fcb9qpe7vbj2050050mx8.jpg","profile_url":"https:\/\/m.weibo.cn\/u\/1401527553?uid=1401527553&luicode=10000011&lfid=1076031401527553","statuses_count":15425,"verified":true,"verified_type":0,"verified_type_ext":1,"verified_reason":"\u77e5\u540d\u4e92\u8054\u7f51\u8d44\u8baf\u535a\u4e3b","close_blue_v":false,"description":"\u5fae\u535a\u672c\u5730\u8d44\u8baf\u535a\u4e3b\uff08\u521a\u679c\u5e03\u62c9\u67f4\u7ef4\u5c14\uff09","gender":"m","mbtype":12,"urank":48,"mbrank":6,"follow_me":false,"following":false,"followers_count":192533,"follow_count":277,"cover_image_phone":"https:\/\/tva1.sinaimg.cn\/crop.0.0.640.640.640\/549d0121tw1egm1kjly3jj20hs0hsq4f.jpg","avatar_hd":"https:\/\/ww2.sinaimg.cn\/orj480\/53899d01jw8fcb9qpe7vbj2050050mx8.jpg","like":false,"like_me":false,"badge":{"bind_taobao":1,"dzwbqlx_2016":1,"follow_whitelist_video":1,"hongbao_2018":1}},"reposts_count":167,"comments_count":45,"attitudes_count":0,"pending_approval_count":0,"isLongText":false,"visible":{"type":0,"list_id":0},"more_info_type":0,"content_auth":0,"edit_config":{"edited":false},"bid":"ywbsQljeE","pics":[{"pid":"53899d01jw1dvp38qt3n6g","url":"https:\/\/ww3.sinaimg.cn\/orj360\/53899d01jw1dvp38qt3n6g.gif","size":"orj360","geo":false,"large":{"size":"large","url":"https:\/\/ww3.sinaimg.cn\/large\/53899d01jw1dvp38qt3n6g.gif","geo":false}}]},"reposts_count":8,"comments_count":7,"attitudes_count":0,"pending_approval_count":0,"isLongText":false,"visible":{"type":0,"list_id":0},"more_info_type":0,"content_auth":0,"edit_config":{"edited":false},"mblogtype":0,"obj_ext":"","raw_text":"\u56de\u590d@\u732a\u513f\u866b\u5c0f\u6b21\u90ce: \u4e0d\u662f\u51d1\u5b57\u6570\u3002\u53e4\u4eba\u8ba4\u4e3a\u5b54\u5b50\u5199\u300a\u6625\u79cb\u300b\uff0c\u6bcf\u4e2a\u5b57\u90fd\u6697\u542b\u8d2c\u8912\u3002\u6211\u4e00\u76f4\u5728\u8ffd\u6c42\u8fd9\u4e2a\u5883\u754c\u3002 \/\/@\u732a\u513f\u866b\u5c0f\u6b21\u90ce:\u5e74\u4efd\u51d1\u5b57\u6570\u554a","bid":"ywbvzn1jA"},"show_type":0},{"card_type":9,"itemid":"1076031401527553_-_3476705685078832","scheme":"https:\/\/m.weibo.cn\/status\/ywbsQljeE?mblogid=ywbsQljeE&luicode=10000011&lfid=1076031401527553","mblog":{"created_at":"2012-08-08","id":"3476705685078832","idstr":"3476705685078832","mid":"3476705685078832","can_edit":false,"text":"\u5218\u7fd42000\u5e74\u30012001\u5e74\u30012002\u5e74\u30012003\u5e74\u30012004\u5e74\u30012005\u5e74\u30012006\u5e74\u30012007\u5e74\u30012008\u5e74\u30012009\u5e74\u30012010\u5e74\u30012011\u5e74\u30012012\u5e74\u7684\u53c2\u8d5b\u60c5\u51b5\u53ca\u53d6\u5f97\u7684\u540d\u6b21\uff0c\u6570\u636e\u6765\u81eawikipedia\uff1a<a data-url=\"http:\/\/t.cn\/zWfhw0P\" target=\"_blank\" href=\"https:\/\/weibo.cn\/sinaurl\/blocked50b21244?luicode=10000011&lfid=1076031401527553&u=http%3A%2F%2Fzh.wikipedia.org%2Fwiki%2F%25E5%2588%2598%25E7%25BF%2594&ep=ywbsQljeE%252C1401527553%252CywbsQljeE%252C1401527553\" class=\"\"><span class=\"url-icon\"><img src=\"\/\/h5.sinaimg.cn\/upload\/2015\/09\/25\/3\/timeline_card_small_web_default.png\"><\/span><\/i><span class=\"surl-text\">\u7f51\u9875\u94fe\u63a5<\/a>\u3002 \u200b\u200b\u200b","source":"\u5fae\u535a weibo.com","favorited":false,"thumbnail_pic":"http:\/\/ww3.sinaimg.cn\/thumbnail\/53899d01jw1dvp38qt3n6g.gif","bmiddle_pic":"http:\/\/ww3.sinaimg.cn\/bmiddle\/53899d01jw1dvp38qt3n6g.gif","original_pic":"http:\/\/ww3.sinaimg.cn\/large\/53899d01jw1dvp38qt3n6g.gif","is_paid":false,"mblog_vip_type":0,"user":{"id":1401527553,"screen_name":"tombkeeper","profile_image_url":"https:\/\/tva2.sinaimg.cn\/crop.0.0.180.180.180\/53899d01jw8fcb9qpe7vbj2050050mx8.jpg","profile_url":"https:\/\/m.weibo.cn\/u\/1401527553?uid=1401527553&luicode=10000011&lfid=1076031401527553","statuses_count":15425,"verified":true,"verified_type":0,"verified_type_ext":1,"verified_reason":"\u77e5\u540d\u4e92\u8054\u7f51\u8d44\u8baf\u535a\u4e3b","close_blue_v":false,"description":"\u5fae\u535a\u672c\u5730\u8d44\u8baf\u535a\u4e3b\uff08\u521a\u679c\u5e03\u62c9\u67f4\u7ef4\u5c14\uff09","gender":"m","mbtype":12,"urank":48,"mbrank":6,"follow_me":false,"following":false,"followers_count":192533,"follow_count":277,"cover_image_phone":"https:\/\/tva1.sinaimg.cn\/crop.0.0.640.640.640\/549d0121tw1egm1kjly3jj20hs0hsq4f.jpg","avatar_hd":"https:\/\/ww2.sinaimg.cn\/orj480\/53899d01jw8fcb9qpe7vbj2050050mx8.jpg","like":false,"like_me":false,"badge":{"bind_taobao":1,"dzwbqlx_2016":1,"follow_whitelist_video":1,"hongbao_2018":1}},"reposts_count":167,"comments_count":45,"attitudes_count":0,"pending_approval_count":0,"isLongText":false,"visible":{"type":0,"list_id":0},"more_info_type":0,"content_auth":0,"edit_config":{"edited":false},"mblogtype":0,"bid":"ywbsQljeE","pics":[{"pid":"53899d01jw1dvp38qt3n6g","url":"https:\/\/ww3.sinaimg.cn\/orj360\/53899d01jw1dvp38qt3n6g.gif","size":"orj360","geo":false,"large":{"size":"large","url":"https:\/\/ww3.sinaimg.cn\/large\/53899d01jw1dvp38qt3n6g.gif","geo":false}}]},"show_type":0},{"card_type":9,"itemid":"1076031401527553_-_3476678011564602","scheme":"https:\/\/m.weibo.cn\/status\/ywaKd6z1w?mblogid=ywaKd6z1w&luicode=10000011&lfid=1076031401527553","mblog":{"created_at":"2012-08-08","id":"3476678011564602","idstr":"3476678011564602","mid":"3476678011564602","can_edit":false,"text":"\u817e\u8baf\u201c\u4e1c\u4e9a\u75c5\u592b\uff1a\u56fd\u4eba\u81ea\u5df1\u60f3\u8c61\u51fa\u6765\u7684\u6c11\u65cf\u803b\u8fb1\u201d \u8fd9\u4e2a\u4e13\u9898\u505a\u7684\u4e0d\u9519\uff1a<a data-url=\"http:\/\/t.cn\/zWOV3Q1\" target=\"_blank\" href=\"https:\/\/weibo.cn\/sinaurl\/blockedbd29cd42?luicode=10000011&lfid=1076031401527553&u=http%3A%2F%2Fview.news.qq.com%2Fzt2012%2Fdybf%2Fbak.htm&ep=ywaKd6z1w%252C1401527553%252CywaKd6z1w%252C1401527553\" class=\"\"><span class=\"url-icon\"><img src=\"\/\/h5.sinaimg.cn\/upload\/2015\/09\/25\/3\/timeline_card_small_web_default.png\"><\/span><\/i><span class=\"surl-text\">\u7f51\u9875\u94fe\u63a5<\/a>\u3002 \u200b\u200b\u200b","source":"\u5fae\u535a weibo.com","favorited":false,"is_paid":false,"mblog_vip_type":0,"user":{"id":1401527553,"screen_name":"tombkeeper","profile_image_url":"https:\/\/tva2.sinaimg.cn\/crop.0.0.180.180.180\/53899d01jw8fcb9qpe7vbj2050050mx8.jpg","profile_url":"https:\/\/m.weibo.cn\/u\/1401527553?uid=1401527553&luicode=10000011&lfid=1076031401527553","statuses_count":15425,"verified":true,"verified_type":0,"verified_type_ext":1,"verified_reason":"\u77e5\u540d\u4e92\u8054\u7f51\u8d44\u8baf\u535a\u4e3b","close_blue_v":false,"description":"\u5fae\u535a\u672c\u5730\u8d44\u8baf\u535a\u4e3b\uff08\u521a\u679c\u5e03\u62c9\u67f4\u7ef4\u5c14\uff09","gender":"m","mbtype":12,"urank":48,"mbrank":6,"follow_me":false,"following":false,"followers_count":192533,"follow_count":277,"cover_image_phone":"https:\/\/tva1.sinaimg.cn\/crop.0.0.640.640.640\/549d0121tw1egm1kjly3jj20hs0hsq4f.jpg","avatar_hd":"https:\/\/ww2.sinaimg.cn\/orj480\/53899d01jw8fcb9qpe7vbj2050050mx8.jpg","like":false,"like_me":false,"badge":{"bind_taobao":1,"dzwbqlx_2016":1,"follow_whitelist_video":1,"hongbao_2018":1}},"reposts_count":50,"comments_count":12,"attitudes_count":0,"pending_approval_count":0,"isLongText":false,"visible":{"type":0,"list_id":0},"more_info_type":0,"content_auth":0,"edit_config":{"edited":false},"mblogtype":0,"bid":"ywaKd6z1w"},"show_type":0},{"card_type":9,"itemid":"1076031401527553_-_3476674794468748","scheme":"https:\/\/m.weibo.cn\/status\/ywaF1iKwA?mblogid=ywaF1iKwA&luicode=10000011&lfid=1076031401527553","mblog":{"created_at":"2012-08-08","id":"3476674794468748","idstr":"3476674794468748","mid":"3476674794468748","can_edit":false,"text":"\u5728\u65b9\u8d28\u7591\u540c\u5fd7\u5728\u56fd\u5185\u5f15\u9886\u4e86\u201c\u6587\u672c\u5206\u6790\u201d\u3001\u201c\u56fe\u7247\u5206\u6790\u201d\u7b49\u5168\u6c11\u9ad8\u79d1\u6280\u666e\u53ca\u63a8\u5e7f\u8fd0\u52a8\u540e\uff0c\u5218\u7fd4\u7684\u6bd4\u8d5b\u89c6\u9891\u679c\u7136\u4e5f\u88ab\u5206\u6790\u4e86\u3002\u518d\u5f80\u540e\uff0c\u4f30\u8ba1\u65b9\u6c0f\u8d28\u7591\u6cd5\u4e5f\u4f1a\u88ab\u7528\u5728\u5176\u53d7\u4f24\u60c5\u51b5\u4e0a\uff1a\u201c\u8ddf\u8171\u65ad\u88c2\uff1f\u600e\u4e48\u8bc1\u660e\u4e0d\u662f\u4e32\u901a\u533b\u751f\u505a\u7684\u5047\uff1f\u4e0d\u5f53\u4f17\u5207\u5f00\u770b\u770b\u600e\u4e48\u8bc1\u660e\u4f60\u4e0d\u662f\u9a97\u6211\u4eec\uff1f\u4f60\u600e\u4e48\u8bc1\u660e\u4e0d\u662f\u4e8b\u540e\u6545\u610f\u5f04\u65ad\u7684\uff1f\u201d \u200b\u200b\u200b","source":"\u5fae\u535a weibo.com","favorited":false,"is_paid":false,"mblog_vip_type":0,"user":{"id":1401527553,"screen_name":"tombkeeper","profile_image_url":"https:\/\/tva2.sinaimg.cn\/crop.0.0.180.180.180\/53899d01jw8fcb9qpe7vbj2050050mx8.jpg","profile_url":"https:\/\/m.weibo.cn\/u\/1401527553?uid=1401527553&luicode=10000011&lfid=1076031401527553","statuses_count":15425,"verified":true,"verified_type":0,"verified_type_ext":1,"verified_reason":"\u77e5\u540d\u4e92\u8054\u7f51\u8d44\u8baf\u535a\u4e3b","close_blue_v":false,"description":"\u5fae\u535a\u672c\u5730\u8d44\u8baf\u535a\u4e3b\uff08\u521a\u679c\u5e03\u62c9\u67f4\u7ef4\u5c14\uff09","gender":"m","mbtype":12,"urank":48,"mbrank":6,"follow_me":false,"following":false,"followers_count":192533,"follow_count":277,"cover_image_phone":"https:\/\/tva1.sinaimg.cn\/crop.0.0.640.640.640\/549d0121tw1egm1kjly3jj20hs0hsq4f.jpg","avatar_hd":"https:\/\/ww2.sinaimg.cn\/orj480\/53899d01jw8fcb9qpe7vbj2050050mx8.jpg","like":false,"like_me":false,"badge":{"bind_taobao":1,"dzwbqlx_2016":1,"follow_whitelist_video":1,"hongbao_2018":1}},"reposts_count":20,"comments_count":16,"attitudes_count":0,"pending_approval_count":0,"isLongText":false,"visible":{"type":0,"list_id":0},"more_info_type":0,"content_auth":0,"edit_config":{"edited":false},"mblogtype":0,"bid":"ywaF1iKwA"},"show_type":0}],"showAppTips":0,"scheme":"sinaweibo:\/\/cardlist?containerid=1076031401527553&extparam=&luicode=10000011&lfid=&featurecode="}}