{"ok":1,"data":{"cardlistInfo":{"containerid":"1076031401527553","v_p":42,"show_style":1,"total":15518,"page":50},"cards":[{"card_type":9,"itemid":"1076031401527553_-_3473467711988268","scheme":"https:\/\/m.weibo.cn\/status\/yuPej8leQ?mblogid=yuPej8leQ&luicode=10000011&lfid=1076031401527553","mblog":{"created_at":"2012-07-30","id":"3473467711988268","idstr":"3473467711988268","mid":"3473467711988268","can_edit":false,"text":"\u56de\u590d<a href='https:\/\/m.weibo.cn\/n\/\u5339\u514b\u674e'>@\u5339\u514b\u674e<\/a>: \u201c\u63a5\u73ed\u201d\u5728\u8b66\u5bdf\u5b50\u5973\u4e2d\u633a\u666e\u904d\u3002\u6211\u7236\u4eb2\u4e5f\u5f88\u5e0c\u671b\u6211\u5e72\u8fd9\u884c\u3002\u4e0d\u8fc7\u4e0a\u4e2d\u5b66\u65f6\u6211\u5c31\u5bf9\u7236\u4eb2\u8bf4\u8fc7\uff1a1\u3001\u6211\u4e0d\u559c\u6b22\u65e0\u6761\u4ef6\u670d\u4ece\u3002\u4e0a\u5934\u6765\u4e2a\u6307\u793a\uff0c\u4e0d\u7ba1\u81ea\u5df1\u600e\u4e48\u60f3\u90fd\u8981\u6267\u884c\uff0c\u8fd9\u7c7b\u804c\u4e1a\u6211\u90fd\u4e0d\u559c\u6b22\u30022\u3001\u5c0f\u65f6\u5019\u7ecf\u5e38\u8fde\u7eed\u597d\u591a\u5929\u89c1\u4e0d\u5230\u7236\u4eb2\uff0c\u6211\u4e0d\u5e0c\u671b\u6211\u7684\u5b69\u5b50\u5c06\u6765\u8fc7\u8fd9\u79cd\u751f\u6d3b\u3002","source":"\u5fae\u535a weibo.com","favorited":false,"is_paid":false,"mblog_vip_type":0,"user":{"id":1401527553,"screen_name":"tombkeeper","profile_image_url":"https:\/\/tva2.sinaimg.cn\/crop.0.0.180.180.180\/53899d01jw8fcb9qpe7vbj2050050mx8.jpg","profile_url":"https:\/\/m.weibo.cn\/u\/1401527553?uid=1401527553&luicode=10000011&lfid=1076031401527553","statuses_count":15425,"verified":true,"verified_type":0,"verified_type_ext":1,"verified_reason":"\u77e5\u540d\u4e92\u8054\u7f51\u8d44\u8baf\u535a\u4e3b","close_blue_v":false,"description":"\u5fae\u535a\u672c\u5730\u8d44\u8baf\u535a\u4e3b\uff08\u521a\u679c\u5e03\u62c9\u67f4\u7ef4\u5c14\uff09","gender":"m","mbtype":12,"urank":48,"mbrank":6,"follow_me":false,"following":false,"followers_count":192533,"follow_count":277,"cover_image_phone":"https:\/\/tva1.sinaimg.cn\/crop.0.0.640.640.640\/549d0121tw1egm1kjly3jj20hs0hsq4f.jpg","avatar_hd":"https:\/\/ww2.sinaimg.cn\/orj480\/53899d01jw8fcb9qpe7vbj2050050mx8.jpg","like":false,"like_me":false,"badge":{"bind_taobao":1,"dzwbqlx_2016":1,"follow_whitelist_video":1,"hongbao_2018":1}},"retweeted_status":{"created_at":"2011-09-21","id":"3360034059308233","idstr":"3360034059308233","mid":"3360034059308233","can_edit":false,"text":"\u6211\u7236\u4eb2\u5f53\u4e86\u4e00\u8f88\u5b50\u8b66\u5bdf\uff0c\u4ece\u4e0d\u6536\u9ed1\u94b1\u3002\u5b9e\u5728\u9000\u4e0d\u56de\u53bb\u7684\uff0c\u5c31\u4e0a\u4ea4\u3002\u603b\u4e0d\u7ed9\u9886\u5bfc\u9001\u793c\uff0c\u4e5f\u5c31\u603b\u6ca1\u63d0\u5e72\u3002\u4f46\u4ed6\u7834\u6848\u7387\u5e74\u5e74\u7b2c\u4e00\uff0c\u5c40\u91cc\u89c9\u5f97\u9762\u5b50\u4e0a\u8bf4\u4e0d\u8fc7\u53bb\uff0c\u5c31\u5e74\u5e95\u53d1\u5f20\u5609\u5956\u7684\u7ea2\u7eb8\u3002\u4ed6\u62ff\u4e86\u5341\u51e0\u5e74\u7684\u7ea2\u7eb8\u540e\uff0c\u5728\u4eb2\u621a\u7684\u529d\u8bf4\u4e0b\uff0c\u7ec8\u4e8e\u201c\u5f00\u7a8d\u201d\uff0c\u8fc7\u5e74\u9001\u4e86\u4e00\u53ea\u706b\u817f\u3002\u7b2c\u4e8c\u5e74\u5c31\u63d0\u5e72\u4e86\u3002\u5341\u51e0\u5e74\u5356\u547d\uff0c\u4e0d\u5982\u4e00\u6761\u814c\u732a\u817f\uff0c\u8fd9\u5c31\u662f\u4f53\u5236\u3002 \u200b\u200b\u200b","source":"\u5fae\u535a weibo.com","favorited":false,"is_paid":false,"mblog_vip_type":0,"user":{"id":1401527553,"screen_name":"tombkeeper","profile_image_url":"https:\/\/tva2.sinaimg.cn\/crop.0.0.180.180.180\/53899d01jw8fcb9qpe7vbj2050050mx8.jpg","profile_url":"https:\/\/m.weibo.cn\/u\/1401527553?uid=1401527553&luicode=10000011&lfid=1076031401527553","statuses_count":15425,"verified":true,"verified_type":0,"verified_type_ext":1,"verified_reason":"\u77e5\u540d\u4e92\u8054\u7f51\u8d44\u8baf\u535a\u4e3b","close_blue_v":false,"description":"\u5fae\u535a\u672c\u5730\u8d44\u8baf\u535a\u4e3b\uff08\u521a\u679c\u5e03\u62c9\u67f4\u7ef4\u5c14\uff09","gender":"m","mbtype":12,"urank":48,"mbrank":6,"follow_me":false,"following":false,"followers_count":192533,"follow_count":277,"cover_image_phone":"https:\/\/tva1.sinaimg.cn\/crop.0.0.640.640.640\/549d0121tw1egm1kjly3jj20hs0hsq4f.jpg","avatar_hd":"https:\/\/ww2.sinaimg.cn\/orj480\/53899d01jw8fcb9qpe7vbj2050050mx8.jpg","like":false,"like_me":false,"badge":{"bind_taobao":1,"dzwbqlx_2016":1,"follow_whitelist_video":1,"hongbao_2018":1}},"reposts_count":8,"comments_count":19,"attitudes_count":0,"pending_approval_count":0,"isLongText":false,"visible":{"type":0,"list_id":0},"more_info_type":0,"content_auth":0,"edit_config":{"edited":false},"bid":"xpbL7D3uN"},"reposts_count":12,"comments_count":9,"attitudes_count":0,"pending_approval_count":0,"isLongText":false,"visible":{"type":0,"list_id":0},"more_info_type":0,"content_auth":0,"edit_config":{"edited":false},"mblogtype":0,"obj_ext":"","raw_text":"\u56de\u590d@\u5339\u514b\u674e: \u201c\u63a5\u73ed\u201d\u5728\u8b66\u5bdf\u5b50\u5973\u4e2d\u633a\u666e\u904d\u3002\u6211\u7236\u4eb2\u4e5f\u5f88\u5e0c\u671b\u6211\u5e72\u8fd9\u884c\u3002\u4e0d\u8fc7\u4e0a\u4e2d\u5b66\u65f6\u6211\u5c31\u5bf9\u7236\u4eb2\u8bf4\u8fc7\uff1a1\u3001\u6211\u4e0d\u559c\u6b22\u65e0\u6761\u4ef6\u670d\u4ece\u3002\u4e0a\u5934\u6765\u4e2a\u6307\u793a\uff0c\u4e0d\u7ba1\u81ea\u5df1\u600e\u4e48\u60f3\u90fd\u8981\u6267\u884c\uff0c\u8fd9\u7c7b\u804c\u4e1a\u6211\u90fd\u4e0d\u559c\u6b22\u30022\u3001\u5c0f\u65f6\u5019\u7ecf\u5e38\u8fde\u7eed\u597d\u591a\u5929\u89c1\u4e0d\u5230\u7236\u4eb2\uff0c\u6211\u4e0d\u5e0c\u671b\u6211\u7684\u5b69\u5b50\u5c06\u6765\u8fc7\u8fd9\u79cd\u751f\u6d3b\u3002","bid":"yuPej8leQ"},"show_type":0},{"card_type":9,"itemid":"1076031401527553_-_3473462905666144","scheme":"https:\/\/m.weibo.cn\/status\/yuP6ynM1q?mblogid=yuP6ynM1q&luicode=10000011&lfid=1076031401527553","mblog":{"created_at":"2012-07-30","id":"3473462905666144","idstr":"3473462905666144","mid":"3473462905666144","can_edit":false,"text":"\u4ee5\u524d\u5e38\u770b\u5230\u7c7b\u4f3c\u201c\u917f\u67d0\u9152\uff0c\u5fc5\u987b\u7528\u67d0\u6cb3\u7684\u6c34\u201d\uff0c\u201c\u67d0\u5904\u8c46\u8150\u597d\uff0c\u5f97\u76ca\u4e8e\u67d0\u6cc9\u6c34\u201d\u8fd9\u6837\u7684\u8bf4\u6cd5\uff0c\u89c9\u5f97\u662f\u5671\u5934\u3002\u4f46\u524d\u9635\u5b50\u770b\u4e86\u7f8e\u56fd\u67d0\u8282\u76ee\uff0c\u7528\u4e00\u4e2a\u5927\u53a8\u3001\u82e5\u5e72\u7f8e\u98df\u5bb6\u3001\u7ebd\u7ea6\u81ea\u6765\u6c34\uff0c\u505a\u53cc\u76f2\u8bd5\u9a8c\uff0c\u8bc1\u660e\u4e86\u201c\u7ebd\u7ea6\u62ab\u8428\u7684\u98ce\u5473\u662f\u56e0\u4e3a\u7ebd\u7ea6\u6c34\u8d28\u7279\u6b8a\u201d\u8fd9\u4e2a\u90fd\u5e02\u4f20\u8bf4\u3002 \u200b\u200b\u200b","source":"\u5fae\u535a weibo.com","favorited":false,"is_paid":false,"mblog_vip_type":0,"user":{"id":1401527553,"screen_name":"tombkeeper","profile_image_url":"https:\/\/tva2.sinaimg.cn\/crop.0.0.180.180.180\/53899d01jw8fcb9qpe7vbj2050050mx8.jpg","profile_url":"https:\/\/m.weibo.cn\/u\/1401527553?uid=1401527553&luicode=10000011&lfid=1076031401527553","statuses_count":15425,"verified":true,"verified_type":0,"verified_type_ext":1,"verified_reason":"\u77e5\u540d\u4e92\u8054\u7f51\u8d44\u8baf\u535a\u4e3b","close_blue_v":false,"description":"\u5fae\u535a\u672c\u5730\u8d44\u8baf\u535a\u4e3b\uff08\u521a\u679c\u5e03\u62c9\u67f4\u7ef4\u5c14\uff09","gender":"m","mbtype":12,"urank":48,"mbrank":6,"follow_me":false,"following":false,"followers_count":192533,"follow_count":277,"cover_image_phone":"https:\/\/tva1.sinaimg.cn\/crop.0.0.640.640.640\/549d0121tw1egm1kjly3jj20hs0hsq4f.jpg","avatar_hd":"https:\/\/ww2.sinaimg.cn\/orj480\/53899d01jw8fcb9qpe7vbj2050050mx8.jpg","like":false,"like_me":false,"badge":{"bind_taobao":1,"dzwbqlx_2016":1,"follow_whitelist_video":1,"hongbao_2018":1}},"reposts_count":9,"comments_count":11,"attitudes_count":0,"pending_approval_count":0,"isLongText":false,"visible":{"type":0,"list_id":0},"more_info_type":0,"content_auth":0,"edit_config":{"edited":false},"mblogtype":0,"bid":"yuP6ynM1q"},"show_type":0},{"card_type":9,"itemid":"1076031401527553_-_3473458907863382","scheme":"https:\/\/m.weibo.cn\/status\/yuP06wZCK?mblogid=yuP06wZCK&luicode=10000011&lfid=1076031401527553","mblog":{"created_at":"2012-07-30","id":"3473458907863382","idstr":"3473458907863382","mid":"3473458907863382","can_edit":false,"text":"\u73b0\u4ee3\u7684\u5c3f\u5e38\u89c4\u5316\u9a8c\u662f\u7531\u5168\u81ea\u52a8\u4eea\u5668\u505a\u7684\uff0c\u6837\u672c\u4e22\u8fdb\u53bb\uff0c\u4eea\u5668\u8f93\u51fa\u7ed3\u679c\u3002\u8fd9\u4e9b\u4eea\u5668\u5728\u8bbe\u8ba1\u7684\u65f6\u5019\uff0c\u6050\u6015\u4e0d\u4f1a\u8003\u8651\u6536\u5230\u4e00\u4efd\u8336\u6c34\u6837\u672c\u7684\u60c5\u51b5\u3002\u5982\u679c\u4ecd\u7136\u89c9\u5f97\u65e0\u6cd5\u7406\u89e3\uff0c\u5efa\u8bae\u5728\u9999\u6e2f\u7684\u533b\u9662\u6216\u8005\u5168\u4e16\u754c\u4efb\u4f55\u5176\u5b83\u533b\u9662\u505a\u76f8\u540c\u6d4b\u8bd5\u3002","source":"\u5fae\u535a weibo.com","favorited":false,"is_paid":false,"mblog_vip_type":0,"user":{"id":1401527553,"screen_name":"tombkeeper","profile_image_url":"https:\/\/tva2.sinaimg.cn\/crop.0.0.180.180.180\/53899d01jw8fcb9qpe7vbj2050050mx8.jpg","profile_url":"https:\/\/m.weibo.cn\/u\/1401527553?uid=1401527553&luicode=10000011&lfid=1076031401527553","statuses_count":15425,"verified":true,"verified_type":0,"verified_type_ext":1,"verified_reason":"\u77e5\u540d\u4e92\u8054\u7f51\u8d44\u8baf\u535a\u4e3b","close_blue_v":false,"description":"\u5fae\u535a\u672c\u5730\u8d44\u8baf\u535a\u4e3b\uff08\u521a\u679c\u5e03\u62c9\u67f4\u7ef4\u5c14\uff09","gender":"m","mbtype":12,"urank":48,"mbrank":6,"follow_me":false,"following":false,"followers_count":192533,"follow_count":277,"cover_image_phone":"https:\/\/tva1.sinaimg.cn\/crop.0.0.640.640.640\/549d0121tw1egm1kjly3jj20hs0hsq4f.jpg","avatar_hd":"https:\/\/ww2.sinaimg.cn\/orj480\/53899d01jw8fcb9qpe7vbj2050050mx8.jpg","like":false,"like_me":false,"badge":{"bind_taobao":1,"dzwbqlx_2016":1,"follow_whitelist_video":1,"hongbao_2018":1}},"retweeted_status":{"created_at":"2012-07-30","id":"3473451882525152","idstr":"3473451882525152","mid":"3473451882525152","can_edit":false,"text":"\u8336\u6c34\u9a8c\u5c3f\uff0c\u597d\u51e0\u5e74\u524d\u4e00\u4e2a\u8bb0\u8005\u505a\u8fc7\u8fd9\u6837\u7684\u62a5\u9053\uff0c\u62a5\u9053\u5bf9\u8c61\u662f\u4e00\u5bb6\u516c\u7acb\u533b\u9662\u3002\u5f53\u65f6\u4e89\u8bae\u5f88\u5927\uff0c\u536b\u751f\u90e8\u524d\u53d1\u8a00\u4eba\u4e5f\u51fa\u6765\u8868\u6001\uff0c\u8fd8\u5f15\u53d1\u8bb0\u8005\u804c\u4e1a\u9053\u5fb7\u95ee\u9898\u7684\u8ba8\u8bba\u3002\u73b0\u5728\uff0c\u8fd9\u6837\u7684\u505a\u6cd5\uff0c\u5927\u5bb6\u77db\u5934\u4e00\u81f4\u5440\uff0c\u4e3a\u5565\uff1f \u200b\u200b\u200b","source":"iPad\u5ba2\u6237\u7aef","favorited":false,"is_paid":false,"mblog_vip_type":0,"user":{"id":1189729754,"screen_name":"\u95fe\u4e18\u9732\u8587","profile_image_url":"https:\/\/tva3.sinaimg.cn\/crop.515.3.796.796.180\/46e9d5dagw1e6j9a66dchj21hc0mbdug.jpg","profile_url":"https:\/\/m.weibo.cn\/u\/1189729754?uid=1189729754&luicode=10000011&lfid=1076031401527553","statuses_count":14710,"verified":true,"verified_type":0,"verified_type_ext":1,"verified_reason":"\u524d \u8457\u540d\u8bb0\u8005\u3001\u4e3b\u6301\u4eba","close_blue_v":false,"description":"\u4e0a\u6d77\u51fa\u751f\u6210\u957f\uff0c\u9999\u6e2f\u5b9e\u73b0\u7406\u60f3\uff0c\u6210\u4e3a\u4e00\u4e2a\u5a92\u4f53\u4eba\uff0c\u76f8\u4fe1\u5435\u95f9\u4e0d\u53ef\u6015\uff0c\u6c89\u9ed8\u66f4\u53ef\u6015\u3002\u70ed\u7231\u65b0\u95fb\uff0c\u70ed\u7231\u7f51\u7edc\u3002","gender":"f","mbtype":11,"urank":42,"mbrank":5,"follow_me":false,"following":false,"followers_count":4371778,"follow_count":489,"cover_image_phone":"https:\/\/tva1.sinaimg.cn\/crop.0.0.640.640.640\/9d44112bjw1f1xl1c10tuj20hs0hs0tw.jpg","avatar_hd":"https:\/\/ww3.sinaimg.cn\/orj480\/46e9d5dagw1e6j9a66dchj21hc0mbdug.jpg","like":false,"like_me":false,"badge":{"gongyi_level":1,"dzwbqlx_2016":1,"follow_whitelist_video":1,"travel_2017":1}},"reposts_count":384,"comments_count":410,"attitudes_count":30,"pending_approval_count":0,"isLongText":false,"visible":{"type":0,"list_id":0},"more_info_type":0,"content_auth":0,"edit_config":{"edited":false},"bid":"yuOOMaAUg"},"reposts_count":7,"comments_count":4,"attitudes_count":0,"pending_approval_count":0,"isLongText":false,"visible":{"type":0,"list_id":0},"more_info_type":0,"content_auth":0,"edit_config":{"edited":false},"mblogtype":0,"obj_ext":"","raw_text":"\u73b0\u4ee3\u7684\u5c3f\u5e38\u89c4\u5316\u9a8c\u662f\u7531\u5168\u81ea\u52a8\u4eea\u5668\u505a\u7684\uff0c\u6837\u672c\u4e22\u8fdb\u53bb\uff0c\u4eea\u5668\u8f93\u51fa\u7ed3\u679c\u3002\u8fd9\u4e9b\u4eea\u5668\u5728\u8bbe\u8ba1\u7684\u65f6\u5019\uff0c\u6050\u6015\u4e0d\u4f1a\u8003\u8651\u6536\u5230\u4e00\u4efd\u8336\u6c34\u6837\u672c\u7684\u60c5\u51b5\u3002\u5982\u679c\u4ecd\u7136\u89c9\u5f97\u65e0\u6cd5\u7406\u89e3\uff0c\u5efa\u8bae\u5728\u9999\u6e2f\u7684\u533b\u9662\u6216\u8005\u5168\u4e16\u754c\u4efb\u4f55\u5176\u5b83\u533b\u9662\u505a\u76f8\u540c\u6d4b\u8bd5\u3002","bid":"yuP06wZCK"},"show_type":0},{"card_type":9,"itemid":"1076031401527553_-_3473442294609951","scheme":"https:\/\/m.weibo.cn\/status\/yuOzjjlg3?mblogid=yuOzjjlg3&luicode=10000011&lfid=1076031401527553","mblog":{"created_at":"2012-07-30","id":"3473442294609951","idstr":"3473442294609951","mid":"3473442294609951","can_edit":false,"text":"A\u3001\u6027\u683c\u6709\u575a\u5f3a\uff0c\u6709\u8106\u5f31\u3002\u575a\u5f3a\u56fa\u7136\u597d\uff0c\u8106\u5f31\u4ea6\u975e\u7f6a\u3002B\u3001\u5316\u5b66\u4e13\u4e1a\u5728\u7f8e\u56fd\u4e0d\u597d\u627e\u5de5\u4f5c\uff0c\u7559\u5b66\u7684\u8981\u6ce8\u610f\u3002C\u3001\u6709\u201c\u516c\u804c\u201d\u7684\uff0c\u4e5f\u5e94\u591a\u5173\u6ce8\u5b9e\u7528\uff0c\u591a\u548c\u5916\u9762\u63a5\u89e6\u3002\u505a\u5230\u60f3\u95ea\u968f\u65f6\u95ea\uff0c\u60f3\u95ea\u54ea\u513f\u90fd\u884c\u3002\u201c\u516c\u804c\u201d\u4e5f\u8bb8\u662f\u94c1\u996d\u7897\uff0c\u4f46\u8fd9\u996d\u7897\u4e0a\u4e5f\u8fde\u7740\u6839\u94c1\u4e1d\uff0c\u968f\u65f6\u80fd\u62fd\u8d70\u3002D\u30017\u540d\u540c\u884c\u8054\u540d\u544a\u53d17\u540d\u540c\u884c\u8054\u540d\u544a\u53d17\u540d\u540c\u884c\u8054\u540d\u544a\u53d17\u540d\u540c\u884c","source":"\u5fae\u535a weibo.com","favorited":false,"is_paid":false,"mblog_vip_type":0,"user":{"id":1401527553,"screen_name":"tombkeeper","profile_image_url":"https:\/\/tva2.sinaimg.cn\/crop.0.0.180.180.180\/53899d01jw8fcb9qpe7vbj2050050mx8.jpg","profile_url":"https:\/\/m.weibo.cn\/u\/1401527553?uid=1401527553&luicode=10000011&lfid=1076031401527553","statuses_count":15425,"verified":true,"verified_type":0,"verified_type_ext":1,"verified_reason":"\u77e5\u540d\u4e92\u8054\u7f51\u8d44\u8baf\u535a\u4e3b","close_blue_v":false,"description":"\u5fae\u535a\u672c\u5730\u8d44\u8baf\u535a\u4e3b\uff08\u521a\u679c\u5e03\u62c9\u67f4\u7ef4\u5c14\uff09","gender":"m","mbtype":12,"urank":48,"mbrank":6,"follow_me":false,"following":false,"followers_count":192533,"follow_count":277,"cover_image_phone":"https:\/\/tva1.sinaimg.cn\/crop.0.0.640.640.640\/549d0121tw1egm1kjly3jj20hs0hsq4f.jpg","avatar_hd":"https:\/\/ww2.sinaimg.cn\/orj480\/53899d01jw8fcb9qpe7vbj2050050mx8.jpg","like":false,"like_me":false,"badge":{"bind_taobao":1,"dzwbqlx_2016":1,"follow_whitelist_video":1,"hongbao_2018":1}},"pid":3473438268361897,"retweeted_status":{"created_at":"2012-07-29","id":"3473104305447877","idstr":"3473104305447877","mid":"3473104305447877","can_edit":false,"text":"\u6078\u54ed\u6d77\u5f52\uff0c\u66f9\u5ef7\u70b3\uff0c\u62a5\u56fd\u65e0\u95e8\uff0c\u591a\u751f\u4e00\u80ce\uff0c\u542b\u51a4\u4e5d\u6cc9\uff01<a href='https:\/\/m.weibo.cn\/n\/\u5317\u4eac\u5927\u5b66\u674e\u5efa\u65b0'>@\u5317\u4eac\u5927\u5b66\u674e\u5efa\u65b0<\/a>\uff1a\u201c3\u670816\u65e5\u4eba\u6c11\u5927\u5b66\u5927\u5316\u5b66\u7cfb\u4e3b\u4efb\u66f9\u5ef7\u70b3\u610f\u5916\u6b7b\u4ea1\uff0c\u8fd9\u4f4d\u5317\u5927\u535a\u58eb\u3001\u54c8\u4f5b\u535a\u540e\uff0c05\u5e74\u5f52\u56fd\u9752\u5e74\u624d\u4fca\u76f4\u63a5\u6b7b\u56e0\u662f\uff0c\u8be5\u7cfb7\u540d\u540c\u884c\u8054\u540d\u544a\u53d1\u201c\u8d85\u751f\u201d\u4e8c\u80ce\uff0c\u7531\u4e8e\u906d\u53d7\u201c\u5f00\u9664\u516c\u804c\u201d\u5a01\u80c1\uff0c\u538b\u529b\u8fc7\u5927\uff0c\u8df3\u697c\u81ea\u6740\u3002\u8ba1\u5212\u751f\u80b2\u5bb3\u6b7b\u4eba\uff01\u201d<a data-url=\"http:\/\/t.cn\/zOi90tk\" target=\"_blank\" href=\"https:\/\/weibo.cn\/sinaurl\/blocked5bcc1e76?luicode=10000011&lfid=1076031401527553&u=http%3A%2F%2Fedu.people.com.cn%2FGB%2F227070%2F17457891.html&ep=yuFMamReZ%252C1596329427%252CyuFMamReZ%252C1596329427\" class=\"\"><span class=\"url-icon\"><img src=\"\/\/h5.sinaimg.cn\/upload\/2015\/09\/25\/3\/timeline_card_small_web_default.png\"><\/span><\/i><span class=\"surl-text\">\u7f51\u9875\u94fe\u63a5<\/a> \u200b\u200b\u200b","source":"\u5fae\u535a weibo.com","favorited":false,"thumbnail_pic":"http:\/\/ww3.sinaimg.cn\/thumbnail\/5f260dd3gw1dvdldak3rcj.jpg","bmiddle_pic":"http:\/\/ww3.sinaimg.cn\/bmiddle\/5f260dd3gw1dvdldak3rcj.jpg","original_pic":"http:\/\/ww3.sinaimg.cn\/large\/5f260dd3gw1dvdldak3rcj.jpg","is_paid":false,"mblog_vip_type":0,"user":{"id":1596329427,"screen_name":"\u514b\u91cc\u65af\u6258\u592b-\u91d1","profile_image_url":"https:\/\/tva1.sinaimg.cn\/crop.161.0.727.727.180\/5f260dd3jw1elub6wt805j20sg1grtse.jpg","profile_url":"https:\/\/m.weibo.cn\/u\/1596329427?uid=1596329427&luicode=10000011&lfid=1076031401527553","statuses_count":12682,"verified":true,"verified_type":0,"verified_type_ext":1,"verified_reason":"\u514b\u91cc\u65af\u6258\u592b\u2022\u91d1\uff0c\u72ec\u7acb\u7ecf\u6d4e\u5b66\u5bb6\uff0c\u300a\u5927\u535a\u5f08\u300b\u3001\u300a\u53cd\u601d\u4e2d\u56fd\u300b\u4f5c\u8005 \u5fae\u535a\u7b7e\u7ea6\u81ea\u5a92\u4f53","close_blue_v":false,"description":"\u91d1\u535a\u58ebVIP\u5fae\u4fe1\u7f8e\u80a1A\u80a1\u6d77\u5185\u5916\u53d1\u5c55\u8bed\u97f3\u4ed8\u8d39\u6709\u95ee\u5fc5\u7b54\uff1aklstfj \u2014\u2014\u601d\u4e0d\u5728\u6df1\uff0c\u609f\u5219\u660e\uff0c\u8bba\u4e0d\u5728\u9ad8\uff0c\u4e89\u5219\u9e23\uff0c\u8fd9\u91cc\u80dc\u8bfb\u5341\u5e74\u4e66\u3002","gender":"m","mbtype":12,"urank":48,"mbrank":6,"follow_me":false,"following":false,"followers_count":1368687,"follow_count":102,"cover_image_phone":"https:\/\/tva3.sinaimg.cn\/crop.0.0.640.640.640\/638f41a8jw1exw2iiqsk8j20hs0hsahi.jpg","avatar_hd":"https:\/\/ww1.sinaimg.cn\/orj480\/5f260dd3jw1elub6wt805j20sg1grtse.jpg","like":false,"like_me":false,"badge":{"dzwbqlx_2016":1,"follow_whitelist_video":1,"travel_2017":1,"user_name_certificate":1}},"reposts_count":1324,"comments_count":534,"attitudes_count":9,"pending_approval_count":0,"isLongText":false,"visible":{"type":0,"list_id":0},"more_info_type":0,"content_auth":0,"edit_config":{"edited":false},"bid":"yuFMamReZ","pics":[{"pid":"5f260dd3gw1dvdldak3rcj","url":"https:\/\/ww3.sinaimg.cn\/orj360\/5f260dd3gw1dvdldak3rcj.jpg","size":"orj360","geo":false,"large":{"size":"large","url":"https:\/\/ww3.sinaimg.cn\/large\/5f260dd3gw1dvdldak3rcj.jpg","geo":false}}]},"reposts_count":9,"comments_count":8,"attitudes_count":0,"pending_approval_count":0,"isLongText":false,"visible":{"type":0,"list_id":0},"more_info_type":0,"content_auth":0,"edit_config":{"edited":false},"mblogtype":0,"obj_ext":"","raw_text":"A\u3001\u6027\u683c\u6709\u575a\u5f3a\uff0c\u6709\u8106\u5f31\u3002\u575a\u5f3a\u56fa\u7136\u597d\uff0c\u8106\u5f31\u4ea6\u975e\u7f6a\u3002B\u3001\u5316\u5b66\u4e13\u4e1a\u5728\u7f8e\u56fd\u4e0d\u597d\u627e\u5de5\u4f5c\uff0c\u7559\u5b66\u7684\u8981\u6ce8\u610f\u3002C\u3001\u6709\u201c\u516c\u804c\u201d\u7684\uff0c\u4e5f\u5e94\u591a\u5173\u6ce8\u5b9e\u7528\uff0c\u591a\u548c\u5916\u9762\u63a5\u89e6\u3002\u505a\u5230\u60f3\u95ea\u968f\u65f6\u95ea\uff0c\u60f3\u95ea\u54ea\u513f\u90fd\u884c\u3002\u201c\u516c\u804c\u201d\u4e5f\u8bb8\u662f\u94c1\u996d\u7897\uff0c\u4f46\u8fd9\u996d\u7897\u4e0a\u4e5f\u8fde\u7740\u6839\u94c1\u4e1d\uff0c\u968f\u65f6\u80fd\u62fd\u8d70\u3002D\u30017\u540d\u540c\u884c\u8054\u540d\u544a\u53d17\u540d\u540c\u884c\u8054\u540d\u544a\u53d17\u540d\u540c\u884c\u8054\u540d\u544a\u53d17\u540d\u540c\u884c","bid":"yuOzjjlg3"},"show_type":0},{"card_type":9,"itemid":"1076031401527553_-_3473438063071388","scheme":"https:\/\/m.weibo.cn\/status\/yuOsucT0w?mblogid=yuOsucT0w&luicode=10000011&lfid=1076031401527553","mblog":{"created_at":"2012-07-30","id":"3473438063071388","idstr":"3473438063071388","mid":"3473438063071388","can_edit":false,"text":"\u73b0\u5728\u6709\u7c7b\u4f3c\u7684\u5e94\u7528\u4e86\u4e48\uff1f","source":"\u5fae\u535a weibo.com","favorited":false,"is_paid":false,"mblog_vip_type":0,"user":{"id":1401527553,"screen_name":"tombkeeper","profile_image_url":"https:\/\/tva2.sinaimg.cn\/crop.0.0.180.180.180\/53899d01jw8fcb9qpe7vbj2050050mx8.jpg","profile_url":"https:\/\/m.weibo.cn\/u\/1401527553?uid=1401527553&luicode=10000011&lfid=1076031401527553","statuses_count":15425,"verified":true,"verified_type":0,"verified_type_ext":1,"verified_reason":"\u77e5\u540d\u4e92\u8054\u7f51\u8d44\u8baf\u535a\u4e3b","close_blue_v":false,"description":"\u5fae\u535a\u672c\u5730\u8d44\u8baf\u535a\u4e3b\uff08\u521a\u679c\u5e03\u62c9\u67f4\u7ef4\u5c14\uff09","gender":"m","mbtype":12,"urank":48,"mbrank":6,"follow_me":false,"following":false,"followers_count":192533,"follow_count":277,"cover_image_phone":"https:\/\/tva1.sinaimg.cn\/crop.0.0.640.640.640\/549d0121tw1egm1kjly3jj20hs0hsq4f.jpg","avatar_hd":"https:\/\/ww2.sinaimg.cn\/orj480\/53899d01jw8fcb9qpe7vbj2050050mx8.jpg","like":false,"like_me":false,"badge":{"bind_taobao":1,"dzwbqlx_2016":1,"follow_whitelist_video":1,"hongbao_2018":1}},"retweeted_status":{"created_at":"2012-04-22","id":"3437586649625076","idstr":"3437586649625076","mid":"3437586649625076","can_edit":false,"text":"\u5fae\u535a\u662f\u4e2a\u5bb9\u6613\u5435\u67b6\u7684\u5730\u65b9\uff0c\u53c8\u662f\u4e2a\u4e0d\u9002\u5408\u5435\u67b6\u7684\u5730\u65b9\u3002\u5728\u8bc4\u8bba\u91cc\u5435\uff0c\u4e0d\u76f4\u89c2\uff0c\u89c2\u4f17\u5c11\uff0c\u53c8\u5bb9\u6613\u88ab\u5404\u8def\u771f\u5047\u7c89\u7559\u8a00\u6df9\u6ca1\u3002\u8f6c\u53d1\u5435\uff0c\u8bdd\u8bed\u6743\u6709\u5927\u5c0f\uff0c\u53c8\u5237\u5c4f\u6270\u6c11\u3002\u53cc\u65b9\u9047\u5230\u4e8f\u5fc3\u7684\u95ee\u9898\uff0c\u53ef\u8eb2\u95ea\u56de\u907f\uff0c\u89c6\u800c\u4e0d\u89c1\u3002\u4e8e\u662f\u4ec0\u4e48\u95ee\u9898\u4e89\u5230\u6700\u540e\uff0c\u90fd\u53d8\u6210\u81ea\u8bf4\u81ea\u8bdd\u3002\u5efa\u8bae\u5f00\u53d1\u4e00\u4e2a\u4e13\u95e8\u7684\u5fae\u535a\u5e94\u7528\uff0c\u5acc\u201c\u7ea6\u67b6\u201d\u4e0d\u597d\u542c\uff0c\u53ef\u4ee5\u53eb\u201c\u8bba\u9053\u201d\u3002 \u200b\u200b\u200b","source":"\u5fae\u535a weibo.com","favorited":false,"is_paid":false,"mblog_vip_type":0,"user":{"id":1401527553,"screen_name":"tombkeeper","profile_image_url":"https:\/\/tva2.sinaimg.cn\/crop.0.0.180.180.180\/53899d01jw8fcb9qpe7vbj2050050mx8.jpg","profile_url":"https:\/\/m.weibo.cn\/u\/1401527553?uid=1401527553&luicode=10000011&lfid=1076031401527553","statuses_count":15425,"verified":true,"verified_type":0,"verified_type_ext":1,"verified_reason":"\u77e5\u540d\u4e92\u8054\u7f51\u8d44\u8baf\u535a\u4e3b","close_blue_v":false,"description":"\u5fae\u535a\u672c\u5730\u8d44\u8baf\u535a\u4e3b\uff08\u521a\u679c\u5e03\u62c9\u67f4\u7ef4\u5c14\uff09","gender":"m","mbtype":12,"urank":48,"mbrank":6,"follow_me":false,"following":false,"followers_count":192533,"follow_count":277,"cover_image_phone":"https:\/\/tva1.sinaimg.cn\/crop.0.0.640.640.640\/549d0121tw1egm1kjly3jj20hs0hsq4f.jpg","avatar_hd":"https:\/\/ww2.sinaimg.cn\/orj480\/53899d01jw8fcb9qpe7vbj2050050mx8.jpg","like":false,"like_me":false,"badge":{"bind_taobao":1,"dzwbqlx_2016":1,"follow_whitelist_video":1,"hongbao_2018":1}},"reposts_count":11,"comments_count":13,"attitudes_count":0,"pending_approval_count":0,"isLongText":false,"visible":{"type":0,"list_id":0},"more_info_type":0,"content_auth":0,"edit_config":{"edited":false},"bid":"yfLNCEnVa"},"reposts_count":2,"comments_count":4,"attitudes_count":0,"pending_approval_count":0,"isLongText":false,"visible":{"type":0,"list_id":0},"more_info_type":0,"content_auth":0,"edit_config":{"edited":false},"mblogtype":0,"obj_ext":"","raw_text":"\u73b0\u5728\u6709\u7c7b\u4f3c\u7684\u5e94\u7528\u4e86\u4e48\uff1f","bid":"yuOsucT0w"},"show_type":0},{"card_type":9,"itemid":"1076031401527553_-_3472700963773849","scheme":"https:\/\/m.weibo.cn\/status\/yuvhCfPKx?mblogid=yuvhCfPKx&luicode=10000011&lfid=1076031401527553","mblog":{"created_at":"2012-07-28","id":"3472700963773849","idstr":"3472700963773849","mid":"3472700963773849","can_edit":false,"text":"\u5f00\u5e55\u5f0f\u827e\u739b\u00b7\u6c83\u7279\u68ee\u51fa\u6765\u4e86\u4e48\uff1f \u200b\u200b\u200b","source":"iPad\u5ba2\u6237\u7aef","favorited":false,"is_paid":false,"mblog_vip_type":0,"user":{"id":1401527553,"screen_name":"tombkeeper","profile_image_url":"https:\/\/tva2.sinaimg.cn\/crop.0.0.180.180.180\/53899d01jw8fcb9qpe7vbj2050050mx8.jpg","profile_url":"https:\/\/m.weibo.cn\/u\/1401527553?uid=1401527553&luicode=10000011&lfid=1076031401527553","statuses_count":15425,"verified":true,"verified_type":0,"verified_type_ext":1,"verified_reason":"\u77e5\u540d\u4e92\u8054\u7f51\u8d44\u8baf\u535a\u4e3b","close_blue_v":false,"description":"\u5fae\u535a\u672c\u5730\u8d44\u8baf\u535a\u4e3b\uff08\u521a\u679c\u5e03\u62c9\u67f4\u7ef4\u5c14\uff09","gender":"m","mbtype":12,"urank":48,"mbrank":6,"follow_me":false,"following":false,"followers_count":192533,"follow_count":277,"cover_image_phone":"https:\/\/tva1.sinaimg.cn\/crop.0.0.640.640.640\/549d0121tw1egm1kjly3jj20hs0hsq4f.jpg","avatar_hd":"https:\/\/ww2.sinaimg.cn\/orj480\/53899d01jw8fcb9qpe7vbj2050050mx8.jpg","like":false,"like_me":false,"badge":{"bind_taobao":1,"dzwbqlx_2016":1,"follow_whitelist_video":1,"hongbao_2018":1}},"reposts_count":0,"comments_count":5,"attitudes_count":0,"pending_approval_count":0,"isLongText":false,"visible":{"type":0,"list_id":0},"more_info_type":0,"content_auth":0,"edit_config":{"edited":false},"mblogtype":0,"bid":"yuvhCfPKx"},"show_type":0},{"card_type":9,"itemid":"1076031401527553_-_3472541626860787","scheme":"https:\/\/m.weibo.cn\/status\/yur8CsMNR?mblogid=yur8CsMNR&luicode=10000011&lfid=1076031401527553","mblog":{"created_at":"2012-07-27","id":"3472541626860787","idstr":"3472541626860787","mid":"3472541626860787","can_edit":false,"text":"<a class='k' href='https:\/\/m.weibo.cn\/k\/%E7%A7%91%E5%AD%A6%E5%AE%B6%E5%85%AB%E5%8D%A6?from=feed'>#\u79d1\u5b66\u5bb6\u516b\u5366#<\/a>\u7684\u516b\u5366 \u6211\u5c0f\u65f6\u5019\u6709\u8fc7\u4e00\u5957\u79d1\u5b66\u6545\u4e8b\u5c0f\u4eba\u4e66\u3002\u6709\u4e9b\u6545\u4e8b\u8bb2\u79d1\u5b66\u53f2\u4e0a\u7684\u610f\u5916\u53d1\u73b0\uff0c\u5982\u4e0d\u9508\u94a2\u3001\u786b\u5316\u6a61\u80f6\u7b49\uff1b\u6709\u4e9b\u5219\u662f\u79d1\u5b66\u5bb6\u8f76\u4e8b\u3002\u5176\u4e2d\u6709\u4e2a\u6545\u4e8b\uff0c\u8bf4\u674e\u6bd4\u5e0c\uff08\u5fb7\u56fd\u5316\u5b66\u5bb6\uff09\u5c11\u5e74\u65f6\u66fe\u7528\u7898\u9152\u8bc1\u660e\u4e86\u9ed1\u5fc3\u8001\u677f\u5f80\u725b\u5976\u91cc\u5151\u6dd8\u7c73\u6c34\u3002\u8fd9\u6545\u4e8b\u5f53\u65f6\u770b\u6ca1\u89c9\u5f97\u6709\u95ee\u9898\uff0c\u73b0\u5728\u60f3\u8d77\u6765\u2026\u2026\u5728\u5fb7\u56fd\uff0c\u6dd8\u7c73\u6c34\u597d\u627e\u4e48\uff1f \u200b\u200b\u200b","source":"\u5fae\u535a weibo.com","favorited":false,"is_paid":false,"mblog_vip_type":0,"user":{"id":1401527553,"screen_name":"tombkeeper","profile_image_url":"https:\/\/tva2.sinaimg.cn\/crop.0.0.180.180.180\/53899d01jw8fcb9qpe7vbj2050050mx8.jpg","profile_url":"https:\/\/m.weibo.cn\/u\/1401527553?uid=1401527553&luicode=10000011&lfid=1076031401527553","statuses_count":15425,"verified":true,"verified_type":0,"verified_type_ext":1,"verified_reason":"\u77e5\u540d\u4e92\u8054\u7f51\u8d44\u8baf\u535a\u4e3b","close_blue_v":false,"description":"\u5fae\u535a\u672c\u5730\u8d44\u8baf\u535a\u4e3b\uff08\u521a\u679c\u5e03\u62c9\u67f4\u7ef4\u5c14\uff09","gender":"m","mbtype":12,"urank":48,"mbrank":6,"follow_me":false,"following":false,"followers_count":192533,"follow_count":277,"cover_image_phone":"https:\/\/tva1.sinaimg.cn\/crop.0.0.640.640.640\/549d0121tw1egm1kjly3jj20hs0hsq4f.jpg","avatar_hd":"https:\/\/ww2.sinaimg.cn\/orj480\/53899d01jw8fcb9qpe7vbj2050050mx8.jpg","like":false,"like_me":false,"badge":{"bind_taobao":1,"dzwbqlx_2016":1,"follow_whitelist_video":1,"hongbao_2018":1}},"reposts_count":10,"comments_count":13,"attitudes_count":0,"pending_approval_count":0,"isLongText":false,"visible":{"type":0,"list_id":0},"more_info_type":0,"content_auth":0,"edit_config":{"edited":false},"mblogtype":0,"page_info":{"page_pic":{"url":"https:\/\/ww1.sinaimg.cn\/thumb180\/74f67c55jw9exyifnfgrcj2050050aa0.jpg"},"page_url":"https:\/\/m.weibo.cn\/p\/index?containerid=100808fd854b6db532b0509ab807754daeea4d&extparam=%E7%A7%91%E5%AD%A6%E5%AE%B6%E5%85%AB%E5%8D%A6&luicode=10000011&lfid=1076031401527553","page_title":"#\u79d1\u5b66\u5bb6\u516b\u5366#","content1":"","content2":"","type":"topic"},"bid":"yur8CsMNR"},"show_type":0},{"card_type":9,"itemid":"1076031401527553_-_3472484051653744","scheme":"https:\/\/m.weibo.cn\/status\/yupDL6Wdi?mblogid=yupDL6Wdi&luicode=10000011&lfid=1076031401527553","mblog":{"created_at":"2012-07-27","id":"3472484051653744","idstr":"3472484051653744","mid":"3472484051653744","can_edit":false,"text":"\u53f0\u6e7e\u4e0a\u4e2a\u6708\u4e5f\u95f9\u66b4\u96e8\uff0c\u65b0\u95fb\u91cc\u8bf4\u6b7b\u4e867\u4e2a\u4eba\uff0c3200\u591a\u4eba\u79bb\u5bb6\u907f\u96be\uff0c\u6797\u5fd7\u9896\u5bb6\u5730\u4e0b\u8f66\u5e93\u90fd\u6ce1\u4e86\u3002\u6cf0\u56fd\u66f4\u60e8\uff0c\u6c34\u707e\u5df2\u7ecf\u4e09\u4e2a\u591a\u6708\uff0c\u6b7b\u4e86427\u4eba\u3002\u5730\u9707\u3001\u6d2a\u6c34\u5565\u7684\uff0c\u4e3b\u8981\u8fd8\u662f\u5929\u707e\uff0c\u5c5e\u4e8e\u4e0d\u53ef\u6297\u529b\u3002\u4f46\u957f\u671f\u79ef\u7d2f\u7684\u67d0\u4e9b\u95ee\u9898\u6ca1\u89e3\u51b3\u524d\uff0c\u5c31\u7b97\u662f\u6765\u9897\u5c0f\u884c\u661f\uff0c\u5927\u5bb6\u7684\u4e5f\u4f1a\u602a\u5728\u90a3\u4e9b\u95ee\u9898\u4e0a\u3002\u4e0d\u5c11\u6307\u8d23\u53ef\u80fd\u662f\u9519\u7684\uff0c\u4f46\u60c5\u6709\u53ef\u539f\u3002 \u200b\u200b\u200b","source":"\u5fae\u535a weibo.com","favorited":false,"is_paid":false,"mblog_vip_type":0,"user":{"id":1401527553,"screen_name":"tombkeeper","profile_image_url":"https:\/\/tva2.sinaimg.cn\/crop.0.0.180.180.180\/53899d01jw8fcb9qpe7vbj2050050mx8.jpg","profile_url":"https:\/\/m.weibo.cn\/u\/1401527553?uid=1401527553&luicode=10000011&lfid=1076031401527553","statuses_count":15425,"verified":true,"verified_type":0,"verified_type_ext":1,"verified_reason":"\u77e5\u540d\u4e92\u8054\u7f51\u8d44\u8baf\u535a\u4e3b","close_blue_v":false,"description":"\u5fae\u535a\u672c\u5730\u8d44\u8baf\u535a\u4e3b\uff08\u521a\u679c\u5e03\u62c9\u67f4\u7ef4\u5c14\uff09","gender":"m","mbtype":12,"urank":48,"mbrank":6,"follow_me":false,"following":false,"followers_count":192533,"follow_count":277,"cover_image_phone":"https:\/\/tva1.sinaimg.cn\/crop.0.0.640.640.640\/549d0121tw1egm1kjly3jj20hs0hsq4f.jpg","avatar_hd":"https:\/\/ww2.sinaimg.cn\/orj480\/53899d01jw8fcb9qpe7vbj2050050mx8.jpg","like":false,"like_me":false,"badge":{"bind_taobao":1,"dzwbqlx_2016":1,"follow_whitelist_video":1,"hongbao_2018":1}},"reposts_count":11,"comments_count":6,"attitudes_count":1,"pending_approval_count":0,"isLongText":false,"visible":{"type":0,"list_id":0},"more_info_type":0,"content_auth":0,"edit_config":{"edited":false},"mblogtype":0,"bid":"yupDL6Wdi"},"show_type":0},{"card_type":9,"itemid":"1076031401527553_-_3472439893597947","scheme":"https:\/\/m.weibo.cn\/status\/yuouxf5Zp?mblogid=yuouxf5Zp&luicode=10000011&lfid=1076031401527553","mblog":{"created_at":"2012-07-27","id":"3472439893597947","idstr":"3472439893597947","mid":"3472439893597947","can_edit":false,"text":"\u7f8e\u56fd\u519c\u4e1a\u90e8\uff1a\u56e0\u4e3a\u65f1\u707e\u5f88\u4e25\u91cd\uff0c\u6240\u4ee5\u660e\u5e74\u7f8e\u56fd\u56fd\u5185\u8089\u3001\u86cb\u3001\u5976\u53ef\u80fd\u8981\u6da83%~5%\uff1b\u852c\u83dc\u6c34\u679c\u9884\u8ba1\u4e0d\u4f1a\u6709\u592a\u5927\u7684\u4ef7\u683c\u53d8\u5316\u3002\u770b\u8d77\u6765\uff0c\u5c31\u7b97\u8001\u5929\u7237\u5e2e\u5fd9\uff0c\u7f8e\u5e1d\u7684\u7269\u4ef7\u6da8\u5e45\u6050\u6015\u4e5f\u8ffd\u4e0d\u4e0a\u54b1\u4eec\u5e73\u5e38\u5e74\u4efd\u3002 \u200b\u200b\u200b","source":"\u5fae\u535a weibo.com","favorited":false,"is_paid":false,"mblog_vip_type":0,"user":{"id":1401527553,"screen_name":"tombkeeper","profile_image_url":"https:\/\/tva2.sinaimg.cn\/crop.0.0.180.180.180\/53899d01jw8fcb9qpe7vbj2050050mx8.jpg","profile_url":"https:\/\/m.weibo.cn\/u\/1401527553?uid=1401527553&luicode=10000011&lfid=1076031401527553","statuses_count":15425,"verified":true,"verified_type":0,"verified_type_ext":1,"verified_reason":"\u77e5\u540d\u4e92\u8054\u7f51\u8d44\u8baf\u535a\u4e3b","close_blue_v":false,"description":"\u5fae\u535a\u672c\u5730\u8d44\u8baf\u535a\u4e3b\uff08\u521a\u679c\u5e03\u62c9\u67f4\u7ef4\u5c14\uff09","gender":"m","mbtype":12,"urank":48,"mbrank":6,"follow_me":false,"following":false,"followers_count":192533,"follow_count":277,"cover_image_phone":"https:\/\/tva1.sinaimg.cn\/crop.0.0.640.640.640\/549d0121tw1egm1kjly3jj20hs0hsq4f.jpg","avatar_hd":"https:\/\/ww2.sinaimg.cn\/orj480\/53899d01jw8fcb9qpe7vbj2050050mx8.jpg","like":false,"like_me":false,"badge":{"bind_taobao":1,"dzwbqlx_2016":1,"follow_whitelist_video":1,"hongbao_2018":1}},"reposts_count":9,"comments_count":9,"attitudes_count":0,"pending_approval_count":0,"isLongText":false,"visible":{"type":0,"list_id":0},"more_info_type":0,"content_auth":0,"edit_config":{"edited":false},"mblogtype":0,"bid":"yuouxf5Zp"},"show_type":0}],"showAppTips":0,"scheme":"sinaweibo:\/\/cardlist?containerid=1076031401527553&extparam=&luicode=10000011&lfid=&featurecode="}}