{"ok":1,"data":{"cardlistInfo":{"containerid":"1076031401527553","v_p":42,"show_style":1,"total":15518,"page":50},"cards":[{"card_type":9,"itemid":"1076031401527553_-_3469136254436784","scheme":"https:\/\/m.weibo.cn\/status\/yt0y5iCd2?mblogid=yt0y5iCd2&luicode=10000011&lfid=1076031401527553","mblog":{"created_at":"2012-07-18","id":"3469136254436784","idstr":"3469136254436784","mid":"3469136254436784","can_edit":false,"text":"\u56de\u590d<a href='https:\/\/m.weibo.cn\/n\/w_kruglinski'>@w_kruglinski<\/a>: \u518d\u600e\u4e48\u70ed\u8877\u7ef4\u62a4\u4e16\u754c\u548c\u5e73\u4e5f\u5f97\u5148\u987e\u81ea\u5df1\u3002\u81ea\u7531\u6d3e\u5bf9\u7f8e\u56fd\u5e94\u62b1\u7740\u4e92\u76f8\u5229\u7528\u3001\u4e89\u53d6\u53cc\u8d62\u7684\u5fc3\u6001\u3002\/\/<a href='https:\/\/m.weibo.cn\/n\/w_kruglinski'>@w_kruglinski<\/a>: \u2026\u2026\u7f8e\u56fd\u867d\u6709\u7ef4\u62a4\u4e16\u754c\u548c\u5e73\u7684\u610f\u613f\uff0c\u5374\u4e5f\u4f1a\u5728\u5173\u952e\u65f6\u5019\u6389\u94fe\u5b50\uff0c\u4e0d\u662f\u4e2a\u5b8c\u5168\u53ef\u4fe1\u7684\u5bb6\u4f19\uff0c\u5308\u7259\u5229\u5e03\u8fbe\u4f69\u65af\u548c\u53e4\u5df4\u732a\u6e7e\u7684\u90a3\u4e24\u9897\u88ab\u5f03\u6389\u7684\u68cb\u5b50\uff0c\u5f88\u60e8\uff01\u4f3c\u4e4e\u6ca1\u6709\u4eba\u80fd\u6551\u6211\u4eec\uff0c\u53ea\u6709\u81ea\u5df1\u52aa\u529b\u51fa","source":"\u5fae\u535a weibo.com","favorited":false,"is_paid":false,"mblog_vip_type":0,"user":{"id":1401527553,"screen_name":"tombkeeper","profile_image_url":"https:\/\/tva2.sinaimg.cn\/crop.0.0.180.180.180\/53899d01jw8fcb9qpe7vbj2050050mx8.jpg","profile_url":"https:\/\/m.weibo.cn\/u\/1401527553?uid=1401527553&luicode=10000011&lfid=1076031401527553","statuses_count":15425,"verified":true,"verified_type":0,"verified_type_ext":1,"verified_reason":"\u77e5\u540d\u4e92\u8054\u7f51\u8d44\u8baf\u535a\u4e3b","close_blue_v":false,"description":"\u5fae\u535a\u672c\u5730\u8d44\u8baf\u535a\u4e3b\uff08\u521a\u679c\u5e03\u62c9\u67f4\u7ef4\u5c14\uff09","gender":"m","mbtype":12,"urank":48,"mbrank":6,"follow_me":false,"following":false,"followers_count":192533,"follow_count":277,"cover_image_phone":"https:\/\/tva1.sinaimg.cn\/crop.0.0.640.640.640\/549d0121tw1egm1kjly3jj20hs0hsq4f.jpg","avatar_hd":"https:\/\/ww2.sinaimg.cn\/orj480\/53899d01jw8fcb9qpe7vbj2050050mx8.jpg","like":false,"like_me":false,"badge":{"bind_taobao":1,"dzwbqlx_2016":1,"follow_whitelist_video":1,"hongbao_2018":1}},"retweeted_status":{"created_at":"2012-07-18","id":"3469110610213777","idstr":"3469110610213777","mid":"3469110610213777","can_edit":false,"text":"\u542c\u8bf4\u534e\u76db\u987f\u5f00\u59cb\u5ba1\u8bae\u201cChina Democracy Promotion Act of 2011\u201d\uff08<a data-url=\"http:\/\/t.cn\/zWJWKtB\" target=\"_blank\" href=\"https:\/\/weibo.cn\/sinaurl\/blocked37ae2a15?luicode=10000011&lfid=1076031401527553&u=http%3A%2F%2Fwww.govtrack.us%2Fcongress%2Fbills%2F112%2Fhr2121&ep=ysZSJ0TC1%252C1401527553%252CysZSJ0TC1%252C1401527553\" class=\"\"><span class=\"url-icon\"><img src=\"\/\/h5.sinaimg.cn\/upload\/2015\/09\/25\/3\/timeline_card_small_web_default.png\"><\/span><\/i><span class=\"surl-text\">\u7f51\u9875\u94fe\u63a5<\/a>\uff09\u3002\u4e0d\u8fc7\u6ca1\u620f\uff0c\u94c1\u5b9a\u901a\u4e0d\u8fc7\uff0c\u592a\u6fc0\u8fdb\u4e86\u3002\u8fd9\u7c7b\u6cd5\u6848\u63d0\u51fa\u6765\u5c31\u6ca1\u6307\u671b\u901a\u8fc7\uff0c\u4e5f\u5c31\u6298\u817e\u4e00\u4e0b\uff0c\u8868\u660e\u81ea\u5df1\u7684\u5171\u548c\u515a\u539f\u6559\u65e8\u7acb\u573a\u3002\u4ee5\u524d\u90a3\u4e2a\u201cRussian Democracy Act of 2002\u201d\uff08<a data-url=\"http:\/\/t.cn\/zWJu4LK\" target=\"_blank\" href=\"https:\/\/weibo.cn\/sinaurl\/blockeddc2abbad?luicode=10000011&lfid=1076031401527553&u=http%3A%2F%2Fwww.govtrack.us%2Fcongress%2Fbills%2F107%2Fhr2121&ep=ysZSJ0TC1%252C1401527553%252CysZSJ0TC1%252C1401527553\" class=\"\"><span class=\"url-icon\"><img src=\"\/\/h5.sinaimg.cn\/upload\/2015\/09\/25\/3\/timeline_card_small_web_default.png\"><\/span><\/i><span class=\"surl-text\">\u7f51\u9875\u94fe\u63a5<\/a>\uff09\u5c31\u7406\u667a\u591a\u4e86\u3002 \u200b\u200b\u200b","source":"\u5fae\u535a weibo.com","favorited":false,"is_paid":false,"mblog_vip_type":0,"user":{"id":1401527553,"screen_name":"tombkeeper","profile_image_url":"https:\/\/tva2.sinaimg.cn\/crop.0.0.180.180.180\/53899d01jw8fcb9qpe7vbj2050050mx8.jpg","profile_url":"https:\/\/m.weibo.cn\/u\/1401527553?uid=1401527553&luicode=10000011&lfid=1076031401527553","statuses_count":15425,"verified":true,"verified_type":0,"verified_type_ext":1,"verified_reason":"\u77e5\u540d\u4e92\u8054\u7f51\u8d44\u8baf\u535a\u4e3b","close_blue_v":false,"description":"\u5fae\u535a\u672c\u5730\u8d44\u8baf\u535a\u4e3b\uff08\u521a\u679c\u5e03\u62c9\u67f4\u7ef4\u5c14\uff09","gender":"m","mbtype":12,"urank":48,"mbrank":6,"follow_me":false,"following":false,"followers_count":192533,"follow_count":277,"cover_image_phone":"https:\/\/tva1.sinaimg.cn\/crop.0.0.640.640.640\/549d0121tw1egm1kjly3jj20hs0hsq4f.jpg","avatar_hd":"https:\/\/ww2.sinaimg.cn\/orj480\/53899d01jw8fcb9qpe7vbj2050050mx8.jpg","like":false,"like_me":false,"badge":{"bind_taobao":1,"dzwbqlx_2016":1,"follow_whitelist_video":1,"hongbao_2018":1}},"reposts_count":4,"comments_count":3,"attitudes_count":0,"pending_approval_count":0,"isLongText":false,"visible":{"type":0,"list_id":0},"more_info_type":0,"content_auth":0,"edit_config":{"edited":false},"bid":"ysZSJ0TC1"},"reposts_count":2,"comments_count":0,"attitudes_count":0,"pending_approval_count":0,"isLongText":false,"visible":{"type":0,"list_id":0},"more_info_type":0,"content_auth":0,"edit_config":{"edited":false},"mblogtype":0,"obj_ext":"","raw_text":"\u56de\u590d@w_kruglinski: \u518d\u600e\u4e48\u70ed\u8877\u7ef4\u62a4\u4e16\u754c\u548c\u5e73\u4e5f\u5f97\u5148\u987e\u81ea\u5df1\u3002\u81ea\u7531\u6d3e\u5bf9\u7f8e\u56fd\u5e94\u62b1\u7740\u4e92\u76f8\u5229\u7528\u3001\u4e89\u53d6\u53cc\u8d62\u7684\u5fc3\u6001\u3002\/\/@w_kruglinski: \u2026\u2026\u7f8e\u56fd\u867d\u6709\u7ef4\u62a4\u4e16\u754c\u548c\u5e73\u7684\u610f\u613f\uff0c\u5374\u4e5f\u4f1a\u5728\u5173\u952e\u65f6\u5019\u6389\u94fe\u5b50\uff0c\u4e0d\u662f\u4e2a\u5b8c\u5168\u53ef\u4fe1\u7684\u5bb6\u4f19\uff0c\u5308\u7259\u5229\u5e03\u8fbe\u4f69\u65af\u548c\u53e4\u5df4\u732a\u6e7e\u7684\u90a3\u4e24\u9897\u88ab\u5f03\u6389\u7684\u68cb\u5b50\uff0c\u5f88\u60e8\uff01\u4f3c\u4e4e\u6ca1\u6709\u4eba\u80fd\u6551\u6211\u4eec\uff0c\u53ea\u6709\u81ea\u5df1\u52aa\u529b\u51fa","bid":"yt0y5iCd2"},"show_type":0},{"card_type":9,"itemid":"1076031401527553_-_3469110610213777","scheme":"https:\/\/m.weibo.cn\/status\/ysZSJ0TC1?mblogid=ysZSJ0TC1&luicode=10000011&lfid=1076031401527553","mblog":{"created_at":"2012-07-18","id":"3469110610213777","idstr":"3469110610213777","mid":"3469110610213777","can_edit":false,"text":"\u542c\u8bf4\u534e\u76db\u987f\u5f00\u59cb\u5ba1\u8bae\u201cChina Democracy Promotion Act of 2011\u201d\uff08<a data-url=\"http:\/\/t.cn\/zWJWKtB\" target=\"_blank\" href=\"https:\/\/weibo.cn\/sinaurl\/blocked37ae2a15?luicode=10000011&lfid=1076031401527553&u=http%3A%2F%2Fwww.govtrack.us%2Fcongress%2Fbills%2F112%2Fhr2121&ep=ysZSJ0TC1%252C1401527553%252CysZSJ0TC1%252C1401527553\" class=\"\"><span class=\"url-icon\"><img src=\"\/\/h5.sinaimg.cn\/upload\/2015\/09\/25\/3\/timeline_card_small_web_default.png\"><\/span><\/i><span class=\"surl-text\">\u7f51\u9875\u94fe\u63a5<\/a>\uff09\u3002\u4e0d\u8fc7\u6ca1\u620f\uff0c\u94c1\u5b9a\u901a\u4e0d\u8fc7\uff0c\u592a\u6fc0\u8fdb\u4e86\u3002\u8fd9\u7c7b\u6cd5\u6848\u63d0\u51fa\u6765\u5c31\u6ca1\u6307\u671b\u901a\u8fc7\uff0c\u4e5f\u5c31\u6298\u817e\u4e00\u4e0b\uff0c\u8868\u660e\u81ea\u5df1\u7684\u5171\u548c\u515a\u539f\u6559\u65e8\u7acb\u573a\u3002\u4ee5\u524d\u90a3\u4e2a\u201cRussian Democracy Act of 2002\u201d\uff08<a data-url=\"http:\/\/t.cn\/zWJu4LK\" target=\"_blank\" href=\"https:\/\/weibo.cn\/sinaurl\/blockeddc2abbad?luicode=10000011&lfid=1076031401527553&u=http%3A%2F%2Fwww.govtrack.us%2Fcongress%2Fbills%2F107%2Fhr2121&ep=ysZSJ0TC1%252C1401527553%252CysZSJ0TC1%252C1401527553\" class=\"\"><span class=\"url-icon\"><img src=\"\/\/h5.sinaimg.cn\/upload\/2015\/09\/25\/3\/timeline_card_small_web_default.png\"><\/span><\/i><span class=\"surl-text\">\u7f51\u9875\u94fe\u63a5<\/a>\uff09\u5c31\u7406\u667a\u591a\u4e86\u3002 \u200b\u200b\u200b","source":"\u5fae\u535a weibo.com","favorited":false,"is_paid":false,"mblog_vip_type":0,"user":{"id":1401527553,"screen_name":"tombkeeper","profile_image_url":"https:\/\/tva2.sinaimg.cn\/crop.0.0.180.180.180\/53899d01jw8fcb9qpe7vbj2050050mx8.jpg","profile_url":"https:\/\/m.weibo.cn\/u\/1401527553?uid=1401527553&luicode=10000011&lfid=1076031401527553","statuses_count":15425,"verified":true,"verified_type":0,"verified_type_ext":1,"verified_reason":"\u77e5\u540d\u4e92\u8054\u7f51\u8d44\u8baf\u535a\u4e3b","close_blue_v":false,"description":"\u5fae\u535a\u672c\u5730\u8d44\u8baf\u535a\u4e3b\uff08\u521a\u679c\u5e03\u62c9\u67f4\u7ef4\u5c14\uff09","gender":"m","mbtype":12,"urank":48,"mbrank":6,"follow_me":false,"following":false,"followers_count":192533,"follow_count":277,"cover_image_phone":"https:\/\/tva1.sinaimg.cn\/crop.0.0.640.640.640\/549d0121tw1egm1kjly3jj20hs0hsq4f.jpg","avatar_hd":"https:\/\/ww2.sinaimg.cn\/orj480\/53899d01jw8fcb9qpe7vbj2050050mx8.jpg","like":false,"like_me":false,"badge":{"bind_taobao":1,"dzwbqlx_2016":1,"follow_whitelist_video":1,"hongbao_2018":1}},"reposts_count":4,"comments_count":3,"attitudes_count":0,"pending_approval_count":0,"isLongText":false,"visible":{"type":0,"list_id":0},"more_info_type":0,"content_auth":0,"edit_config":{"edited":false},"mblogtype":0,"bid":"ysZSJ0TC1"},"show_type":0},{"card_type":9,"itemid":"1076031401527553_-_3468931228844542","scheme":"https:\/\/m.weibo.cn\/status\/ysVdoB6RU?mblogid=ysVdoB6RU&luicode=10000011&lfid=1076031401527553","mblog":{"created_at":"2012-07-18","id":"3468931228844542","idstr":"3468931228844542","mid":"3468931228844542","can_edit":false,"text":"\u56de\u590d<a href='https:\/\/m.weibo.cn\/n\/\u5c3c\u53e4\u62c9\u5361\u5e03\u5947\u8bfa\u5e93\u5179\u6d85\u4f50\u592b'>@\u5c3c\u53e4\u62c9\u5361\u5e03\u5947\u8bfa\u5e93\u5179\u6d85\u4f50\u592b<\/a>: \u4f4e\u667a\u5546\u662f\u76f8\u5bf9\u7684\u3002\u771f\u7279\u522b\u4f4e\u7684\uff0c\u4e5f\u7559\u4e0d\u4e0b\u6765\u3002 \u4fdd\u6301\u57fa\u56e0\u591a\u6837\u6027\u5bf9\u7269\u79cd\u6574\u4f53\u7684\u751f\u5b58\u662f\u6709\u4ef7\u503c\u7684\u3002\u8b6c\u5982\u67d0\u79cd\u50bb\u53ef\u80fd\u6bd4\u8f83\u8010\u7f3a\u6c34\uff0c\u8d76\u4e0a\u4e00\u4e2a\u65f1\u5e74\uff0c\u8fd9\u4e00\u5bb6\u50bb\u5c31\u628a\u90e8\u843d\u5ef6\u7eed\u4e0b\u53bb\u4e86\u3002","source":"\u5fae\u535a weibo.com","favorited":false,"is_paid":false,"mblog_vip_type":0,"user":{"id":1401527553,"screen_name":"tombkeeper","profile_image_url":"https:\/\/tva2.sinaimg.cn\/crop.0.0.180.180.180\/53899d01jw8fcb9qpe7vbj2050050mx8.jpg","profile_url":"https:\/\/m.weibo.cn\/u\/1401527553?uid=1401527553&luicode=10000011&lfid=1076031401527553","statuses_count":15425,"verified":true,"verified_type":0,"verified_type_ext":1,"verified_reason":"\u77e5\u540d\u4e92\u8054\u7f51\u8d44\u8baf\u535a\u4e3b","close_blue_v":false,"description":"\u5fae\u535a\u672c\u5730\u8d44\u8baf\u535a\u4e3b\uff08\u521a\u679c\u5e03\u62c9\u67f4\u7ef4\u5c14\uff09","gender":"m","mbtype":12,"urank":48,"mbrank":6,"follow_me":false,"following":false,"followers_count":192533,"follow_count":277,"cover_image_phone":"https:\/\/tva1.sinaimg.cn\/crop.0.0.640.640.640\/549d0121tw1egm1kjly3jj20hs0hsq4f.jpg","avatar_hd":"https:\/\/ww2.sinaimg.cn\/orj480\/53899d01jw8fcb9qpe7vbj2050050mx8.jpg","like":false,"like_me":false,"badge":{"bind_taobao":1,"dzwbqlx_2016":1,"follow_whitelist_video":1,"hongbao_2018":1}},"pid":3468908290199208,"retweeted_status":{"created_at":"2012-07-17","id":"3468826799089763","idstr":"3468826799089763","mid":"3468826799089763","can_edit":false,"text":"\u6765\u81ea\u300a\u949f\u578b\u66f2\u7ebf\u300b\u4e66\u4e2d\u7684\u4e00\u7ec4\u6570\u636e\uff0c\u7531\u5fc3\u7406\u5b66\u5bb6Richard J.Herrnstein\u548c\u653f\u7b56\u7814\u7a76\u4e13\u5bb6Charles Murray\u572820\u4e16\u7eaa90\u5e74\u4ee3\u521d\u8054\u624b\u63a8\u51fa\u3002 \u200b\u200b\u200b","source":"\u7f8e\u56fe\u79c0\u79c0","favorited":false,"thumbnail_pic":"http:\/\/ww4.sinaimg.cn\/thumbnail\/70d5d237jw1duzyd6jf5ej.jpg","bmiddle_pic":"http:\/\/ww4.sinaimg.cn\/bmiddle\/70d5d237jw1duzyd6jf5ej.jpg","original_pic":"http:\/\/ww4.sinaimg.cn\/large\/70d5d237jw1duzyd6jf5ej.jpg","is_paid":false,"mblog_vip_type":0,"user":{"id":1893061175,"screen_name":"\u95e8\u8428\u4e2d\u56fd\u5b98\u65b9\u5fae\u535a","profile_image_url":"https:\/\/tva3.sinaimg.cn\/crop.0.0.180.180.180\/70d5d237jw1e8qgp5bmzyj2050050aa8.jpg","profile_url":"https:\/\/m.weibo.cn\/u\/1893061175?uid=1893061175&luicode=10000011&lfid=1076031401527553","statuses_count":207,"verified":false,"verified_type":-1,"close_blue_v":false,"description":"\u95e8\u8428\u5b98\u65b9\u5fae\u535a\uff0c\u7531\u95e8\u8428\u524d\u4efb\u59d4\u5458\u4f1a\u90e8\u5206\u59d4\u5458\u53ca\u90e8\u5206\u4f1a\u5458\u5171\u540c\u6253\u7406\u3002","gender":"m","mbtype":0,"urank":9,"mbrank":0,"follow_me":false,"following":false,"followers_count":16653,"follow_count":160,"cover_image_phone":"https:\/\/tva1.sinaimg.cn\/crop.0.0.640.640.640\/549d0121tw1egm1kjly3jj20hs0hsq4f.jpg","avatar_hd":"https:\/\/ww3.sinaimg.cn\/orj480\/70d5d237jw1e8qgp5bmzyj2050050aa8.jpg","like":false,"like_me":false,"badge":{"user_name_certificate":1}},"reposts_count":290,"comments_count":61,"attitudes_count":7,"pending_approval_count":0,"isLongText":false,"visible":{"type":0,"list_id":0},"more_info_type":0,"content_auth":0,"edit_config":{"edited":false},"bid":"ysSuXC8F5","pics":[{"pid":"70d5d237jw1duzyd6jf5ej","url":"https:\/\/ww4.sinaimg.cn\/orj360\/70d5d237jw1duzyd6jf5ej.jpg","size":"orj360","geo":false,"large":{"size":"large","url":"https:\/\/ww4.sinaimg.cn\/large\/70d5d237jw1duzyd6jf5ej.jpg","geo":false}}]},"reposts_count":4,"comments_count":4,"attitudes_count":0,"pending_approval_count":0,"isLongText":false,"visible":{"type":0,"list_id":0},"more_info_type":0,"content_auth":0,"edit_config":{"edited":false},"mblogtype":0,"obj_ext":"","raw_text":"\u56de\u590d@\u5c3c\u53e4\u62c9\u5361\u5e03\u5947\u8bfa\u5e93\u5179\u6d85\u4f50\u592b: \u4f4e\u667a\u5546\u662f\u76f8\u5bf9\u7684\u3002\u771f\u7279\u522b\u4f4e\u7684\uff0c\u4e5f\u7559\u4e0d\u4e0b\u6765\u3002 \u4fdd\u6301\u57fa\u56e0\u591a\u6837\u6027\u5bf9\u7269\u79cd\u6574\u4f53\u7684\u751f\u5b58\u662f\u6709\u4ef7\u503c\u7684\u3002\u8b6c\u5982\u67d0\u79cd\u50bb\u53ef\u80fd\u6bd4\u8f83\u8010\u7f3a\u6c34\uff0c\u8d76\u4e0a\u4e00\u4e2a\u65f1\u5e74\uff0c\u8fd9\u4e00\u5bb6\u50bb\u5c31\u628a\u90e8\u843d\u5ef6\u7eed\u4e0b\u53bb\u4e86\u3002","bid":"ysVdoB6RU"},"show_type":0},{"card_type":9,"itemid":"1076031401527553_-_3468909602741009","scheme":"https:\/\/m.weibo.cn\/status\/ysUEwbv3P?mblogid=ysUEwbv3P&luicode=10000011&lfid=1076031401527553","mblog":{"created_at":"2012-07-17","id":"3468909602741009","idstr":"3468909602741009","mid":"3468909602741009","can_edit":false,"text":"\u7f8e\u519b\u7684\u6298\u53e0\u98de\u722a\uff0c\u597d\u50cf\u8981\u4e00\u767e\u591a\u7f8e\u5143\u3002 \u200b\u200b\u200b","source":"\u5fae\u535a weibo.com","favorited":false,"thumbnail_pic":"http:\/\/ww3.sinaimg.cn\/thumbnail\/53899d01gw1dv07rhuhakj.jpg","bmiddle_pic":"http:\/\/ww3.sinaimg.cn\/bmiddle\/53899d01gw1dv07rhuhakj.jpg","original_pic":"http:\/\/ww3.sinaimg.cn\/large\/53899d01gw1dv07rhuhakj.jpg","is_paid":false,"mblog_vip_type":0,"user":{"id":1401527553,"screen_name":"tombkeeper","profile_image_url":"https:\/\/tva2.sinaimg.cn\/crop.0.0.180.180.180\/53899d01jw8fcb9qpe7vbj2050050mx8.jpg","profile_url":"https:\/\/m.weibo.cn\/u\/1401527553?uid=1401527553&luicode=10000011&lfid=1076031401527553","statuses_count":15425,"verified":true,"verified_type":0,"verified_type_ext":1,"verified_reason":"\u77e5\u540d\u4e92\u8054\u7f51\u8d44\u8baf\u535a\u4e3b","close_blue_v":false,"description":"\u5fae\u535a\u672c\u5730\u8d44\u8baf\u535a\u4e3b\uff08\u521a\u679c\u5e03\u62c9\u67f4\u7ef4\u5c14\uff09","gender":"m","mbtype":12,"urank":48,"mbrank":6,"follow_me":false,"following":false,"followers_count":192533,"follow_count":277,"cover_image_phone":"https:\/\/tva1.sinaimg.cn\/crop.0.0.640.640.640\/549d0121tw1egm1kjly3jj20hs0hsq4f.jpg","avatar_hd":"https:\/\/ww2.sinaimg.cn\/orj480\/53899d01jw8fcb9qpe7vbj2050050mx8.jpg","like":false,"like_me":false,"badge":{"bind_taobao":1,"dzwbqlx_2016":1,"follow_whitelist_video":1,"hongbao_2018":1}},"reposts_count":2,"comments_count":15,"attitudes_count":0,"pending_approval_count":0,"isLongText":false,"visible":{"type":0,"list_id":0},"more_info_type":0,"content_auth":0,"edit_config":{"edited":false},"mblogtype":0,"bid":"ysUEwbv3P","pics":[{"pid":"53899d01gw1dv07rhuhakj","url":"https:\/\/ww3.sinaimg.cn\/orj360\/53899d01gw1dv07rhuhakj.jpg","size":"orj360","geo":false,"large":{"size":"large","url":"https:\/\/ww3.sinaimg.cn\/large\/53899d01gw1dv07rhuhakj.jpg","geo":false}}]},"show_type":0},{"card_type":9,"itemid":"1076031401527553_-_3468908290199208","scheme":"https:\/\/m.weibo.cn\/status\/ysUCp0PP2?mblogid=ysUCp0PP2&luicode=10000011&lfid=1076031401527553","mblog":{"created_at":"2012-07-17","id":"3468908290199208","idstr":"3468908290199208","mid":"3468908290199208","can_edit":false,"text":"\u8fd9\u79cd\u62b5\u6d88\u5e94\u8be5\u4e5f\u662f\u8fdb\u5316\u7684\u7ed3\u679c\u3002\u5982\u679c\u6ca1\u6709\u8fd9\u79cd\u7279\u6027\uff0c\u8868\u8fbe\u51fa\u4f4e\u667a\u5546\u7684\u90a3\u4e9b\u57fa\u56e0\u53ef\u80fd\u65e9\u5c31\u88ab\u6dd8\u6c70\u4e86\u3002 \/\/<a href='https:\/\/m.weibo.cn\/n\/ayawawa'>@ayawawa<\/a>: \u8fd9\u4e2a\u8bf4\u5f97\u6709\u7406\/\/<a href='https:\/\/m.weibo.cn\/n\/Ardennes'>@Ardennes<\/a>: \u9ad8\u667a\u5546\u57fa\u56e0\u5728\u5404\u65b9\u9762\u8868\u73b0\u51fa\u6765\u7684\u8fdb\u5316\u4f18\u52bf\uff0c\u88ab\u4e00\u4e2a\u7b2c\u4e09\u6761\u62b5\u6d88\u6b86\u5c3d\u3002","source":"\u5fae\u535a weibo.com","favorited":false,"is_paid":false,"mblog_vip_type":0,"user":{"id":1401527553,"screen_name":"tombkeeper","profile_image_url":"https:\/\/tva2.sinaimg.cn\/crop.0.0.180.180.180\/53899d01jw8fcb9qpe7vbj2050050mx8.jpg","profile_url":"https:\/\/m.weibo.cn\/u\/1401527553?uid=1401527553&luicode=10000011&lfid=1076031401527553","statuses_count":15425,"verified":true,"verified_type":0,"verified_type_ext":1,"verified_reason":"\u77e5\u540d\u4e92\u8054\u7f51\u8d44\u8baf\u535a\u4e3b","close_blue_v":false,"description":"\u5fae\u535a\u672c\u5730\u8d44\u8baf\u535a\u4e3b\uff08\u521a\u679c\u5e03\u62c9\u67f4\u7ef4\u5c14\uff09","gender":"m","mbtype":12,"urank":48,"mbrank":6,"follow_me":false,"following":false,"followers_count":192533,"follow_count":277,"cover_image_phone":"https:\/\/tva1.sinaimg.cn\/crop.0.0.640.640.640\/549d0121tw1egm1kjly3jj20hs0hsq4f.jpg","avatar_hd":"https:\/\/ww2.sinaimg.cn\/orj480\/53899d01jw8fcb9qpe7vbj2050050mx8.jpg","like":false,"like_me":false,"badge":{"bind_taobao":1,"dzwbqlx_2016":1,"follow_whitelist_video":1,"hongbao_2018":1}},"pid":3468906301433609,"retweeted_status":{"created_at":"2012-07-17","id":"3468826799089763","idstr":"3468826799089763","mid":"3468826799089763","can_edit":false,"text":"\u6765\u81ea\u300a\u949f\u578b\u66f2\u7ebf\u300b\u4e66\u4e2d\u7684\u4e00\u7ec4\u6570\u636e\uff0c\u7531\u5fc3\u7406\u5b66\u5bb6Richard J.Herrnstein\u548c\u653f\u7b56\u7814\u7a76\u4e13\u5bb6Charles Murray\u572820\u4e16\u7eaa90\u5e74\u4ee3\u521d\u8054\u624b\u63a8\u51fa\u3002 \u200b\u200b\u200b","source":"\u7f8e\u56fe\u79c0\u79c0","favorited":false,"thumbnail_pic":"http:\/\/ww4.sinaimg.cn\/thumbnail\/70d5d237jw1duzyd6jf5ej.jpg","bmiddle_pic":"http:\/\/ww4.sinaimg.cn\/bmiddle\/70d5d237jw1duzyd6jf5ej.jpg","original_pic":"http:\/\/ww4.sinaimg.cn\/large\/70d5d237jw1duzyd6jf5ej.jpg","is_paid":false,"mblog_vip_type":0,"user":{"id":1893061175,"screen_name":"\u95e8\u8428\u4e2d\u56fd\u5b98\u65b9\u5fae\u535a","profile_image_url":"https:\/\/tva3.sinaimg.cn\/crop.0.0.180.180.180\/70d5d237jw1e8qgp5bmzyj2050050aa8.jpg","profile_url":"https:\/\/m.weibo.cn\/u\/1893061175?uid=1893061175&luicode=10000011&lfid=1076031401527553","statuses_count":207,"verified":false,"verified_type":-1,"close_blue_v":false,"description":"\u95e8\u8428\u5b98\u65b9\u5fae\u535a\uff0c\u7531\u95e8\u8428\u524d\u4efb\u59d4\u5458\u4f1a\u90e8\u5206\u59d4\u5458\u53ca\u90e8\u5206\u4f1a\u5458\u5171\u540c\u6253\u7406\u3002","gender":"m","mbtype":0,"urank":9,"mbrank":0,"follow_me":false,"following":false,"followers_count":16653,"follow_count":160,"cover_image_phone":"https:\/\/tva1.sinaimg.cn\/crop.0.0.640.640.640\/549d0121tw1egm1kjly3jj20hs0hsq4f.jpg","avatar_hd":"https:\/\/ww3.sinaimg.cn\/orj480\/70d5d237jw1e8qgp5bmzyj2050050aa8.jpg","like":false,"like_me":false,"badge":{"user_name_certificate":1}},"reposts_count":290,"comments_count":61,"attitudes_count":7,"pending_approval_count":0,"isLongText":false,"visible":{"type":0,"list_id":0},"more_info_type":0,"content_auth":0,"edit_config":{"edited":false},"bid":"ysSuXC8F5","pics":[{"pid":"70d5d237jw1duzyd6jf5ej","url":"https:\/\/ww4.sinaimg.cn\/orj360\/70d5d237jw1duzyd6jf5ej.jpg","size":"orj360","geo":false,"large":{"size":"large","url":"https:\/\/ww4.sinaimg.cn\/large\/70d5d237jw1duzyd6jf5ej.jpg","geo":false}}]},"reposts_count":9,"comments_count":4,"attitudes_count":0,"pending_approval_count":0,"isLongText":false,"visible":{"type":0,"list_id":0},"more_info_type":0,"content_auth":0,"edit_config":{"edited":false},"mblogtype":0,"obj_ext":"","raw_text":"\u8fd9\u79cd\u62b5\u6d88\u5e94\u8be5\u4e5f\u662f\u8fdb\u5316\u7684\u7ed3\u679c\u3002\u5982\u679c\u6ca1\u6709\u8fd9\u79cd\u7279\u6027\uff0c\u8868\u8fbe\u51fa\u4f4e\u667a\u5546\u7684\u90a3\u4e9b\u57fa\u56e0\u53ef\u80fd\u65e9\u5c31\u88ab\u6dd8\u6c70\u4e86\u3002 \/\/@ayawawa: \u8fd9\u4e2a\u8bf4\u5f97\u6709\u7406\/\/@Ardennes: \u9ad8\u667a\u5546\u57fa\u56e0\u5728\u5404\u65b9\u9762\u8868\u73b0\u51fa\u6765\u7684\u8fdb\u5316\u4f18\u52bf\uff0c\u88ab\u4e00\u4e2a\u7b2c\u4e09\u6761\u62b5\u6d88\u6b86\u5c3d\u3002","bid":"ysUCp0PP2"},"show_type":0},{"card_type":9,"itemid":"1076031401527553_-_3468907077770019","scheme":"https:\/\/m.weibo.cn\/status\/ysUArwBkT?mblogid=ysUArwBkT&luicode=10000011&lfid=1076031401527553","mblog":{"created_at":"2012-07-17","id":"3468907077770019","idstr":"3468907077770019","mid":"3468907077770019","can_edit":false,"text":"\u5df2\u7ecf\u6709\u4eba\u731c\u51fa\u6765\u4e86\uff0c\u7b54\u6848\u662f\uff1a<a class='k' href='https:\/\/m.weibo.cn\/k\/%E8%AE%B8%E7%BA%AF%E7%BE%8E?from=feed'>#\u8bb8\u7eaf\u7f8e#<\/a>\u3002","source":"\u5fae\u535a weibo.com","favorited":false,"is_paid":false,"mblog_vip_type":0,"user":{"id":1401527553,"screen_name":"tombkeeper","profile_image_url":"https:\/\/tva2.sinaimg.cn\/crop.0.0.180.180.180\/53899d01jw8fcb9qpe7vbj2050050mx8.jpg","profile_url":"https:\/\/m.weibo.cn\/u\/1401527553?uid=1401527553&luicode=10000011&lfid=1076031401527553","statuses_count":15425,"verified":true,"verified_type":0,"verified_type_ext":1,"verified_reason":"\u77e5\u540d\u4e92\u8054\u7f51\u8d44\u8baf\u535a\u4e3b","close_blue_v":false,"description":"\u5fae\u535a\u672c\u5730\u8d44\u8baf\u535a\u4e3b\uff08\u521a\u679c\u5e03\u62c9\u67f4\u7ef4\u5c14\uff09","gender":"m","mbtype":12,"urank":48,"mbrank":6,"follow_me":false,"following":false,"followers_count":192533,"follow_count":277,"cover_image_phone":"https:\/\/tva1.sinaimg.cn\/crop.0.0.640.640.640\/549d0121tw1egm1kjly3jj20hs0hsq4f.jpg","avatar_hd":"https:\/\/ww2.sinaimg.cn\/orj480\/53899d01jw8fcb9qpe7vbj2050050mx8.jpg","like":false,"like_me":false,"badge":{"bind_taobao":1,"dzwbqlx_2016":1,"follow_whitelist_video":1,"hongbao_2018":1}},"retweeted_status":{"created_at":"2012-07-17","id":"3468901088353165","idstr":"3468901088353165","mid":"3468901088353165","can_edit":false,"text":"\u7761\u524d\u5a31\u4e50\uff1a\u97e9\u5bd2\u53bb\u53f0\u6e7e\u89c1\u4e86\u9a6c\u82f1\u4e5d\uff0c\u5982\u679c\u65b9\u821f\u5b50\u53bb\u53f0\u6e7e\u4f1a\u89c1\u8c01\uff1f \u200b\u200b\u200b","source":"\u5fae\u535a weibo.com","favorited":false,"is_paid":false,"mblog_vip_type":0,"user":{"id":1401527553,"screen_name":"tombkeeper","profile_image_url":"https:\/\/tva2.sinaimg.cn\/crop.0.0.180.180.180\/53899d01jw8fcb9qpe7vbj2050050mx8.jpg","profile_url":"https:\/\/m.weibo.cn\/u\/1401527553?uid=1401527553&luicode=10000011&lfid=1076031401527553","statuses_count":15425,"verified":true,"verified_type":0,"verified_type_ext":1,"verified_reason":"\u77e5\u540d\u4e92\u8054\u7f51\u8d44\u8baf\u535a\u4e3b","close_blue_v":false,"description":"\u5fae\u535a\u672c\u5730\u8d44\u8baf\u535a\u4e3b\uff08\u521a\u679c\u5e03\u62c9\u67f4\u7ef4\u5c14\uff09","gender":"m","mbtype":12,"urank":48,"mbrank":6,"follow_me":false,"following":false,"followers_count":192533,"follow_count":277,"cover_image_phone":"https:\/\/tva1.sinaimg.cn\/crop.0.0.640.640.640\/549d0121tw1egm1kjly3jj20hs0hsq4f.jpg","avatar_hd":"https:\/\/ww2.sinaimg.cn\/orj480\/53899d01jw8fcb9qpe7vbj2050050mx8.jpg","like":false,"like_me":false,"badge":{"bind_taobao":1,"dzwbqlx_2016":1,"follow_whitelist_video":1,"hongbao_2018":1}},"reposts_count":5,"comments_count":15,"attitudes_count":0,"pending_approval_count":0,"isLongText":false,"visible":{"type":0,"list_id":0},"more_info_type":0,"content_auth":0,"edit_config":{"edited":false},"bid":"ysUqMz32t"},"reposts_count":3,"comments_count":5,"attitudes_count":0,"pending_approval_count":0,"isLongText":false,"visible":{"type":0,"list_id":0},"more_info_type":0,"content_auth":0,"edit_config":{"edited":false},"mblogtype":0,"obj_ext":"","raw_text":"\u5df2\u7ecf\u6709\u4eba\u731c\u51fa\u6765\u4e86\uff0c\u7b54\u6848\u662f\uff1a#\u8bb8\u7eaf\u7f8e#\u3002","bid":"ysUArwBkT"},"show_type":0}],"showAppTips":0,"scheme":"sinaweibo:\/\/cardlist?containerid=1076031401527553&extparam=&luicode=10000011&lfid=&featurecode="}}