{"ok":1,"data":{"cardlistInfo":{"containerid":"1076031401527553","v_p":42,"show_style":1,"total":15518,"page":50},"cards":[{"card_type":9,"itemid":"1076031401527553_-_3467277267895707","scheme":"https:\/\/m.weibo.cn\/status\/ysebIx827?mblogid=ysebIx827&luicode=10000011&lfid=1076031401527553","mblog":{"created_at":"2012-07-13","id":"3467277267895707","idstr":"3467277267895707","mid":"3467277267895707","can_edit":false,"text":"\u534e\u5c14\u8857\u65e5\u62a5\uff1a\u7f8e\u56fd2010\u5e74\u7684\u79fb\u6c11\u4e2d\uff0c\u6765\u81ea\u4e9a\u6d32\u7684\u6700\u591a\uff0c\u536036%\uff1b\u8d85\u8fc7\u62c9\u7f8e\uff0831%\uff09\u3002 \u200b\u200b\u200b","source":"\u5fae\u535a weibo.com","favorited":false,"is_paid":false,"mblog_vip_type":0,"user":{"id":1401527553,"screen_name":"tombkeeper","profile_image_url":"https:\/\/tva2.sinaimg.cn\/crop.0.0.180.180.180\/53899d01jw8fcb9qpe7vbj2050050mx8.jpg","profile_url":"https:\/\/m.weibo.cn\/u\/1401527553?uid=1401527553&luicode=10000011&lfid=1076031401527553","statuses_count":15425,"verified":true,"verified_type":0,"verified_type_ext":1,"verified_reason":"\u77e5\u540d\u4e92\u8054\u7f51\u8d44\u8baf\u535a\u4e3b","close_blue_v":false,"description":"\u5fae\u535a\u672c\u5730\u8d44\u8baf\u535a\u4e3b\uff08\u521a\u679c\u5e03\u62c9\u67f4\u7ef4\u5c14\uff09","gender":"m","mbtype":12,"urank":48,"mbrank":6,"follow_me":false,"following":false,"followers_count":192533,"follow_count":277,"cover_image_phone":"https:\/\/tva1.sinaimg.cn\/crop.0.0.640.640.640\/549d0121tw1egm1kjly3jj20hs0hsq4f.jpg","avatar_hd":"https:\/\/ww2.sinaimg.cn\/orj480\/53899d01jw8fcb9qpe7vbj2050050mx8.jpg","like":false,"like_me":false,"badge":{"bind_taobao":1,"dzwbqlx_2016":1,"follow_whitelist_video":1,"hongbao_2018":1}},"reposts_count":0,"comments_count":1,"attitudes_count":0,"pending_approval_count":0,"isLongText":false,"visible":{"type":0,"list_id":0},"more_info_type":0,"content_auth":0,"edit_config":{"edited":false},"mblogtype":0,"bid":"ysebIx827"},"show_type":0},{"card_type":9,"itemid":"1076031401527553_-_3467266723236263","scheme":"https:\/\/m.weibo.cn\/status\/ysdUIdzTN?mblogid=ysdUIdzTN&luicode=10000011&lfid=1076031401527553","mblog":{"created_at":"2012-07-13","id":"3467266723236263","idstr":"3467266723236263","mid":"3467266723236263","can_edit":false,"text":"\u6084\u6084\u95ee\u5723\u50e7\uff0c\u5973\u513f\u7f8e\u4e0d\u7f8e\u3002\/\/<a href='https:\/\/m.weibo.cn\/n\/\u53ef\u60dc\u65e0\u58f0'>@\u53ef\u60dc\u65e0\u58f0<\/a>: \u2192_\u2192 \u2192_\u2192\/\/<a href='https:\/\/m.weibo.cn\/n\/\u9648\u4e2d'>@\u9648\u4e2d<\/a>: :\u2192_\u2192\/\/<a href='https:\/\/m.weibo.cn\/n\/\u6d77\u57c2\u7684\u98ce\u7b5d-\u5742\u4e0a\u4e4b\u4e91'>@\u6d77\u57c2\u7684\u98ce\u7b5d-\u5742\u4e0a\u4e4b\u4e91<\/a>: ABS131-\u5ef6\u53c3\u6cd5\u5e2b\u306e\u6212\u5f8b\u3092\u7834\u308a\u307e\u3059\u3068\u5973\u5b50\u9ad8\u6821\u751f\u306e\u4e0d\u502b\u611b.avi","source":"\u5fae\u535a weibo.com","favorited":false,"is_paid":false,"mblog_vip_type":0,"user":{"id":1401527553,"screen_name":"tombkeeper","profile_image_url":"https:\/\/tva2.sinaimg.cn\/crop.0.0.180.180.180\/53899d01jw8fcb9qpe7vbj2050050mx8.jpg","profile_url":"https:\/\/m.weibo.cn\/u\/1401527553?uid=1401527553&luicode=10000011&lfid=1076031401527553","statuses_count":15425,"verified":true,"verified_type":0,"verified_type_ext":1,"verified_reason":"\u77e5\u540d\u4e92\u8054\u7f51\u8d44\u8baf\u535a\u4e3b","close_blue_v":false,"description":"\u5fae\u535a\u672c\u5730\u8d44\u8baf\u535a\u4e3b\uff08\u521a\u679c\u5e03\u62c9\u67f4\u7ef4\u5c14\uff09","gender":"m","mbtype":12,"urank":48,"mbrank":6,"follow_me":false,"following":false,"followers_count":192533,"follow_count":277,"cover_image_phone":"https:\/\/tva1.sinaimg.cn\/crop.0.0.640.640.640\/549d0121tw1egm1kjly3jj20hs0hsq4f.jpg","avatar_hd":"https:\/\/ww2.sinaimg.cn\/orj480\/53899d01jw8fcb9qpe7vbj2050050mx8.jpg","like":false,"like_me":false,"badge":{"bind_taobao":1,"dzwbqlx_2016":1,"follow_whitelist_video":1,"hongbao_2018":1}},"pid":3467266156449695,"retweeted_status":{"created_at":"2012-07-05","id":"3464485010537312","idstr":"3464485010537312","mid":"3464485010537312","can_edit":false,"text":"\u653e\u5927\u56fe\u4e86\uff0c<a href='https:\/\/m.weibo.cn\/n\/\u5ef6\u53c2\u6cd5\u5e08'>@\u5ef6\u53c2\u6cd5\u5e08<\/a> \u771f\u7684\u975e\u5e38\u548c\u853c\uff0c\u4e00\u76f4\u5728\u540e\u53f0\u8bb2\u5bf9\u5f85\u4eba\u751f\u7684\u6001\u5ea6\uff0c\u771f\u7684\u9886\u6559\u5230\u4e86\u5f88\u591a\u5f88\u591a\u3002 \u200b\u200b\u200b","source":"\u5fae\u535a weibo.com","favorited":false,"thumbnail_pic":"http:\/\/ww4.sinaimg.cn\/thumbnail\/841bd707gw1dum3mmjxe4j.jpg","bmiddle_pic":"http:\/\/ww4.sinaimg.cn\/bmiddle\/841bd707gw1dum3mmjxe4j.jpg","original_pic":"http:\/\/ww4.sinaimg.cn\/large\/841bd707gw1dum3mmjxe4j.jpg","is_paid":false,"mblog_vip_type":0,"user":{"id":2216417031,"screen_name":"\u6843\u5b9d","profile_image_url":"https:\/\/tvax4.sinaimg.cn\/crop.0.4.750.750.180\/841bd707ly8ffemcant97j20ku0l2ta7.jpg","profile_url":"https:\/\/m.weibo.cn\/u\/2216417031?uid=2216417031&luicode=10000011&lfid=1076031401527553","statuses_count":10179,"verified":true,"verified_type":0,"verified_type_ext":0,"verified_reason":"\u58f0\u4f18\uff0c\u6f14\u5458\uff0c\u4e3b\u6301\u4eba\uff0cCoser\uff0c\u300a\u6211\u53ebMT\u300b\u8840\u7cbe\u7075\u6cd5\u5e08\u914d\u97f3 \u77e5\u540d\u6e38\u620f\u535a\u4e3b","close_blue_v":false,"description":"\u516c\u5171\u5fae\u4fe1\uff1awoshitaobao \u96f6\u98df\u5e97\uff1ahttp:\/\/chitb.taobao.com \u7231\u914d\u97f3\u7231\u6e38\u620f\u7684\u5317\u4eac\u5927\u599e\u513f\uff01\u5408\u4f5c\u8054\u7cfb\u5fae\u4fe1\uff1a1277763441","gender":"f","mbtype":12,"urank":48,"mbrank":7,"follow_me":false,"following":false,"followers_count":348913,"follow_count":1694,"cover_image_phone":"https:\/\/tva1.sinaimg.cn\/crop.0.0.640.640.640\/9d44112bjw1f1xl1c10tuj20hs0hs0tw.jpg","avatar_hd":"https:\/\/wx4.sinaimg.cn\/orj480\/841bd707ly8ffemcant97j20ku0l2ta7.jpg","like":false,"like_me":false,"badge":{"dzwbqlx_2016":1,"follow_whitelist_video":1,"lol_gm_2017":1,"hongbao_2018":1}},"reposts_count":11294,"comments_count":1467,"attitudes_count":236,"pending_approval_count":0,"isLongText":false,"visible":{"type":0,"list_id":0},"more_info_type":0,"content_auth":0,"edit_config":{"edited":false},"bid":"yr3y52fMk","pics":[{"pid":"841bd707gw1dum3mmjxe4j","url":"https:\/\/ww4.sinaimg.cn\/orj360\/841bd707gw1dum3mmjxe4j.jpg","size":"orj360","geo":false,"large":{"size":"large","url":"https:\/\/ww4.sinaimg.cn\/large\/841bd707gw1dum3mmjxe4j.jpg","geo":false}}]},"reposts_count":36,"comments_count":11,"attitudes_count":0,"pending_approval_count":0,"isLongText":false,"visible":{"type":0,"list_id":0},"more_info_type":0,"content_auth":0,"edit_config":{"edited":false},"mblogtype":0,"obj_ext":"","raw_text":"\u6084\u6084\u95ee\u5723\u50e7\uff0c\u5973\u513f\u7f8e\u4e0d\u7f8e\u3002\/\/@\u53ef\u60dc\u65e0\u58f0: \u2192_\u2192 \u2192_\u2192\/\/@\u9648\u4e2d: :\u2192_\u2192\/\/@\u6d77\u57c2\u7684\u98ce\u7b5d-\u5742\u4e0a\u4e4b\u4e91: ABS131-\u5ef6\u53c3\u6cd5\u5e2b\u306e\u6212\u5f8b\u3092\u7834\u308a\u307e\u3059\u3068\u5973\u5b50\u9ad8\u6821\u751f\u306e\u4e0d\u502b\u611b.avi","bid":"ysdUIdzTN"},"show_type":0},{"card_type":9,"itemid":"1076031401527553_-_3467263367607710","scheme":"https:\/\/m.weibo.cn\/status\/ysdPivV70?mblogid=ysdPivV70&luicode=10000011&lfid=1076031401527553","mblog":{"created_at":"2012-07-13","id":"3467263367607710","idstr":"3467263367607710","mid":"3467263367607710","can_edit":false,"text":"<a class='k' href='https:\/\/m.weibo.cn\/k\/%E7%A7%91%E5%AD%A6%E5%AE%B6%E5%85%AB%E5%8D%A6?from=feed'>#\u79d1\u5b66\u5bb6\u516b\u5366#<\/a> \u7b2c\u8c37\u662f\u8fd1\u4ee3\u5929\u6587\u5b66\u7684\u5960\u57fa\u4eba\u3002\u5e74\u8f7b\u65f6\u548c\u540c\u5b66\u4e89\u6570\u5b66\u95ee\u9898\u4e89\u5230\u51b3\u6597\uff0c\u88ab\u4eba\u4e00\u5251\u524a\u4e86\u9f3b\u5b50\uff0c\u540e\u6765\u81ea\u5df1\u505a\u4e86\u4e2a\u5047\u9f3b\u5b50\u7c98\u4e0a\u3002\u90a3\u4e1c\u897f\u54ea\u513f\u7c98\u5f97\u7262\u554a\uff0c\u6240\u4ee5\u8eab\u4e0a\u603b\u5f97\u5e26\u74f6\u80f6\uff0c\u968f\u65f6\u6389\u4e0b\u6765\u968f\u65f6\u7c98\u3002\u665a\u5e74\u53bb\u4eba\u5bb6\u91cc\u5403\u996d\uff0c\u60f3\u65b9\u4fbf\u4f46\u6015\u4e2d\u9014\u79bb\u5e2d\u4e0d\u793c\u8c8c\uff0c\u6700\u540e\u88ab\u5c3f\u618b\u6b7b\u30021901\u5e74\uff0c\u8003\u53e4\u5b66\u5bb6\u6253\u5f00\u4ed6\u7684\u5893\u4e00\u770b\uff0c\u4eba\u5df2\u673d\uff0c\u9f3b\u8fd8\u5728\u3002 \u200b\u200b\u200b","source":"\u5fae\u535a weibo.com","favorited":false,"is_paid":false,"mblog_vip_type":0,"user":{"id":1401527553,"screen_name":"tombkeeper","profile_image_url":"https:\/\/tva2.sinaimg.cn\/crop.0.0.180.180.180\/53899d01jw8fcb9qpe7vbj2050050mx8.jpg","profile_url":"https:\/\/m.weibo.cn\/u\/1401527553?uid=1401527553&luicode=10000011&lfid=1076031401527553","statuses_count":15425,"verified":true,"verified_type":0,"verified_type_ext":1,"verified_reason":"\u77e5\u540d\u4e92\u8054\u7f51\u8d44\u8baf\u535a\u4e3b","close_blue_v":false,"description":"\u5fae\u535a\u672c\u5730\u8d44\u8baf\u535a\u4e3b\uff08\u521a\u679c\u5e03\u62c9\u67f4\u7ef4\u5c14\uff09","gender":"m","mbtype":12,"urank":48,"mbrank":6,"follow_me":false,"following":false,"followers_count":192533,"follow_count":277,"cover_image_phone":"https:\/\/tva1.sinaimg.cn\/crop.0.0.640.640.640\/549d0121tw1egm1kjly3jj20hs0hsq4f.jpg","avatar_hd":"https:\/\/ww2.sinaimg.cn\/orj480\/53899d01jw8fcb9qpe7vbj2050050mx8.jpg","like":false,"like_me":false,"badge":{"bind_taobao":1,"dzwbqlx_2016":1,"follow_whitelist_video":1,"hongbao_2018":1}},"reposts_count":10,"comments_count":5,"attitudes_count":0,"pending_approval_count":0,"isLongText":false,"visible":{"type":0,"list_id":0},"more_info_type":0,"content_auth":0,"edit_config":{"edited":false},"mblogtype":0,"page_info":{"page_pic":{"url":"https:\/\/ww1.sinaimg.cn\/thumb180\/74f67c55jw9exyifnfgrcj2050050aa0.jpg"},"page_url":"https:\/\/m.weibo.cn\/p\/index?containerid=100808fd854b6db532b0509ab807754daeea4d&extparam=%E7%A7%91%E5%AD%A6%E5%AE%B6%E5%85%AB%E5%8D%A6&luicode=10000011&lfid=1076031401527553","page_title":"#\u79d1\u5b66\u5bb6\u516b\u5366#","content1":"","content2":"","type":"topic"},"bid":"ysdPivV70"},"show_type":0},{"card_type":9,"itemid":"1076031401527553_-_3467104290585971","scheme":"https:\/\/m.weibo.cn\/status\/ys9GJ2sr9?mblogid=ys9GJ2sr9&luicode=10000011&lfid=1076031401527553","mblog":{"created_at":"2012-07-12","id":"3467104290585971","idstr":"3467104290585971","mid":"3467104290585971","can_edit":false,"text":"\/\/<a href='https:\/\/m.weibo.cn\/n\/\u9a6c\u4f2f\u5eb8'>@\u9a6c\u4f2f\u5eb8<\/a>: \u524d\u4e24\u5929\u770b\u4e86\u4e2a\u5c0f\u59d1\u5a18\u7684\u5fae\u535a\u81ea\u53d9\uff0c\u8bf4\u5979\u4e00\u51fa\u5927\u671b\u8def\u5730\u94c1\u5c31\u88ab\u964c\u751f\u7537\u5b50\u62e6\u4f4f\uff0c\u53e3\u79f0\u4f60\u600e\u4e48\u624d\u6765\uff0c\u4e0a\u53bb\u5c31\u8981\u62c9\u5979\u8d70\uff0c\u9669\u906d\u4e0d\u6d4b\u3002\u5f53\u65f6\u6211\u542c\u4e86\u8fd8\u5c06\u4fe1\u5c06\u7591\uff0c\u73b0\u5728\u770b\u5230\u81ea\u5df1\u540c\u4e8b\u5bb6\u4eba\u4e5f\u78b0\u5230\u7c7b\u4f3c\u7684\u4e8b\uff0c\u987f\u89c9\u6709\u4e9b\u609a\u7136\u3002\u5802\u5802\u5e1d\u90fd\uff0c\u6717\u6717\u4e7e\u5764\uff0c\u5927\u5bb6\u90fd\u8981\u5c0f\u5fc3\u554a\u3002<a href='https:\/\/m.weibo.cn\/n\/\u5e73\u5b89\u5317\u4eac'>@\u5e73\u5b89\u5317\u4eac<\/a>","source":"\u5fae\u535a weibo.com","favorited":false,"is_paid":false,"mblog_vip_type":0,"user":{"id":1401527553,"screen_name":"tombkeeper","profile_image_url":"https:\/\/tva2.sinaimg.cn\/crop.0.0.180.180.180\/53899d01jw8fcb9qpe7vbj2050050mx8.jpg","profile_url":"https:\/\/m.weibo.cn\/u\/1401527553?uid=1401527553&luicode=10000011&lfid=1076031401527553","statuses_count":15425,"verified":true,"verified_type":0,"verified_type_ext":1,"verified_reason":"\u77e5\u540d\u4e92\u8054\u7f51\u8d44\u8baf\u535a\u4e3b","close_blue_v":false,"description":"\u5fae\u535a\u672c\u5730\u8d44\u8baf\u535a\u4e3b\uff08\u521a\u679c\u5e03\u62c9\u67f4\u7ef4\u5c14\uff09","gender":"m","mbtype":12,"urank":48,"mbrank":6,"follow_me":false,"following":false,"followers_count":192533,"follow_count":277,"cover_image_phone":"https:\/\/tva1.sinaimg.cn\/crop.0.0.640.640.640\/549d0121tw1egm1kjly3jj20hs0hsq4f.jpg","avatar_hd":"https:\/\/ww2.sinaimg.cn\/orj480\/53899d01jw8fcb9qpe7vbj2050050mx8.jpg","like":false,"like_me":false,"badge":{"bind_taobao":1,"dzwbqlx_2016":1,"follow_whitelist_video":1,"hongbao_2018":1}},"pid":3467103757302780,"retweeted_status":{"created_at":"2012-07-12","id":"3467102247470619","idstr":"3467102247470619","mid":"3467102247470619","can_edit":false,"text":"\u677e\u6986\u91cc\u60ca\u9b42\u60c5\u666f\u518d\u73b0\uff1a\u4eca\u5929\u4e0b\u53483\uff1a30\u5de6\u53f3\uff0c\u8001\u5988\u5728\u671d\u9633\u533a\u677e\u6986\u91cc\u4e0b\u8f66\uff0c\u8d70\u5230\u4eac\u5ba2\u9686\u9644\u8fd1\uff0c\u7a81\u7136\u88ab\u4e00\u964c\u751f\u7537\u5b50\u622a\u4f4f\uff0c\u90a3\u7537\u7684\u51b2\u6211\u5988\u558a\uff1a\u300c\u521a\u624d\u90a3\u8001\u592a\u592a\u7ed9\u4f60\u7684100\u5757\u94b1\u5462\uff1f\uff01\u300d\u8fb9\u558a\u8fb9\u626f\u6211\u5988\u7684\u80cc\u5305\uff0c\u540e\u976210\u51e0\u7c73\u5904\u8fd8\u6709\u4fe9\u540c\u4f19\u5954\u6765\u3002\u5e78\u4e8f\u8001\u5988\u53cd\u5e94\u5feb\uff0c\u8d76\u7d27\u8dd1\u5230\u9a6c\u8def\u5bf9\u9762\uff0c\u558a\u6765\u4e86\u8def\u4eba\u56f4\u89c2\uff0c\u90a3\u4ee8\u7537\u5b50\u624d\u6563\u53bb\u3002\u6050\u6016\uff0c\u540e\u6015\uff01 \u200b\u200b\u200b","source":"iPhone\u5ba2\u6237\u7aef","favorited":false,"is_paid":false,"mblog_vip_type":0,"user":{"id":2062820421,"screen_name":"\u732b\u5c3e\u8349\u5728\u7eff\u6d32","profile_image_url":"https:\/\/tva4.sinaimg.cn\/crop.0.0.180.180.180\/7af42445jw1e8qgp5bmzyj2050050aa8.jpg","profile_url":"https:\/\/m.weibo.cn\/u\/2062820421?uid=2062820421&luicode=10000011&lfid=1076031401527553","statuses_count":2697,"verified":false,"verified_type":220,"close_blue_v":false,"description":"\u732b\u5c3e\u5df4\u8349\u4e0d\u662f\u8349","gender":"f","mbtype":0,"urank":24,"mbrank":0,"follow_me":false,"following":false,"followers_count":492,"follow_count":344,"cover_image_phone":"https:\/\/tva2.sinaimg.cn\/crop.0.0.640.640.640\/a1d3feabjw1ecassls6b2j20hs0hsq50.jpg","avatar_hd":"https:\/\/ww4.sinaimg.cn\/orj480\/7af42445jw1e8qgp5bmzyj2050050aa8.jpg","like":false,"like_me":false,"badge":{"bind_taobao":1,"unread_pool":1,"unread_pool_ext":1}},"reposts_count":3089,"comments_count":260,"attitudes_count":10,"pending_approval_count":0,"isLongText":false,"visible":{"type":0,"list_id":0},"more_info_type":0,"content_auth":0,"edit_config":{"edited":false},"bid":"ys9DqvlrR"},"reposts_count":28,"comments_count":7,"attitudes_count":0,"pending_approval_count":0,"isLongText":false,"visible":{"type":0,"list_id":0},"more_info_type":0,"content_auth":0,"edit_config":{"edited":false},"mblogtype":0,"obj_ext":"","raw_text":"\/\/@\u9a6c\u4f2f\u5eb8: \u524d\u4e24\u5929\u770b\u4e86\u4e2a\u5c0f\u59d1\u5a18\u7684\u5fae\u535a\u81ea\u53d9\uff0c\u8bf4\u5979\u4e00\u51fa\u5927\u671b\u8def\u5730\u94c1\u5c31\u88ab\u964c\u751f\u7537\u5b50\u62e6\u4f4f\uff0c\u53e3\u79f0\u4f60\u600e\u4e48\u624d\u6765\uff0c\u4e0a\u53bb\u5c31\u8981\u62c9\u5979\u8d70\uff0c\u9669\u906d\u4e0d\u6d4b\u3002\u5f53\u65f6\u6211\u542c\u4e86\u8fd8\u5c06\u4fe1\u5c06\u7591\uff0c\u73b0\u5728\u770b\u5230\u81ea\u5df1\u540c\u4e8b\u5bb6\u4eba\u4e5f\u78b0\u5230\u7c7b\u4f3c\u7684\u4e8b\uff0c\u987f\u89c9\u6709\u4e9b\u609a\u7136\u3002\u5802\u5802\u5e1d\u90fd\uff0c\u6717\u6717\u4e7e\u5764\uff0c\u5927\u5bb6\u90fd\u8981\u5c0f\u5fc3\u554a\u3002@\u5e73\u5b89\u5317\u4eac","bid":"ys9GJ2sr9"},"show_type":0},{"card_type":9,"itemid":"1076031401527553_-_3466936636124747","scheme":"https:\/\/m.weibo.cn\/status\/ys5kjpHkf?mblogid=ys5kjpHkf&luicode=10000011&lfid=1076031401527553","mblog":{"created_at":"2012-07-12","id":"3466936636124747","idstr":"3466936636124747","mid":"3466936636124747","can_edit":false,"text":"\u8fd9\u662fFBI\u5b98\u65b9\u7f51\u7ad9\u4e0a\u89e3\u5bc6\u7684UFO\u6863\u6848\uff1a<a data-url=\"http:\/\/t.cn\/zWfm21W\" target=\"_blank\" href=\"https:\/\/weibo.cn\/sinaurl\/blocked0ed45e3a?luicode=10000011&lfid=1076031401527553&u=http%3A%2F%2Fvault.fbi.gov%2Funexplained-phenomenon%2F&ep=ys5kjpHkf%252C1401527553%252Cys5iT20oR%252C1642632622\" class=\"\"><span class=\"url-icon\"><img src=\"\/\/h5.sinaimg.cn\/upload\/2015\/09\/25\/3\/timeline_card_small_web_default.png\"><\/span><\/i><span class=\"surl-text\">\u7f51\u9875\u94fe\u63a5<\/a>\u3002 \/\/<a href='https:\/\/m.weibo.cn\/n\/\u6881\u4f1f_Pyth0N'>@\u6881\u4f1f_Pyth0N<\/a>: \u8f6c\u53d1\u5fae\u535a","source":"\u5fae\u535a weibo.com","favorited":false,"is_paid":false,"mblog_vip_type":0,"user":{"id":1401527553,"screen_name":"tombkeeper","profile_image_url":"https:\/\/tva2.sinaimg.cn\/crop.0.0.180.180.180\/53899d01jw8fcb9qpe7vbj2050050mx8.jpg","profile_url":"https:\/\/m.weibo.cn\/u\/1401527553?uid=1401527553&luicode=10000011&lfid=1076031401527553","statuses_count":15425,"verified":true,"verified_type":0,"verified_type_ext":1,"verified_reason":"\u77e5\u540d\u4e92\u8054\u7f51\u8d44\u8baf\u535a\u4e3b","close_blue_v":false,"description":"\u5fae\u535a\u672c\u5730\u8d44\u8baf\u535a\u4e3b\uff08\u521a\u679c\u5e03\u62c9\u67f4\u7ef4\u5c14\uff09","gender":"m","mbtype":12,"urank":48,"mbrank":6,"follow_me":false,"following":false,"followers_count":192533,"follow_count":277,"cover_image_phone":"https:\/\/tva1.sinaimg.cn\/crop.0.0.640.640.640\/549d0121tw1egm1kjly3jj20hs0hsq4f.jpg","avatar_hd":"https:\/\/ww2.sinaimg.cn\/orj480\/53899d01jw8fcb9qpe7vbj2050050mx8.jpg","like":false,"like_me":false,"badge":{"bind_taobao":1,"dzwbqlx_2016":1,"follow_whitelist_video":1,"hongbao_2018":1}},"pid":3466935868394333,"retweeted_status":{"created_at":"2012-07-12","id":"3466935750478197","idstr":"3466935750478197","mid":"3466935750478197","can_edit":false,"text":"\u82f1\u56fd\u653f\u5e9c12\u65e5\u516c\u5e03\u7b2c\u4e5d\u6279UFO\u7edd\u5bc6\u6863\u6848\uff0c\u8bb0\u5f55\u4e86\u8fc7\u53bb30\u5e74UFO\u7814\u7a76\u60c5\u51b5\uff0c\u82f1\u56fd\u9632\u90e8\u8981\u6c42\u8c28\u614e\u5bf9\u5f85\u3002\u6587\u4ef6\u62ab\u9732\uff1a1999\u5e74\u8db3\u603b\u676f1\/4\u51b3\u8d5b\u66fc\u8054\u5bf9\u5207\u5c14\u897f\u65f6\uff0c\u4e00\u540d\u9a91\u8b66\u62a5\u544a\u53d1\u73b0\u4e0d\u660e\u7269\u4f53\u5728\u7a7a\u4e2d\u79fb\u52a8\u5e76\u6539\u53d8\u5f62\u72b6\uff1b\u62a5\u544a\u663e\u793a\u5a01\u5c14\u58eb\u6709\u4eba\u66fe\u58f0\u79f0\u76ee\u51fb\u4e24\u4e2a\u9ad8\u4e2a\u94f6\u88c5\u201c\u65e0\u8138\u4eba\u201d\uff0c\u6797\u80af\u90e1\u66fe\u51fa\u73b03\u4e2a\u9ad8\u4e2a\u201c\u9ed1\u8863\u4eba\u201d\u3002<a data-url=\"http:\/\/t.cn\/zWfHoCy\" href=\"http:\/\/tech.sina.com.cn\/d\/2012-07-12\/10177380102.shtml?luicode=10000011&lfid=1076031401527553&ep=ys5iT20oR%252C1642632622%252Cys5iT20oR%252C1642632622\" data-hide=\"\"><span class=\"url-icon\"><img src=\"\/\/h5.sinaimg.cn\/upload\/2015\/09\/25\/3\/timeline_card_small_web_default.png\"><\/span><\/i><span class=\"surl-text\">\u7f51\u9875\u94fe\u63a5<\/a> \u200b\u200b\u200b","source":"\u5fae\u535a weibo.com","favorited":false,"thumbnail_pic":"http:\/\/ww3.sinaimg.cn\/thumbnail\/61e895aejw1dutx2jl4kaj.jpg","bmiddle_pic":"http:\/\/ww3.sinaimg.cn\/bmiddle\/61e895aejw1dutx2jl4kaj.jpg","original_pic":"http:\/\/ww3.sinaimg.cn\/large\/61e895aejw1dutx2jl4kaj.jpg","is_paid":false,"mblog_vip_type":0,"user":{"id":1642632622,"screen_name":"\u79d1\u5b66\u63a2\u7d22","profile_image_url":"https:\/\/tvax4.sinaimg.cn\/crop.0.0.750.750.180\/61e895aely8fop9awpv2oj20ku0kuwfk.jpg","profile_url":"https:\/\/m.weibo.cn\/u\/1642632622?uid=1642632622&luicode=10000011&lfid=1076031401527553","statuses_count":17724,"verified":true,"verified_type":3,"verified_type_ext":0,"verified_reason":"\u65b0\u6d6a\u79d1\u6280\u65d7\u4e0b\u8d26\u53f7\uff0c\u63d0\u4f9b\u6700\u65b0\u7684\u79d1\u5b66\u65b0\u95fb\uff0c\u7cbe\u5f69\u7684\u9707\u64bc\u56fe\u7247","close_blue_v":false,"description":"\u65b0\u6d6a\u79d1\u6280\u65d7\u4e0b\u8d26\u53f7\uff0c\u63d0\u4f9b\u6700\u65b0\u7684\u79d1\u5b66\u65b0\u95fb\uff0c\u7cbe\u5f69\u7684\u9707\u64bc\u56fe\u7247\u3002","gender":"m","mbtype":12,"urank":39,"mbrank":4,"follow_me":false,"following":false,"followers_count":7491694,"follow_count":427,"cover_image_phone":"https:\/\/wx1.sinaimg.cn\/crop.0.0.640.640.640\/61e895aely1figwtzblrdj20ku0ku0tp.jpg","avatar_hd":"https:\/\/wx4.sinaimg.cn\/orj480\/61e895aely8fop9awpv2oj20ku0kuwfk.jpg","like":false,"like_me":false,"badge":{"dzwbqlx_2016":1,"follow_whitelist_video":1,"hongbao_2018":1}},"reposts_count":112,"comments_count":42,"attitudes_count":0,"pending_approval_count":0,"isLongText":false,"visible":{"type":0,"list_id":0},"more_info_type":0,"content_auth":0,"edit_config":{"edited":false},"bid":"ys5iT20oR","pics":[{"pid":"61e895aejw1dutx2jl4kaj","url":"https:\/\/ww3.sinaimg.cn\/orj360\/61e895aejw1dutx2jl4kaj.jpg","size":"orj360","geo":false,"large":{"size":"large","url":"https:\/\/ww3.sinaimg.cn\/large\/61e895aejw1dutx2jl4kaj.jpg","geo":false}}]},"reposts_count":4,"comments_count":3,"attitudes_count":0,"pending_approval_count":0,"isLongText":false,"visible":{"type":0,"list_id":0},"more_info_type":0,"content_auth":0,"edit_config":{"edited":false},"mblogtype":0,"obj_ext":"","raw_text":"\u8fd9\u662fFBI\u5b98\u65b9\u7f51\u7ad9\u4e0a\u89e3\u5bc6\u7684UFO\u6863\u6848\uff1ahttp:\/\/t.cn\/zWfm21W\u3002 \/\/@\u6881\u4f1f_Pyth0N: \u8f6c\u53d1\u5fae\u535a","bid":"ys5kjpHkf"},"show_type":0},{"card_type":9,"itemid":"1076031401527553_-_3466915256845117","scheme":"https:\/\/m.weibo.cn\/status\/ys4LPsIJ7?mblogid=ys4LPsIJ7&luicode=10000011&lfid=1076031401527553","mblog":{"created_at":"2012-07-12","id":"3466915256845117","idstr":"3466915256845117","mid":"3466915256845117","can_edit":false,"text":"<a href='https:\/\/m.weibo.cn\/n\/\u7f8e\u56fd\u9a7b\u4e0a\u6d77\u603b\u9886\u4e8b\u9986'>@\u7f8e\u56fd\u9a7b\u4e0a\u6d77\u603b\u9886\u4e8b\u9986<\/a> \u5343\u53e4\u3002 \u200b\u200b\u200b","source":"\u5fae\u535a weibo.com","favorited":false,"thumbnail_pic":"http:\/\/ww1.sinaimg.cn\/thumbnail\/53899d01jw1dututstvaqj.jpg","bmiddle_pic":"http:\/\/ww1.sinaimg.cn\/bmiddle\/53899d01jw1dututstvaqj.jpg","original_pic":"http:\/\/ww1.sinaimg.cn\/large\/53899d01jw1dututstvaqj.jpg","is_paid":false,"mblog_vip_type":0,"user":{"id":1401527553,"screen_name":"tombkeeper","profile_image_url":"https:\/\/tva2.sinaimg.cn\/crop.0.0.180.180.180\/53899d01jw8fcb9qpe7vbj2050050mx8.jpg","profile_url":"https:\/\/m.weibo.cn\/u\/1401527553?uid=1401527553&luicode=10000011&lfid=1076031401527553","statuses_count":15425,"verified":true,"verified_type":0,"verified_type_ext":1,"verified_reason":"\u77e5\u540d\u4e92\u8054\u7f51\u8d44\u8baf\u535a\u4e3b","close_blue_v":false,"description":"\u5fae\u535a\u672c\u5730\u8d44\u8baf\u535a\u4e3b\uff08\u521a\u679c\u5e03\u62c9\u67f4\u7ef4\u5c14\uff09","gender":"m","mbtype":12,"urank":48,"mbrank":6,"follow_me":false,"following":false,"followers_count":192533,"follow_count":277,"cover_image_phone":"https:\/\/tva1.sinaimg.cn\/crop.0.0.640.640.640\/549d0121tw1egm1kjly3jj20hs0hsq4f.jpg","avatar_hd":"https:\/\/ww2.sinaimg.cn\/orj480\/53899d01jw8fcb9qpe7vbj2050050mx8.jpg","like":false,"like_me":false,"badge":{"bind_taobao":1,"dzwbqlx_2016":1,"follow_whitelist_video":1,"hongbao_2018":1}},"reposts_count":68,"comments_count":38,"attitudes_count":0,"pending_approval_count":0,"isLongText":false,"visible":{"type":0,"list_id":0},"more_info_type":0,"content_auth":0,"edit_config":{"edited":false},"mblogtype":0,"bid":"ys4LPsIJ7","pics":[{"pid":"53899d01jw1dututstvaqj","url":"https:\/\/ww1.sinaimg.cn\/orj360\/53899d01jw1dututstvaqj.jpg","size":"orj360","geo":false,"large":{"size":"large","url":"https:\/\/ww1.sinaimg.cn\/large\/53899d01jw1dututstvaqj.jpg","geo":false}}]},"show_type":0},{"card_type":9,"itemid":"1076031401527553_-_3466748470776899","scheme":"https:\/\/m.weibo.cn\/status\/ys0qP3g6D?mblogid=ys0qP3g6D&luicode=10000011&lfid=1076031401527553","mblog":{"created_at":"2012-07-11","id":"3466748470776899","idstr":"3466748470776899","mid":"3466748470776899","can_edit":false,"text":"\u53d1\u5c55\u5230\u6700\u540e\u4f30\u8ba1\u5c31\u662f\u4e00\u6253\u7740\u201c\u767e\u79d1\u201d\u62db\u724c\u7684\u5c0f\u5e7f\u544a\u7f51\u7ad9\u3002\/\/<a href='https:\/\/m.weibo.cn\/n\/tombkeeper'>@tombkeeper<\/a>: \u4e92\u52a8\u767e\u79d1\u53c8\u53d1\u6765\u4e00\u5c01\u5e26\u67096\u5146\u9644\u4ef6\u7684\u5de8\u5927\u90ae\u4ef6\uff0c\u6211\u6536\u4e86\u534a\u5929\u624d\u6536\u4e0b\u6765\u3002\u90ae\u4ef6\u79f0\uff1a\u201c\u7ecf\u8fc7\u5e02\u573a\u90e8\u7684\u8c03\u67e5\uff0c\u60a8\u7b26\u5408\u5728\u8fd9\u4e00\u884c\u62e5\u6709\u2018\u884c\u5bb6\u2019\u7684\u6807\u51c6\u201d\u3002\u6211\u611f\u89c9\u4e0d\u53bb\u6302\u4e2a\u201c\u5987\u79d1\u5723\u624b\u201d\u7684\u724c\u5b50\u90fd\u4e0d\u597d\u610f\u601d\u4e86\u3002","source":"\u5fae\u535a weibo.com","favorited":false,"is_paid":false,"mblog_vip_type":0,"user":{"id":1401527553,"screen_name":"tombkeeper","profile_image_url":"https:\/\/tva2.sinaimg.cn\/crop.0.0.180.180.180\/53899d01jw8fcb9qpe7vbj2050050mx8.jpg","profile_url":"https:\/\/m.weibo.cn\/u\/1401527553?uid=1401527553&luicode=10000011&lfid=1076031401527553","statuses_count":15425,"verified":true,"verified_type":0,"verified_type_ext":1,"verified_reason":"\u77e5\u540d\u4e92\u8054\u7f51\u8d44\u8baf\u535a\u4e3b","close_blue_v":false,"description":"\u5fae\u535a\u672c\u5730\u8d44\u8baf\u535a\u4e3b\uff08\u521a\u679c\u5e03\u62c9\u67f4\u7ef4\u5c14\uff09","gender":"m","mbtype":12,"urank":48,"mbrank":6,"follow_me":false,"following":false,"followers_count":192533,"follow_count":277,"cover_image_phone":"https:\/\/tva1.sinaimg.cn\/crop.0.0.640.640.640\/549d0121tw1egm1kjly3jj20hs0hsq4f.jpg","avatar_hd":"https:\/\/ww2.sinaimg.cn\/orj480\/53899d01jw8fcb9qpe7vbj2050050mx8.jpg","like":false,"like_me":false,"badge":{"bind_taobao":1,"dzwbqlx_2016":1,"follow_whitelist_video":1,"hongbao_2018":1}},"pid":3311072390153012,"retweeted_status":{"created_at":"2011-04-15","id":"201110415328872652","idstr":"9175600426","mid":"201110415328872652","can_edit":false,"text":"\u4eca\u5929\u6536\u5230\u4e00\u5c01\u4e92\u52a8\u767e\u79d1\u53d1\u6765\u7684\u90ae\u4ef6\u3002\u6807\u9898\u662f\uff1a\u201c\u5173\u4e8e\u4e0e\u8d35\u5355\u4f4d\u5408\u4f5c\u5efa\u8bbe\u2018\u5987\u79d1\u767e\u79d1\u2019\u7684\u56de\u590d\u201d\u3002\u5185\u5bb9\u662f\uff1a\u201c \u2026\u2026\u6211\u4eec\u6b63\u5728\u5efa\u8bbe\u5404\u4e2a\u884c\u4e1a\u7684\u767e\u79d1\uff0c\u671b\u4e0e\u8d35\u5355\u4f4d\u53ef\u4ee5\u5408\u4f5c\u3002\u6bcf\u4e2a\u884c\u4e1a\u53ea\u6709\u4e00\u4e2a\u884c\u4e1a\u767e\u79d1\uff0c\u6bcf\u4e2a\u767e\u79d1\u53ea\u627e\u4e00\u5bb6\u4e1a\u5185\u4e00\u6d41\u4f01\u4e1a\u8fdb\u884c\u5408\u4f5c\u3002\u5177\u4f53\u5408\u4f5c\u65b9\u6848\u89c1\u9644\u4ef6\u2026\u2026\u201d\u6211\u4f30\u8ba1\u4ed6\u4eec\u662f\u5faa\u7740\u201c\u5987\u79d1\u5723\u624b\u201d\u8fd9\u4e2a\u7ebf\u7d22\u627e\u6765\u7684\u3002 \u200b\u200b\u200b","source":"\u5fae\u535a weibo.com","favorited":false,"is_paid":false,"mblog_vip_type":0,"user":{"id":1401527553,"screen_name":"tombkeeper","profile_image_url":"https:\/\/tva2.sinaimg.cn\/crop.0.0.180.180.180\/53899d01jw8fcb9qpe7vbj2050050mx8.jpg","profile_url":"https:\/\/m.weibo.cn\/u\/1401527553?uid=1401527553&luicode=10000011&lfid=1076031401527553","statuses_count":15425,"verified":true,"verified_type":0,"verified_type_ext":1,"verified_reason":"\u77e5\u540d\u4e92\u8054\u7f51\u8d44\u8baf\u535a\u4e3b","close_blue_v":false,"description":"\u5fae\u535a\u672c\u5730\u8d44\u8baf\u535a\u4e3b\uff08\u521a\u679c\u5e03\u62c9\u67f4\u7ef4\u5c14\uff09","gender":"m","mbtype":12,"urank":48,"mbrank":6,"follow_me":false,"following":false,"followers_count":192533,"follow_count":277,"cover_image_phone":"https:\/\/tva1.sinaimg.cn\/crop.0.0.640.640.640\/549d0121tw1egm1kjly3jj20hs0hsq4f.jpg","avatar_hd":"https:\/\/ww2.sinaimg.cn\/orj480\/53899d01jw8fcb9qpe7vbj2050050mx8.jpg","like":false,"like_me":false,"badge":{"bind_taobao":1,"dzwbqlx_2016":1,"follow_whitelist_video":1,"hongbao_2018":1}},"reposts_count":128,"comments_count":26,"attitudes_count":18,"pending_approval_count":0,"isLongText":false,"visible":{"type":0,"list_id":0},"more_info_type":0,"content_auth":0,"edit_config":{"edited":false},"bid":"eNnuVs"},"reposts_count":8,"comments_count":11,"attitudes_count":0,"pending_approval_count":0,"isLongText":false,"visible":{"type":0,"list_id":0},"more_info_type":0,"content_auth":0,"edit_config":{"edited":false},"mblogtype":0,"obj_ext":"","raw_text":"\u53d1\u5c55\u5230\u6700\u540e\u4f30\u8ba1\u5c31\u662f\u4e00\u6253\u7740\u201c\u767e\u79d1\u201d\u62db\u724c\u7684\u5c0f\u5e7f\u544a\u7f51\u7ad9\u3002\/\/@tombkeeper: \u4e92\u52a8\u767e\u79d1\u53c8\u53d1\u6765\u4e00\u5c01\u5e26\u67096\u5146\u9644\u4ef6\u7684\u5de8\u5927\u90ae\u4ef6\uff0c\u6211\u6536\u4e86\u534a\u5929\u624d\u6536\u4e0b\u6765\u3002\u90ae\u4ef6\u79f0\uff1a\u201c\u7ecf\u8fc7\u5e02\u573a\u90e8\u7684\u8c03\u67e5\uff0c\u60a8\u7b26\u5408\u5728\u8fd9\u4e00\u884c\u62e5\u6709\u2018\u884c\u5bb6\u2019\u7684\u6807\u51c6\u201d\u3002\u6211\u611f\u89c9\u4e0d\u53bb\u6302\u4e2a\u201c\u5987\u79d1\u5723\u624b\u201d\u7684\u724c\u5b50\u90fd\u4e0d\u597d\u610f\u601d\u4e86\u3002","bid":"ys0qP3g6D"},"show_type":0},{"card_type":9,"itemid":"1076031401527553_-_3466701197043087","scheme":"https:\/\/m.weibo.cn\/status\/yrZcztyeb?mblogid=yrZcztyeb&luicode=10000011&lfid=1076031401527553","mblog":{"created_at":"2012-07-11","id":"3466701197043087","idstr":"3466701197043087","mid":"3466701197043087","can_edit":false,"text":"\u5509\uff0c\u641e\u79d1\u5b66\u6c42\u771f\uff0c\u505a\u4e70\u5356\u6c42\u5229\uff0c\u6240\u4ee5\u6d89\u53ca\u505a\u4e70\u5356\u7684\u79d1\u5b66\u95ee\u9898\uff0c\u4e0d\u80fd\u7b80\u5355\u5f53\u4f5c\u79d1\u5b66\u95ee\u9898\u5206\u6790\uff0c\u5f97\u591a\u4e2a\u5fc3\u773c\u3002 \/\/<a href='https:\/\/m.weibo.cn\/n\/\u5f90\u8574\u82b8'>@\u5f90\u8574\u82b8<\/a>:\u6211\u4ece\u6765\u6ca1\u60f3\u8fc7\u8fd9\u95ee\u9898\uff0c\u6709\u610f\u601d\u54c8\u3002","source":"\u5fae\u535a weibo.com","favorited":false,"is_paid":false,"mblog_vip_type":0,"user":{"id":1401527553,"screen_name":"tombkeeper","profile_image_url":"https:\/\/tva2.sinaimg.cn\/crop.0.0.180.180.180\/53899d01jw8fcb9qpe7vbj2050050mx8.jpg","profile_url":"https:\/\/m.weibo.cn\/u\/1401527553?uid=1401527553&luicode=10000011&lfid=1076031401527553","statuses_count":15425,"verified":true,"verified_type":0,"verified_type_ext":1,"verified_reason":"\u77e5\u540d\u4e92\u8054\u7f51\u8d44\u8baf\u535a\u4e3b","close_blue_v":false,"description":"\u5fae\u535a\u672c\u5730\u8d44\u8baf\u535a\u4e3b\uff08\u521a\u679c\u5e03\u62c9\u67f4\u7ef4\u5c14\uff09","gender":"m","mbtype":12,"urank":48,"mbrank":6,"follow_me":false,"following":false,"followers_count":192533,"follow_count":277,"cover_image_phone":"https:\/\/tva1.sinaimg.cn\/crop.0.0.640.640.640\/549d0121tw1egm1kjly3jj20hs0hsq4f.jpg","avatar_hd":"https:\/\/ww2.sinaimg.cn\/orj480\/53899d01jw8fcb9qpe7vbj2050050mx8.jpg","like":false,"like_me":false,"badge":{"bind_taobao":1,"dzwbqlx_2016":1,"follow_whitelist_video":1,"hongbao_2018":1}},"pid":3466700492045689,"retweeted_status":{"created_at":"2012-03-22","id":"3426465343489532","idstr":"3426465343489532","mid":"3426465343489532","can_edit":false,"text":"\u8001\u5a46\u8bf4\u7f51\u4e0a\u6709\u96c5\u57f9\u5976\u7c89\u5403\u51fa\u907f\u5b55\u5957\u7684\u6d88\u606f\u3002\u6211\u8ba9\u5979\u53bbgoogle\u641c\u7d22\u201c\u5976\u7c89 \u866b\u201d\u3002\u5979\u770b\u4e86\u641c\u7d22\u7ed3\u679c\u5927\u5403\u4e00\u60ca\uff1a\u539f\u6765\u7f8e\u7d20\u3001\u60e0\u6c0f\u3001\u591a\u7f8e\u6ecb\u3001\u660e\u6cbb\u2026\u2026\u6240\u6709\u8fdb\u53e3\u5976\u7c89\u90fd\u6709\u866b\u554a\uff01\u56fd\u4ea7\u5976\u7c89\u4e00\u6761\u8fd9\u6837\u7684\u6d88\u606f\u90fd\u6ca1\u6709\u554a\uff01\u4f60\u731c\uff1a\u8fd9\u662f\u56e0\u4e3a\u6240\u6709\u5916\u56fd\u5976\u7c89\u4f01\u4e1a\u6ee1\u751f\u4ea7\u7ebf\u90fd\u722c\u866b\u5b50\uff0c\u8fd8\u662f\u56e0\u4e3a\u6211\u671d\u5976\u7c89\u4f01\u4e1a\u516c\u5173\u90e8\u95e8\u667a\u6167\u8d85\u5353\uff1f \u200b\u200b\u200b","source":"\u5fae\u535a\u684c\u9762","favorited":false,"thumbnail_pic":"http:\/\/ww3.sinaimg.cn\/thumbnail\/53899d01jw1dr8t7xq5wtg.gif","bmiddle_pic":"http:\/\/ww3.sinaimg.cn\/bmiddle\/53899d01jw1dr8t7xq5wtg.gif","original_pic":"http:\/\/ww3.sinaimg.cn\/large\/53899d01jw1dr8t7xq5wtg.gif","is_paid":false,"mblog_vip_type":0,"user":{"id":1401527553,"screen_name":"tombkeeper","profile_image_url":"https:\/\/tva2.sinaimg.cn\/crop.0.0.180.180.180\/53899d01jw8fcb9qpe7vbj2050050mx8.jpg","profile_url":"https:\/\/m.weibo.cn\/u\/1401527553?uid=1401527553&luicode=10000011&lfid=1076031401527553","statuses_count":15425,"verified":true,"verified_type":0,"verified_type_ext":1,"verified_reason":"\u77e5\u540d\u4e92\u8054\u7f51\u8d44\u8baf\u535a\u4e3b","close_blue_v":false,"description":"\u5fae\u535a\u672c\u5730\u8d44\u8baf\u535a\u4e3b\uff08\u521a\u679c\u5e03\u62c9\u67f4\u7ef4\u5c14\uff09","gender":"m","mbtype":12,"urank":48,"mbrank":6,"follow_me":false,"following":false,"followers_count":192533,"follow_count":277,"cover_image_phone":"https:\/\/tva1.sinaimg.cn\/crop.0.0.640.640.640\/549d0121tw1egm1kjly3jj20hs0hsq4f.jpg","avatar_hd":"https:\/\/ww2.sinaimg.cn\/orj480\/53899d01jw8fcb9qpe7vbj2050050mx8.jpg","like":false,"like_me":false,"badge":{"bind_taobao":1,"dzwbqlx_2016":1,"follow_whitelist_video":1,"hongbao_2018":1}},"reposts_count":316,"comments_count":45,"attitudes_count":8,"pending_approval_count":0,"isLongText":false,"visible":{"type":0,"list_id":0},"more_info_type":0,"content_auth":0,"edit_config":{"edited":false},"bid":"yb6u2eDMM","pics":[{"pid":"53899d01jw1dr8t7xq5wtg","url":"https:\/\/ww3.sinaimg.cn\/orj360\/53899d01jw1dr8t7xq5wtg.gif","size":"orj360","geo":false,"large":{"size":"large","url":"https:\/\/ww3.sinaimg.cn\/large\/53899d01jw1dr8t7xq5wtg.gif","geo":false}}]},"reposts_count":16,"comments_count":2,"attitudes_count":0,"pending_approval_count":0,"isLongText":false,"visible":{"type":0,"list_id":0},"more_info_type":0,"content_auth":0,"edit_config":{"edited":false},"mblogtype":0,"obj_ext":"","raw_text":"\u5509\uff0c\u641e\u79d1\u5b66\u6c42\u771f\uff0c\u505a\u4e70\u5356\u6c42\u5229\uff0c\u6240\u4ee5\u6d89\u53ca\u505a\u4e70\u5356\u7684\u79d1\u5b66\u95ee\u9898\uff0c\u4e0d\u80fd\u7b80\u5355\u5f53\u4f5c\u79d1\u5b66\u95ee\u9898\u5206\u6790\uff0c\u5f97\u591a\u4e2a\u5fc3\u773c\u3002 \/\/@\u5f90\u8574\u82b8:\u6211\u4ece\u6765\u6ca1\u60f3\u8fc7\u8fd9\u95ee\u9898\uff0c\u6709\u610f\u601d\u54c8\u3002","bid":"yrZcztyeb"},"show_type":0},{"card_type":9,"itemid":"1076031401527553_-_3466698948905852","scheme":"https:\/\/m.weibo.cn\/status\/yrZ8WBmOM?mblogid=yrZ8WBmOM&luicode=10000011&lfid=1076031401527553","mblog":{"created_at":"2012-07-11","id":"3466698948905852","idstr":"3466698948905852","mid":"3466698948905852","can_edit":false,"text":"\u6628\u5929\u6709\u65b0\u95fb\u8bf4\u51e0\u79cd\u8fdb\u53e3\u5a74\u513f\u5976\u7c89\u91cc\u90fd\u52a0\u4e86\u9999\u5170\u7d20\uff0c\u670b\u53cb\u95ee\u6211\u8981\u4e0d\u8981\u7d27\u3002\u6211\u8bf4\u5a74\u513f\u5976\u7c89\u52a0\u9999\u5170\u7d20\u786e\u5b9e\u4e0d\u7b26\u5408\u56fd\u6807\uff0c\u4f46\u8fd9\u4e1c\u897f\u6bd4\u8f83\u5b89\u5168\uff0c\u5df2\u7ecf\u5403\u4e86\u4e5f\u4e0d\u7528\u62c5\u5fc3\uff0c\u6ca1\u65b0\u95fb\u8bf4\u7684\u90a3\u4e48\u5413\u4eba\u3002\u670b\u53cb\u6000\u7591\u8fd9\u53ef\u80fd\u53c8\u662f\u6ca1\u51fa\u606f\u7684\u56fd\u5185\u5976\u7c89\u4f01\u4e1a\u641e\u7684\uff0c\u6211\u4e5f\u89c9\u5f97\u7591\u70b9\u751a\u591a\u3002\u4eca\u5929\uff0c\u4ed6\u4eec\u679c\u7136\u628a\u62c9\u51fa\u6765\u7684\u5c4e\u53c8\u5750\u56de\u53bb\u4e86\uff1a<a data-url=\"http:\/\/t.cn\/zWV3sSC\" href=\"http:\/\/news.sina.com.cn\/c\/2012-07-11\/025924749928.shtml?luicode=10000011&lfid=1076031401527553&ep=yrZ8WBmOM%252C1401527553%252CyrZ8WBmOM%252C1401527553\" data-hide=\"\"><span class=\"url-icon\"><img src=\"\/\/h5.sinaimg.cn\/upload\/2015\/09\/25\/3\/timeline_card_small_web_default.png\"><\/span><\/i><span class=\"surl-text\">\u7f51\u9875\u94fe\u63a5<\/a> \u200b\u200b\u200b","source":"\u5fae\u535a weibo.com","favorited":false,"is_paid":false,"mblog_vip_type":0,"user":{"id":1401527553,"screen_name":"tombkeeper","profile_image_url":"https:\/\/tva2.sinaimg.cn\/crop.0.0.180.180.180\/53899d01jw8fcb9qpe7vbj2050050mx8.jpg","profile_url":"https:\/\/m.weibo.cn\/u\/1401527553?uid=1401527553&luicode=10000011&lfid=1076031401527553","statuses_count":15425,"verified":true,"verified_type":0,"verified_type_ext":1,"verified_reason":"\u77e5\u540d\u4e92\u8054\u7f51\u8d44\u8baf\u535a\u4e3b","close_blue_v":false,"description":"\u5fae\u535a\u672c\u5730\u8d44\u8baf\u535a\u4e3b\uff08\u521a\u679c\u5e03\u62c9\u67f4\u7ef4\u5c14\uff09","gender":"m","mbtype":12,"urank":48,"mbrank":6,"follow_me":false,"following":false,"followers_count":192533,"follow_count":277,"cover_image_phone":"https:\/\/tva1.sinaimg.cn\/crop.0.0.640.640.640\/549d0121tw1egm1kjly3jj20hs0hsq4f.jpg","avatar_hd":"https:\/\/ww2.sinaimg.cn\/orj480\/53899d01jw8fcb9qpe7vbj2050050mx8.jpg","like":false,"like_me":false,"badge":{"bind_taobao":1,"dzwbqlx_2016":1,"follow_whitelist_video":1,"hongbao_2018":1}},"reposts_count":27,"comments_count":11,"attitudes_count":0,"pending_approval_count":0,"isLongText":false,"visible":{"type":0,"list_id":0},"more_info_type":0,"content_auth":0,"edit_config":{"edited":false},"mblogtype":0,"bid":"yrZ8WBmOM"},"show_type":0}],"showAppTips":0,"scheme":"sinaweibo:\/\/cardlist?containerid=1076031401527553&extparam=&luicode=10000011&lfid=&featurecode="}}