{"ok":1,"data":{"cardlistInfo":{"containerid":"1076031401527553","v_p":42,"show_style":1,"total":15518,"page":50},"cards":[{"card_type":9,"itemid":"1076031401527553_-_3466182781278864","scheme":"https:\/\/m.weibo.cn\/status\/yrLIq5mGQ?mblogid=yrLIq5mGQ&luicode=10000011&lfid=1076031401527553","mblog":{"created_at":"2012-07-10","id":"3466182781278864","idstr":"3466182781278864","mid":"3466182781278864","can_edit":false,"text":"\u9edb\u7389\u4e00\u89c1\u4fbf\u5403\u4e00\u5927\u60ca\uff0c\u5fc3\u4e2d\u60f3\u9053\uff1a\u201c\u597d\u751f\u5947\u602a\uff01\u5012\u50cf\u5728\u90a3\u91cc\u89c1\u8fc7\u7684\uff1f\u4f55\u7b49\u773c\u719f\u201d\uff01\u4fbf\u95ee\u9053\uff1a\u201c\u6211\u662f\u6c34\u74f6\u5ea7\u7684\uff0c\u4f60\u5462\u201d\uff1f\u5b9d\u7389\u5927\u559c\uff0c\u7b54\u66f0\uff1a\u201c\u6211\u662f\u6ce5\u505a\u7684\u201d\u3002 \u200b\u200b\u200b","source":"\u5fae\u535a weibo.com","favorited":false,"is_paid":false,"mblog_vip_type":0,"user":{"id":1401527553,"screen_name":"tombkeeper","profile_image_url":"https:\/\/tva2.sinaimg.cn\/crop.0.0.180.180.180\/53899d01jw8fcb9qpe7vbj2050050mx8.jpg","profile_url":"https:\/\/m.weibo.cn\/u\/1401527553?uid=1401527553&luicode=10000011&lfid=1076031401527553","statuses_count":15425,"verified":true,"verified_type":0,"verified_type_ext":1,"verified_reason":"\u77e5\u540d\u4e92\u8054\u7f51\u8d44\u8baf\u535a\u4e3b","close_blue_v":false,"description":"\u5fae\u535a\u672c\u5730\u8d44\u8baf\u535a\u4e3b\uff08\u521a\u679c\u5e03\u62c9\u67f4\u7ef4\u5c14\uff09","gender":"m","mbtype":12,"urank":48,"mbrank":6,"follow_me":false,"following":false,"followers_count":192533,"follow_count":277,"cover_image_phone":"https:\/\/tva1.sinaimg.cn\/crop.0.0.640.640.640\/549d0121tw1egm1kjly3jj20hs0hsq4f.jpg","avatar_hd":"https:\/\/ww2.sinaimg.cn\/orj480\/53899d01jw8fcb9qpe7vbj2050050mx8.jpg","like":false,"like_me":false,"badge":{"bind_taobao":1,"dzwbqlx_2016":1,"follow_whitelist_video":1,"hongbao_2018":1}},"reposts_count":5,"comments_count":2,"attitudes_count":0,"pending_approval_count":0,"isLongText":false,"visible":{"type":0,"list_id":0},"more_info_type":0,"content_auth":0,"edit_config":{"edited":false},"mblogtype":0,"bid":"yrLIq5mGQ"},"show_type":0},{"card_type":9,"itemid":"1076031401527553_-_3465995278832321","scheme":"https:\/\/m.weibo.cn\/status\/yrGPZB3GN?mblogid=yrGPZB3GN&luicode=10000011&lfid=1076031401527553","mblog":{"created_at":"2012-07-09","id":"3465995278832321","idstr":"3465995278832321","mid":"3465995278832321","can_edit":false,"text":"\u53bb\u673a\u573a\u524d\uff0c\u6211\u6362\u4e86\u6761\u7eaf\u5c3c\u9f99\u8170\u5e26\uff0c\u8fd9\u6837\u8fc7\u5b89\u68c0\u95e8\u65f6\u4e0d\u4f1a\u54cd\uff0c\u4e00\u822c\u4e0d\u5fc5\u518d\u4eba\u8089\u67e5\u3002\u4f46\u8fd9\u6b21\u4ecd\u88ab\u624b\u5de5\u626b\u4e86\u4e00\u904d\uff0c\u8fd8\u62ff\u8bd5\u7eb8\u5728\u5a03\u8eab\u4e0a\u64e6\u4e86\u53c8\u64e6\u2014\u2014\u90a3\u5e94\u8be5\u662f\u68c0\u6d4b\u75d5\u91cf\u70b8\u836f\u7684\uff0c\u5927\u6982\u6015\u6709\u4eba\u5077\u5a03\u690d\u5165\u70b8\u5f39\u3002\u56e0\u4e3a\u5e73\u5747\u6bcf\u4e58\u5ba2\u8017\u65f6\u589e\u52a0\u4e86\uff0c\u6240\u4ee5\u5b89\u68c0\u961f\u4f0d\u4e5f\u683c\u5916\u957f\u3002\u5efa\u8bae\u8fd1\u671f\u51fa\u5dee\u7684\u670b\u53cb\uff0c\u6bd4\u4ee5\u524d\u8981\u66f4\u63d0\u524d\u4e00\u70b9\u53bb\u673a\u573a\u3002 \u200b\u200b\u200b","source":"\u5fae\u535a weibo.com","favorited":false,"is_paid":false,"mblog_vip_type":0,"user":{"id":1401527553,"screen_name":"tombkeeper","profile_image_url":"https:\/\/tva2.sinaimg.cn\/crop.0.0.180.180.180\/53899d01jw8fcb9qpe7vbj2050050mx8.jpg","profile_url":"https:\/\/m.weibo.cn\/u\/1401527553?uid=1401527553&luicode=10000011&lfid=1076031401527553","statuses_count":15425,"verified":true,"verified_type":0,"verified_type_ext":1,"verified_reason":"\u77e5\u540d\u4e92\u8054\u7f51\u8d44\u8baf\u535a\u4e3b","close_blue_v":false,"description":"\u5fae\u535a\u672c\u5730\u8d44\u8baf\u535a\u4e3b\uff08\u521a\u679c\u5e03\u62c9\u67f4\u7ef4\u5c14\uff09","gender":"m","mbtype":12,"urank":48,"mbrank":6,"follow_me":false,"following":false,"followers_count":192533,"follow_count":277,"cover_image_phone":"https:\/\/tva1.sinaimg.cn\/crop.0.0.640.640.640\/549d0121tw1egm1kjly3jj20hs0hsq4f.jpg","avatar_hd":"https:\/\/ww2.sinaimg.cn\/orj480\/53899d01jw8fcb9qpe7vbj2050050mx8.jpg","like":false,"like_me":false,"badge":{"bind_taobao":1,"dzwbqlx_2016":1,"follow_whitelist_video":1,"hongbao_2018":1}},"reposts_count":1,"comments_count":7,"attitudes_count":0,"pending_approval_count":0,"isLongText":false,"visible":{"type":0,"list_id":0},"more_info_type":0,"content_auth":0,"edit_config":{"edited":false},"mblogtype":0,"bid":"yrGPZB3GN"},"show_type":0},{"card_type":9,"itemid":"1076031401527553_-_3465978627378898","scheme":"https:\/\/m.weibo.cn\/status\/yrGp8uXAu?mblogid=yrGp8uXAu&luicode=10000011&lfid=1076031401527553","mblog":{"created_at":"2012-07-09","id":"3465978627378898","idstr":"3465978627378898","mid":"3465978627378898","can_edit":false,"text":"\u539f\u6765PengBoShe\u88ab\u5c01\uff0c\u662f\u56e0\u4e3atidy bridge bridge\u3002 \u200b\u200b\u200b","source":"\u5fae\u535a weibo.com","favorited":false,"is_paid":false,"mblog_vip_type":0,"user":{"id":1401527553,"screen_name":"tombkeeper","profile_image_url":"https:\/\/tva2.sinaimg.cn\/crop.0.0.180.180.180\/53899d01jw8fcb9qpe7vbj2050050mx8.jpg","profile_url":"https:\/\/m.weibo.cn\/u\/1401527553?uid=1401527553&luicode=10000011&lfid=1076031401527553","statuses_count":15425,"verified":true,"verified_type":0,"verified_type_ext":1,"verified_reason":"\u77e5\u540d\u4e92\u8054\u7f51\u8d44\u8baf\u535a\u4e3b","close_blue_v":false,"description":"\u5fae\u535a\u672c\u5730\u8d44\u8baf\u535a\u4e3b\uff08\u521a\u679c\u5e03\u62c9\u67f4\u7ef4\u5c14\uff09","gender":"m","mbtype":12,"urank":48,"mbrank":6,"follow_me":false,"following":false,"followers_count":192533,"follow_count":277,"cover_image_phone":"https:\/\/tva1.sinaimg.cn\/crop.0.0.640.640.640\/549d0121tw1egm1kjly3jj20hs0hsq4f.jpg","avatar_hd":"https:\/\/ww2.sinaimg.cn\/orj480\/53899d01jw8fcb9qpe7vbj2050050mx8.jpg","like":false,"like_me":false,"badge":{"bind_taobao":1,"dzwbqlx_2016":1,"follow_whitelist_video":1,"hongbao_2018":1}},"reposts_count":2,"comments_count":9,"attitudes_count":0,"pending_approval_count":0,"isLongText":false,"visible":{"type":0,"list_id":0},"more_info_type":0,"content_auth":0,"edit_config":{"edited":false},"mblogtype":0,"bid":"yrGp8uXAu"},"show_type":0},{"card_type":9,"itemid":"1076031401527553_-_3465972768037732","scheme":"https:\/\/m.weibo.cn\/status\/yrGfGxIYQ?mblogid=yrGfGxIYQ&luicode=10000011&lfid=1076031401527553","mblog":{"created_at":"2012-07-09","id":"3465972768037732","idstr":"3465972768037732","mid":"3465972768037732","can_edit":false,"text":"\u5bf9\u8f6f\u4ef6\u5347\u7ea7\u5305\u8fdb\u884c\u7b7e\u540d\u7edd\u5bf9\u5fc5\u8981\u3002\u5229\u7528\u56fd\u5185\u7f51\u7edc\u7684\u67d0\u4e9b\u7279\u70b9\uff0c\u6295\u5165\u5e76\u4e0d\u7b97\u592a\u5927\u7684\u6210\u672c\u5c31\u53ef\u4ee5\u5b9e\u73b0\u76f8\u5f53\u4e8e\u201c\u5e7f\u57df\u7f51ARP\u653b\u51fb\u201d\u7684\u6548\u679c\u3002\u5185\u5e55\u5f88\u53ef\u6015\uff0c\u4e0d\u7ec6\u8bf4[\u5475\u5475] \/\/<a href='https:\/\/m.weibo.cn\/n\/\u738b\u7ea2\u9633'>@\u738b\u7ea2\u9633<\/a>: \/\/<a href='https:\/\/m.weibo.cn\/n\/benjurry'>@benjurry<\/a>: 08\u5e74\u906d\u9047\u8fc7DNS \u6bd2\u836f\u653b\u51fb\uff0c\u4e4b\u540e\u817e\u8baf\u7684\u5ba2\u6237\u7aef\u8f6f\u4ef6\u81ea\u5347\u7ea7\u7684\u65f6\u5019\u90fd\u8981\u6c42\u8fdb\u884c\u7b7e\u540d\u68c0\u67e5\u7b49\u63aa\u65bd\/\/<a href='https:\/\/m.weibo.cn\/n\/\u4f59\u5f26'>@\u4f59\u5f26<\/a>: \u4f60\u54ea\u91cc\u70b9\u4e86\uff1f\/\/ <a href='https:\/\/m.weibo.cn\/n\/aullik5'>@aullik5<\/a> :","source":"\u5fae\u535a weibo.com","favorited":false,"is_paid":false,"mblog_vip_type":0,"user":{"id":1401527553,"screen_name":"tombkeeper","profile_image_url":"https:\/\/tva2.sinaimg.cn\/crop.0.0.180.180.180\/53899d01jw8fcb9qpe7vbj2050050mx8.jpg","profile_url":"https:\/\/m.weibo.cn\/u\/1401527553?uid=1401527553&luicode=10000011&lfid=1076031401527553","statuses_count":15425,"verified":true,"verified_type":0,"verified_type_ext":1,"verified_reason":"\u77e5\u540d\u4e92\u8054\u7f51\u8d44\u8baf\u535a\u4e3b","close_blue_v":false,"description":"\u5fae\u535a\u672c\u5730\u8d44\u8baf\u535a\u4e3b\uff08\u521a\u679c\u5e03\u62c9\u67f4\u7ef4\u5c14\uff09","gender":"m","mbtype":12,"urank":48,"mbrank":6,"follow_me":false,"following":false,"followers_count":192533,"follow_count":277,"cover_image_phone":"https:\/\/tva1.sinaimg.cn\/crop.0.0.640.640.640\/549d0121tw1egm1kjly3jj20hs0hsq4f.jpg","avatar_hd":"https:\/\/ww2.sinaimg.cn\/orj480\/53899d01jw8fcb9qpe7vbj2050050mx8.jpg","like":false,"like_me":false,"badge":{"bind_taobao":1,"dzwbqlx_2016":1,"follow_whitelist_video":1,"hongbao_2018":1}},"pid":3465970700025923,"retweeted_status":{"created_at":"2012-07-09","id":"3465896200913528","idstr":"3465896200913528","mid":"3465896200913528","can_edit":false,"text":"\u9002\u5f53\u7684\u63d0\u9192\u4e00\u4e0b\u7ec8\u7aef\u8f6f\u4ef6\u7684\u5de8\u4eba\u4eec\uff0c\u5982\u679c\u6070\u5de7\u6709\u540e\u53f0\u7248\u672c\u81ea\u52a8\u66f4\u65b0\uff0c\u66f4\u65b0\u670d\u52a1\u5668\u53c8\u5206\u5e03\u7684\u5f88\u591a\uff0c\u800c\u6709\u4e9b\u670d\u52a1\u5668\u53c8\u653e\u5728\u5b89\u5168\u63aa\u65bd\u4e0d\u662f\u592a\u597d\u7684\u673a\u623f\uff0c\u8981\u6ce8\u610f\u4e0d\u8981\u88ab\u4eba\u673a\u623fARP\u4e86\uff0c\u4e00\u65e6\u53d1\u751f\u6240\u6709\u901a\u8fc7\u8fd9\u53f0\u53d1\u5e03\u7684\u66f4\u65b0\u5c06\u88ab\u690d\u5165\u5927\u91cf\u7684\u540e\u95e8\u7a0b\u5e8f\uff0c\u7528\u6237\u5f88\u53ef\u80fd\u5728\u4e0d\u77e5\u60c5\u7684\u540e\u53f0\u66f4\u65b0\u5c31\u88ab\u690d\u5165\u4e86\u6728\u9a6c\u7a0b\u5e8f\u3002\u5177\u4f53\u90a3\u51e0\u4e2a\u8f6f\u4ef6\u5c31\u4e0d\u70b9\u540d\u4e86\u3002 \u200b\u200b\u200b","source":"\u5fae\u535a weibo.com","favorited":false,"is_paid":false,"mblog_vip_type":0,"user":{"id":1862722087,"screen_name":"goodwell-\u9f9a\u851a","profile_image_url":"https:\/\/tva2.sinaimg.cn\/crop.0.0.180.180.180\/6f06e227jw1e8qgp5bmzyj2050050aa8.jpg","profile_url":"https:\/\/m.weibo.cn\/u\/1862722087?uid=1862722087&luicode=10000011&lfid=1076031401527553","statuses_count":430,"verified":true,"verified_type":0,"verified_type_ext":0,"verified_reason":"\u4e2d\u56fd\u9ed1\u5ba2\u6559\u7236\u3001\u5143\u8001\uff0c\u77e5\u540d\u7f51\u7edc\u5b89\u5168\u4e13\u5bb6\uff0c\u7eff\u8272\u5175\u56e2\u521b\u59cb\u4eba\uff0cCOG\u4fe1\u606f\u5b89\u5168\u7ec4\u7ec7\u521b\u5efa\u4eba","close_blue_v":false,"description":"\u5173\u6ce8\u7f51\u7edc\u5b89\u5168\uff0c\u5021\u5bfc\u9ed1\u5ba2\u6587\u5316","gender":"m","mbtype":0,"urank":14,"mbrank":0,"follow_me":false,"following":false,"followers_count":15043,"follow_count":473,"cover_image_phone":"https:\/\/tva1.sinaimg.cn\/crop.0.0.640.640.640\/549d0121tw1egm1kjly3jj20hs0hsq4f.jpg","avatar_hd":"https:\/\/ww2.sinaimg.cn\/orj480\/6f06e227jw1e8qgp5bmzyj2050050aa8.jpg","like":false,"like_me":false,"badge":{"unread_pool":1,"unread_pool_ext":1}},"reposts_count":26,"comments_count":16,"attitudes_count":0,"pending_approval_count":0,"isLongText":false,"visible":{"type":0,"list_id":0},"more_info_type":0,"content_auth":0,"edit_config":{"edited":false},"bid":"yrEgc3PEk"},"reposts_count":8,"comments_count":5,"attitudes_count":0,"pending_approval_count":0,"isLongText":false,"visible":{"type":0,"list_id":0},"more_info_type":0,"content_auth":0,"edit_config":{"edited":false},"mblogtype":0,"obj_ext":"","raw_text":"\u5bf9\u8f6f\u4ef6\u5347\u7ea7\u5305\u8fdb\u884c\u7b7e\u540d\u7edd\u5bf9\u5fc5\u8981\u3002\u5229\u7528\u56fd\u5185\u7f51\u7edc\u7684\u67d0\u4e9b\u7279\u70b9\uff0c\u6295\u5165\u5e76\u4e0d\u7b97\u592a\u5927\u7684\u6210\u672c\u5c31\u53ef\u4ee5\u5b9e\u73b0\u76f8\u5f53\u4e8e\u201c\u5e7f\u57df\u7f51ARP\u653b\u51fb\u201d\u7684\u6548\u679c\u3002\u5185\u5e55\u5f88\u53ef\u6015\uff0c\u4e0d\u7ec6\u8bf4[\u5475\u5475] \/\/@\u738b\u7ea2\u9633: \/\/@benjurry: 08\u5e74\u906d\u9047\u8fc7DNS \u6bd2\u836f\u653b\u51fb\uff0c\u4e4b\u540e\u817e\u8baf\u7684\u5ba2\u6237\u7aef\u8f6f\u4ef6\u81ea\u5347\u7ea7\u7684\u65f6\u5019\u90fd\u8981\u6c42\u8fdb\u884c\u7b7e\u540d\u68c0\u67e5\u7b49\u63aa\u65bd\/\/@\u4f59\u5f26: \u4f60\u54ea\u91cc\u70b9\u4e86\uff1f\/\/ @aullik5 :","bid":"yrGfGxIYQ"},"show_type":0},{"card_type":9,"itemid":"1076031401527553_-_3465934997573163","scheme":"https:\/\/m.weibo.cn\/status\/yrFgLvM7N?mblogid=yrFgLvM7N&luicode=10000011&lfid=1076031401527553","mblog":{"created_at":"2012-07-09","id":"3465934997573163","idstr":"3465934997573163","mid":"3465934997573163","can_edit":false,"text":"\u4ec0\u4e48\u53eb\u5bf9\u81ea\u5df1\u7684\u4ea7\u54c1\u6709\u4fe1\u5fc3\uff1a<a data-url=\"http:\/\/t.cn\/zWcKP5X\" target=\"_blank\" href=\"https:\/\/weibo.cn\/sinaurl\/blocked9902402c?url_type=1&object_type=&pos=1&luicode=10000011&lfid=1076031401527553&u=http%3A%2F%2Fv.163.com%2Fzixun%2FV7M3CBCH5%2FV851KF1N3.html%3Furl_type%3D1%26object_type%3D%26pos%3D1&ep=yrFgLvM7N%252C1401527553%252CyrFgLvM7N%252C1401527553\" class=\"\"><span class=\"url-icon\"><img src=\"http:\/\/u1.sinaimg.cn\/upload\/2014\/10\/16\/timeline_card_small_video_default.png\"><\/span><\/i><span class=\"surl-text\">\u89c6\u9891<\/a> \u200b\u200b\u200b","source":"\u5fae\u535a weibo.com","favorited":false,"is_paid":false,"mblog_vip_type":0,"user":{"id":1401527553,"screen_name":"tombkeeper","profile_image_url":"https:\/\/tva2.sinaimg.cn\/crop.0.0.180.180.180\/53899d01jw8fcb9qpe7vbj2050050mx8.jpg","profile_url":"https:\/\/m.weibo.cn\/u\/1401527553?uid=1401527553&luicode=10000011&lfid=1076031401527553","statuses_count":15425,"verified":true,"verified_type":0,"verified_type_ext":1,"verified_reason":"\u77e5\u540d\u4e92\u8054\u7f51\u8d44\u8baf\u535a\u4e3b","close_blue_v":false,"description":"\u5fae\u535a\u672c\u5730\u8d44\u8baf\u535a\u4e3b\uff08\u521a\u679c\u5e03\u62c9\u67f4\u7ef4\u5c14\uff09","gender":"m","mbtype":12,"urank":48,"mbrank":6,"follow_me":false,"following":false,"followers_count":192533,"follow_count":277,"cover_image_phone":"https:\/\/tva1.sinaimg.cn\/crop.0.0.640.640.640\/549d0121tw1egm1kjly3jj20hs0hsq4f.jpg","avatar_hd":"https:\/\/ww2.sinaimg.cn\/orj480\/53899d01jw8fcb9qpe7vbj2050050mx8.jpg","like":false,"like_me":false,"badge":{"bind_taobao":1,"dzwbqlx_2016":1,"follow_whitelist_video":1,"hongbao_2018":1}},"reposts_count":27,"comments_count":11,"attitudes_count":0,"pending_approval_count":0,"isLongText":false,"visible":{"type":0,"list_id":0},"more_info_type":0,"content_auth":0,"edit_config":{"edited":false},"mblogtype":0,"bid":"yrFgLvM7N"},"show_type":0},{"card_type":9,"itemid":"1076031401527553_-_3465928698495377","scheme":"https:\/\/m.weibo.cn\/status\/yrF6BzE2d?mblogid=yrF6BzE2d&luicode=10000011&lfid=1076031401527553","mblog":{"created_at":"2012-07-09","id":"3465928698495377","idstr":"3465928698495377","mid":"3465928698495377","can_edit":false,"text":"\u7c97\u770b\u4e86\u4e00\u904d\uff0c\u611f\u89c9\u8bb2\u8bfe\u7684\u4eba\u660e\u663e\u540c\u65f6\u4e5f\u662f\u9ad8\u6c34\u5e73\u7684\u4e00\u7ebf\u7814\u7a76\u8005\uff0c\u6240\u6388\u5185\u5bb9\u7edd\u975e\u6cdb\u6cdb\u4e4b\u8c08\u3002\u4ed6\u4eec\u80fd\u641e\u51faStuxnet\u771f\u662f\u4e00\u70b9\u4e0d\u5947\u602a\u3002\u5982\u679c\u5b66\u751f\u90fd\u8fd9\u4e48\u6559\uff0c\u81f3\u5c11\u4e00\u5e74\u80fd\u57f9\u517b\u51fa\u4e00\u4e2a\u80fd\u641eStuxnet\u7684\u56e2\u961f\u3002","source":"S60\u5ba2\u6237\u7aef","favorited":false,"is_paid":false,"mblog_vip_type":0,"user":{"id":1401527553,"screen_name":"tombkeeper","profile_image_url":"https:\/\/tva2.sinaimg.cn\/crop.0.0.180.180.180\/53899d01jw8fcb9qpe7vbj2050050mx8.jpg","profile_url":"https:\/\/m.weibo.cn\/u\/1401527553?uid=1401527553&luicode=10000011&lfid=1076031401527553","statuses_count":15425,"verified":true,"verified_type":0,"verified_type_ext":1,"verified_reason":"\u77e5\u540d\u4e92\u8054\u7f51\u8d44\u8baf\u535a\u4e3b","close_blue_v":false,"description":"\u5fae\u535a\u672c\u5730\u8d44\u8baf\u535a\u4e3b\uff08\u521a\u679c\u5e03\u62c9\u67f4\u7ef4\u5c14\uff09","gender":"m","mbtype":12,"urank":48,"mbrank":6,"follow_me":false,"following":false,"followers_count":192533,"follow_count":277,"cover_image_phone":"https:\/\/tva1.sinaimg.cn\/crop.0.0.640.640.640\/549d0121tw1egm1kjly3jj20hs0hsq4f.jpg","avatar_hd":"https:\/\/ww2.sinaimg.cn\/orj480\/53899d01jw8fcb9qpe7vbj2050050mx8.jpg","like":false,"like_me":false,"badge":{"bind_taobao":1,"dzwbqlx_2016":1,"follow_whitelist_video":1,"hongbao_2018":1}},"retweeted_status":{"created_at":"2012-07-09","id":"3465923811380907","idstr":"3465923811380907","mid":"3465923811380907","can_edit":false,"text":"\u63a8\u8350\u4e00\u5957\u8bfe\u4ef6\uff1a\u4ee5\u8272\u5217\u6d77\u6cd5\u5927\u5b66\u7684\u64cd\u4f5c\u7cfb\u7edf\u9ad8\u7ea7\u8bfe\u7a0b\uff0c<a data-url=\"http:\/\/t.cn\/zWcQ4sC\" target=\"_blank\" href=\"https:\/\/weibo.cn\/sinaurl\/blocked5c1fec54?luicode=10000011&lfid=1076031401527553&u=http%3A%2F%2Fcs.haifa.ac.il%2Fcourses%2FAdvancedOS%2F&ep=yrEYJ5NeH%252C1401527553%252CyrEYJ5NeH%252C1401527553\" class=\"\"><span class=\"url-icon\"><img src=\"\/\/h5.sinaimg.cn\/upload\/2015\/09\/25\/3\/timeline_card_small_web_default.png\"><\/span><\/i><span class=\"surl-text\">\u7f51\u9875\u94fe\u63a5<\/a>\u3002\u5f88\u5168\u9762\uff0c\u53c8\u5f88\u6df1\u5165\u3002 \u200b\u200b\u200b","source":"\u5fae\u535a weibo.com","favorited":false,"is_paid":false,"mblog_vip_type":0,"user":{"id":1401527553,"screen_name":"tombkeeper","profile_image_url":"https:\/\/tva2.sinaimg.cn\/crop.0.0.180.180.180\/53899d01jw8fcb9qpe7vbj2050050mx8.jpg","profile_url":"https:\/\/m.weibo.cn\/u\/1401527553?uid=1401527553&luicode=10000011&lfid=1076031401527553","statuses_count":15425,"verified":true,"verified_type":0,"verified_type_ext":1,"verified_reason":"\u77e5\u540d\u4e92\u8054\u7f51\u8d44\u8baf\u535a\u4e3b","close_blue_v":false,"description":"\u5fae\u535a\u672c\u5730\u8d44\u8baf\u535a\u4e3b\uff08\u521a\u679c\u5e03\u62c9\u67f4\u7ef4\u5c14\uff09","gender":"m","mbtype":12,"urank":48,"mbrank":6,"follow_me":false,"following":false,"followers_count":192533,"follow_count":277,"cover_image_phone":"https:\/\/tva1.sinaimg.cn\/crop.0.0.640.640.640\/549d0121tw1egm1kjly3jj20hs0hsq4f.jpg","avatar_hd":"https:\/\/ww2.sinaimg.cn\/orj480\/53899d01jw8fcb9qpe7vbj2050050mx8.jpg","like":false,"like_me":false,"badge":{"bind_taobao":1,"dzwbqlx_2016":1,"follow_whitelist_video":1,"hongbao_2018":1}},"reposts_count":116,"comments_count":13,"attitudes_count":3,"pending_approval_count":0,"isLongText":false,"visible":{"type":0,"list_id":0},"more_info_type":0,"content_auth":0,"edit_config":{"edited":false},"bid":"yrEYJ5NeH"},"reposts_count":20,"comments_count":7,"attitudes_count":0,"pending_approval_count":0,"isLongText":false,"visible":{"type":0,"list_id":0},"more_info_type":0,"content_auth":0,"edit_config":{"edited":false},"mblogtype":0,"obj_ext":"","raw_text":"\u7c97\u770b\u4e86\u4e00\u904d\uff0c\u611f\u89c9\u8bb2\u8bfe\u7684\u4eba\u660e\u663e\u540c\u65f6\u4e5f\u662f\u9ad8\u6c34\u5e73\u7684\u4e00\u7ebf\u7814\u7a76\u8005\uff0c\u6240\u6388\u5185\u5bb9\u7edd\u975e\u6cdb\u6cdb\u4e4b\u8c08\u3002\u4ed6\u4eec\u80fd\u641e\u51faStuxnet\u771f\u662f\u4e00\u70b9\u4e0d\u5947\u602a\u3002\u5982\u679c\u5b66\u751f\u90fd\u8fd9\u4e48\u6559\uff0c\u81f3\u5c11\u4e00\u5e74\u80fd\u57f9\u517b\u51fa\u4e00\u4e2a\u80fd\u641eStuxnet\u7684\u56e2\u961f\u3002","bid":"yrF6BzE2d"},"show_type":0},{"card_type":9,"itemid":"1076031401527553_-_3465923811380907","scheme":"https:\/\/m.weibo.cn\/status\/yrEYJ5NeH?mblogid=yrEYJ5NeH&luicode=10000011&lfid=1076031401527553","mblog":{"created_at":"2012-07-09","id":"3465923811380907","idstr":"3465923811380907","mid":"3465923811380907","can_edit":false,"text":"\u63a8\u8350\u4e00\u5957\u8bfe\u4ef6\uff1a\u4ee5\u8272\u5217\u6d77\u6cd5\u5927\u5b66\u7684\u64cd\u4f5c\u7cfb\u7edf\u9ad8\u7ea7\u8bfe\u7a0b\uff0c<a data-url=\"http:\/\/t.cn\/zWcQ4sC\" target=\"_blank\" href=\"https:\/\/weibo.cn\/sinaurl\/blocked5c1fec54?luicode=10000011&lfid=1076031401527553&u=http%3A%2F%2Fcs.haifa.ac.il%2Fcourses%2FAdvancedOS%2F&ep=yrEYJ5NeH%252C1401527553%252CyrEYJ5NeH%252C1401527553\" class=\"\"><span class=\"url-icon\"><img src=\"\/\/h5.sinaimg.cn\/upload\/2015\/09\/25\/3\/timeline_card_small_web_default.png\"><\/span><\/i><span class=\"surl-text\">\u7f51\u9875\u94fe\u63a5<\/a>\u3002\u5f88\u5168\u9762\uff0c\u53c8\u5f88\u6df1\u5165\u3002 \u200b\u200b\u200b","source":"\u5fae\u535a weibo.com","favorited":false,"is_paid":false,"mblog_vip_type":0,"user":{"id":1401527553,"screen_name":"tombkeeper","profile_image_url":"https:\/\/tva2.sinaimg.cn\/crop.0.0.180.180.180\/53899d01jw8fcb9qpe7vbj2050050mx8.jpg","profile_url":"https:\/\/m.weibo.cn\/u\/1401527553?uid=1401527553&luicode=10000011&lfid=1076031401527553","statuses_count":15425,"verified":true,"verified_type":0,"verified_type_ext":1,"verified_reason":"\u77e5\u540d\u4e92\u8054\u7f51\u8d44\u8baf\u535a\u4e3b","close_blue_v":false,"description":"\u5fae\u535a\u672c\u5730\u8d44\u8baf\u535a\u4e3b\uff08\u521a\u679c\u5e03\u62c9\u67f4\u7ef4\u5c14\uff09","gender":"m","mbtype":12,"urank":48,"mbrank":6,"follow_me":false,"following":false,"followers_count":192533,"follow_count":277,"cover_image_phone":"https:\/\/tva1.sinaimg.cn\/crop.0.0.640.640.640\/549d0121tw1egm1kjly3jj20hs0hsq4f.jpg","avatar_hd":"https:\/\/ww2.sinaimg.cn\/orj480\/53899d01jw8fcb9qpe7vbj2050050mx8.jpg","like":false,"like_me":false,"badge":{"bind_taobao":1,"dzwbqlx_2016":1,"follow_whitelist_video":1,"hongbao_2018":1}},"reposts_count":116,"comments_count":13,"attitudes_count":3,"pending_approval_count":0,"isLongText":false,"visible":{"type":0,"list_id":0},"more_info_type":0,"content_auth":0,"edit_config":{"edited":false},"mblogtype":0,"bid":"yrEYJ5NeH"},"show_type":0},{"card_type":9,"itemid":"1076031401527553_-_3465898365127954","scheme":"https:\/\/m.weibo.cn\/status\/yrEjGlw0W?mblogid=yrEjGlw0W&luicode=10000011&lfid=1076031401527553","mblog":{"created_at":"2012-07-09","id":"3465898365127954","idstr":"3465898365127954","mid":"3465898365127954","can_edit":false,"text":"<a data-url=\"http:\/\/t.cn\/zWcJG1n\" target=\"_blank\" href=\"https:\/\/weibo.cn\/sinaurl\/blocked9f71da7a?luicode=10000011&lfid=1076031401527553&u=http%3A%2F%2Fcjmp.cnhan.com%2Fwhwb%2Fhtml%2F2012-07%2F09%2Fcontent_5033005.htm&ep=yrEjGlw0W%252C1401527553%252CyrEjGlw0W%252C1401527553\" class=\"\"><span class=\"url-icon\"><img src=\"\/\/h5.sinaimg.cn\/upload\/2015\/09\/25\/3\/timeline_card_small_web_default.png\"><\/span><\/i><span class=\"surl-text\">\u7f51\u9875\u94fe\u63a5<\/a> \u6b66\u6c49\u665a\u62a5\uff1a\u9760\u6570\u5b66\u77e5\u8bc6\u6f14\u7b97\u201c\u9022\u8d4c\u5fc5\u8d62\u201d\u79d8\u7b08\uff0c\u6fb319\u540d\u6570\u5b66\u5bb6\u7ec4\u56e2\u8d4c\u535a\u72c2\u8d6224\u4ebf\uff0c \u5168\u90fd\u6447\u8eab\u53d8\u6210\u8d85\u7ea7\u5bcc\u7fc1 \u5962\u534e\u751f\u6d3b\u5f15\u7a0e\u52a1\u5c40\u6ce8\u610f \u9003\u7a0e9\u4ebf\u906d\u6307\u63a7\u3002<a href='https:\/\/m.weibo.cn\/n\/yuange1975'>@yuange1975<\/a> \uff0c\u51fa\u5c71\u5427\u3002 \u200b\u200b\u200b","source":"\u5fae\u535a weibo.com","favorited":false,"is_paid":false,"mblog_vip_type":0,"user":{"id":1401527553,"screen_name":"tombkeeper","profile_image_url":"https:\/\/tva2.sinaimg.cn\/crop.0.0.180.180.180\/53899d01jw8fcb9qpe7vbj2050050mx8.jpg","profile_url":"https:\/\/m.weibo.cn\/u\/1401527553?uid=1401527553&luicode=10000011&lfid=1076031401527553","statuses_count":15425,"verified":true,"verified_type":0,"verified_type_ext":1,"verified_reason":"\u77e5\u540d\u4e92\u8054\u7f51\u8d44\u8baf\u535a\u4e3b","close_blue_v":false,"description":"\u5fae\u535a\u672c\u5730\u8d44\u8baf\u535a\u4e3b\uff08\u521a\u679c\u5e03\u62c9\u67f4\u7ef4\u5c14\uff09","gender":"m","mbtype":12,"urank":48,"mbrank":6,"follow_me":false,"following":false,"followers_count":192533,"follow_count":277,"cover_image_phone":"https:\/\/tva1.sinaimg.cn\/crop.0.0.640.640.640\/549d0121tw1egm1kjly3jj20hs0hsq4f.jpg","avatar_hd":"https:\/\/ww2.sinaimg.cn\/orj480\/53899d01jw8fcb9qpe7vbj2050050mx8.jpg","like":false,"like_me":false,"badge":{"bind_taobao":1,"dzwbqlx_2016":1,"follow_whitelist_video":1,"hongbao_2018":1}},"reposts_count":21,"comments_count":11,"attitudes_count":0,"pending_approval_count":0,"isLongText":false,"visible":{"type":0,"list_id":0},"more_info_type":0,"content_auth":0,"edit_config":{"edited":false},"mblogtype":0,"bid":"yrEjGlw0W"},"show_type":0}],"showAppTips":0,"scheme":"sinaweibo:\/\/cardlist?containerid=1076031401527553&extparam=&luicode=10000011&lfid=&featurecode="}}