{"ok":1,"data":{"cardlistInfo":{"containerid":"1076031401527553","v_p":42,"show_style":1,"total":15518,"page":50},"cards":[{"card_type":9,"itemid":"1076031401527553_-_3463686355689520","scheme":"https:\/\/m.weibo.cn\/status\/yqILVnS6s?mblogid=yqILVnS6s&luicode=10000011&lfid=1076031401527553","mblog":{"created_at":"2012-07-03","id":"3463686355689520","idstr":"3463686355689520","mid":"3463686355689520","can_edit":false,"text":"\u56de\u590d<a href='https:\/\/m.weibo.cn\/n\/\u738b\u5586ACN'>@\u738b\u5586ACN<\/a>: \u5b98\u50da\u95ee\u9898\uff0c\u57fa\u672c\u548c\u4f01\u4e1a\u5927\u5c0f\u6210\u6b63\u6bd4\uff0c\u5012\u4e0d\u5947\u602a\u3002\u6211\u8fd9\u91cc\u8bf4\u7684\u4e0d\u662f\u5b98\u50da\u95ee\u9898\uff0c\u800c\u662f\u770b\u5f85\u95ee\u9898\u4e0a\u79ef\u6781\u5411\u7ec4\u7ec7\u9760\u62e2\u8fd9\u4e00\u70b9\u3002 \/\/<a href='https:\/\/m.weibo.cn\/n\/\u738b\u5586ACN'>@\u738b\u5586ACN<\/a>:\u63a5\u89e6\u8fc7\u4e0d\u5c11\u5916\u4f01\u91cc\u7684\u56fd\u4f01\uff0c\u5b98\u50da\u4e0d\u8f93\u7eaf\u6b63\u56fd\u4f01\uff0c\u4e0d\u77e5\u662f\u6dee\u5317\u4e3a\u67b3\uff0c\u8fd8\u662f\u6dee\u5357\u539f\u672c\u4e5f\u4e0d\u4e3a\u6a58","source":"\u5fae\u535a weibo.com","favorited":false,"is_paid":false,"mblog_vip_type":0,"user":{"id":1401527553,"screen_name":"tombkeeper","profile_image_url":"https:\/\/tva2.sinaimg.cn\/crop.0.0.180.180.180\/53899d01jw8fcb9qpe7vbj2050050mx8.jpg","profile_url":"https:\/\/m.weibo.cn\/u\/1401527553?uid=1401527553&luicode=10000011&lfid=1076031401527553","statuses_count":15425,"verified":true,"verified_type":0,"verified_type_ext":1,"verified_reason":"\u77e5\u540d\u4e92\u8054\u7f51\u8d44\u8baf\u535a\u4e3b","close_blue_v":false,"description":"\u5fae\u535a\u672c\u5730\u8d44\u8baf\u535a\u4e3b\uff08\u521a\u679c\u5e03\u62c9\u67f4\u7ef4\u5c14\uff09","gender":"m","mbtype":12,"urank":48,"mbrank":6,"follow_me":false,"following":false,"followers_count":192533,"follow_count":277,"cover_image_phone":"https:\/\/tva1.sinaimg.cn\/crop.0.0.640.640.640\/549d0121tw1egm1kjly3jj20hs0hsq4f.jpg","avatar_hd":"https:\/\/ww2.sinaimg.cn\/orj480\/53899d01jw8fcb9qpe7vbj2050050mx8.jpg","like":false,"like_me":false,"badge":{"bind_taobao":1,"dzwbqlx_2016":1,"follow_whitelist_video":1,"hongbao_2018":1}},"retweeted_status":{"created_at":"2012-07-03","id":"3463681377073345","idstr":"3463681377073345","mid":"3463681377073345","can_edit":false,"text":"\u66fe\u542c\u4eba\u8bf4\u5f88\u591a\u56fd\u5916\u5de8\u578b\u4f01\u4e1a\u7684\u4e2d\u56fd\u516c\u53f8\uff0c\u5185\u90e8\u5f88\u50cf\u56fd\u4f01\u3002\u540e\u6765\u53d1\u73b0\u8fd9\u7c7b\u4f01\u4e1a\u91cc\u7684\u4e0d\u5c11\u4eba\uff0c\u5c45\u7136\u4e5f\u5f88\u4f53\u5236\u5185\uff0c\u5e76\u6ca1\u6709\u56e0\u4e3a\u5728\u6d0b\u8001\u677f\u6cbb\u4e0b\u5c31\u88ab\u8d44\u4ea7\u9636\u7ea7\u81ea\u7531\u5316\u601d\u60f3\u4fb5\u8680\u3002\u8fd9\u662f\u4e2a\u5f88\u6709\u8da3\u7684\u73b0\u8c61\u3002 \u200b\u200b\u200b","source":"\u5fae\u535a weibo.com","favorited":false,"is_paid":false,"mblog_vip_type":0,"user":{"id":1401527553,"screen_name":"tombkeeper","profile_image_url":"https:\/\/tva2.sinaimg.cn\/crop.0.0.180.180.180\/53899d01jw8fcb9qpe7vbj2050050mx8.jpg","profile_url":"https:\/\/m.weibo.cn\/u\/1401527553?uid=1401527553&luicode=10000011&lfid=1076031401527553","statuses_count":15425,"verified":true,"verified_type":0,"verified_type_ext":1,"verified_reason":"\u77e5\u540d\u4e92\u8054\u7f51\u8d44\u8baf\u535a\u4e3b","close_blue_v":false,"description":"\u5fae\u535a\u672c\u5730\u8d44\u8baf\u535a\u4e3b\uff08\u521a\u679c\u5e03\u62c9\u67f4\u7ef4\u5c14\uff09","gender":"m","mbtype":12,"urank":48,"mbrank":6,"follow_me":false,"following":false,"followers_count":192533,"follow_count":277,"cover_image_phone":"https:\/\/tva1.sinaimg.cn\/crop.0.0.640.640.640\/549d0121tw1egm1kjly3jj20hs0hsq4f.jpg","avatar_hd":"https:\/\/ww2.sinaimg.cn\/orj480\/53899d01jw8fcb9qpe7vbj2050050mx8.jpg","like":false,"like_me":false,"badge":{"bind_taobao":1,"dzwbqlx_2016":1,"follow_whitelist_video":1,"hongbao_2018":1}},"reposts_count":13,"comments_count":10,"attitudes_count":0,"pending_approval_count":0,"isLongText":false,"visible":{"type":0,"list_id":0},"more_info_type":0,"content_auth":0,"edit_config":{"edited":false},"bid":"yqIDTtG6d"},"reposts_count":4,"comments_count":6,"attitudes_count":0,"pending_approval_count":0,"isLongText":false,"visible":{"type":0,"list_id":0},"more_info_type":0,"content_auth":0,"edit_config":{"edited":false},"mblogtype":0,"obj_ext":"","raw_text":"\u56de\u590d@\u738b\u5586ACN: \u5b98\u50da\u95ee\u9898\uff0c\u57fa\u672c\u548c\u4f01\u4e1a\u5927\u5c0f\u6210\u6b63\u6bd4\uff0c\u5012\u4e0d\u5947\u602a\u3002\u6211\u8fd9\u91cc\u8bf4\u7684\u4e0d\u662f\u5b98\u50da\u95ee\u9898\uff0c\u800c\u662f\u770b\u5f85\u95ee\u9898\u4e0a\u79ef\u6781\u5411\u7ec4\u7ec7\u9760\u62e2\u8fd9\u4e00\u70b9\u3002 \/\/@\u738b\u5586ACN:\u63a5\u89e6\u8fc7\u4e0d\u5c11\u5916\u4f01\u91cc\u7684\u56fd\u4f01\uff0c\u5b98\u50da\u4e0d\u8f93\u7eaf\u6b63\u56fd\u4f01\uff0c\u4e0d\u77e5\u662f\u6dee\u5317\u4e3a\u67b3\uff0c\u8fd8\u662f\u6dee\u5357\u539f\u672c\u4e5f\u4e0d\u4e3a\u6a58","bid":"yqILVnS6s"},"show_type":0},{"card_type":9,"itemid":"1076031401527553_-_3463681377073345","scheme":"https:\/\/m.weibo.cn\/status\/yqIDTtG6d?mblogid=yqIDTtG6d&luicode=10000011&lfid=1076031401527553","mblog":{"created_at":"2012-07-03","id":"3463681377073345","idstr":"3463681377073345","mid":"3463681377073345","can_edit":false,"text":"\u66fe\u542c\u4eba\u8bf4\u5f88\u591a\u56fd\u5916\u5de8\u578b\u4f01\u4e1a\u7684\u4e2d\u56fd\u516c\u53f8\uff0c\u5185\u90e8\u5f88\u50cf\u56fd\u4f01\u3002\u540e\u6765\u53d1\u73b0\u8fd9\u7c7b\u4f01\u4e1a\u91cc\u7684\u4e0d\u5c11\u4eba\uff0c\u5c45\u7136\u4e5f\u5f88\u4f53\u5236\u5185\uff0c\u5e76\u6ca1\u6709\u56e0\u4e3a\u5728\u6d0b\u8001\u677f\u6cbb\u4e0b\u5c31\u88ab\u8d44\u4ea7\u9636\u7ea7\u81ea\u7531\u5316\u601d\u60f3\u4fb5\u8680\u3002\u8fd9\u662f\u4e2a\u5f88\u6709\u8da3\u7684\u73b0\u8c61\u3002 \u200b\u200b\u200b","source":"\u5fae\u535a weibo.com","favorited":false,"is_paid":false,"mblog_vip_type":0,"user":{"id":1401527553,"screen_name":"tombkeeper","profile_image_url":"https:\/\/tva2.sinaimg.cn\/crop.0.0.180.180.180\/53899d01jw8fcb9qpe7vbj2050050mx8.jpg","profile_url":"https:\/\/m.weibo.cn\/u\/1401527553?uid=1401527553&luicode=10000011&lfid=1076031401527553","statuses_count":15425,"verified":true,"verified_type":0,"verified_type_ext":1,"verified_reason":"\u77e5\u540d\u4e92\u8054\u7f51\u8d44\u8baf\u535a\u4e3b","close_blue_v":false,"description":"\u5fae\u535a\u672c\u5730\u8d44\u8baf\u535a\u4e3b\uff08\u521a\u679c\u5e03\u62c9\u67f4\u7ef4\u5c14\uff09","gender":"m","mbtype":12,"urank":48,"mbrank":6,"follow_me":false,"following":false,"followers_count":192533,"follow_count":277,"cover_image_phone":"https:\/\/tva1.sinaimg.cn\/crop.0.0.640.640.640\/549d0121tw1egm1kjly3jj20hs0hsq4f.jpg","avatar_hd":"https:\/\/ww2.sinaimg.cn\/orj480\/53899d01jw8fcb9qpe7vbj2050050mx8.jpg","like":false,"like_me":false,"badge":{"bind_taobao":1,"dzwbqlx_2016":1,"follow_whitelist_video":1,"hongbao_2018":1}},"reposts_count":13,"comments_count":10,"attitudes_count":0,"pending_approval_count":0,"isLongText":false,"visible":{"type":0,"list_id":0},"more_info_type":0,"content_auth":0,"edit_config":{"edited":false},"mblogtype":0,"bid":"yqIDTtG6d"},"show_type":0},{"card_type":9,"itemid":"1076031401527553_-_3463677493232511","scheme":"https:\/\/m.weibo.cn\/status\/yqIxDdyVh?mblogid=yqIxDdyVh&luicode=10000011&lfid=1076031401527553","mblog":{"created_at":"2012-07-03","id":"3463677493232511","idstr":"3463677493232511","mid":"3463677493232511","can_edit":false,"text":"\u8fde\u6f6e\u5439\u90fd\u8003\u8651\u5230\u4e86\uff0c\u8fd9\u79d1\u7814\u505a\u7684\u771f\u7ec6\u81f4\u3002","source":"\u5fae\u535a weibo.com","favorited":false,"is_paid":false,"mblog_vip_type":0,"user":{"id":1401527553,"screen_name":"tombkeeper","profile_image_url":"https:\/\/tva2.sinaimg.cn\/crop.0.0.180.180.180\/53899d01jw8fcb9qpe7vbj2050050mx8.jpg","profile_url":"https:\/\/m.weibo.cn\/u\/1401527553?uid=1401527553&luicode=10000011&lfid=1076031401527553","statuses_count":15425,"verified":true,"verified_type":0,"verified_type_ext":1,"verified_reason":"\u77e5\u540d\u4e92\u8054\u7f51\u8d44\u8baf\u535a\u4e3b","close_blue_v":false,"description":"\u5fae\u535a\u672c\u5730\u8d44\u8baf\u535a\u4e3b\uff08\u521a\u679c\u5e03\u62c9\u67f4\u7ef4\u5c14\uff09","gender":"m","mbtype":12,"urank":48,"mbrank":6,"follow_me":false,"following":false,"followers_count":192533,"follow_count":277,"cover_image_phone":"https:\/\/tva1.sinaimg.cn\/crop.0.0.640.640.640\/549d0121tw1egm1kjly3jj20hs0hsq4f.jpg","avatar_hd":"https:\/\/ww2.sinaimg.cn\/orj480\/53899d01jw8fcb9qpe7vbj2050050mx8.jpg","like":false,"like_me":false,"badge":{"bind_taobao":1,"dzwbqlx_2016":1,"follow_whitelist_video":1,"hongbao_2018":1}},"retweeted_status":{"created_at":"2012-07-03","id":"3463676130022706","idstr":"3463676130022706","mid":"3463676130022706","can_edit":false,"text":"\u5728\u67d0\u4e2a\u6240\u8c13\u300c\u79d1\u6280\u6838\u5fc3\u671f\u520a\u300d\u4e0a\u770b\u5230\u7684\uff0c\u4e2d\u533b\u7814\u7a76\u7684\u4eba\u7c7b\u6027\u9ad8\u6f6e\u300c\u98ce\u300d\u5b66\u673a\u7406\u56fe\uff0c\u9887\u4e3a\u7384\u5999\uff0c\u4e0e\u8bf8\u541b\u5171\u4eab\u4eba\u7c7b\u6587\u660e\u4e4b\u6210\u679c\u3002 \u200b\u200b\u200b","source":"\u5fae\u535a weibo.com","favorited":false,"thumbnail_pic":"http:\/\/ww2.sinaimg.cn\/thumbnail\/5e0bba51tw1dujitddi6hj.jpg","bmiddle_pic":"http:\/\/ww2.sinaimg.cn\/bmiddle\/5e0bba51tw1dujitddi6hj.jpg","original_pic":"http:\/\/ww2.sinaimg.cn\/large\/5e0bba51tw1dujitddi6hj.jpg","is_paid":false,"mblog_vip_type":0,"user":{"id":1577826897,"screen_name":"Fenng","profile_image_url":"https:\/\/tva3.sinaimg.cn\/crop.0.0.750.750.180\/5e0bba51jw8eznr420aofj20ku0kudgf.jpg","profile_url":"https:\/\/m.weibo.cn\/u\/1577826897?uid=1577826897&luicode=10000011&lfid=1076031401527553","statuses_count":25422,"verified":true,"verified_type":0,"verified_type_ext":1,"verified_reason":"\u300c\u5c0f\u9053\u6d88\u606f\u300d\u51fa\u54c1\u4eba","close_blue_v":false,"description":"\u624b\u827a\u4eba\uff0c\u5199\u5b57\u513f\u7684\u3002\u505a\u8fc7\u4e0d\u4f1a\u5199\u4ee3\u7801\u7684\u6c34\u8d27 CTO\u3002\u73b0\u5728\u6b63\u5728\u521b\u4e1a\u3002","gender":"m","mbtype":12,"urank":48,"mbrank":7,"follow_me":false,"following":false,"followers_count":1825690,"follow_count":3629,"cover_image_phone":"https:\/\/tva1.sinaimg.cn\/crop.0.0.640.640.640\/9d44112bjw1f1xl1c10tuj20hs0hs0tw.jpg","avatar_hd":"https:\/\/ww3.sinaimg.cn\/orj480\/5e0bba51jw8eznr420aofj20ku0kudgf.jpg","like":false,"like_me":false,"badge":{"bind_taobao":1,"self_media":1,"dzwbqlx_2016":1,"follow_whitelist_video":1,"hongbao_2018":1,"user_name_certificate":1}},"reposts_count":37,"comments_count":17,"attitudes_count":1,"pending_approval_count":0,"isLongText":false,"visible":{"type":0,"list_id":0},"more_info_type":0,"content_auth":0,"edit_config":{"edited":false},"bid":"yqIvr05Ue","pics":[{"pid":"5e0bba51tw1dujitddi6hj","url":"https:\/\/ww2.sinaimg.cn\/orj360\/5e0bba51tw1dujitddi6hj.jpg","size":"orj360","geo":false,"large":{"size":"large","url":"https:\/\/ww2.sinaimg.cn\/large\/5e0bba51tw1dujitddi6hj.jpg","geo":false}}]},"reposts_count":6,"comments_count":1,"attitudes_count":0,"pending_approval_count":0,"isLongText":false,"visible":{"type":0,"list_id":0},"more_info_type":0,"content_auth":0,"edit_config":{"edited":false},"mblogtype":0,"obj_ext":"","raw_text":"\u8fde\u6f6e\u5439\u90fd\u8003\u8651\u5230\u4e86\uff0c\u8fd9\u79d1\u7814\u505a\u7684\u771f\u7ec6\u81f4\u3002","bid":"yqIxDdyVh"},"show_type":0},{"card_type":9,"itemid":"1076031401527553_-_3463664117833171","scheme":"https:\/\/m.weibo.cn\/status\/yqIc3wRLt?mblogid=yqIc3wRLt&luicode=10000011&lfid=1076031401527553","mblog":{"created_at":"2012-07-03","id":"3463664117833171","idstr":"3463664117833171","mid":"3463664117833171","can_edit":false,"text":"\u5982\u679c\u4f60\u7684\u6743\u529b\u975e\u6765\u81ea\u4e0b\u5934\u7684\u9009\u7968\uff0c\u800c\u662f\u6765\u81ea\u4e0a\u5934\u7684\u4efb\u547d\uff0c\u90a3\u4e48\u81ea\u7136\u53ea\u9700\u5bf9\u4e0a\u5934\u8d1f\u8d23\uff0c\u65e0\u9700\u5bf9\u4e0b\u5934\u8d1f\u8d23\u3002\u5982\u4f55\u5bf9\u4e0a\u5934\u8d1f\u8d23\uff1f1\u3001GDP\uff0c2\u3001\u7a33\u5b9a\u3002\u4e5f\u8bb8\u8d44\u672c\u4e3b\u4e49\u56fd\u5bb6\u7684\u653f\u5ba2\u6574\u5929\u90fd\u5728\u6b3a\u9a97\u6c11\u4f17\u2014\u2014\u4e0d\u8fc7\uff0c\u5728\u80fd\u7b80\u5355\u94f2\u5e73\u4f60\u7684\u65f6\u5019\uff0c\u4e3a\u4ec0\u4e48\u8fd8\u8981\u8d39\u5fc3\u601d\u6b3a\u9a97\u4f60\uff1f","source":"\u5fae\u535a weibo.com","favorited":false,"is_paid":false,"mblog_vip_type":0,"user":{"id":1401527553,"screen_name":"tombkeeper","profile_image_url":"https:\/\/tva2.sinaimg.cn\/crop.0.0.180.180.180\/53899d01jw8fcb9qpe7vbj2050050mx8.jpg","profile_url":"https:\/\/m.weibo.cn\/u\/1401527553?uid=1401527553&luicode=10000011&lfid=1076031401527553","statuses_count":15425,"verified":true,"verified_type":0,"verified_type_ext":1,"verified_reason":"\u77e5\u540d\u4e92\u8054\u7f51\u8d44\u8baf\u535a\u4e3b","close_blue_v":false,"description":"\u5fae\u535a\u672c\u5730\u8d44\u8baf\u535a\u4e3b\uff08\u521a\u679c\u5e03\u62c9\u67f4\u7ef4\u5c14\uff09","gender":"m","mbtype":12,"urank":48,"mbrank":6,"follow_me":false,"following":false,"followers_count":192533,"follow_count":277,"cover_image_phone":"https:\/\/tva1.sinaimg.cn\/crop.0.0.640.640.640\/549d0121tw1egm1kjly3jj20hs0hsq4f.jpg","avatar_hd":"https:\/\/ww2.sinaimg.cn\/orj480\/53899d01jw8fcb9qpe7vbj2050050mx8.jpg","like":false,"like_me":false,"badge":{"bind_taobao":1,"dzwbqlx_2016":1,"follow_whitelist_video":1,"hongbao_2018":1}},"pid":3463660720773641,"retweeted_status":{"created_at":"2012-07-03","id":"3463657915115801","idstr":"3463657915115801","mid":"3463657915115801","can_edit":false,"text":"\u4ece\u4ec0\u90a1\u94bc\u94dc\u9879\u76ee\u52a8\u5de5\uff0c\u5230\u7fa4\u4f17\u6297\u8bae\uff0c\u5230\u9632\u66b4\u8b66\u5bdf\u52a8\u7528\u50ac\u6cea\u5f39\u201c\u9a71\u6563\u201d\u7fa4\u4f17\uff0c\u5230\u5ba3\u5e03\u9879\u76ee\u505c\u5de5\uff0c\u4e00\u5207\u56de\u590d\u5230\u539f\u70b9\u3002\u7136\u800c\u4e3a\u4ec0\u4e48\u8981\u515c\u8fd9\u4e00\u5927\u5708\uff1f\u4ec0\u90a1\u5e02\u9886\u5bfc\u53ef\u80fd\u8fd8\u5f88\u59d4\u5c48\uff1a\u6211\u4eec\u662f\u4e3a\u4e86\u5f53\u5730\u7ecf\u6d4e\u5440\u3002\u53cd\u601d\u5427\uff0c\u4e2d\u56fd\u5404\u5730\u5b98\u5458\u5e94\u4e00\u8d77\u8ddf\u7740\u53cd\u601d\u3002\u8fd9\u6837\u7684\u6545\u4e8b\u4e0d\u662f\u7b2c\u4e00\u6b21\u4e86\uff0c\u8fd8\u8981\u518d\u6765\u51e0\u6b21\u5417\uff1f\u5bf9\u8fd9\u6b21\u4e8b\u4ef6\u5e94\u4e25\u5389\u8ffd\u8d23\uff0c\u624d\u4f1a\u6709\u771f\u53cd\u601d\u3002 \u200b\u200b\u200b","source":"\u5fae\u535a weibo.com","favorited":false,"is_paid":false,"mblog_vip_type":0,"user":{"id":1989660417,"screen_name":"\u80e1\u9521\u8fdb","profile_image_url":"https:\/\/tva3.sinaimg.cn\/crop.0.0.180.180.180\/7697cf01jw1e8qgp5bmzyj2050050aa8.jpg","profile_url":"https:\/\/m.weibo.cn\/u\/1989660417?uid=1989660417&luicode=10000011&lfid=1076031401527553","statuses_count":5978,"verified":true,"verified_type":0,"verified_type_ext":1,"verified_reason":"\u300a\u73af\u7403\u65f6\u62a5\u300b\u603b\u7f16\u8f91\u80e1\u9521\u8fdb","close_blue_v":false,"description":"\u80e1\u9521\u8fdb\uff0c\u4e00\u4e2a\u201c\u590d\u6742\u4e2d\u56fd\u201d\u7684\u62a5\u9053\u8005\u3002","gender":"m","mbtype":12,"urank":43,"mbrank":6,"follow_me":false,"following":false,"followers_count":4680797,"follow_count":221,"cover_image_phone":"https:\/\/tva1.sinaimg.cn\/crop.0.0.640.640.640\/a1d3feabjw1ecat4uqw77j20hs0hsacp.jpg","avatar_hd":"https:\/\/ww3.sinaimg.cn\/orj480\/7697cf01jw1e8qgp5bmzyj2050050aa8.jpg","like":false,"like_me":false,"badge":{"follow_whitelist_video":1,"hongbao_2018":1}},"reposts_count":17679,"comments_count":6618,"attitudes_count":76,"pending_approval_count":0,"isLongText":false,"visible":{"type":0,"list_id":0},"more_info_type":0,"content_auth":0,"edit_config":{"edited":false},"bid":"yqI23lsQV"},"reposts_count":14,"comments_count":2,"attitudes_count":0,"pending_approval_count":0,"isLongText":false,"visible":{"type":0,"list_id":0},"more_info_type":0,"content_auth":0,"edit_config":{"edited":false},"mblogtype":0,"obj_ext":"","raw_text":"\u5982\u679c\u4f60\u7684\u6743\u529b\u975e\u6765\u81ea\u4e0b\u5934\u7684\u9009\u7968\uff0c\u800c\u662f\u6765\u81ea\u4e0a\u5934\u7684\u4efb\u547d\uff0c\u90a3\u4e48\u81ea\u7136\u53ea\u9700\u5bf9\u4e0a\u5934\u8d1f\u8d23\uff0c\u65e0\u9700\u5bf9\u4e0b\u5934\u8d1f\u8d23\u3002\u5982\u4f55\u5bf9\u4e0a\u5934\u8d1f\u8d23\uff1f1\u3001GDP\uff0c2\u3001\u7a33\u5b9a\u3002\u4e5f\u8bb8\u8d44\u672c\u4e3b\u4e49\u56fd\u5bb6\u7684\u653f\u5ba2\u6574\u5929\u90fd\u5728\u6b3a\u9a97\u6c11\u4f17\u2014\u2014\u4e0d\u8fc7\uff0c\u5728\u80fd\u7b80\u5355\u94f2\u5e73\u4f60\u7684\u65f6\u5019\uff0c\u4e3a\u4ec0\u4e48\u8fd8\u8981\u8d39\u5fc3\u601d\u6b3a\u9a97\u4f60\uff1f","bid":"yqIc3wRLt"},"show_type":0},{"card_type":9,"itemid":"1076031401527553_-_3463607243628097","scheme":"https:\/\/m.weibo.cn\/status\/yqGIkfdPH?mblogid=yqGIkfdPH&luicode=10000011&lfid=1076031401527553","mblog":{"created_at":"2012-07-03","id":"3463607243628097","idstr":"3463607243628097","mid":"3463607243628097","can_edit":false,"text":"\u5ffd\u7136\u60f3\u8d77\u4e86\u8fd9\u90e8\u6e2f\u5267\u3002<a href='https:\/\/m.weibo.cn\/n\/Joey_Yin'>@Joey_Yin<\/a> \u200b\u200b\u200b","source":"\u5fae\u535a weibo.com","favorited":false,"thumbnail_pic":"http:\/\/ww2.sinaimg.cn\/thumbnail\/53899d01gw1dujavek08bj.jpg","bmiddle_pic":"http:\/\/ww2.sinaimg.cn\/bmiddle\/53899d01gw1dujavek08bj.jpg","original_pic":"http:\/\/ww2.sinaimg.cn\/large\/53899d01gw1dujavek08bj.jpg","is_paid":false,"mblog_vip_type":0,"user":{"id":1401527553,"screen_name":"tombkeeper","profile_image_url":"https:\/\/tva2.sinaimg.cn\/crop.0.0.180.180.180\/53899d01jw8fcb9qpe7vbj2050050mx8.jpg","profile_url":"https:\/\/m.weibo.cn\/u\/1401527553?uid=1401527553&luicode=10000011&lfid=1076031401527553","statuses_count":15425,"verified":true,"verified_type":0,"verified_type_ext":1,"verified_reason":"\u77e5\u540d\u4e92\u8054\u7f51\u8d44\u8baf\u535a\u4e3b","close_blue_v":false,"description":"\u5fae\u535a\u672c\u5730\u8d44\u8baf\u535a\u4e3b\uff08\u521a\u679c\u5e03\u62c9\u67f4\u7ef4\u5c14\uff09","gender":"m","mbtype":12,"urank":48,"mbrank":6,"follow_me":false,"following":false,"followers_count":192533,"follow_count":277,"cover_image_phone":"https:\/\/tva1.sinaimg.cn\/crop.0.0.640.640.640\/549d0121tw1egm1kjly3jj20hs0hsq4f.jpg","avatar_hd":"https:\/\/ww2.sinaimg.cn\/orj480\/53899d01jw8fcb9qpe7vbj2050050mx8.jpg","like":false,"like_me":false,"badge":{"bind_taobao":1,"dzwbqlx_2016":1,"follow_whitelist_video":1,"hongbao_2018":1}},"reposts_count":4,"comments_count":5,"attitudes_count":0,"pending_approval_count":0,"isLongText":false,"visible":{"type":0,"list_id":0},"more_info_type":0,"content_auth":0,"edit_config":{"edited":false},"mblogtype":0,"bid":"yqGIkfdPH","pics":[{"pid":"53899d01gw1dujavek08bj","url":"https:\/\/ww2.sinaimg.cn\/orj360\/53899d01gw1dujavek08bj.jpg","size":"orj360","geo":false,"large":{"size":"large","url":"https:\/\/ww2.sinaimg.cn\/large\/53899d01gw1dujavek08bj.jpg","geo":false}}]},"show_type":0},{"card_type":9,"itemid":"1076031401527553_-_3463485033981577","scheme":"https:\/\/m.weibo.cn\/status\/yqDxdgHMZ?mblogid=yqDxdgHMZ&luicode=10000011&lfid=1076031401527553","mblog":{"created_at":"2012-07-02","id":"3463485033981577","idstr":"3463485033981577","mid":"3463485033981577","can_edit":false,"text":"\u3010\u662f\u4ed6\u513f\u5b50\u738b\u732e\u4e4b\u4ee3\u7b14\u7684\uff01\u3011\u3016\u90a3\u65f6\u5019\u5a03\u8fd8\u6ca1\u51fa\u751f\u5427\uff1f\u3017\u3010\u90a3\u5c31\u662f\u4ed6\u517b\u7684\u9e45\u4ee3\u7b14\u7684\uff01\u3011 \/\/<a href='https:\/\/m.weibo.cn\/n\/\u94b1\u8389\u82b3'>@\u94b1\u8389\u82b3<\/a>: \u56de\u590d<a href='https:\/\/m.weibo.cn\/n\/\u4e0e\u86c7\u540c\u6e38'>@\u4e0e\u86c7\u540c\u6e38<\/a>:\u8fd8\u8981\u5ba1\u95ee\u5f53\u5e74\u5170\u4ead\u676f\u8bd7\u6587\u5927\u8d5b\u768440\u591a\u540d\u7ec4\u7ec7\u8005\u53c2\u4e0e\u8005\u5173\u4e8e\u5199\u4f5c\u65f6\u95f4\u3001\u5148\u540e\u987a\u5e8f\u3001\u8bc4\u59d4\u6253\u5206\u2026\u2026\u7684\u7cbe\u786e\u6570\u636e\uff01","source":"\u5fae\u535a weibo.com","favorited":false,"is_paid":false,"mblog_vip_type":0,"user":{"id":1401527553,"screen_name":"tombkeeper","profile_image_url":"https:\/\/tva2.sinaimg.cn\/crop.0.0.180.180.180\/53899d01jw8fcb9qpe7vbj2050050mx8.jpg","profile_url":"https:\/\/m.weibo.cn\/u\/1401527553?uid=1401527553&luicode=10000011&lfid=1076031401527553","statuses_count":15425,"verified":true,"verified_type":0,"verified_type_ext":1,"verified_reason":"\u77e5\u540d\u4e92\u8054\u7f51\u8d44\u8baf\u535a\u4e3b","close_blue_v":false,"description":"\u5fae\u535a\u672c\u5730\u8d44\u8baf\u535a\u4e3b\uff08\u521a\u679c\u5e03\u62c9\u67f4\u7ef4\u5c14\uff09","gender":"m","mbtype":12,"urank":48,"mbrank":6,"follow_me":false,"following":false,"followers_count":192533,"follow_count":277,"cover_image_phone":"https:\/\/tva1.sinaimg.cn\/crop.0.0.640.640.640\/549d0121tw1egm1kjly3jj20hs0hsq4f.jpg","avatar_hd":"https:\/\/ww2.sinaimg.cn\/orj480\/53899d01jw8fcb9qpe7vbj2050050mx8.jpg","like":false,"like_me":false,"badge":{"bind_taobao":1,"dzwbqlx_2016":1,"follow_whitelist_video":1,"hongbao_2018":1}},"pid":3463481573040852,"retweeted_status":{"created_at":"2012-07-02","id":"3463415542634094","idstr":"3463415542634094","mid":"3463415542634094","can_edit":false,"text":"\u738b\u7fb2\u4e4b\uff0c\u4f60\u5982\u5b9e\u62db\u6765\uff1a\u300a\u5170\u4ead\u96c6\u5e8f\u300b\u5230\u5e95\u662f\u8c01\u5199\u7684\uff1f\uff01\uff0120\u4e2a\u201c\u4e4b\u201d\u5b57\u5199\u6cd5\u65e0\u4e00\u96f7\u540c\uff0c\u201c\u5feb\u7136\u81ea\u8db3\u201d\u5199\u4f5c\u201c\u600f\u7136\u81ea\u8db3\u201d\uff0c\u4ee3\u7b14\u94c1\u8bc1\u5982\u5c71\uff01\u4f60\u660e\u660e\u201c\u5e7c\u8bb7\u4e8e\u8a00\u201d\uff0c\u4e3a\u4ec0\u4e48\u957f\u5927\u7a81\u7136\u53d8\u5f97\u8fa9\u624d\u51fa\u4f17\uff1f\u5de8\u989d\u53e3\u624d\u6765\u6e90\u4e0d\u660e\uff01\u4f60\u738b\u5bb6\u4e3a\u4ec0\u4e48\u603b\u662f\u51fa\u73b0\u795e\u5947\u7684\u4e66\u6cd5\u5929\u8d4b\u7236\u5b50\u76f8\u4f20\u89c4\u5f8b\uff1f\u5475\u5475\uff0c\u8054\u60f3\u4f60\u738b\u5bb6\u5728\u4e1c\u664b\u7684\u52bf\u529b\u2026\u2026\u4e66\u6cd5\u5929\u624d\uff1f\u55e4\uff01 \u200b\u200b\u200b","source":"\u5fae\u535a weibo.com","favorited":false,"is_paid":false,"mblog_vip_type":0,"user":{"id":1298028354,"screen_name":"\u94b1\u8389\u82b3","profile_image_url":"https:\/\/tva3.sinaimg.cn\/crop.0.135.1699.1699.180\/4d5e5742jw8f89exb7y33j21kw2cztne.jpg","profile_url":"https:\/\/m.weibo.cn\/u\/1298028354?uid=1298028354&luicode=10000011&lfid=1076031401527553","statuses_count":4065,"verified":true,"verified_type":0,"verified_type_ext":0,"verified_reason":"\u79d1\u5e7b\u4f5c\u5bb6\u94b1\u8389\u82b3\uff0c\u4ee3\u8868\u4f5c\uff1a\u5386\u53f2\u79d1\u5e7b\u300a\u5929\u610f\u300b\u300a\u5929\u547d\u300b","close_blue_v":false,"description":"\u4f5c\u54c1\uff1a\u957f\u7bc7\u5c0f\u8bf4\u300a\u5929\u610f\u300b\u3001\u300a\u5929\u547d\u300b\uff0c\u4e2d\u7bc7\u5c0f\u8bf4\u300a\u98de\u5347\u300b\uff08\u5728\u65b0\u7248\u300a\u5929\u610f\u300b\u540e\uff09\u3002\u5353\u8d8a\u3001\u4eac\u4e1c\u3001\u5f53\u5f53\u53ca\u65b0\u534e\u4e66\u5e97\u6709\u552e\u3002","gender":"f","mbtype":0,"urank":31,"mbrank":0,"follow_me":false,"following":false,"followers_count":17340,"follow_count":1533,"cover_image_phone":"https:\/\/tva1.sinaimg.cn\/crop.0.0.640.640.640\/549d0121tw1egm1kjly3jj20hs0hsq4f.jpg","avatar_hd":"https:\/\/ww3.sinaimg.cn\/orj480\/4d5e5742jw8f89exb7y33j21kw2cztne.jpg","like":false,"like_me":false,"badge":{"bind_taobao":1,"unread_pool":1,"unread_pool_ext":1}},"reposts_count":88,"comments_count":53,"attitudes_count":0,"pending_approval_count":0,"isLongText":false,"visible":{"type":0,"list_id":0},"more_info_type":0,"content_auth":0,"edit_config":{"edited":false},"bid":"yqBJ8b3fo"},"reposts_count":7,"comments_count":5,"attitudes_count":0,"pending_approval_count":0,"isLongText":false,"visible":{"type":0,"list_id":0},"more_info_type":0,"content_auth":0,"edit_config":{"edited":false},"mblogtype":0,"obj_ext":"","raw_text":"\u3010\u662f\u4ed6\u513f\u5b50\u738b\u732e\u4e4b\u4ee3\u7b14\u7684\uff01\u3011\u3016\u90a3\u65f6\u5019\u5a03\u8fd8\u6ca1\u51fa\u751f\u5427\uff1f\u3017\u3010\u90a3\u5c31\u662f\u4ed6\u517b\u7684\u9e45\u4ee3\u7b14\u7684\uff01\u3011 \/\/@\u94b1\u8389\u82b3: \u56de\u590d@\u4e0e\u86c7\u540c\u6e38:\u8fd8\u8981\u5ba1\u95ee\u5f53\u5e74\u5170\u4ead\u676f\u8bd7\u6587\u5927\u8d5b\u768440\u591a\u540d\u7ec4\u7ec7\u8005\u53c2\u4e0e\u8005\u5173\u4e8e\u5199\u4f5c\u65f6\u95f4\u3001\u5148\u540e\u987a\u5e8f\u3001\u8bc4\u59d4\u6253\u5206\u2026\u2026\u7684\u7cbe\u786e\u6570\u636e\uff01","bid":"yqDxdgHMZ"},"show_type":0},{"card_type":9,"itemid":"1076031401527553_-_3463474317770962","scheme":"https:\/\/m.weibo.cn\/status\/yqDfVwBA6?mblogid=yqDfVwBA6&luicode=10000011&lfid=1076031401527553","mblog":{"created_at":"2012-07-02","id":"3463474317770962","idstr":"3463474317770962","mid":"3463474317770962","can_edit":false,"text":"\u767e\u5ea6Blog\u65b0\u9020\u578b\u5c31\u662f\u4e00\u5768\u5c4e\u3002\u6211\u5411\u6765\u5c0a\u91cd\u5f00\u53d1\u8005\u7684\u8f9b\u52e4\u52b3\u52a8\uff0c\u4f46\u8fd9\u6b21\u4f60\u4eec\u786e\u5b9e\u8f9b\u52e4\u5730\u521b\u9020\u4e86\u4e00\u5768\u5c4e\u3002\u539f\u672c\u4e0d\u60f3\u6362\uff0c\u4f46\u6bcf\u6b21\u8bbf\u95ee\u90fd\u5f39\u51fa\u4e00\u4e2a\u5927\u738b\u516b\u86cb\u6846\u6765\u63d0\u9192\u66f4\u6362\u3002\u4e3a\u4e86\u56fe\u6e05\u9759\uff0c\u6211\u60f3\u6362\u5c31\u6362\u5427\uff0c\u5927\u4e0d\u4e86\u6362\u56de\u6765\u3002\u6ca1\u60f3\u5230\u4e00\u9524\u5b50\u4e70\u5356\uff0c\u6362\u4e0d\u56de\u6765\u4e86\u3002\u4f5c\u4e3aBaidu\u65d7\u4e0b\u7684\u4e1c\u897f\uff0cBlog\u641c\u7d22\u529f\u80fd\u4ece\u6765\u5c31\u6ca1\u6b63\u5e38\u8fc7\uff0c\u73b0\u5728\u5219\u5f7b\u5e95\u6ca1\u4e86\u3002 \u200b\u200b\u200b","source":"\u5fae\u535a weibo.com","favorited":false,"is_paid":false,"mblog_vip_type":0,"user":{"id":1401527553,"screen_name":"tombkeeper","profile_image_url":"https:\/\/tva2.sinaimg.cn\/crop.0.0.180.180.180\/53899d01jw8fcb9qpe7vbj2050050mx8.jpg","profile_url":"https:\/\/m.weibo.cn\/u\/1401527553?uid=1401527553&luicode=10000011&lfid=1076031401527553","statuses_count":15425,"verified":true,"verified_type":0,"verified_type_ext":1,"verified_reason":"\u77e5\u540d\u4e92\u8054\u7f51\u8d44\u8baf\u535a\u4e3b","close_blue_v":false,"description":"\u5fae\u535a\u672c\u5730\u8d44\u8baf\u535a\u4e3b\uff08\u521a\u679c\u5e03\u62c9\u67f4\u7ef4\u5c14\uff09","gender":"m","mbtype":12,"urank":48,"mbrank":6,"follow_me":false,"following":false,"followers_count":192533,"follow_count":277,"cover_image_phone":"https:\/\/tva1.sinaimg.cn\/crop.0.0.640.640.640\/549d0121tw1egm1kjly3jj20hs0hsq4f.jpg","avatar_hd":"https:\/\/ww2.sinaimg.cn\/orj480\/53899d01jw8fcb9qpe7vbj2050050mx8.jpg","like":false,"like_me":false,"badge":{"bind_taobao":1,"dzwbqlx_2016":1,"follow_whitelist_video":1,"hongbao_2018":1}},"reposts_count":65,"comments_count":38,"attitudes_count":1,"pending_approval_count":0,"isLongText":false,"visible":{"type":0,"list_id":0},"more_info_type":0,"content_auth":0,"edit_config":{"edited":false},"mblogtype":0,"bid":"yqDfVwBA6"},"show_type":0},{"card_type":9,"itemid":"1076031401527553_-_3463367370637587","scheme":"https:\/\/m.weibo.cn\/status\/yqAtr2FRF?mblogid=yqAtr2FRF&luicode=10000011&lfid=1076031401527553","mblog":{"created_at":"2012-07-02","id":"3463367370637587","idstr":"3463367370637587","mid":"3463367370637587","can_edit":false,"text":"Super Brilliant\u65cf\u9690\u85cf\u5728\u4eba\u7c7b\u4e2d\u5df2\u7ecf\u4e0a\u4e07\u5e74\uff0c\u5404\u65b9\u9762\u90fd\u8fdb\u5316\u5f97\u51e0\u4e4e\u548c\u4eba\u7c7b\u4e00\u6837\u3002\u552f\u4e00\u533a\u522b\u662f\u4f4d\u4e8e\u810a\u690e\u672b\u7aef\u7684\u4e24\u7247\u611f\u53d7\u5668\u80fd\u7cbe\u786e\u63a2\u77e5\u4eba\u7c7b\u7684\u60c5\u7eea\u3002\u6240\u4ee5\u4ed6\u4eec\u603b\u80fd\u5728\u4f60\u6700\u60f3\u9a82\u4eba\u7684\u65f6\u5019\u51fa\u73b0\uff0c\u7528\u6447\u66f3\u591a\u59ff\u7684\u903b\u8f91\uff0c\u80a5\u6ed1\u626d\u52a8\u7684\u8bba\u8bc1\u6253\u8d25\u4f60\u2014\u2014\u81f3\u5c11\u4ed6\u4eec\u81ea\u5df1\u89c9\u5f97\u80dc\u5229\u4e86\u3002\u4ed6\u4eec\u7684\u7fa4\u4f53\u6c38\u751f\uff0c\u4ed6\u4eec\u7684\u4e2a\u4f53\u4e0d\u8d25\u3002 \u200b\u200b\u200b","source":"\u5fae\u535a weibo.com","favorited":false,"is_paid":false,"mblog_vip_type":0,"user":{"id":1401527553,"screen_name":"tombkeeper","profile_image_url":"https:\/\/tva2.sinaimg.cn\/crop.0.0.180.180.180\/53899d01jw8fcb9qpe7vbj2050050mx8.jpg","profile_url":"https:\/\/m.weibo.cn\/u\/1401527553?uid=1401527553&luicode=10000011&lfid=1076031401527553","statuses_count":15425,"verified":true,"verified_type":0,"verified_type_ext":1,"verified_reason":"\u77e5\u540d\u4e92\u8054\u7f51\u8d44\u8baf\u535a\u4e3b","close_blue_v":false,"description":"\u5fae\u535a\u672c\u5730\u8d44\u8baf\u535a\u4e3b\uff08\u521a\u679c\u5e03\u62c9\u67f4\u7ef4\u5c14\uff09","gender":"m","mbtype":12,"urank":48,"mbrank":6,"follow_me":false,"following":false,"followers_count":192533,"follow_count":277,"cover_image_phone":"https:\/\/tva1.sinaimg.cn\/crop.0.0.640.640.640\/549d0121tw1egm1kjly3jj20hs0hsq4f.jpg","avatar_hd":"https:\/\/ww2.sinaimg.cn\/orj480\/53899d01jw8fcb9qpe7vbj2050050mx8.jpg","like":false,"like_me":false,"badge":{"bind_taobao":1,"dzwbqlx_2016":1,"follow_whitelist_video":1,"hongbao_2018":1}},"reposts_count":64,"comments_count":6,"attitudes_count":12,"pending_approval_count":0,"isLongText":false,"visible":{"type":0,"list_id":0},"more_info_type":0,"content_auth":0,"edit_config":{"edited":false},"mblogtype":0,"bid":"yqAtr2FRF"},"show_type":0},{"card_type":9,"itemid":"1076031401527553_-_3463362626950408","scheme":"https:\/\/m.weibo.cn\/status\/yqAlMta7m?mblogid=yqAlMta7m&luicode=10000011&lfid=1076031401527553","mblog":{"created_at":"2012-07-02","id":"3463362626950408","idstr":"3463362626950408","mid":"3463362626950408","can_edit":false,"text":"\u56de\u590d<a href='https:\/\/m.weibo.cn\/n\/O-Mighty'>@O-Mighty<\/a>: \u662f\u7edd\u5bf9\u6210\u672c\u3002\u53e6\uff0c\u6709\u4eba\u64b0\u6587\u5f3a\u8fa9\u79f0\u6b64\u62a5\u544a\u8bf4\u7684\u662f\u5404\u5927\u516c\u53f8\u6d3e\u9a7b\u4eba\u5458\u7684\u751f\u6d3b\u6210\u672c\uff0c\u975e\u5f53\u5730\u5c45\u6c11\u751f\u6d3b\u6210\u672c\u2014\u2014\u8fd9\u6ca1\u9519\uff0c\u5982\u679c\u613f\u610f\u5728\u7d22\u9a6c\u91cc\u50cf\u7d22\u9a6c\u91cc\u4eba\u4e00\u6837\u751f\u6d3b\uff0c\u6210\u672c\u786e\u5b9e\u5f88\u4f4e\u3002\u6bd4\u7684\u5c31\u662f\u5728\u4e16\u754c\u5404\u5730\u8fbe\u5230\u7c7b\u4f3c\u751f\u6d3b\u6c34\u5e73\u9700\u8981\u7684\u6210\u672c\u3002 \/\/<a href='https:\/\/m.weibo.cn\/n\/O-Mighty'>@O-Mighty<\/a>:\u7edd\u5bf9\u6210\u672c\u8fd8\u662f\u76f8\u5bf9\u5e73\u5747\u5de5\u8d44\u7684\u76f8\u5bf9\u6210\u672c?","source":"\u5fae\u535a weibo.com","favorited":false,"is_paid":false,"mblog_vip_type":0,"user":{"id":1401527553,"screen_name":"tombkeeper","profile_image_url":"https:\/\/tva2.sinaimg.cn\/crop.0.0.180.180.180\/53899d01jw8fcb9qpe7vbj2050050mx8.jpg","profile_url":"https:\/\/m.weibo.cn\/u\/1401527553?uid=1401527553&luicode=10000011&lfid=1076031401527553","statuses_count":15425,"verified":true,"verified_type":0,"verified_type_ext":1,"verified_reason":"\u77e5\u540d\u4e92\u8054\u7f51\u8d44\u8baf\u535a\u4e3b","close_blue_v":false,"description":"\u5fae\u535a\u672c\u5730\u8d44\u8baf\u535a\u4e3b\uff08\u521a\u679c\u5e03\u62c9\u67f4\u7ef4\u5c14\uff09","gender":"m","mbtype":12,"urank":48,"mbrank":6,"follow_me":false,"following":false,"followers_count":192533,"follow_count":277,"cover_image_phone":"https:\/\/tva1.sinaimg.cn\/crop.0.0.640.640.640\/549d0121tw1egm1kjly3jj20hs0hsq4f.jpg","avatar_hd":"https:\/\/ww2.sinaimg.cn\/orj480\/53899d01jw8fcb9qpe7vbj2050050mx8.jpg","like":false,"like_me":false,"badge":{"bind_taobao":1,"dzwbqlx_2016":1,"follow_whitelist_video":1,"hongbao_2018":1}},"retweeted_status":{"created_at":"2012-07-02","id":"3463344134030461","idstr":"3463344134030461","mid":"3463344134030461","can_edit":false,"text":"\u56fd\u9645\u56db\u5927\u4eba\u529b\u8d44\u6e90\u516c\u53f8\u4e4b\u4e00\u7684\u7f8e\u4e16\uff08Mercer\uff092012\u5e746\u670812\u65e5\u53d1\u5e03\u4e86\u4e00\u4efd\u62a5\u544a\uff08<a data-url=\"http:\/\/t.cn\/zWvkCoY\" target=\"_blank\" href=\"https:\/\/weibo.cn\/sinaurl\/blocked09ec70a0?luicode=10000011&lfid=1076031401527553&u=http%3A%2F%2Fwww.mercer.com%2Fpress-releases%2Fcost-of-living-rankings&ep=yqzRXgUvr%252C1401527553%252CyqzRXgUvr%252C1401527553\" class=\"\"><span class=\"url-icon\"><img src=\"\/\/h5.sinaimg.cn\/upload\/2015\/09\/25\/3\/timeline_card_small_web_default.png\"><\/span><\/i><span class=\"surl-text\">\u7f51\u9875\u94fe\u63a5<\/a>\uff09\uff0c\u8bc4\u4f30\u4e862012\u5e74\u5168\u7403\u5404\u5927\u57ce\u5e02\u7684\u751f\u6d3b\u6210\u672c\uff1a\u4e1c\u4eac\u7b2c1\uff0c\u9999\u6e2f\u7b2c9\uff0c\u4e0a\u6d77\u7b2c16\uff0c\u5317\u4eac\u7b2c17\uff0c\u4f26\u6566\u7b2c25\uff0c\u6df1\u5733\u7b2c30\uff0c\u5e7f\u5dde\u7b2c31\uff0c\u7ebd\u7ea6\u7b2c33\uff0c\u5df4\u9ece\u7b2c37\u3002 \u200b\u200b\u200b","source":"\u5fae\u535a weibo.com","favorited":false,"is_paid":false,"mblog_vip_type":0,"user":{"id":1401527553,"screen_name":"tombkeeper","profile_image_url":"https:\/\/tva2.sinaimg.cn\/crop.0.0.180.180.180\/53899d01jw8fcb9qpe7vbj2050050mx8.jpg","profile_url":"https:\/\/m.weibo.cn\/u\/1401527553?uid=1401527553&luicode=10000011&lfid=1076031401527553","statuses_count":15425,"verified":true,"verified_type":0,"verified_type_ext":1,"verified_reason":"\u77e5\u540d\u4e92\u8054\u7f51\u8d44\u8baf\u535a\u4e3b","close_blue_v":false,"description":"\u5fae\u535a\u672c\u5730\u8d44\u8baf\u535a\u4e3b\uff08\u521a\u679c\u5e03\u62c9\u67f4\u7ef4\u5c14\uff09","gender":"m","mbtype":12,"urank":48,"mbrank":6,"follow_me":false,"following":false,"followers_count":192533,"follow_count":277,"cover_image_phone":"https:\/\/tva1.sinaimg.cn\/crop.0.0.640.640.640\/549d0121tw1egm1kjly3jj20hs0hsq4f.jpg","avatar_hd":"https:\/\/ww2.sinaimg.cn\/orj480\/53899d01jw8fcb9qpe7vbj2050050mx8.jpg","like":false,"like_me":false,"badge":{"bind_taobao":1,"dzwbqlx_2016":1,"follow_whitelist_video":1,"hongbao_2018":1}},"reposts_count":53,"comments_count":7,"attitudes_count":0,"pending_approval_count":0,"isLongText":false,"visible":{"type":0,"list_id":0},"more_info_type":0,"content_auth":0,"edit_config":{"edited":false},"bid":"yqzRXgUvr"},"reposts_count":8,"comments_count":5,"attitudes_count":0,"pending_approval_count":0,"isLongText":false,"visible":{"type":0,"list_id":0},"more_info_type":0,"content_auth":0,"edit_config":{"edited":false},"mblogtype":0,"obj_ext":"","raw_text":"\u56de\u590d@O-Mighty: \u662f\u7edd\u5bf9\u6210\u672c\u3002\u53e6\uff0c\u6709\u4eba\u64b0\u6587\u5f3a\u8fa9\u79f0\u6b64\u62a5\u544a\u8bf4\u7684\u662f\u5404\u5927\u516c\u53f8\u6d3e\u9a7b\u4eba\u5458\u7684\u751f\u6d3b\u6210\u672c\uff0c\u975e\u5f53\u5730\u5c45\u6c11\u751f\u6d3b\u6210\u672c\u2014\u2014\u8fd9\u6ca1\u9519\uff0c\u5982\u679c\u613f\u610f\u5728\u7d22\u9a6c\u91cc\u50cf\u7d22\u9a6c\u91cc\u4eba\u4e00\u6837\u751f\u6d3b\uff0c\u6210\u672c\u786e\u5b9e\u5f88\u4f4e\u3002\u6bd4\u7684\u5c31\u662f\u5728\u4e16\u754c\u5404\u5730\u8fbe\u5230\u7c7b\u4f3c\u751f\u6d3b\u6c34\u5e73\u9700\u8981\u7684\u6210\u672c\u3002 \/\/@O-Mighty:\u7edd\u5bf9\u6210\u672c\u8fd8\u662f\u76f8\u5bf9\u5e73\u5747\u5de5\u8d44\u7684\u76f8\u5bf9\u6210\u672c?","bid":"yqAlMta7m"},"show_type":0},{"card_type":9,"itemid":"1076031401527553_-_3463344134030461","scheme":"https:\/\/m.weibo.cn\/status\/yqzRXgUvr?mblogid=yqzRXgUvr&luicode=10000011&lfid=1076031401527553","mblog":{"created_at":"2012-07-02","id":"3463344134030461","idstr":"3463344134030461","mid":"3463344134030461","can_edit":false,"text":"\u56fd\u9645\u56db\u5927\u4eba\u529b\u8d44\u6e90\u516c\u53f8\u4e4b\u4e00\u7684\u7f8e\u4e16\uff08Mercer\uff092012\u5e746\u670812\u65e5\u53d1\u5e03\u4e86\u4e00\u4efd\u62a5\u544a\uff08<a data-url=\"http:\/\/t.cn\/zWvkCoY\" target=\"_blank\" href=\"https:\/\/weibo.cn\/sinaurl\/blocked09ec70a0?luicode=10000011&lfid=1076031401527553&u=http%3A%2F%2Fwww.mercer.com%2Fpress-releases%2Fcost-of-living-rankings&ep=yqzRXgUvr%252C1401527553%252CyqzRXgUvr%252C1401527553\" class=\"\"><span class=\"url-icon\"><img src=\"\/\/h5.sinaimg.cn\/upload\/2015\/09\/25\/3\/timeline_card_small_web_default.png\"><\/span><\/i><span class=\"surl-text\">\u7f51\u9875\u94fe\u63a5<\/a>\uff09\uff0c\u8bc4\u4f30\u4e862012\u5e74\u5168\u7403\u5404\u5927\u57ce\u5e02\u7684\u751f\u6d3b\u6210\u672c\uff1a\u4e1c\u4eac\u7b2c1\uff0c\u9999\u6e2f\u7b2c9\uff0c\u4e0a\u6d77\u7b2c16\uff0c\u5317\u4eac\u7b2c17\uff0c\u4f26\u6566\u7b2c25\uff0c\u6df1\u5733\u7b2c30\uff0c\u5e7f\u5dde\u7b2c31\uff0c\u7ebd\u7ea6\u7b2c33\uff0c\u5df4\u9ece\u7b2c37\u3002 \u200b\u200b\u200b","source":"\u5fae\u535a weibo.com","favorited":false,"is_paid":false,"mblog_vip_type":0,"user":{"id":1401527553,"screen_name":"tombkeeper","profile_image_url":"https:\/\/tva2.sinaimg.cn\/crop.0.0.180.180.180\/53899d01jw8fcb9qpe7vbj2050050mx8.jpg","profile_url":"https:\/\/m.weibo.cn\/u\/1401527553?uid=1401527553&luicode=10000011&lfid=1076031401527553","statuses_count":15425,"verified":true,"verified_type":0,"verified_type_ext":1,"verified_reason":"\u77e5\u540d\u4e92\u8054\u7f51\u8d44\u8baf\u535a\u4e3b","close_blue_v":false,"description":"\u5fae\u535a\u672c\u5730\u8d44\u8baf\u535a\u4e3b\uff08\u521a\u679c\u5e03\u62c9\u67f4\u7ef4\u5c14\uff09","gender":"m","mbtype":12,"urank":48,"mbrank":6,"follow_me":false,"following":false,"followers_count":192533,"follow_count":277,"cover_image_phone":"https:\/\/tva1.sinaimg.cn\/crop.0.0.640.640.640\/549d0121tw1egm1kjly3jj20hs0hsq4f.jpg","avatar_hd":"https:\/\/ww2.sinaimg.cn\/orj480\/53899d01jw8fcb9qpe7vbj2050050mx8.jpg","like":false,"like_me":false,"badge":{"bind_taobao":1,"dzwbqlx_2016":1,"follow_whitelist_video":1,"hongbao_2018":1}},"reposts_count":53,"comments_count":7,"attitudes_count":0,"pending_approval_count":0,"isLongText":false,"visible":{"type":0,"list_id":0},"more_info_type":0,"content_auth":0,"edit_config":{"edited":false},"mblogtype":0,"bid":"yqzRXgUvr"},"show_type":0}],"showAppTips":0,"scheme":"sinaweibo:\/\/cardlist?containerid=1076031401527553&extparam=&luicode=10000011&lfid=&featurecode="}}