{"ok":1,"data":{"cardlistInfo":{"containerid":"1076031401527553","v_p":42,"show_style":1,"total":15518,"page":50},"cards":[{"card_type":9,"itemid":"1076031401527553_-_3458968850887341","scheme":"https:\/\/m.weibo.cn\/status\/yoK333IPX?mblogid=yoK333IPX&luicode=10000011&lfid=1076031401527553","mblog":{"created_at":"2012-06-20","id":"3458968850887341","idstr":"3458968850887341","mid":"3458968850887341","can_edit":false,"text":"\u6211\u8111\u4e2d\u5e7b\u51fa\u4e00\u7ec4\u955c\u5934\uff1a\u4e00\u4e2a\u4eba\u5728\u5404\u5904\u548c\u5404\u8272\u7f8e\u5973\u5408\u5f71\u8c08\u7b11\uff0c\u4e00\u4e2a\u4eba\u5728\u7535\u8111\u524d\u6ee1\u5934\u5927\u6c57\u5730\u75281\u7c7364\u51e0\u4f55\u5b66\u6d4b\u91cf\u8fd9\u4e9b\u7167\u7247\u3002\u91cf\u5f97\u6027\u8d77\u65f6\uff0c\u8fd8\u8981\u7528\u6c99\u54d1\u7684\u55d3\u97f3\u53d1\u51fa\u5404\u79cd\u5174\u594b\u7684\u602a\u58f0\u3002 \/\/<a href='https:\/\/m.weibo.cn\/n\/\u94b1\u8389\u82b3'>@\u94b1\u8389\u82b3<\/a>: \u53cc\u53cd\u4f1a\u4e0d\u4f1a\u6210\u4e3a\u4e0b\u4e00\u6ce2\u6d41\u884c\u8d8b\u52bf\uff1f\/\/<a href='https:\/\/m.weibo.cn\/n\/\u4ead\u6797\u9547\u72ec\u5531\u56e2'>@\u4ead\u6797\u9547\u72ec\u5531\u56e2<\/a>: \u679c\u7136\u53cc\u53cd\u22ef\u22ef\/\/<a href='https:\/\/m.weibo.cn\/n\/\u4ead\u6797\u59b9\u59b9'>@\u4ead\u6797\u59b9\u59b9<\/a>: \u5feb\u6765\u56f4\u89c2\u4f20\u8bf4\u4e2d\u7684\u53cc\u53cd\u3002","source":"\u5fae\u535a weibo.com","favorited":false,"is_paid":false,"mblog_vip_type":0,"user":{"id":1401527553,"screen_name":"tombkeeper","profile_image_url":"https:\/\/tva2.sinaimg.cn\/crop.0.0.180.180.180\/53899d01jw8fcb9qpe7vbj2050050mx8.jpg","profile_url":"https:\/\/m.weibo.cn\/u\/1401527553?uid=1401527553&luicode=10000011&lfid=1076031401527553","statuses_count":15425,"verified":true,"verified_type":0,"verified_type_ext":1,"verified_reason":"\u77e5\u540d\u4e92\u8054\u7f51\u8d44\u8baf\u535a\u4e3b","close_blue_v":false,"description":"\u5fae\u535a\u672c\u5730\u8d44\u8baf\u535a\u4e3b\uff08\u521a\u679c\u5e03\u62c9\u67f4\u7ef4\u5c14\uff09","gender":"m","mbtype":12,"urank":48,"mbrank":6,"follow_me":false,"following":false,"followers_count":192533,"follow_count":277,"cover_image_phone":"https:\/\/tva1.sinaimg.cn\/crop.0.0.640.640.640\/549d0121tw1egm1kjly3jj20hs0hsq4f.jpg","avatar_hd":"https:\/\/ww2.sinaimg.cn\/orj480\/53899d01jw8fcb9qpe7vbj2050050mx8.jpg","like":false,"like_me":false,"badge":{"bind_taobao":1,"dzwbqlx_2016":1,"follow_whitelist_video":1,"hongbao_2018":1}},"pid":3458966741199457,"retweeted_status":{"created_at":"2012-06-18","id":"3458364963141783","idstr":"3458364963141783","mid":"3458364963141783","can_edit":false,"text":"\u611f\u8b1d\u547d\u904b\u8b93\u6211\u5982\u6b64\u5e78\u904b\u7684\u9047\u898b\u4f60 <a href='https:\/\/m.weibo.cn\/n\/\u97e9\u5bd2'>@\u97e9\u5bd2<\/a> \u200b\u200b\u200b","source":"\u5fae\u535a weibo.com","favorited":false,"thumbnail_pic":"http:\/\/ww1.sinaimg.cn\/thumbnail\/69657813gw1du2kr86ciuj.jpg","bmiddle_pic":"http:\/\/ww1.sinaimg.cn\/bmiddle\/69657813gw1du2kr86ciuj.jpg","original_pic":"http:\/\/ww1.sinaimg.cn\/large\/69657813gw1du2kr86ciuj.jpg","is_paid":false,"mblog_vip_type":0,"user":{"id":1768257555,"screen_name":"Rita_Jiii","profile_image_url":"https:\/\/tva1.sinaimg.cn\/crop.0.0.511.511.180\/69657813jw8f0kts8oc3vj20e80e774f.jpg","profile_url":"https:\/\/m.weibo.cn\/u\/1768257555?uid=1768257555&luicode=10000011&lfid=1076031401527553","statuses_count":1296,"verified":false,"verified_type":220,"close_blue_v":false,"description":"","gender":"f","mbtype":0,"urank":28,"mbrank":0,"follow_me":false,"following":false,"followers_count":1551,"follow_count":76,"cover_image_phone":"https:\/\/tva1.sinaimg.cn\/crop.0.0.640.640\/7c85468fjw1e8yqchu1r6j20hs0hs40q.jpg","avatar_hd":"https:\/\/ww1.sinaimg.cn\/orj480\/69657813jw8f0kts8oc3vj20e80e774f.jpg","like":false,"like_me":false,"badge":{"anniversary":1,"bind_taobao":1,"unread_pool":1,"unread_pool_ext":1,"dzwbqlx_2016":1}},"reposts_count":1232,"comments_count":458,"attitudes_count":61,"pending_approval_count":0,"isLongText":false,"visible":{"type":0,"list_id":0},"more_info_type":0,"content_auth":0,"edit_config":{"edited":false},"bid":"youl2dbjV","pics":[{"pid":"69657813gw1du2kr86ciuj","url":"https:\/\/ww1.sinaimg.cn\/orj360\/69657813gw1du2kr86ciuj.jpg","size":"orj360","geo":false,"large":{"size":"large","url":"https:\/\/ww1.sinaimg.cn\/large\/69657813gw1du2kr86ciuj.jpg","geo":false}}]},"reposts_count":21,"comments_count":15,"attitudes_count":1,"pending_approval_count":0,"isLongText":false,"visible":{"type":0,"list_id":0},"more_info_type":0,"content_auth":0,"edit_config":{"edited":false},"mblogtype":0,"obj_ext":"","raw_text":"\u6211\u8111\u4e2d\u5e7b\u51fa\u4e00\u7ec4\u955c\u5934\uff1a\u4e00\u4e2a\u4eba\u5728\u5404\u5904\u548c\u5404\u8272\u7f8e\u5973\u5408\u5f71\u8c08\u7b11\uff0c\u4e00\u4e2a\u4eba\u5728\u7535\u8111\u524d\u6ee1\u5934\u5927\u6c57\u5730\u75281\u7c7364\u51e0\u4f55\u5b66\u6d4b\u91cf\u8fd9\u4e9b\u7167\u7247\u3002\u91cf\u5f97\u6027\u8d77\u65f6\uff0c\u8fd8\u8981\u7528\u6c99\u54d1\u7684\u55d3\u97f3\u53d1\u51fa\u5404\u79cd\u5174\u594b\u7684\u602a\u58f0\u3002 \/\/@\u94b1\u8389\u82b3: \u53cc\u53cd\u4f1a\u4e0d\u4f1a\u6210\u4e3a\u4e0b\u4e00\u6ce2\u6d41\u884c\u8d8b\u52bf\uff1f\/\/@\u4ead\u6797\u9547\u72ec\u5531\u56e2: \u679c\u7136\u53cc\u53cd\u22ef\u22ef\/\/@\u4ead\u6797\u59b9\u59b9: \u5feb\u6765\u56f4\u89c2\u4f20\u8bf4\u4e2d\u7684\u53cc\u53cd\u3002","bid":"yoK333IPX"},"show_type":0},{"card_type":9,"itemid":"1076031401527553_-_3458966325058527","scheme":"https:\/\/m.weibo.cn\/status\/yoJYYldX9?mblogid=yoJYYldX9&luicode=10000011&lfid=1076031401527553","mblog":{"created_at":"2012-06-20","id":"3458966325058527","idstr":"3458966325058527","mid":"3458966325058527","can_edit":false,"text":"\u5c0f\u8bf4\u300a\u789f\u5f62\u4e16\u754c\u300b\u4e00\u4e2a\u5f88\u91cd\u8981\u7684\u8bbe\u5b9a\u662f\u5b58\u5728\u7ea2\u6a59\u9ec4\u7eff\u84dd\u975b\u7d2b\u4e4b\u5916\u7684\u201c\u7b2c\u516b\u79cd\u989c\u8272\u201d\u3002 \/\/<a href='https:\/\/m.weibo.cn\/n\/oztiger'>@oztiger<\/a>: \u6709\u610f\u601d\u3002","source":"\u5fae\u535a weibo.com","favorited":false,"is_paid":false,"mblog_vip_type":0,"user":{"id":1401527553,"screen_name":"tombkeeper","profile_image_url":"https:\/\/tva2.sinaimg.cn\/crop.0.0.180.180.180\/53899d01jw8fcb9qpe7vbj2050050mx8.jpg","profile_url":"https:\/\/m.weibo.cn\/u\/1401527553?uid=1401527553&luicode=10000011&lfid=1076031401527553","statuses_count":15425,"verified":true,"verified_type":0,"verified_type_ext":1,"verified_reason":"\u77e5\u540d\u4e92\u8054\u7f51\u8d44\u8baf\u535a\u4e3b","close_blue_v":false,"description":"\u5fae\u535a\u672c\u5730\u8d44\u8baf\u535a\u4e3b\uff08\u521a\u679c\u5e03\u62c9\u67f4\u7ef4\u5c14\uff09","gender":"m","mbtype":12,"urank":48,"mbrank":6,"follow_me":false,"following":false,"followers_count":192533,"follow_count":277,"cover_image_phone":"https:\/\/tva1.sinaimg.cn\/crop.0.0.640.640.640\/549d0121tw1egm1kjly3jj20hs0hsq4f.jpg","avatar_hd":"https:\/\/ww2.sinaimg.cn\/orj480\/53899d01jw8fcb9qpe7vbj2050050mx8.jpg","like":false,"like_me":false,"badge":{"bind_taobao":1,"dzwbqlx_2016":1,"follow_whitelist_video":1,"hongbao_2018":1}},"pid":3458965058665356,"retweeted_status":{"created_at":"2012-06-20","id":"3458933363042210","idstr":"3458933363042210","mid":"3458933363042210","can_edit":false,"text":"Discover\u6742\u5fd7\uff1a\u82f1\u56fd\u79d1\u5b66\u5bb6\u53d1\u73b0\u7b2c\u4e00\u4e2a\u62e5\u6709\u8d85\u5e38\u611f\u8272\u80fd\u529b\u7684\u201c\u8d85\u4eba\u89c6\u89c9\u8005\u201d <a data-url=\"http:\/\/t.cn\/zWZ8gj2\" target=\"_blank\" href=\"https:\/\/weibo.cn\/sinaurl\/blocked0affea04?b_start%3Aint=0&-C=&luicode=10000011&lfid=1076031401527553&u=http%3A%2F%2Fdiscovermagazine.com%2F2012%2Fjul-aug%2F06-humans-with-super-human-vision%2Farticle_view%3Fb_start%3Aint%3D0%26-C%3D&ep=yoJ7OcLpU%252C1678843974%252CyoJ7OcLpU%252C1678843974\" class=\"\"><span class=\"url-icon\"><img src=\"\/\/h5.sinaimg.cn\/upload\/2015\/09\/25\/3\/timeline_card_small_web_default.png\"><\/span><\/i><span class=\"surl-text\">\u7f51\u9875\u94fe\u63a5<\/a> \u200b\u200b\u200b","source":"\u5fae\u535a weibo.com","favorited":false,"thumbnail_pic":"http:\/\/ww1.sinaimg.cn\/thumbnail\/64112046gw1du4e1zkqnwj.jpg","bmiddle_pic":"http:\/\/ww1.sinaimg.cn\/bmiddle\/64112046gw1du4e1zkqnwj.jpg","original_pic":"http:\/\/ww1.sinaimg.cn\/large\/64112046gw1du4e1zkqnwj.jpg","is_paid":false,"mblog_vip_type":0,"user":{"id":1678843974,"screen_name":"fall_ark","profile_image_url":"https:\/\/tva3.sinaimg.cn\/crop.0.0.180.180.180\/64112046jw1e8qgp5bmzyj2050050aa8.jpg","profile_url":"https:\/\/m.weibo.cn\/u\/1678843974?uid=1678843974&luicode=10000011&lfid=1076031401527553","statuses_count":3977,"verified":true,"verified_type":0,"verified_type_ext":0,"verified_reason":"\u7ffb\u8bd1\uff0cLiz Climo\u7cfb\u5217\u4f5c\u54c1\u8bd1\u8005","close_blue_v":false,"description":"\u8fd9\u4e2a\u4eba\u7684\u7b11\u70b9\u6bd4\u8f83\u5947\u602a\u3002\/\/\u4e0d\u5b9a\u671f\u642c\u8fd0\u5404\u79cd\u89c6\u9891\u56fe\u7247\u6bb5\u5b50\uff0c\u5076\u5c14\u7ffb\u8bd1\u3002 (S1\uff1a\u5468\u611a)","gender":"m","mbtype":2,"urank":35,"mbrank":6,"follow_me":false,"following":false,"followers_count":1096728,"follow_count":270,"cover_image_phone":"https:\/\/tva1.sinaimg.cn\/crop.0.0.640.640.640\/9d44112bjw1f1xl1c10tuj20hs0hs0tw.jpg","avatar_hd":"https:\/\/ww3.sinaimg.cn\/orj480\/64112046jw1e8qgp5bmzyj2050050aa8.jpg","like":false,"like_me":false,"badge":{"follow_whitelist_video":1}},"reposts_count":212,"comments_count":68,"attitudes_count":3,"pending_approval_count":0,"isLongText":false,"visible":{"type":0,"list_id":0},"more_info_type":0,"content_auth":0,"edit_config":{"edited":false},"bid":"yoJ7OcLpU","pics":[{"pid":"64112046gw1du4e1zkqnwj","url":"https:\/\/ww1.sinaimg.cn\/orj360\/64112046gw1du4e1zkqnwj.jpg","size":"orj360","geo":false,"large":{"size":"large","url":"https:\/\/ww1.sinaimg.cn\/large\/64112046gw1du4e1zkqnwj.jpg","geo":false}}]},"reposts_count":4,"comments_count":1,"attitudes_count":0,"pending_approval_count":0,"isLongText":false,"visible":{"type":0,"list_id":0},"more_info_type":0,"content_auth":0,"edit_config":{"edited":false},"mblogtype":0,"obj_ext":"","raw_text":"\u5c0f\u8bf4\u300a\u789f\u5f62\u4e16\u754c\u300b\u4e00\u4e2a\u5f88\u91cd\u8981\u7684\u8bbe\u5b9a\u662f\u5b58\u5728\u7ea2\u6a59\u9ec4\u7eff\u84dd\u975b\u7d2b\u4e4b\u5916\u7684\u201c\u7b2c\u516b\u79cd\u989c\u8272\u201d\u3002 \/\/@oztiger: \u6709\u610f\u601d\u3002","bid":"yoJYYldX9"},"show_type":0},{"card_type":9,"itemid":"1076031401527553_-_3458958050148218","scheme":"https:\/\/m.weibo.cn\/status\/yoJLD0CyC?mblogid=yoJLD0CyC&luicode=10000011&lfid=1076031401527553","mblog":{"created_at":"2012-06-20","id":"3458958050148218","idstr":"3458958050148218","mid":"3458958050148218","can_edit":false,"text":"\u89c1\u4eba\u8ba8\u8bbaMemSQL\uff0c\u201c\u628aSQL\u8bed\u53e5\u9884\u7f16\u8bd1\u6210C++\u201d\u5565\u7684\uff0c\u6211\u9996\u5148\u60f3\u7684\u4e0d\u662f\u591a\u9ad8\u6548\uff0c\u800c\u662f\u201c\u63d2\u4e00\u6bb5\u53ef\u63a7\u4ee3\u7801\u8fdb\u53bb\u201d\u3002\u5e72\u8fd9\u884c\u4e45\u4e86\uff0c\u601d\u7ef4\u5c31\u4f1a\u53d8\u90aa\u6076\u3002 \u200b\u200b\u200b","source":"iPad\u5ba2\u6237\u7aef","favorited":false,"is_paid":false,"mblog_vip_type":0,"user":{"id":1401527553,"screen_name":"tombkeeper","profile_image_url":"https:\/\/tva2.sinaimg.cn\/crop.0.0.180.180.180\/53899d01jw8fcb9qpe7vbj2050050mx8.jpg","profile_url":"https:\/\/m.weibo.cn\/u\/1401527553?uid=1401527553&luicode=10000011&lfid=1076031401527553","statuses_count":15425,"verified":true,"verified_type":0,"verified_type_ext":1,"verified_reason":"\u77e5\u540d\u4e92\u8054\u7f51\u8d44\u8baf\u535a\u4e3b","close_blue_v":false,"description":"\u5fae\u535a\u672c\u5730\u8d44\u8baf\u535a\u4e3b\uff08\u521a\u679c\u5e03\u62c9\u67f4\u7ef4\u5c14\uff09","gender":"m","mbtype":12,"urank":48,"mbrank":6,"follow_me":false,"following":false,"followers_count":192533,"follow_count":277,"cover_image_phone":"https:\/\/tva1.sinaimg.cn\/crop.0.0.640.640.640\/549d0121tw1egm1kjly3jj20hs0hsq4f.jpg","avatar_hd":"https:\/\/ww2.sinaimg.cn\/orj480\/53899d01jw8fcb9qpe7vbj2050050mx8.jpg","like":false,"like_me":false,"badge":{"bind_taobao":1,"dzwbqlx_2016":1,"follow_whitelist_video":1,"hongbao_2018":1}},"reposts_count":3,"comments_count":6,"attitudes_count":0,"pending_approval_count":0,"isLongText":false,"visible":{"type":0,"list_id":0},"more_info_type":0,"content_auth":0,"edit_config":{"edited":false},"mblogtype":0,"bid":"yoJLD0CyC"},"show_type":0},{"card_type":9,"itemid":"1076031401527553_-_3458940828690960","scheme":"https:\/\/m.weibo.cn\/status\/yoJjQAsUM?mblogid=yoJjQAsUM&luicode=10000011&lfid=1076031401527553","mblog":{"created_at":"2012-06-20","id":"3458940828690960","idstr":"3458940828690960","mid":"3458940828690960","can_edit":false,"text":"\u9014\u7ecf\u70e4\u8089\u5e97\uff0c\u770b\u5230\u4e3a\u6de1\u5b63\u6253\u51fa\u7684\u5e7f\u544a\uff1a\u201c\u5929\u70ed\uff0c\u8fd8\u662f\u5403\u70e4\u8089\u5427\u201d\u3002\u6211\u89c9\u5f97\u201c\u7a7a\u8c03\u70e4\u8089\u201d\u6216\u201c\u51b0\u5564\u70e4\u8089\u201d\u56db\u5b57\u8db3\u77e3\uff0c\u53ef\u80fd\u6548\u679c\u66f4\u4f73\u3002 \u200b\u200b\u200b","source":"S60\u5ba2\u6237\u7aef","favorited":false,"is_paid":false,"mblog_vip_type":0,"user":{"id":1401527553,"screen_name":"tombkeeper","profile_image_url":"https:\/\/tva2.sinaimg.cn\/crop.0.0.180.180.180\/53899d01jw8fcb9qpe7vbj2050050mx8.jpg","profile_url":"https:\/\/m.weibo.cn\/u\/1401527553?uid=1401527553&luicode=10000011&lfid=1076031401527553","statuses_count":15425,"verified":true,"verified_type":0,"verified_type_ext":1,"verified_reason":"\u77e5\u540d\u4e92\u8054\u7f51\u8d44\u8baf\u535a\u4e3b","close_blue_v":false,"description":"\u5fae\u535a\u672c\u5730\u8d44\u8baf\u535a\u4e3b\uff08\u521a\u679c\u5e03\u62c9\u67f4\u7ef4\u5c14\uff09","gender":"m","mbtype":12,"urank":48,"mbrank":6,"follow_me":false,"following":false,"followers_count":192533,"follow_count":277,"cover_image_phone":"https:\/\/tva1.sinaimg.cn\/crop.0.0.640.640.640\/549d0121tw1egm1kjly3jj20hs0hsq4f.jpg","avatar_hd":"https:\/\/ww2.sinaimg.cn\/orj480\/53899d01jw8fcb9qpe7vbj2050050mx8.jpg","like":false,"like_me":false,"badge":{"bind_taobao":1,"dzwbqlx_2016":1,"follow_whitelist_video":1,"hongbao_2018":1}},"reposts_count":1,"comments_count":1,"attitudes_count":0,"pending_approval_count":0,"isLongText":false,"visible":{"type":0,"list_id":0},"more_info_type":0,"content_auth":0,"edit_config":{"edited":false},"mblogtype":0,"bid":"yoJjQAsUM"},"show_type":0},{"card_type":9,"itemid":"1076031401527553_-_3458938551199927","scheme":"https:\/\/m.weibo.cn\/status\/yoJgb529F?mblogid=yoJgb529F&luicode=10000011&lfid=1076031401527553","mblog":{"created_at":"2012-06-20","id":"3458938551199927","idstr":"3458938551199927","mid":"3458938551199927","can_edit":false,"text":"\u516c\u4ea4\u8f66\u91cc\u7684\u7535\u89c6\u6b63\u5728\u4ecb\u7ecd\u5965\u8fd0\u5c04\u7bad\u6bd4\u8d5b\u7684\u8d5b\u5236\u5982\u4f55\u53d8\u8fc1\uff0c\u5982\u4f55\u589e\u52a0\u5bf9\u6297\u6027\u89c2\u8d4f\u6027\u3002\u6211\u89c9\u5f97\u5c04\u51fb\u7c7b\u6bd4\u8d5b\uff0c\u8981\u589e\u52a0\u5bf9\u6297\u6027\u89c2\u8d4f\u6027\uff0c\u83ab\u8fc7\u4e8e\u5bf9\u5c04\u3002\u6bcf\u4eba\u9762\u524d\u653e\u5757\u6709\u673a\u73bb\u7483\uff0c\u753b\u4e0a\u9776\u5b50\uff0c\u4eba\u7ad9\u540e\u9762\u3002\u5f53\u7136\uff0c\u7bad\u5934\u5f97\u6362\u6210\u5438\u76d8\u3002\u6c14\u6b65\u67aa\u4e4b\u7c7b\u53ef\u4ee5\u76f4\u63a5\u6539\u6f06\u5f39\u5bf9\u6253\u3002\u89c2\u4f17\u7edd\u5bf9\u500d\u589e<span class=\"url-icon\"><img src=\"\/\/h5.sinaimg.cn\/m\/emoticon\/icon\/default\/d_haha-bdd6ceb619.png\" style=\"width:1em;height:1em;\" alt=\"[\u54c8\u54c8]\"><\/span> \u200b\u200b\u200b","source":"S60\u5ba2\u6237\u7aef","favorited":false,"is_paid":false,"mblog_vip_type":0,"user":{"id":1401527553,"screen_name":"tombkeeper","profile_image_url":"https:\/\/tva2.sinaimg.cn\/crop.0.0.180.180.180\/53899d01jw8fcb9qpe7vbj2050050mx8.jpg","profile_url":"https:\/\/m.weibo.cn\/u\/1401527553?uid=1401527553&luicode=10000011&lfid=1076031401527553","statuses_count":15425,"verified":true,"verified_type":0,"verified_type_ext":1,"verified_reason":"\u77e5\u540d\u4e92\u8054\u7f51\u8d44\u8baf\u535a\u4e3b","close_blue_v":false,"description":"\u5fae\u535a\u672c\u5730\u8d44\u8baf\u535a\u4e3b\uff08\u521a\u679c\u5e03\u62c9\u67f4\u7ef4\u5c14\uff09","gender":"m","mbtype":12,"urank":48,"mbrank":6,"follow_me":false,"following":false,"followers_count":192533,"follow_count":277,"cover_image_phone":"https:\/\/tva1.sinaimg.cn\/crop.0.0.640.640.640\/549d0121tw1egm1kjly3jj20hs0hsq4f.jpg","avatar_hd":"https:\/\/ww2.sinaimg.cn\/orj480\/53899d01jw8fcb9qpe7vbj2050050mx8.jpg","like":false,"like_me":false,"badge":{"bind_taobao":1,"dzwbqlx_2016":1,"follow_whitelist_video":1,"hongbao_2018":1}},"reposts_count":4,"comments_count":6,"attitudes_count":0,"pending_approval_count":0,"isLongText":false,"visible":{"type":0,"list_id":0},"more_info_type":0,"content_auth":0,"edit_config":{"edited":false},"mblogtype":0,"bid":"yoJgb529F"},"show_type":0},{"card_type":9,"itemid":"1076031401527553_-_3458678441066528","scheme":"https:\/\/m.weibo.cn\/status\/yoCuE4ts4?mblogid=yoCuE4ts4&luicode=10000011&lfid=1076031401527553","mblog":{"created_at":"2012-06-19","id":"3458678441066528","idstr":"3458678441066528","mid":"3458678441066528","can_edit":false,"text":"\u7834\u9664\u5bf9\u201c\u5bd2\u51c9\u201d\u7684\u8ff7\u4fe1\uff0c\u4e0d\u662f\u975e\u5f97\u903c\u8c01\u559d\u51c9\u6c34\u3002\u800c\u662f\u7231\u559d\u5c31\u559d\uff0c\u4e0d\u7231\u559d\u5c31\u4e0d\u559d\u3002\u81f3\u4e8e\u201c\u4f53\u8d28\u201d\u2026\u2026\u6211\u627f\u8ba4\u81ea\u5df1\u201c\u4f53\u8d28\u201d\u6ca1\u5979\u597d\u3002 \u200b\u200b\u200b","source":"\u5fae\u535a weibo.com","favorited":false,"thumbnail_pic":"http:\/\/ww1.sinaimg.cn\/thumbnail\/53899d01jw1du3koe41qlj.jpg","bmiddle_pic":"http:\/\/ww1.sinaimg.cn\/bmiddle\/53899d01jw1du3koe41qlj.jpg","original_pic":"http:\/\/ww1.sinaimg.cn\/large\/53899d01jw1du3koe41qlj.jpg","is_paid":false,"mblog_vip_type":0,"user":{"id":1401527553,"screen_name":"tombkeeper","profile_image_url":"https:\/\/tva2.sinaimg.cn\/crop.0.0.180.180.180\/53899d01jw8fcb9qpe7vbj2050050mx8.jpg","profile_url":"https:\/\/m.weibo.cn\/u\/1401527553?uid=1401527553&luicode=10000011&lfid=1076031401527553","statuses_count":15425,"verified":true,"verified_type":0,"verified_type_ext":1,"verified_reason":"\u77e5\u540d\u4e92\u8054\u7f51\u8d44\u8baf\u535a\u4e3b","close_blue_v":false,"description":"\u5fae\u535a\u672c\u5730\u8d44\u8baf\u535a\u4e3b\uff08\u521a\u679c\u5e03\u62c9\u67f4\u7ef4\u5c14\uff09","gender":"m","mbtype":12,"urank":48,"mbrank":6,"follow_me":false,"following":false,"followers_count":192533,"follow_count":277,"cover_image_phone":"https:\/\/tva1.sinaimg.cn\/crop.0.0.640.640.640\/549d0121tw1egm1kjly3jj20hs0hsq4f.jpg","avatar_hd":"https:\/\/ww2.sinaimg.cn\/orj480\/53899d01jw8fcb9qpe7vbj2050050mx8.jpg","like":false,"like_me":false,"badge":{"bind_taobao":1,"dzwbqlx_2016":1,"follow_whitelist_video":1,"hongbao_2018":1}},"reposts_count":13,"comments_count":8,"attitudes_count":0,"pending_approval_count":0,"isLongText":false,"visible":{"type":0,"list_id":0},"more_info_type":0,"content_auth":0,"edit_config":{"edited":false},"mblogtype":0,"bid":"yoCuE4ts4","pics":[{"pid":"53899d01jw1du3koe41qlj","url":"https:\/\/ww1.sinaimg.cn\/orj360\/53899d01jw1du3koe41qlj.jpg","size":"orj360","geo":false,"large":{"size":"large","url":"https:\/\/ww1.sinaimg.cn\/large\/53899d01jw1du3koe41qlj.jpg","geo":false}}]},"show_type":0},{"card_type":9,"itemid":"1076031401527553_-_3458585923017829","scheme":"https:\/\/m.weibo.cn\/status\/yoA5qcF4F?mblogid=yoA5qcF4F&luicode=10000011&lfid=1076031401527553","mblog":{"created_at":"2012-06-19","id":"3458585923017829","idstr":"3458585923017829","mid":"3458585923017829","can_edit":false,"text":"\u56de\u590d<a href='https:\/\/m.weibo.cn\/n\/\u6d77\u8fb9\u7167\u76f8\u9986'>@\u6d77\u8fb9\u7167\u76f8\u9986<\/a>: \u90a3\u8bba\u6587\u6211\u770b\u4e86\uff0c\u5e94\u8be5\u4e3b\u8981\u8fd8\u662f\u4e3a\u4e86\u8bc4\u804c\u79f0\u5199\u7684\uff0c\u8c08\u4e0d\u4e0a\u4e3a\u864e\u4f5c\u4f25\u3002 \/\/<a href='https:\/\/m.weibo.cn\/n\/tombkeeper'>@tombkeeper<\/a>:\u4eca\u5e742\u6708\u66a8\u5357\u5927\u5b66\u5b66\u62a5\u4e0a\u53d1\u4e86\u4e00\u7bc7\u300a\u4e92\u8054\u7f51\u57df\u540d\u8bbf\u95ee\u5206\u6790\u53ca\u81ea\u6cbb\u7684\u5b9e\u73b0\u300b\uff0c\u4e09\u4e2a\u4f5c\u8005\u662f\uff1a\u5201\u7389\u5e73\u3001\u5201\u6c38\u5e73\u3001\u5ed6\u94ed\u3002 \/\/<a href='https:\/\/m.weibo.cn\/n\/Fenng'>@Fenng<\/a>: \u4e24\u4e2a\u5201\uff0c\u4f30\u8ba1\u8fd8\u662f\u4e00\u5bb6\u5b50\uff0c\u73b0\u5728\u5199 RFC \u90fd\u4eb2\u5144\u5f1f\u4e0a\u9635\u4e86\uff1f","source":"\u5fae\u535a weibo.com","favorited":false,"is_paid":false,"mblog_vip_type":0,"user":{"id":1401527553,"screen_name":"tombkeeper","profile_image_url":"https:\/\/tva2.sinaimg.cn\/crop.0.0.180.180.180\/53899d01jw8fcb9qpe7vbj2050050mx8.jpg","profile_url":"https:\/\/m.weibo.cn\/u\/1401527553?uid=1401527553&luicode=10000011&lfid=1076031401527553","statuses_count":15425,"verified":true,"verified_type":0,"verified_type_ext":1,"verified_reason":"\u77e5\u540d\u4e92\u8054\u7f51\u8d44\u8baf\u535a\u4e3b","close_blue_v":false,"description":"\u5fae\u535a\u672c\u5730\u8d44\u8baf\u535a\u4e3b\uff08\u521a\u679c\u5e03\u62c9\u67f4\u7ef4\u5c14\uff09","gender":"m","mbtype":12,"urank":48,"mbrank":6,"follow_me":false,"following":false,"followers_count":192533,"follow_count":277,"cover_image_phone":"https:\/\/tva1.sinaimg.cn\/crop.0.0.640.640.640\/549d0121tw1egm1kjly3jj20hs0hsq4f.jpg","avatar_hd":"https:\/\/ww2.sinaimg.cn\/orj480\/53899d01jw8fcb9qpe7vbj2050050mx8.jpg","like":false,"like_me":false,"badge":{"bind_taobao":1,"dzwbqlx_2016":1,"follow_whitelist_video":1,"hongbao_2018":1}},"pid":3458583481825341,"retweeted_status":{"created_at":"2012-06-19","id":"3458578750431898","idstr":"3458578750431898","mid":"3458578750431898","can_edit":false,"text":"\u4e2d\u56fd\u6280\u672f\u4eba\u54586\u670813\u65e5\u5411IETF\u7ec4\u7ec7\u63d0\u51fa\u4e86\u4e00\u4e2aRFC\u8349\u6848\uff0c\u76ee\u7684\u662f\u5efa\u7acb\u4e00\u79cd\u5404\u56fd\u72ec\u7acb\u81ea\u4e3b\u7684\u6839DNS\u670d\u52a1\u5668\u548c\u5185\u90e8\u57df\u540d\u89e3\u6790\u673a\u5236\u3002\u5927\u5c40\u57df\u7f51\u5efa\u8bbe\u5f00\u59cb\u4e86\uff1f <a data-url=\"http:\/\/t.cn\/zWzz1Ne\" target=\"_blank\" href=\"https:\/\/weibo.cn\/sinaurl\/blocked9ee6b428?luicode=10000011&lfid=1076031401527553&u=https%3A%2F%2Ftools.ietf.org%2Fhtml%2Fdraft-diao-aip-dns-00&ep=yozTR1Om6%252C1642316384%252CyozTR1Om6%252C1642316384\" class=\"\"><span class=\"url-icon\"><img src=\"\/\/h5.sinaimg.cn\/upload\/2015\/09\/25\/3\/timeline_card_small_web_default.png\"><\/span><\/i><span class=\"surl-text\">\u7f51\u9875\u94fe\u63a5<\/a> \u4e09\u4f4d\u63d0\u51fa\u8005\u5206\u522b\u662f\u5e7f\u4e1c\u5546\u5b66\u9662Yuping Diao\uff0c\u4e2d\u56fd\u7535\u4fe1Yongping Diao\u548c\u4e2d\u56fd\u79fb\u52a8Ming Liao\u3002 \u200b\u200b\u200b","source":"iPad\u5ba2\u6237\u7aef","favorited":false,"is_paid":false,"mblog_vip_type":0,"user":{"id":1642316384,"screen_name":"\u5218\u6c5f\u603b\u7f16","profile_image_url":"https:\/\/tva3.sinaimg.cn\/crop.0.0.180.180.180\/61e3c260jw1e8qgp5bmzyj2050050aa8.jpg","profile_url":"https:\/\/m.weibo.cn\/u\/1642316384?uid=1642316384&luicode=10000011&lfid=1076031401527553","statuses_count":7259,"verified":true,"verified_type":0,"verified_type_ext":0,"verified_reason":"CSDN\u548c\u56fe\u7075\u516c\u53f8\u603b\u7f16\u5218\u6c5f","close_blue_v":false,"description":"\u7f8e\u56e2\u70b9\u8bc4\u6280\u672f\u5b66\u9662\u9662\u957f\u3002\u539fCSDN\u4e0e\u300a\u7a0b\u5e8f\u5458\u300b\u603b\u7f16\u3002\u56fe\u7075\u516c\u53f8\u8054\u5408\u521b\u59cb\u4eba\u3002\u5fae\u4fe1\u516c\u4f17\u53f7\uff1a\u5218\u6c5f\u603b\u7f16\u3002","gender":"m","mbtype":2,"urank":35,"mbrank":4,"follow_me":false,"following":false,"followers_count":143370,"follow_count":2040,"cover_image_phone":"https:\/\/tva1.sinaimg.cn\/crop.0.0.640.640.640\/549d0121tw1egm1kjly3jj20hs0hsq4f.jpg","avatar_hd":"https:\/\/ww3.sinaimg.cn\/orj480\/61e3c260jw1e8qgp5bmzyj2050050aa8.jpg","like":false,"like_me":false,"badge":{"anniversary":1,"bind_taobao":1,"unread_pool":1,"unread_pool_ext":1,"dzwbqlx_2016":1,"follow_whitelist_video":1}},"reposts_count":199,"comments_count":50,"attitudes_count":6,"pending_approval_count":0,"isLongText":false,"visible":{"type":0,"list_id":0},"more_info_type":0,"content_auth":0,"edit_config":{"edited":false},"bid":"yozTR1Om6"},"reposts_count":2,"comments_count":1,"attitudes_count":1,"pending_approval_count":0,"isLongText":false,"visible":{"type":0,"list_id":0},"more_info_type":0,"content_auth":0,"edit_config":{"edited":false},"mblogtype":0,"obj_ext":"","raw_text":"\u56de\u590d@\u6d77\u8fb9\u7167\u76f8\u9986: \u90a3\u8bba\u6587\u6211\u770b\u4e86\uff0c\u5e94\u8be5\u4e3b\u8981\u8fd8\u662f\u4e3a\u4e86\u8bc4\u804c\u79f0\u5199\u7684\uff0c\u8c08\u4e0d\u4e0a\u4e3a\u864e\u4f5c\u4f25\u3002 \/\/@tombkeeper:\u4eca\u5e742\u6708\u66a8\u5357\u5927\u5b66\u5b66\u62a5\u4e0a\u53d1\u4e86\u4e00\u7bc7\u300a\u4e92\u8054\u7f51\u57df\u540d\u8bbf\u95ee\u5206\u6790\u53ca\u81ea\u6cbb\u7684\u5b9e\u73b0\u300b\uff0c\u4e09\u4e2a\u4f5c\u8005\u662f\uff1a\u5201\u7389\u5e73\u3001\u5201\u6c38\u5e73\u3001\u5ed6\u94ed\u3002 \/\/@Fenng: \u4e24\u4e2a\u5201\uff0c\u4f30\u8ba1\u8fd8\u662f\u4e00\u5bb6\u5b50\uff0c\u73b0\u5728\u5199 RFC \u90fd\u4eb2\u5144\u5f1f\u4e0a\u9635\u4e86\uff1f","bid":"yoA5qcF4F"},"show_type":0},{"card_type":9,"itemid":"1076031401527553_-_3458583481825341","scheme":"https:\/\/m.weibo.cn\/status\/yoA1u7EQZ?mblogid=yoA1u7EQZ&luicode=10000011&lfid=1076031401527553","mblog":{"created_at":"2012-06-19","id":"3458583481825341","idstr":"3458583481825341","mid":"3458583481825341","can_edit":false,"text":"\u4eca\u5e742\u6708\u66a8\u5357\u5927\u5b66\u5b66\u62a5\u4e0a\u53d1\u4e86\u4e00\u7bc7\u300a\u4e92\u8054\u7f51\u57df\u540d\u8bbf\u95ee\u5206\u6790\u53ca\u81ea\u6cbb\u7684\u5b9e\u73b0\u300b\uff0c\u4e09\u4e2a\u4f5c\u8005\u662f\uff1a\u5201\u7389\u5e73\u3001\u5201\u6c38\u5e73\u3001\u5ed6\u94ed\u3002\/\/<a href='https:\/\/m.weibo.cn\/n\/Fenng'>@Fenng<\/a>: \u4e24\u4e2a\u5201\uff0c\u4f30\u8ba1\u8fd8\u662f\u4e00\u5bb6\u5b50\uff0c\u73b0\u5728\u5199 RFC \u90fd\u4eb2\u5144\u5f1f\u4e0a\u9635\u4e86\uff1f","source":"\u5fae\u535a weibo.com","favorited":false,"is_paid":false,"mblog_vip_type":0,"user":{"id":1401527553,"screen_name":"tombkeeper","profile_image_url":"https:\/\/tva2.sinaimg.cn\/crop.0.0.180.180.180\/53899d01jw8fcb9qpe7vbj2050050mx8.jpg","profile_url":"https:\/\/m.weibo.cn\/u\/1401527553?uid=1401527553&luicode=10000011&lfid=1076031401527553","statuses_count":15425,"verified":true,"verified_type":0,"verified_type_ext":1,"verified_reason":"\u77e5\u540d\u4e92\u8054\u7f51\u8d44\u8baf\u535a\u4e3b","close_blue_v":false,"description":"\u5fae\u535a\u672c\u5730\u8d44\u8baf\u535a\u4e3b\uff08\u521a\u679c\u5e03\u62c9\u67f4\u7ef4\u5c14\uff09","gender":"m","mbtype":12,"urank":48,"mbrank":6,"follow_me":false,"following":false,"followers_count":192533,"follow_count":277,"cover_image_phone":"https:\/\/tva1.sinaimg.cn\/crop.0.0.640.640.640\/549d0121tw1egm1kjly3jj20hs0hsq4f.jpg","avatar_hd":"https:\/\/ww2.sinaimg.cn\/orj480\/53899d01jw8fcb9qpe7vbj2050050mx8.jpg","like":false,"like_me":false,"badge":{"bind_taobao":1,"dzwbqlx_2016":1,"follow_whitelist_video":1,"hongbao_2018":1}},"pid":3458580898013173,"retweeted_status":{"created_at":"2012-06-19","id":"3458578750431898","idstr":"3458578750431898","mid":"3458578750431898","can_edit":false,"text":"\u4e2d\u56fd\u6280\u672f\u4eba\u54586\u670813\u65e5\u5411IETF\u7ec4\u7ec7\u63d0\u51fa\u4e86\u4e00\u4e2aRFC\u8349\u6848\uff0c\u76ee\u7684\u662f\u5efa\u7acb\u4e00\u79cd\u5404\u56fd\u72ec\u7acb\u81ea\u4e3b\u7684\u6839DNS\u670d\u52a1\u5668\u548c\u5185\u90e8\u57df\u540d\u89e3\u6790\u673a\u5236\u3002\u5927\u5c40\u57df\u7f51\u5efa\u8bbe\u5f00\u59cb\u4e86\uff1f <a data-url=\"http:\/\/t.cn\/zWzz1Ne\" target=\"_blank\" href=\"https:\/\/weibo.cn\/sinaurl\/blocked9ee6b428?luicode=10000011&lfid=1076031401527553&u=https%3A%2F%2Ftools.ietf.org%2Fhtml%2Fdraft-diao-aip-dns-00&ep=yozTR1Om6%252C1642316384%252CyozTR1Om6%252C1642316384\" class=\"\"><span class=\"url-icon\"><img src=\"\/\/h5.sinaimg.cn\/upload\/2015\/09\/25\/3\/timeline_card_small_web_default.png\"><\/span><\/i><span class=\"surl-text\">\u7f51\u9875\u94fe\u63a5<\/a> \u4e09\u4f4d\u63d0\u51fa\u8005\u5206\u522b\u662f\u5e7f\u4e1c\u5546\u5b66\u9662Yuping Diao\uff0c\u4e2d\u56fd\u7535\u4fe1Yongping Diao\u548c\u4e2d\u56fd\u79fb\u52a8Ming Liao\u3002 \u200b\u200b\u200b","source":"iPad\u5ba2\u6237\u7aef","favorited":false,"is_paid":false,"mblog_vip_type":0,"user":{"id":1642316384,"screen_name":"\u5218\u6c5f\u603b\u7f16","profile_image_url":"https:\/\/tva3.sinaimg.cn\/crop.0.0.180.180.180\/61e3c260jw1e8qgp5bmzyj2050050aa8.jpg","profile_url":"https:\/\/m.weibo.cn\/u\/1642316384?uid=1642316384&luicode=10000011&lfid=1076031401527553","statuses_count":7259,"verified":true,"verified_type":0,"verified_type_ext":0,"verified_reason":"CSDN\u548c\u56fe\u7075\u516c\u53f8\u603b\u7f16\u5218\u6c5f","close_blue_v":false,"description":"\u7f8e\u56e2\u70b9\u8bc4\u6280\u672f\u5b66\u9662\u9662\u957f\u3002\u539fCSDN\u4e0e\u300a\u7a0b\u5e8f\u5458\u300b\u603b\u7f16\u3002\u56fe\u7075\u516c\u53f8\u8054\u5408\u521b\u59cb\u4eba\u3002\u5fae\u4fe1\u516c\u4f17\u53f7\uff1a\u5218\u6c5f\u603b\u7f16\u3002","gender":"m","mbtype":2,"urank":35,"mbrank":4,"follow_me":false,"following":false,"followers_count":143370,"follow_count":2040,"cover_image_phone":"https:\/\/tva1.sinaimg.cn\/crop.0.0.640.640.640\/549d0121tw1egm1kjly3jj20hs0hsq4f.jpg","avatar_hd":"https:\/\/ww3.sinaimg.cn\/orj480\/61e3c260jw1e8qgp5bmzyj2050050aa8.jpg","like":false,"like_me":false,"badge":{"anniversary":1,"bind_taobao":1,"unread_pool":1,"unread_pool_ext":1,"dzwbqlx_2016":1,"follow_whitelist_video":1}},"reposts_count":199,"comments_count":50,"attitudes_count":6,"pending_approval_count":0,"isLongText":false,"visible":{"type":0,"list_id":0},"more_info_type":0,"content_auth":0,"edit_config":{"edited":false},"bid":"yozTR1Om6"},"reposts_count":7,"comments_count":5,"attitudes_count":0,"pending_approval_count":0,"isLongText":false,"visible":{"type":0,"list_id":0},"more_info_type":0,"content_auth":0,"edit_config":{"edited":false},"mblogtype":0,"obj_ext":"","raw_text":"\u4eca\u5e742\u6708\u66a8\u5357\u5927\u5b66\u5b66\u62a5\u4e0a\u53d1\u4e86\u4e00\u7bc7\u300a\u4e92\u8054\u7f51\u57df\u540d\u8bbf\u95ee\u5206\u6790\u53ca\u81ea\u6cbb\u7684\u5b9e\u73b0\u300b\uff0c\u4e09\u4e2a\u4f5c\u8005\u662f\uff1a\u5201\u7389\u5e73\u3001\u5201\u6c38\u5e73\u3001\u5ed6\u94ed\u3002\/\/@Fenng: \u4e24\u4e2a\u5201\uff0c\u4f30\u8ba1\u8fd8\u662f\u4e00\u5bb6\u5b50\uff0c\u73b0\u5728\u5199 RFC \u90fd\u4eb2\u5144\u5f1f\u4e0a\u9635\u4e86\uff1f","bid":"yoA1u7EQZ"},"show_type":0}],"showAppTips":0,"scheme":"sinaweibo:\/\/cardlist?containerid=1076031401527553&extparam=&luicode=10000011&lfid=&featurecode="}}