{"ok":1,"data":{"cardlistInfo":{"containerid":"1076031401527553","v_p":42,"show_style":1,"total":15518,"page":50},"cards":[{"card_type":9,"itemid":"1076031401527553_-_3455063445605003","scheme":"https:\/\/m.weibo.cn\/status\/yn6s0nw7h?mblogid=yn6s0nw7h&luicode=10000011&lfid=1076031401527553","mblog":{"created_at":"2012-06-09","id":"3455063445605003","idstr":"3455063445605003","mid":"3455063445605003","can_edit":false,"text":"\u8fd9\u4e0d\u7528\u907f\u5723\u8bb3\u4e48\uff1f","source":"iPad\u5ba2\u6237\u7aef","favorited":false,"is_paid":false,"mblog_vip_type":0,"user":{"id":1401527553,"screen_name":"tombkeeper","profile_image_url":"https:\/\/tva2.sinaimg.cn\/crop.0.0.180.180.180\/53899d01jw8fcb9qpe7vbj2050050mx8.jpg","profile_url":"https:\/\/m.weibo.cn\/u\/1401527553?uid=1401527553&luicode=10000011&lfid=1076031401527553","statuses_count":15425,"verified":true,"verified_type":0,"verified_type_ext":1,"verified_reason":"\u77e5\u540d\u4e92\u8054\u7f51\u8d44\u8baf\u535a\u4e3b","close_blue_v":false,"description":"\u5fae\u535a\u672c\u5730\u8d44\u8baf\u535a\u4e3b\uff08\u521a\u679c\u5e03\u62c9\u67f4\u7ef4\u5c14\uff09","gender":"m","mbtype":12,"urank":48,"mbrank":6,"follow_me":false,"following":false,"followers_count":192533,"follow_count":277,"cover_image_phone":"https:\/\/tva1.sinaimg.cn\/crop.0.0.640.640.640\/549d0121tw1egm1kjly3jj20hs0hsq4f.jpg","avatar_hd":"https:\/\/ww2.sinaimg.cn\/orj480\/53899d01jw8fcb9qpe7vbj2050050mx8.jpg","like":false,"like_me":false,"badge":{"bind_taobao":1,"dzwbqlx_2016":1,"follow_whitelist_video":1,"hongbao_2018":1}},"retweeted_status":{"created_at":"2012-06-09","id":"3454958885972561","idstr":"3454958885972561","mid":"3454958885972561","can_edit":false,"text":"\u4e94\u5f69\u7f24\u7eb7\u7684\u80e1\u9526\u96c0\u582a\u79f0\u73b0\u5b9e\u7248\u201c\u6124\u6012\u7684\u5c0f\u9e1f\u201d\uff0c\u5b83\u4eec\u662f\u4e00\u79cd\u6fd2\u5371\u7684\u4e9a\u70ed\u5e26\u9e1f\u7c7b\uff0c\u5934\u90e8\u7fbd\u6bdb\u4e3b\u8981\u5448\u9ed1\u8272\u548c\u7ea2\u8272\uff0c\u5c11\u6570\u5448\u9ec4\u8272\u3002\u5176\u4e2d\u7ea2\u5934\u80e1\u9526\u96c0\u6700\u5bcc\u653b\u51fb\u6027\uff0c\u4f1a\u5728\u9965\u997f\u65f6\u6311\u8d77\u51b2\u7a81\uff0c\u5c06\u5582\u98df\u8005\u5468\u56f4\u7684\u5176\u4ed6\u540c\u7c7b\u8d76\u8dd1\uff1b\u800c\u9ed1\u5934\u80e1\u9526\u96c0\u80c6\u5b50\u8f83\u5927\uff0c\u66f4\u559c\u5192\u9669\uff1b\u91d1\u8272\u80e1\u9526\u96c0\u7684\u6027\u683c\u5219\u96be\u4ee5\u6349\u6478\u3002<a data-url=\"http:\/\/t.cn\/zOs2ueT\" href=\"http:\/\/tech.sina.com.cn\/d\/2012-06-09\/09367246553.shtml?luicode=10000011&lfid=1076031401527553&ep=yn3Jmp3JD%252C1642632622%252Cyn3Jmp3JD%252C1642632622\" data-hide=\"\"><span class=\"url-icon\"><img src=\"\/\/h5.sinaimg.cn\/upload\/2015\/09\/25\/3\/timeline_card_small_web_default.png\"><\/span><\/i><span class=\"surl-text\">\u7f51\u9875\u94fe\u63a5<\/a> \u200b\u200b\u200b","source":"\u5fae\u535a weibo.com","favorited":false,"thumbnail_pic":"http:\/\/ww4.sinaimg.cn\/thumbnail\/61e895aejw1dtrpnmxnhoj.jpg","bmiddle_pic":"http:\/\/ww4.sinaimg.cn\/bmiddle\/61e895aejw1dtrpnmxnhoj.jpg","original_pic":"http:\/\/ww4.sinaimg.cn\/large\/61e895aejw1dtrpnmxnhoj.jpg","is_paid":false,"mblog_vip_type":0,"user":{"id":1642632622,"screen_name":"\u79d1\u5b66\u63a2\u7d22","profile_image_url":"https:\/\/tvax4.sinaimg.cn\/crop.0.0.750.750.180\/61e895aely8fop9awpv2oj20ku0kuwfk.jpg","profile_url":"https:\/\/m.weibo.cn\/u\/1642632622?uid=1642632622&luicode=10000011&lfid=1076031401527553","statuses_count":17724,"verified":true,"verified_type":3,"verified_type_ext":0,"verified_reason":"\u65b0\u6d6a\u79d1\u6280\u65d7\u4e0b\u8d26\u53f7\uff0c\u63d0\u4f9b\u6700\u65b0\u7684\u79d1\u5b66\u65b0\u95fb\uff0c\u7cbe\u5f69\u7684\u9707\u64bc\u56fe\u7247","close_blue_v":false,"description":"\u65b0\u6d6a\u79d1\u6280\u65d7\u4e0b\u8d26\u53f7\uff0c\u63d0\u4f9b\u6700\u65b0\u7684\u79d1\u5b66\u65b0\u95fb\uff0c\u7cbe\u5f69\u7684\u9707\u64bc\u56fe\u7247\u3002","gender":"m","mbtype":12,"urank":39,"mbrank":4,"follow_me":false,"following":false,"followers_count":7491694,"follow_count":427,"cover_image_phone":"https:\/\/wx1.sinaimg.cn\/crop.0.0.640.640.640\/61e895aely1figwtzblrdj20ku0ku0tp.jpg","avatar_hd":"https:\/\/wx4.sinaimg.cn\/orj480\/61e895aely8fop9awpv2oj20ku0kuwfk.jpg","like":false,"like_me":false,"badge":{"dzwbqlx_2016":1,"follow_whitelist_video":1,"hongbao_2018":1}},"reposts_count":174,"comments_count":85,"attitudes_count":1,"pending_approval_count":0,"isLongText":false,"visible":{"type":0,"list_id":0},"more_info_type":0,"content_auth":0,"edit_config":{"edited":false},"bid":"yn3Jmp3JD","pics":[{"pid":"61e895aejw1dtrpnmxnhoj","url":"https:\/\/ww4.sinaimg.cn\/orj360\/61e895aejw1dtrpnmxnhoj.jpg","size":"orj360","geo":false,"large":{"size":"large","url":"https:\/\/ww4.sinaimg.cn\/large\/61e895aejw1dtrpnmxnhoj.jpg","geo":false}}]},"reposts_count":11,"comments_count":10,"attitudes_count":0,"pending_approval_count":0,"isLongText":false,"visible":{"type":0,"list_id":0},"more_info_type":0,"content_auth":0,"edit_config":{"edited":false},"mblogtype":0,"obj_ext":"","raw_text":"\u8fd9\u4e0d\u7528\u907f\u5723\u8bb3\u4e48\uff1f","bid":"yn6s0nw7h"},"show_type":0},{"card_type":9,"itemid":"1076031401527553_-_3455047520117227","scheme":"https:\/\/m.weibo.cn\/status\/yn62k0uuL?mblogid=yn62k0uuL&luicode=10000011&lfid=1076031401527553","mblog":{"created_at":"2012-06-09","id":"3455047520117227","idstr":"3455047520117227","mid":"3455047520117227","can_edit":false,"text":"\u591a\u6570\u7f8e\u5267\u90fd\u653e\u6691\u5047\u4e86\uff0c\u300a\u771f\u7231\u5982\u8840\u300b\u7b49\u590f\u5b63\u5267\u53c8\u8fd8\u6ca1\u5f00\u59cb\uff0c\u5e78\u597d\u6211\u8fd8\u6512\u4e86\u4e0d\u5c11\u300a\u8721\u7b14\u5c0f\u65b0\u300b\u3002 \u200b\u200b\u200b","source":"iPad\u5ba2\u6237\u7aef","favorited":false,"is_paid":false,"mblog_vip_type":0,"user":{"id":1401527553,"screen_name":"tombkeeper","profile_image_url":"https:\/\/tva2.sinaimg.cn\/crop.0.0.180.180.180\/53899d01jw8fcb9qpe7vbj2050050mx8.jpg","profile_url":"https:\/\/m.weibo.cn\/u\/1401527553?uid=1401527553&luicode=10000011&lfid=1076031401527553","statuses_count":15425,"verified":true,"verified_type":0,"verified_type_ext":1,"verified_reason":"\u77e5\u540d\u4e92\u8054\u7f51\u8d44\u8baf\u535a\u4e3b","close_blue_v":false,"description":"\u5fae\u535a\u672c\u5730\u8d44\u8baf\u535a\u4e3b\uff08\u521a\u679c\u5e03\u62c9\u67f4\u7ef4\u5c14\uff09","gender":"m","mbtype":12,"urank":48,"mbrank":6,"follow_me":false,"following":false,"followers_count":192533,"follow_count":277,"cover_image_phone":"https:\/\/tva1.sinaimg.cn\/crop.0.0.640.640.640\/549d0121tw1egm1kjly3jj20hs0hsq4f.jpg","avatar_hd":"https:\/\/ww2.sinaimg.cn\/orj480\/53899d01jw8fcb9qpe7vbj2050050mx8.jpg","like":false,"like_me":false,"badge":{"bind_taobao":1,"dzwbqlx_2016":1,"follow_whitelist_video":1,"hongbao_2018":1}},"reposts_count":0,"comments_count":10,"attitudes_count":0,"pending_approval_count":0,"isLongText":false,"visible":{"type":0,"list_id":0},"more_info_type":0,"content_auth":0,"edit_config":{"edited":false},"mblogtype":0,"bid":"yn62k0uuL"},"show_type":0},{"card_type":9,"itemid":"1076031401527553_-_3455030999001936","scheme":"https:\/\/m.weibo.cn\/status\/yn5BFBLOw?mblogid=yn5BFBLOw&luicode=10000011&lfid=1076031401527553","mblog":{"created_at":"2012-06-09","id":"3455030999001936","idstr":"3455030999001936","mid":"3455030999001936","can_edit":false,"text":"\u660e\u671d\u7530\u6c5d\u6210\u300a\u897f\u6e56\u6e38\u89c8\u5fd7\u4f59\u300b\u5377\u4e8c\u4e94\u300a\u59d4\u5df7\u4e1b\u8c08\u300b\u8f7d\uff1a\u201c\uff08\u676d\u4eba\uff09\u559c\u4f5c\u4f2a\uff0c\u4ee5\u9080\u5229\u76ee\u524d\uff0c\u4e0d\u987e\u8eab\u540e\uff0c\u5982\u9152\u6400\u7070\uff0c\u9e21\u585e\u6c99\uff0c\u9e45\u3001\u7f8a\u5439\u6c14\uff0c\u9c7c\u8089\u8d2f\u6c34\uff0c\u7ec7\u4f5c\u5237\u6cb9\u7c89\uff0c\u81ea\u5b8b\u65f6\u5df2\u7136\uff0c\u8f7d\u4e8e\u300a\u7678\u8f9b\u6742\u8bc6\u300b\u8005\u53ef\u8003\u4e5f\u3002\u201d \u2014\u2014\u4eba\u5fc3\u4e0d\u662f\u6539\u9769\u5f00\u653e\u540e\u624d\u574f\u6389\u7684\uff0c\u4eba\u5fc3\u4e00\u76f4\u5c31\u662f\u574f\u7684\u3002\u552f\u6709\u73af\u73af\u76f8\u6263\u7684\u5236\u5ea6\u624d\u662f\u53ef\u9760\u7684\u3002 \u200b\u200b\u200b","source":"\u5fae\u535a weibo.com","favorited":false,"is_paid":false,"mblog_vip_type":0,"user":{"id":1401527553,"screen_name":"tombkeeper","profile_image_url":"https:\/\/tva2.sinaimg.cn\/crop.0.0.180.180.180\/53899d01jw8fcb9qpe7vbj2050050mx8.jpg","profile_url":"https:\/\/m.weibo.cn\/u\/1401527553?uid=1401527553&luicode=10000011&lfid=1076031401527553","statuses_count":15425,"verified":true,"verified_type":0,"verified_type_ext":1,"verified_reason":"\u77e5\u540d\u4e92\u8054\u7f51\u8d44\u8baf\u535a\u4e3b","close_blue_v":false,"description":"\u5fae\u535a\u672c\u5730\u8d44\u8baf\u535a\u4e3b\uff08\u521a\u679c\u5e03\u62c9\u67f4\u7ef4\u5c14\uff09","gender":"m","mbtype":12,"urank":48,"mbrank":6,"follow_me":false,"following":false,"followers_count":192533,"follow_count":277,"cover_image_phone":"https:\/\/tva1.sinaimg.cn\/crop.0.0.640.640.640\/549d0121tw1egm1kjly3jj20hs0hsq4f.jpg","avatar_hd":"https:\/\/ww2.sinaimg.cn\/orj480\/53899d01jw8fcb9qpe7vbj2050050mx8.jpg","like":false,"like_me":false,"badge":{"bind_taobao":1,"dzwbqlx_2016":1,"follow_whitelist_video":1,"hongbao_2018":1}},"reposts_count":38,"comments_count":19,"attitudes_count":0,"pending_approval_count":0,"isLongText":false,"visible":{"type":0,"list_id":0},"more_info_type":0,"content_auth":0,"edit_config":{"edited":false},"mblogtype":0,"bid":"yn5BFBLOw"},"show_type":0},{"card_type":9,"itemid":"1076031401527553_-_3455023851479609","scheme":"https:\/\/m.weibo.cn\/status\/yn5q96cUF?mblogid=yn5q96cUF&luicode=10000011&lfid=1076031401527553","mblog":{"created_at":"2012-06-09","id":"3455023851479609","idstr":"3455023851479609","mid":"3455023851479609","can_edit":false,"text":"\u636e\u8bf4\u79d1\u666e\u6587\u7ae0\u6284\u4e86\u4e5f\u4e0d\u7b97\u6284\u3002 \/\/<a href='https:\/\/m.weibo.cn\/n\/\u5fe0\u6c11\u6307\u96be001'>@\u5fe0\u6c11\u6307\u96be001<\/a>: \u771f\u4e0d\u660e\u767d\uff0c\u821f\u5b50\u6ce8\u660e\u4e0b\u51fa\u5904\u4f1a\u6b7b\u5417\uff1f\u4e2b\u5c31\u662f\u8981\u516c\u5f00\u4f5c\u6848\/\/<a href='https:\/\/m.weibo.cn\/n\/\u4f5b\u9640\u7684\u5fae\u7b11'>@\u4f5b\u9640\u7684\u5fae\u7b11<\/a>: \u5218\u65b9\u592a\u76d1\u53c8\u5077\u4e86\uff01\/\/<a href='https:\/\/m.weibo.cn\/n\/\u7985\u5fc3\u4e91\u8d77'>@\u7985\u5fc3\u4e91\u8d77<\/a>: \u6211\u4ed4\u7ec6\u5bf9\u4e86\u4e00\u4e0b\u539f\u6587\uff0c\u5927\u6982\u767e\u5206\u4e4b\u4e03\u516b\u5341\u5de6\u53f3\u6458\u5f55\u539f\u6587\uff0c\u5305\u62ec\u8bed\u53e5\u3001\u6570\u636e\u7b49\u7b49\uff0c\u7b49\u4e8e\u539f\u6587\u7684\u7f29\u5199\uff0c\u53cc\u91cd\u6807\u51c6\u7684\u4eba\u6700\u65e0\u803b\u4e86<span class=\"url-icon\"><img src=\"\/\/h5.sinaimg.cn\/m\/emoticon\/icon\/default\/d_xixi-ce63ce2629.png\" style=\"width:1em;height:1em;\" alt=\"[\u563b\u563b]\"><\/span>","source":"iPad\u5ba2\u6237\u7aef","favorited":false,"is_paid":false,"mblog_vip_type":0,"user":{"id":1401527553,"screen_name":"tombkeeper","profile_image_url":"https:\/\/tva2.sinaimg.cn\/crop.0.0.180.180.180\/53899d01jw8fcb9qpe7vbj2050050mx8.jpg","profile_url":"https:\/\/m.weibo.cn\/u\/1401527553?uid=1401527553&luicode=10000011&lfid=1076031401527553","statuses_count":15425,"verified":true,"verified_type":0,"verified_type_ext":1,"verified_reason":"\u77e5\u540d\u4e92\u8054\u7f51\u8d44\u8baf\u535a\u4e3b","close_blue_v":false,"description":"\u5fae\u535a\u672c\u5730\u8d44\u8baf\u535a\u4e3b\uff08\u521a\u679c\u5e03\u62c9\u67f4\u7ef4\u5c14\uff09","gender":"m","mbtype":12,"urank":48,"mbrank":6,"follow_me":false,"following":false,"followers_count":192533,"follow_count":277,"cover_image_phone":"https:\/\/tva1.sinaimg.cn\/crop.0.0.640.640.640\/549d0121tw1egm1kjly3jj20hs0hsq4f.jpg","avatar_hd":"https:\/\/ww2.sinaimg.cn\/orj480\/53899d01jw8fcb9qpe7vbj2050050mx8.jpg","like":false,"like_me":false,"badge":{"bind_taobao":1,"dzwbqlx_2016":1,"follow_whitelist_video":1,"hongbao_2018":1}},"pid":3455007925557499,"retweeted_status":{"created_at":"2012-06-08","id":"3454767458471876","idstr":"3454767458471876","mid":"3454767458471876","can_edit":false,"text":"<a href='https:\/\/m.weibo.cn\/n\/\u65b9\u821f\u5b50'>@\u65b9\u821f\u5b50<\/a><a class='k' href='https:\/\/m.weibo.cn\/k\/%E4%BA%BA%E4%BB%AC%E4%B8%BA%E4%BB%80%E4%B9%88%E7%88%B1%E7%BE%8E%E8%85%BF?from=feed'>#\u4eba\u4eec\u4e3a\u4ec0\u4e48\u7231\u7f8e\u817f#<\/a>\uff0c\u5c45\u7136\u5168\u9762\u6284\u88ad\u6b64\u6587Leg Length,Body Proportion, and Healthy:A Review with a Note on Beauty \uff0c\u4f5c\u8005\uff1aarry Bogin* and Maria In\u00eas Varela-Silva <a data-url=\"http:\/\/t.cn\/zOFDm4o\" target=\"_blank\" href=\"https:\/\/weibo.cn\/sinaurl\/blockedd53e4da3?luicode=10000011&lfid=1076031401527553&u=http%3A%2F%2Fukpmc.ac.uk%2Farticles%2FPMC2872302%2F%2Freload%3D0%3Bjsessionid%3DyCMGCOBSEXGLd2Lq8NiE.0&ep=ymYKBzxVa%252C1747546493%252CymYKBzxVa%252C1747546493\" class=\"\"><span class=\"url-icon\"><img src=\"\/\/h5.sinaimg.cn\/upload\/2015\/09\/25\/3\/timeline_card_small_web_default.png\"><\/span><\/i><span class=\"surl-text\">\u7f51\u9875\u94fe\u63a5<\/a> \u200b\u200b\u200b","source":"\u5fae\u535a weibo.com","favorited":false,"is_paid":false,"mblog_vip_type":0,"user":{"id":1747546493,"screen_name":"\u7985\u5fc3\u4e91\u8d77","profile_image_url":"https:\/\/tva3.sinaimg.cn\/crop.0.0.180.180.180\/6829717djw1e8qgp5bmzyj2050050aa8.jpg","profile_url":"https:\/\/m.weibo.cn\/u\/1747546493?uid=1747546493&luicode=10000011&lfid=1076031401527553","statuses_count":27379,"verified":false,"verified_type":220,"close_blue_v":false,"description":"\u5fae\u4fe1\u53f7\uff1awu_fengwei","gender":"m","mbtype":0,"urank":27,"mbrank":0,"follow_me":false,"following":false,"followers_count":3791,"follow_count":1894,"cover_image_phone":"https:\/\/tva1.sinaimg.cn\/crop.0.0.640.640.640\/549d0121tw1egm1kjly3jj20hs0hsq4f.jpg","avatar_hd":"https:\/\/ww3.sinaimg.cn\/orj480\/6829717djw1e8qgp5bmzyj2050050aa8.jpg","like":false,"like_me":false,"badge":{"bind_taobao":1}},"reposts_count":291,"comments_count":126,"attitudes_count":0,"pending_approval_count":0,"isLongText":false,"visible":{"type":0,"list_id":0},"more_info_type":0,"content_auth":0,"edit_config":{"edited":false},"page_info":{"page_pic":{"url":"https:\/\/wx3.sinaimg.cn\/thumb180\/a50b0fd1ly9flw39bkbwaj2050050mx3.jpg"},"page_url":"https:\/\/m.weibo.cn\/p\/index?containerid=1008081b39f564f454e31b9e95fc933cc34156&extparam=%E4%BA%BA%E4%BB%AC%E4%B8%BA%E4%BB%80%E4%B9%88%E7%88%B1%E7%BE%8E%E8%85%BF&luicode=10000011&lfid=1076031401527553","page_title":"#\u4eba\u4eec\u4e3a\u4ec0\u4e48\u7231\u7f8e\u817f#","content1":"","content2":"","type":"topic"},"bid":"ymYKBzxVa"},"reposts_count":16,"comments_count":11,"attitudes_count":0,"pending_approval_count":0,"isLongText":false,"visible":{"type":0,"list_id":0},"more_info_type":0,"content_auth":0,"edit_config":{"edited":false},"mblogtype":0,"obj_ext":"","raw_text":"\u636e\u8bf4\u79d1\u666e\u6587\u7ae0\u6284\u4e86\u4e5f\u4e0d\u7b97\u6284\u3002 \/\/@\u5fe0\u6c11\u6307\u96be001: \u771f\u4e0d\u660e\u767d\uff0c\u821f\u5b50\u6ce8\u660e\u4e0b\u51fa\u5904\u4f1a\u6b7b\u5417\uff1f\u4e2b\u5c31\u662f\u8981\u516c\u5f00\u4f5c\u6848\/\/@\u4f5b\u9640\u7684\u5fae\u7b11: \u5218\u65b9\u592a\u76d1\u53c8\u5077\u4e86\uff01\/\/@\u7985\u5fc3\u4e91\u8d77: \u6211\u4ed4\u7ec6\u5bf9\u4e86\u4e00\u4e0b\u539f\u6587\uff0c\u5927\u6982\u767e\u5206\u4e4b\u4e03\u516b\u5341\u5de6\u53f3\u6458\u5f55\u539f\u6587\uff0c\u5305\u62ec\u8bed\u53e5\u3001\u6570\u636e\u7b49\u7b49\uff0c\u7b49\u4e8e\u539f\u6587\u7684\u7f29\u5199\uff0c\u53cc\u91cd\u6807\u51c6\u7684\u4eba\u6700\u65e0\u803b\u4e86[\u563b\u563b]","bid":"yn5q96cUF"},"show_type":0},{"card_type":9,"itemid":"1076031401527553_-_3455000691148687","scheme":"https:\/\/m.weibo.cn\/status\/yn4ON4OPd?mblogid=yn4ON4OPd&luicode=10000011&lfid=1076031401527553","mblog":{"created_at":"2012-06-09","id":"3455000691148687","idstr":"3455000691148687","mid":"3455000691148687","can_edit":false,"text":"\u201c\u5fe0\u5b5d\u8282\u5a23\u201d\u4e4b\u201c\u8282\u201d\u7b97\u662f\u7834\u4e86\u3002\u201c\u5a23\u201d\u5c45\u5176\u672b\uff0c\u5411\u6765\u542b\u7cca\uff0c\u201c\u957f\u5144\u5982\u7236\u201d\u654c\u4e0d\u8fc7\u5206\u5bb6\u4ea7\u3002\u201c\u5fe0\u201d\u201c\u5b5d\u201d\u5173\u7cfb\u7d27\u5bc6\uff0c\u201c\u7236\u4e3a\u5b50\u7eb2\u201d\u5dee\u4e0d\u591a\u5c31\u662f\u201c\u541b\u4e3a\u81e3\u7eb2\u201d\u7684\u5185\u6d4b\u7248\uff0c\u8c01\u5f53\u653f\u90fd\u4e0d\u4f1a\u653e\u8fc7\u3002\u4f46\u81ea\u4e92\u8054\u7f51\u5143\u5e74\u4ee5\u6765\uff0c\u201c\u5fe0\u201d\u4e5f\u6709\u70b9\u677e\u52a8\u4e86\uff0c\u800c\u201c\u5b5d\u201d\u5219\u4ecd\u7136\u662f\u4e00\u6839\u5148\u9a8c\u7684\u3001\u4e0d\u53ef\u89e6\u78b0\u7684\u7ea2\u7ebf\u3002","source":"\u5fae\u535a weibo.com","favorited":false,"is_paid":false,"mblog_vip_type":0,"user":{"id":1401527553,"screen_name":"tombkeeper","profile_image_url":"https:\/\/tva2.sinaimg.cn\/crop.0.0.180.180.180\/53899d01jw8fcb9qpe7vbj2050050mx8.jpg","profile_url":"https:\/\/m.weibo.cn\/u\/1401527553?uid=1401527553&luicode=10000011&lfid=1076031401527553","statuses_count":15425,"verified":true,"verified_type":0,"verified_type_ext":1,"verified_reason":"\u77e5\u540d\u4e92\u8054\u7f51\u8d44\u8baf\u535a\u4e3b","close_blue_v":false,"description":"\u5fae\u535a\u672c\u5730\u8d44\u8baf\u535a\u4e3b\uff08\u521a\u679c\u5e03\u62c9\u67f4\u7ef4\u5c14\uff09","gender":"m","mbtype":12,"urank":48,"mbrank":6,"follow_me":false,"following":false,"followers_count":192533,"follow_count":277,"cover_image_phone":"https:\/\/tva1.sinaimg.cn\/crop.0.0.640.640.640\/549d0121tw1egm1kjly3jj20hs0hsq4f.jpg","avatar_hd":"https:\/\/ww2.sinaimg.cn\/orj480\/53899d01jw8fcb9qpe7vbj2050050mx8.jpg","like":false,"like_me":false,"badge":{"bind_taobao":1,"dzwbqlx_2016":1,"follow_whitelist_video":1,"hongbao_2018":1}},"retweeted_status":{"created_at":"2012-06-09","id":"3454974187341814","idstr":"3454974187341814","mid":"3454974187341814","can_edit":false,"text":"\u8001\u53cb\u65b0\u4f5c\uff0c\u8bb2\u897f\u65b9\u4eba\u7684\u5b5d\u9053\u3002\u8fd9\u4e2a\u95ee\u9898\u4e0a\u6211\u4e00\u76f4\u7ad9\u5728\u897f\u65b9\u89c2\u5ff5\u8fd9\u8fb9\u3002\u4e2d\u5f0f\u5b5d\u9053\uff0c\u7236\u6bcd\u6148\u7231\u65e0\u8fb9\uff0c\u5b50\u5973\u5b5d\u987a\u4e3a\u5148\uff0c\u5176\u5b9e\u662f\u4e92\u76f8\u62d6\u7d2f\u5bf9\u65b9\u7684\u4eba\u751f\u7f62\u4e86\u3002 <a data-url=\"http:\/\/t.cn\/zOs4TRd\" target=\"_blank\" href=\"https:\/\/weibo.cn\/sinaurl\/blockede4fff5aa?luicode=10000011&lfid=1076031401527553&u=http%3A%2F%2Fywg-yaoooo.blog.163.com%2Fblog%2Fstatic%2F729246201257111251503%2F&ep=yn482uNWm%252C1134424202%252Cyn482uNWm%252C1134424202\" class=\"\"><span class=\"url-icon\"><img src=\"\/\/h5.sinaimg.cn\/upload\/2015\/09\/25\/3\/timeline_card_small_web_default.png\"><\/span><\/i><span class=\"surl-text\">\u7f51\u9875\u94fe\u63a5<\/a> \u200b\u200b\u200b","source":"\u5fae\u535a weibo.com","favorited":false,"is_paid":false,"mblog_vip_type":0,"user":{"id":1134424202,"screen_name":"\u7eaf\u94f6V","profile_image_url":"https:\/\/tva4.sinaimg.cn\/crop.1.0.748.748.180\/439df08ajw8f0im5qsv00j20ku0ks0w7.jpg","profile_url":"https:\/\/m.weibo.cn\/u\/1134424202?uid=1134424202&luicode=10000011&lfid=1076031401527553","statuses_count":10979,"verified":false,"verified_type":-1,"close_blue_v":false,"description":"shock\u7684\u722c\u884c\u754c\u66b4\u8e81\u7537\u5b50","gender":"m","mbtype":12,"urank":48,"mbrank":6,"follow_me":false,"following":false,"followers_count":147991,"follow_count":331,"cover_image_phone":"https:\/\/wx1.sinaimg.cn\/crop.0.0.640.640.640\/439df08agy1fizeley4zsj20ku0ktmz5.jpg","avatar_hd":"https:\/\/ww4.sinaimg.cn\/orj480\/439df08ajw8f0im5qsv00j20ku0ks0w7.jpg","like":false,"like_me":false,"badge":{"bind_taobao":1,"unread_pool":1,"unread_pool_ext":1,"dzwbqlx_2016":1,"follow_whitelist_video":1,"hongbao_2018":1}},"reposts_count":116,"comments_count":37,"attitudes_count":0,"pending_approval_count":0,"isLongText":false,"visible":{"type":0,"list_id":0},"more_info_type":0,"content_auth":0,"edit_config":{"edited":false},"bid":"yn482uNWm"},"reposts_count":11,"comments_count":10,"attitudes_count":1,"pending_approval_count":0,"isLongText":false,"visible":{"type":0,"list_id":0},"more_info_type":0,"content_auth":0,"edit_config":{"edited":false},"mblogtype":0,"obj_ext":"","raw_text":"\u201c\u5fe0\u5b5d\u8282\u5a23\u201d\u4e4b\u201c\u8282\u201d\u7b97\u662f\u7834\u4e86\u3002\u201c\u5a23\u201d\u5c45\u5176\u672b\uff0c\u5411\u6765\u542b\u7cca\uff0c\u201c\u957f\u5144\u5982\u7236\u201d\u654c\u4e0d\u8fc7\u5206\u5bb6\u4ea7\u3002\u201c\u5fe0\u201d\u201c\u5b5d\u201d\u5173\u7cfb\u7d27\u5bc6\uff0c\u201c\u7236\u4e3a\u5b50\u7eb2\u201d\u5dee\u4e0d\u591a\u5c31\u662f\u201c\u541b\u4e3a\u81e3\u7eb2\u201d\u7684\u5185\u6d4b\u7248\uff0c\u8c01\u5f53\u653f\u90fd\u4e0d\u4f1a\u653e\u8fc7\u3002\u4f46\u81ea\u4e92\u8054\u7f51\u5143\u5e74\u4ee5\u6765\uff0c\u201c\u5fe0\u201d\u4e5f\u6709\u70b9\u677e\u52a8\u4e86\uff0c\u800c\u201c\u5b5d\u201d\u5219\u4ecd\u7136\u662f\u4e00\u6839\u5148\u9a8c\u7684\u3001\u4e0d\u53ef\u89e6\u78b0\u7684\u7ea2\u7ebf\u3002","bid":"yn4ON4OPd"},"show_type":0},{"card_type":9,"itemid":"1076031401527553_-_3454784575549235","scheme":"https:\/\/m.weibo.cn\/status\/ymZcdnhBN?mblogid=ymZcdnhBN&luicode=10000011&lfid=1076031401527553","mblog":{"created_at":"2012-06-08","id":"3454784575549235","idstr":"3454784575549235","mid":"3454784575549235","can_edit":false,"text":"\u4e3a\u89e3\u51b3\u67d0\u95ee\u9898\uff0c\u51a5\u601d\u82e6\u60f3\u540e\u4e00\u4e0b\u5192\u51fa\u597d\u51e0\u79cd\u65b9\u6cd5\uff0c\u56e0\u4e3a\u5b8c\u7f8e\u4e3b\u4e49\u4f5c\u602a\uff0c\u82b1\u4e86\u82e5\u5e72\u5929\u65f6\u95f4\u7528\u6765\u5206\u6790\u5bf9\u6bd4\u5230\u5e95\u54ea\u4e00\u79cd\u6bd4\u8f83\u597d\u2014\u2014\u521a\u624d\u7f16\u7801\u65f6\u5ffd\u7136\u60f3\u8d77\u6765\uff0c\u5982\u679c\u4e0d\u5bf9\u6bd4\uff0c\u76f4\u63a5\u52a8\u5de5\uff0c\u53ef\u80fd\u5df2\u628a\u8fd9\u4e9b\u65b9\u6cd5\u4e00\u4e00\u90fd\u5b9e\u73b0\u4e86\u3002\u73b0\u5728\u53ea\u80fd\u7528\u7c7b\u4f3c\u201c\u7cbe\u76ca\u6c42\u7cbe\u201d\u8fd9\u6837\u7684\u8bdd\u6765\u5b89\u6170\u81ea\u5df1\u3002 \u200b\u200b\u200b","source":"\u5fae\u535a weibo.com","favorited":false,"is_paid":false,"mblog_vip_type":0,"user":{"id":1401527553,"screen_name":"tombkeeper","profile_image_url":"https:\/\/tva2.sinaimg.cn\/crop.0.0.180.180.180\/53899d01jw8fcb9qpe7vbj2050050mx8.jpg","profile_url":"https:\/\/m.weibo.cn\/u\/1401527553?uid=1401527553&luicode=10000011&lfid=1076031401527553","statuses_count":15425,"verified":true,"verified_type":0,"verified_type_ext":1,"verified_reason":"\u77e5\u540d\u4e92\u8054\u7f51\u8d44\u8baf\u535a\u4e3b","close_blue_v":false,"description":"\u5fae\u535a\u672c\u5730\u8d44\u8baf\u535a\u4e3b\uff08\u521a\u679c\u5e03\u62c9\u67f4\u7ef4\u5c14\uff09","gender":"m","mbtype":12,"urank":48,"mbrank":6,"follow_me":false,"following":false,"followers_count":192533,"follow_count":277,"cover_image_phone":"https:\/\/tva1.sinaimg.cn\/crop.0.0.640.640.640\/549d0121tw1egm1kjly3jj20hs0hsq4f.jpg","avatar_hd":"https:\/\/ww2.sinaimg.cn\/orj480\/53899d01jw8fcb9qpe7vbj2050050mx8.jpg","like":false,"like_me":false,"badge":{"bind_taobao":1,"dzwbqlx_2016":1,"follow_whitelist_video":1,"hongbao_2018":1}},"reposts_count":6,"comments_count":5,"attitudes_count":0,"pending_approval_count":0,"isLongText":false,"visible":{"type":0,"list_id":0},"more_info_type":0,"content_auth":0,"edit_config":{"edited":false},"mblogtype":0,"bid":"ymZcdnhBN"},"show_type":0},{"card_type":9,"itemid":"1076031401527553_-_3454722818620953","scheme":"https:\/\/m.weibo.cn\/status\/ymXABAaHD?mblogid=ymXABAaHD&luicode=10000011&lfid=1076031401527553","mblog":{"created_at":"2012-06-08","id":"3454722818620953","idstr":"3454722818620953","mid":"3454722818620953","can_edit":false,"text":"\u56de\u590d<a href='https:\/\/m.weibo.cn\/n\/\u6267\u7740\u7684\u504f\u504f\u59d1\u5a18'>@\u6267\u7740\u7684\u504f\u504f\u59d1\u5a18<\/a>: \u5982\u679c\u5316\u9a8c\u663e\u793a\u660e\u663e\u7f3a\u9499\uff0c\u5f53\u7136\u9700\u9002\u5f53\u8865\u5145\u3002\u4f46\u51fa\u6c57\u672a\u5fc5\u4e3b\u8981\u7531\u7f3a\u9499\u5f15\u8d77\u3002\u4ee5\u5317\u4eac\u5e02\u533a\u76ee\u524d\u665a\u4e0a\u7684\u6c14\u6e29\uff0c\u5b69\u5b50\u7761\u89c9\u5982\u4e0d\u5f00\u7a7a\u8c03\u53c8\u76d6\u88ab\u5b50\uff0c\u4e00\u5b9a\u4f1a\u51fa\u6c57\u3002\u4f60\u6240\u5728\u7684\u957f\u6c99\u53c8\u6bd4\u5317\u4eac\u70ed\u5f97\u591a\u3002\u5b69\u5b50\u540c\u6837\u4e0d\u80fd\u6342\uff0c\u548c\u5927\u4eba\u4e00\u6837\u5373\u53ef\u3002","source":"\u5fae\u535a weibo.com","favorited":false,"is_paid":false,"mblog_vip_type":0,"user":{"id":1401527553,"screen_name":"tombkeeper","profile_image_url":"https:\/\/tva2.sinaimg.cn\/crop.0.0.180.180.180\/53899d01jw8fcb9qpe7vbj2050050mx8.jpg","profile_url":"https:\/\/m.weibo.cn\/u\/1401527553?uid=1401527553&luicode=10000011&lfid=1076031401527553","statuses_count":15425,"verified":true,"verified_type":0,"verified_type_ext":1,"verified_reason":"\u77e5\u540d\u4e92\u8054\u7f51\u8d44\u8baf\u535a\u4e3b","close_blue_v":false,"description":"\u5fae\u535a\u672c\u5730\u8d44\u8baf\u535a\u4e3b\uff08\u521a\u679c\u5e03\u62c9\u67f4\u7ef4\u5c14\uff09","gender":"m","mbtype":12,"urank":48,"mbrank":6,"follow_me":false,"following":false,"followers_count":192533,"follow_count":277,"cover_image_phone":"https:\/\/tva1.sinaimg.cn\/crop.0.0.640.640.640\/549d0121tw1egm1kjly3jj20hs0hsq4f.jpg","avatar_hd":"https:\/\/ww2.sinaimg.cn\/orj480\/53899d01jw8fcb9qpe7vbj2050050mx8.jpg","like":false,"like_me":false,"badge":{"bind_taobao":1,"dzwbqlx_2016":1,"follow_whitelist_video":1,"hongbao_2018":1}},"retweeted_status":{"created_at":"2012-06-08","id":"3454565586318838","idstr":"3454565586318838","mid":"3454565586318838","can_edit":false,"text":"\u5f88\u641e\u7b11\u5f88\u7280\u5229\u7684\u4e24\u5c0f\u6bb5\u8bdd\uff0c\u6458\u81ea\u4e00\u4e2a\u7280\u5229\u7684\u5fae\u8584\uff0c<a href='https:\/\/m.weibo.cn\/n\/tombkeeper'>@tombkeeper<\/a> \u3002\u5176\u5b9e\u5bf9\u4e8e\u5750\u6708\u5b50\uff0c\u6211\u4e00\u76f4\u662f\u62b1\u7740\u4e2d\u7acb\u7684\u6001\u5ea6\uff0c\u53d6\u5176\u7cbe\u534e\uff0c\u53bb\u5176\u7cdf\u7c95\u5c31\u597d\u3002\u5988\u5988\u4eec\u4e0d\u5149\u8981\u5b66\u4f1a\u79d1\u5b66\u5b55\u513f\uff0c\u79d1\u5b66\u80b2\u513f\uff0c\u8fd8\u8981\u5b66\u4f1a\u79d1\u5b66\u517b\u751f\u624d\u662f\uff5e \u200b\u200b\u200b","source":"\u5fae\u535a weibo.com","favorited":false,"thumbnail_pic":"http:\/\/ww1.sinaimg.cn\/thumbnail\/a11dc7e7gw1dtqdxl1it6j.jpg","bmiddle_pic":"http:\/\/ww1.sinaimg.cn\/bmiddle\/a11dc7e7gw1dtqdxl1it6j.jpg","original_pic":"http:\/\/ww1.sinaimg.cn\/large\/a11dc7e7gw1dtqdxl1it6j.jpg","is_paid":false,"mblog_vip_type":0,"user":{"id":2703083495,"screen_name":"MAMA\u5236\u9020","profile_image_url":"https:\/\/tva1.sinaimg.cn\/crop.32.44.519.519.180\/a11dc7e7gw1e7fhempy7gj20gz0gzwh0.jpg","profile_url":"https:\/\/m.weibo.cn\/u\/2703083495?uid=2703083495&luicode=10000011&lfid=1076031401527553","statuses_count":931,"verified":false,"verified_type":220,"close_blue_v":false,"description":"\u6bcf\u4e00\u79d2\u90fd\u8ba4\u771f\u8d70\u8fc7\uff0c\u6bcf\u4e00\u6b65\u90fd\u662f\u4eba\u751f\u3002 \ud83d\udcf1Ins\uff1afeilovemm","gender":"f","mbtype":12,"urank":40,"mbrank":7,"follow_me":false,"following":false,"followers_count":258951,"follow_count":262,"cover_image_phone":"https:\/\/tva1.sinaimg.cn\/crop.0.0.640.640.640\/549d0121tw1egm1kjly3jj20hs0hsq4f.jpg","avatar_hd":"https:\/\/ww1.sinaimg.cn\/orj480\/a11dc7e7gw1e7fhempy7gj20gz0gzwh0.jpg","like":false,"like_me":false,"badge":{"follow_whitelist_video":1}},"reposts_count":169,"comments_count":67,"attitudes_count":2,"pending_approval_count":0,"isLongText":false,"visible":{"type":0,"list_id":0},"more_info_type":0,"content_auth":0,"edit_config":{"edited":false},"bid":"ymTv0qvOK","pics":[{"pid":"a11dc7e7gw1dtqdxl1it6j","url":"https:\/\/ww1.sinaimg.cn\/orj360\/a11dc7e7gw1dtqdxl1it6j.jpg","size":"orj360","geo":false,"large":{"size":"large","url":"https:\/\/ww1.sinaimg.cn\/large\/a11dc7e7gw1dtqdxl1it6j.jpg","geo":false}}]},"reposts_count":2,"comments_count":3,"attitudes_count":0,"pending_approval_count":0,"isLongText":false,"visible":{"type":0,"list_id":0},"more_info_type":0,"content_auth":0,"edit_config":{"edited":false},"mblogtype":0,"obj_ext":"","raw_text":"\u56de\u590d@\u6267\u7740\u7684\u504f\u504f\u59d1\u5a18: \u5982\u679c\u5316\u9a8c\u663e\u793a\u660e\u663e\u7f3a\u9499\uff0c\u5f53\u7136\u9700\u9002\u5f53\u8865\u5145\u3002\u4f46\u51fa\u6c57\u672a\u5fc5\u4e3b\u8981\u7531\u7f3a\u9499\u5f15\u8d77\u3002\u4ee5\u5317\u4eac\u5e02\u533a\u76ee\u524d\u665a\u4e0a\u7684\u6c14\u6e29\uff0c\u5b69\u5b50\u7761\u89c9\u5982\u4e0d\u5f00\u7a7a\u8c03\u53c8\u76d6\u88ab\u5b50\uff0c\u4e00\u5b9a\u4f1a\u51fa\u6c57\u3002\u4f60\u6240\u5728\u7684\u957f\u6c99\u53c8\u6bd4\u5317\u4eac\u70ed\u5f97\u591a\u3002\u5b69\u5b50\u540c\u6837\u4e0d\u80fd\u6342\uff0c\u548c\u5927\u4eba\u4e00\u6837\u5373\u53ef\u3002","bid":"ymXABAaHD"},"show_type":0},{"card_type":9,"itemid":"1076031401527553_-_3454696972424633","scheme":"https:\/\/m.weibo.cn\/status\/ymWUVaaKZ?mblogid=ymWUVaaKZ&luicode=10000011&lfid=1076031401527553","mblog":{"created_at":"2012-06-08","id":"3454696972424633","idstr":"3454696972424633","mid":"3454696972424633","can_edit":false,"text":"\u4e24\u4e2a\u5b69\u5b50\u8c08\u604b\u7231\uff0c\u5c31\u7b97\u6027\u4ea4\u4e86\uff0c\u5728\u54ea\u4e2a\u6587\u660e\u56fd\u5bb6\u7b97\u72af\u7f6a\uff1f\u751a\u81f3\u8fde\u9053\u5fb7\u95ee\u9898\u90fd\u8c08\u4e0d\u4e0a\u3002\u8fd9\u79cd\u7528\u5c41\u80a1\u90fd\u80fd\u60f3\u660e\u767d\u7684\u4e8b\uff0c\u8981\u662f\u5c45\u7136\u88ab\u4eba\u4e00\u5ffd\u60a0\uff0c\u8111\u5b50\u5c31\u53d1\u660f\uff0c\u8d8a\u60f3\u8d8a\u89c9\u5f97\u5f88\u6709\u95ee\u9898\uff0c\u90a3\u6211\u53ea\u80fd\u8bf4\uff0c\u4e2d\u56fd\u771f\u662f\u7684\u5ffd\u60a0\u4eba\u58eb\u7684\u5929\u8d50\u4e50\u571f\uff0c\u6709\u8fd9\u4e48\u591a\u5f85\u6536\u5272\u7684\u8d44\u6e90\u3002 \u200b\u200b\u200b","source":"\u5fae\u535a weibo.com","favorited":false,"thumbnail_pic":"http:\/\/ww1.sinaimg.cn\/thumbnail\/53899d01jw1dtqvkrzi47j.jpg","bmiddle_pic":"http:\/\/ww1.sinaimg.cn\/bmiddle\/53899d01jw1dtqvkrzi47j.jpg","original_pic":"http:\/\/ww1.sinaimg.cn\/large\/53899d01jw1dtqvkrzi47j.jpg","is_paid":false,"mblog_vip_type":0,"user":{"id":1401527553,"screen_name":"tombkeeper","profile_image_url":"https:\/\/tva2.sinaimg.cn\/crop.0.0.180.180.180\/53899d01jw8fcb9qpe7vbj2050050mx8.jpg","profile_url":"https:\/\/m.weibo.cn\/u\/1401527553?uid=1401527553&luicode=10000011&lfid=1076031401527553","statuses_count":15425,"verified":true,"verified_type":0,"verified_type_ext":1,"verified_reason":"\u77e5\u540d\u4e92\u8054\u7f51\u8d44\u8baf\u535a\u4e3b","close_blue_v":false,"description":"\u5fae\u535a\u672c\u5730\u8d44\u8baf\u535a\u4e3b\uff08\u521a\u679c\u5e03\u62c9\u67f4\u7ef4\u5c14\uff09","gender":"m","mbtype":12,"urank":48,"mbrank":6,"follow_me":false,"following":false,"followers_count":192533,"follow_count":277,"cover_image_phone":"https:\/\/tva1.sinaimg.cn\/crop.0.0.640.640.640\/549d0121tw1egm1kjly3jj20hs0hsq4f.jpg","avatar_hd":"https:\/\/ww2.sinaimg.cn\/orj480\/53899d01jw8fcb9qpe7vbj2050050mx8.jpg","like":false,"like_me":false,"badge":{"bind_taobao":1,"dzwbqlx_2016":1,"follow_whitelist_video":1,"hongbao_2018":1}},"reposts_count":8,"comments_count":19,"attitudes_count":0,"pending_approval_count":0,"isLongText":false,"visible":{"type":0,"list_id":0},"more_info_type":0,"content_auth":0,"edit_config":{"edited":false},"mblogtype":0,"bid":"ymWUVaaKZ","pics":[{"pid":"53899d01jw1dtqvkrzi47j","url":"https:\/\/ww1.sinaimg.cn\/orj360\/53899d01jw1dtqvkrzi47j.jpg","size":"orj360","geo":false,"large":{"size":"large","url":"https:\/\/ww1.sinaimg.cn\/large\/53899d01jw1dtqvkrzi47j.jpg","geo":false}}]},"show_type":0},{"card_type":9,"itemid":"1076031401527553_-_3454650940688140","scheme":"https:\/\/m.weibo.cn\/status\/ymVIG2T12?mblogid=ymVIG2T12&luicode=10000011&lfid=1076031401527553","mblog":{"created_at":"2012-06-08","id":"3454650940688140","idstr":"3454650940688140","mid":"3454650940688140","can_edit":false,"text":"\u56de\u590d<a href='https:\/\/m.weibo.cn\/n\/\u79e6\u5c0f\u7626'>@\u79e6\u5c0f\u7626<\/a>: \u4ece\u4e0a\u4e0b\u6587\u770b\uff0c\u8fd8\u771f\u4e0d\u662f\u6697\u8bbd\uff0c\u5b8c\u5168\u662f\u5b9e\u5fc3\u5b9e\u610f\u7684\u3002\u53ea\u662f\u6700\u540e\u5728\u6821\u5185\u53d1\u5e16\u65f6\u53d1\u4e0d\u51fa\u53bb\uff0c\u53ea\u80fd\u5148\u8d34\u5230\u522b\u7684\u5730\u65b9\uff0c\u6545\u6709\u6b64\u4e00\u95ee\u3002 \/\/<a href='https:\/\/m.weibo.cn\/n\/\u79e6\u5c0f\u7626'>@\u79e6\u5c0f\u7626<\/a>:\u6697\u8bbd\uff1f\u90a3\u8fd9\u6c34\u5e73\u4e5f\u592a\u9ad8\u4e86\u3002","source":"\u5fae\u535a weibo.com","favorited":false,"is_paid":false,"mblog_vip_type":0,"user":{"id":1401527553,"screen_name":"tombkeeper","profile_image_url":"https:\/\/tva2.sinaimg.cn\/crop.0.0.180.180.180\/53899d01jw8fcb9qpe7vbj2050050mx8.jpg","profile_url":"https:\/\/m.weibo.cn\/u\/1401527553?uid=1401527553&luicode=10000011&lfid=1076031401527553","statuses_count":15425,"verified":true,"verified_type":0,"verified_type_ext":1,"verified_reason":"\u77e5\u540d\u4e92\u8054\u7f51\u8d44\u8baf\u535a\u4e3b","close_blue_v":false,"description":"\u5fae\u535a\u672c\u5730\u8d44\u8baf\u535a\u4e3b\uff08\u521a\u679c\u5e03\u62c9\u67f4\u7ef4\u5c14\uff09","gender":"m","mbtype":12,"urank":48,"mbrank":6,"follow_me":false,"following":false,"followers_count":192533,"follow_count":277,"cover_image_phone":"https:\/\/tva1.sinaimg.cn\/crop.0.0.640.640.640\/549d0121tw1egm1kjly3jj20hs0hsq4f.jpg","avatar_hd":"https:\/\/ww2.sinaimg.cn\/orj480\/53899d01jw8fcb9qpe7vbj2050050mx8.jpg","like":false,"like_me":false,"badge":{"bind_taobao":1,"dzwbqlx_2016":1,"follow_whitelist_video":1,"hongbao_2018":1}},"retweeted_status":{"created_at":"2012-06-08","id":"3454649656978676","idstr":"3454649656978676","mid":"3454649656978676","can_edit":false,"text":"\u4ee5\u524d\u770b\u8fc7\u4e00\u4e2a\u5e16\u5b50\uff0c\u4f5c\u8005\u6ed4\u6ed4\u4e0d\u7edd\u5199\u4e86\u597d\u51e0\u5343\u5b57\uff0c\u7528\u4e2d\u56fd\u548c\u6c99\u7279\u7b49\u56fd\u5bf9\u6bd4\u2014\u2014\u6bd4\u5de5\u4e1a\uff0c\u6bd4\u79d1\u6280\uff0c\u54b1\u90fd\u6bd4\u4ed6\u4eec\u5f3a\uff1b\u6bd4\u5784\u65ad\uff0c\u6bd4\u8150\u8d25\uff0c\u4ed6\u4eec\u90fd\u6bd4\u54b1\u4e25\u91cd\u3002\u4e8e\u662f\u6bd4\u51fa\u4e86\u5f88\u5f3a\u7684\u4f18\u8d8a\u611f\u548c\u6c11\u65cf\u81ea\u8c6a\u611f\u3002\u6587\u7ae0\u7684\u6700\u540e\u4e00\u53e5\u662f\u201c\u6211\u8fd9\u5e16\u5b50\u5728\u6821\u5185\u53d1\u4e0d\u51fa\u53bb\uff0c\u8c01\u80fd\u544a\u8bc9\u6211\u54ea\u4e2a\u662f\u654f\u611f\u8bcd\u554a\uff1f\u201d \u200b\u200b\u200b","source":"\u5fae\u535a weibo.com","favorited":false,"is_paid":false,"mblog_vip_type":0,"user":{"id":1401527553,"screen_name":"tombkeeper","profile_image_url":"https:\/\/tva2.sinaimg.cn\/crop.0.0.180.180.180\/53899d01jw8fcb9qpe7vbj2050050mx8.jpg","profile_url":"https:\/\/m.weibo.cn\/u\/1401527553?uid=1401527553&luicode=10000011&lfid=1076031401527553","statuses_count":15425,"verified":true,"verified_type":0,"verified_type_ext":1,"verified_reason":"\u77e5\u540d\u4e92\u8054\u7f51\u8d44\u8baf\u535a\u4e3b","close_blue_v":false,"description":"\u5fae\u535a\u672c\u5730\u8d44\u8baf\u535a\u4e3b\uff08\u521a\u679c\u5e03\u62c9\u67f4\u7ef4\u5c14\uff09","gender":"m","mbtype":12,"urank":48,"mbrank":6,"follow_me":false,"following":false,"followers_count":192533,"follow_count":277,"cover_image_phone":"https:\/\/tva1.sinaimg.cn\/crop.0.0.640.640.640\/549d0121tw1egm1kjly3jj20hs0hsq4f.jpg","avatar_hd":"https:\/\/ww2.sinaimg.cn\/orj480\/53899d01jw8fcb9qpe7vbj2050050mx8.jpg","like":false,"like_me":false,"badge":{"bind_taobao":1,"dzwbqlx_2016":1,"follow_whitelist_video":1,"hongbao_2018":1}},"reposts_count":24,"comments_count":12,"attitudes_count":0,"pending_approval_count":0,"isLongText":false,"visible":{"type":0,"list_id":0},"more_info_type":0,"content_auth":0,"edit_config":{"edited":false},"bid":"ymVGBthti"},"reposts_count":0,"comments_count":5,"attitudes_count":0,"pending_approval_count":0,"isLongText":false,"visible":{"type":0,"list_id":0},"more_info_type":0,"content_auth":0,"edit_config":{"edited":false},"mblogtype":0,"obj_ext":"","raw_text":"\u56de\u590d@\u79e6\u5c0f\u7626: \u4ece\u4e0a\u4e0b\u6587\u770b\uff0c\u8fd8\u771f\u4e0d\u662f\u6697\u8bbd\uff0c\u5b8c\u5168\u662f\u5b9e\u5fc3\u5b9e\u610f\u7684\u3002\u53ea\u662f\u6700\u540e\u5728\u6821\u5185\u53d1\u5e16\u65f6\u53d1\u4e0d\u51fa\u53bb\uff0c\u53ea\u80fd\u5148\u8d34\u5230\u522b\u7684\u5730\u65b9\uff0c\u6545\u6709\u6b64\u4e00\u95ee\u3002 \/\/@\u79e6\u5c0f\u7626:\u6697\u8bbd\uff1f\u90a3\u8fd9\u6c34\u5e73\u4e5f\u592a\u9ad8\u4e86\u3002","bid":"ymVIG2T12"},"show_type":0}],"showAppTips":0,"scheme":"sinaweibo:\/\/cardlist?containerid=1076031401527553&extparam=&luicode=10000011&lfid=&featurecode="}}