{"ok":1,"data":{"cardlistInfo":{"containerid":"1076031401527553","v_p":42,"show_style":1,"total":15518,"page":50},"cards":[{"card_type":9,"itemid":"1076031401527553_-_3454649656978676","scheme":"https:\/\/m.weibo.cn\/status\/ymVGBthti?mblogid=ymVGBthti&luicode=10000011&lfid=1076031401527553","mblog":{"created_at":"2012-06-08","id":"3454649656978676","idstr":"3454649656978676","mid":"3454649656978676","can_edit":false,"text":"\u4ee5\u524d\u770b\u8fc7\u4e00\u4e2a\u5e16\u5b50\uff0c\u4f5c\u8005\u6ed4\u6ed4\u4e0d\u7edd\u5199\u4e86\u597d\u51e0\u5343\u5b57\uff0c\u7528\u4e2d\u56fd\u548c\u6c99\u7279\u7b49\u56fd\u5bf9\u6bd4\u2014\u2014\u6bd4\u5de5\u4e1a\uff0c\u6bd4\u79d1\u6280\uff0c\u54b1\u90fd\u6bd4\u4ed6\u4eec\u5f3a\uff1b\u6bd4\u5784\u65ad\uff0c\u6bd4\u8150\u8d25\uff0c\u4ed6\u4eec\u90fd\u6bd4\u54b1\u4e25\u91cd\u3002\u4e8e\u662f\u6bd4\u51fa\u4e86\u5f88\u5f3a\u7684\u4f18\u8d8a\u611f\u548c\u6c11\u65cf\u81ea\u8c6a\u611f\u3002\u6587\u7ae0\u7684\u6700\u540e\u4e00\u53e5\u662f\u201c\u6211\u8fd9\u5e16\u5b50\u5728\u6821\u5185\u53d1\u4e0d\u51fa\u53bb\uff0c\u8c01\u80fd\u544a\u8bc9\u6211\u54ea\u4e2a\u662f\u654f\u611f\u8bcd\u554a\uff1f\u201d \u200b\u200b\u200b","source":"\u5fae\u535a weibo.com","favorited":false,"is_paid":false,"mblog_vip_type":0,"user":{"id":1401527553,"screen_name":"tombkeeper","profile_image_url":"https:\/\/tva2.sinaimg.cn\/crop.0.0.180.180.180\/53899d01jw8fcb9qpe7vbj2050050mx8.jpg","profile_url":"https:\/\/m.weibo.cn\/u\/1401527553?uid=1401527553&luicode=10000011&lfid=1076031401527553","statuses_count":15425,"verified":true,"verified_type":0,"verified_type_ext":1,"verified_reason":"\u77e5\u540d\u4e92\u8054\u7f51\u8d44\u8baf\u535a\u4e3b","close_blue_v":false,"description":"\u5fae\u535a\u672c\u5730\u8d44\u8baf\u535a\u4e3b\uff08\u521a\u679c\u5e03\u62c9\u67f4\u7ef4\u5c14\uff09","gender":"m","mbtype":12,"urank":48,"mbrank":6,"follow_me":false,"following":false,"followers_count":192533,"follow_count":277,"cover_image_phone":"https:\/\/tva1.sinaimg.cn\/crop.0.0.640.640.640\/549d0121tw1egm1kjly3jj20hs0hsq4f.jpg","avatar_hd":"https:\/\/ww2.sinaimg.cn\/orj480\/53899d01jw8fcb9qpe7vbj2050050mx8.jpg","like":false,"like_me":false,"badge":{"bind_taobao":1,"dzwbqlx_2016":1,"follow_whitelist_video":1,"hongbao_2018":1}},"reposts_count":24,"comments_count":12,"attitudes_count":0,"pending_approval_count":0,"isLongText":false,"visible":{"type":0,"list_id":0},"more_info_type":0,"content_auth":0,"edit_config":{"edited":false},"mblogtype":0,"bid":"ymVGBthti"},"show_type":0},{"card_type":9,"itemid":"1076031401527553_-_3454597404174736","scheme":"https:\/\/m.weibo.cn\/status\/ymUkkhw2s?mblogid=ymUkkhw2s&luicode=10000011&lfid=1076031401527553","mblog":{"created_at":"2012-06-08","id":"3454597404174736","idstr":"3454597404174736","mid":"3454597404174736","can_edit":false,"text":"\u8fd9\u73a9\u610f\u513f\u771f\u662f\u5199\u5c0f\u8bf4\u90fd\u6ca1\u4eba\u4fe1\u3002\/\/<a href='https:\/\/m.weibo.cn\/n\/\u53d8\u6001\u8fa3\u6912'>@\u53d8\u6001\u8fa3\u6912<\/a>: <a data-url=\"http:\/\/t.cn\/zOFvrNw\" target=\"_blank\" href=\"https:\/\/weibo.cn\/sinaurl\/blocked92f7fcb6?luicode=10000011&lfid=1076031401527553&u=http%3A%2F%2Fwww.infzm.com%2Fcontent%2F76658&ep=ymUkkhw2s%252C1401527553%252CymTdjeJ7W%252C1649590792\" class=\"\"><span class=\"url-icon\"><img src=\"\/\/h5.sinaimg.cn\/upload\/2015\/09\/25\/3\/timeline_card_small_web_default.png\"><\/span><\/i><span class=\"surl-text\">\u7f51\u9875\u94fe\u63a5<\/a> \u7ec8\u4e8e\u89c1\u62a5\u4e86\u3002\u3002\u3002<span class=\"url-icon\"><img src=\"\/\/h5.sinaimg.cn\/m\/emoticon\/icon\/default\/d_sikao-7f3b022e72.png\" style=\"width:1em;height:1em;\" alt=\"[\u601d\u8003]\"><\/span>","source":"\u5fae\u535a weibo.com","favorited":false,"is_paid":false,"mblog_vip_type":0,"user":{"id":1401527553,"screen_name":"tombkeeper","profile_image_url":"https:\/\/tva2.sinaimg.cn\/crop.0.0.180.180.180\/53899d01jw8fcb9qpe7vbj2050050mx8.jpg","profile_url":"https:\/\/m.weibo.cn\/u\/1401527553?uid=1401527553&luicode=10000011&lfid=1076031401527553","statuses_count":15425,"verified":true,"verified_type":0,"verified_type_ext":1,"verified_reason":"\u77e5\u540d\u4e92\u8054\u7f51\u8d44\u8baf\u535a\u4e3b","close_blue_v":false,"description":"\u5fae\u535a\u672c\u5730\u8d44\u8baf\u535a\u4e3b\uff08\u521a\u679c\u5e03\u62c9\u67f4\u7ef4\u5c14\uff09","gender":"m","mbtype":12,"urank":48,"mbrank":6,"follow_me":false,"following":false,"followers_count":192533,"follow_count":277,"cover_image_phone":"https:\/\/tva1.sinaimg.cn\/crop.0.0.640.640.640\/549d0121tw1egm1kjly3jj20hs0hsq4f.jpg","avatar_hd":"https:\/\/ww2.sinaimg.cn\/orj480\/53899d01jw8fcb9qpe7vbj2050050mx8.jpg","like":false,"like_me":false,"badge":{"bind_taobao":1,"dzwbqlx_2016":1,"follow_whitelist_video":1,"hongbao_2018":1}},"pid":3454593512465520,"retweeted_status":{"created_at":"2012-06-08","id":"3454554613510064","idstr":"3454554613510064","mid":"3454554613510064","can_edit":false,"text":"\u6e56\u5357\u6e58\u6f6d\uff0c\u4e00\u7fa4\u8b66\u5bdf\u5438\u6bd2\uff0c\u516c\u5b89\u5c40\u957f\u5728\u516c\u5b89\u5927\u9662\u6380\u8d77\u9a8c\u5c3f\u67e5\u6bd2\u70ed\u6f6e\uff0c\u5438\u6bd2\u8b66\u4e00\u4e00\u66b4\u9732\u3002\u4e00\u54e5\u4eec\u4ea4\u5f85\uff0c\u4e00\u8d77\u55e8\u7684\u8fd8\u6709\u6cd5\u9662\u7684\u54e5\u4eec\u3002\u597d\u561b\uff0c\u8be5\u6cd5\u5b98\u4e43\u4e00\u5211\u5ead\u5ead\u957f\uff0c\u5176\u4e3a\u7acb\u529f\uff0c\u8fc5\u901f\u4ea4\u4ee3\u51fa\u81ea\u5bb6\u9662\u957f\u53d7\u8d3f\u7684\u79d8\u5bc6<span class=\"url-icon\"><img src=\"\/\/h5.sinaimg.cn\/m\/emoticon\/icon\/default\/d_haha-bdd6ceb619.png\" style=\"width:1em;height:1em;\" alt=\"[\u54c8\u54c8]\"><\/span>\u3002 \u200b\u200b\u200b","source":"iPhone\u5ba2\u6237\u7aef","favorited":false,"is_paid":false,"mblog_vip_type":0,"user":{"id":1649590792,"screen_name":"\u891a\u671d\u65b0","profile_image_url":"https:\/\/tva4.sinaimg.cn\/crop.0.0.720.720.180\/6252c208jw8eqssuk7j2oj20k00k0wfe.jpg","profile_url":"https:\/\/m.weibo.cn\/u\/1649590792?uid=1649590792&luicode=10000011&lfid=1076031401527553","statuses_count":5357,"verified":false,"verified_type":-1,"close_blue_v":false,"description":"\u5fae\u4fe1\u516c\u4f17\u8d26\u53f7\uff1achuzhaoxin","gender":"m","mbtype":0,"urank":36,"mbrank":0,"follow_me":false,"following":false,"followers_count":35745,"follow_count":557,"cover_image_phone":"https:\/\/tva1.sinaimg.cn\/crop.0.0.640.640.640\/6cf8d7ebjw1ehfr4xa8psj20hs0hsgpg.jpg","avatar_hd":"https:\/\/ww4.sinaimg.cn\/orj480\/6252c208jw8eqssuk7j2oj20k00k0wfe.jpg","like":false,"like_me":false,"badge":{"gongyi_level":1}},"reposts_count":2123,"comments_count":537,"attitudes_count":7,"pending_approval_count":0,"isLongText":false,"visible":{"type":0,"list_id":0},"more_info_type":0,"content_auth":0,"edit_config":{"edited":false},"bid":"ymTdjeJ7W"},"reposts_count":25,"comments_count":8,"attitudes_count":0,"pending_approval_count":0,"isLongText":false,"visible":{"type":0,"list_id":0},"more_info_type":0,"content_auth":0,"edit_config":{"edited":false},"mblogtype":0,"obj_ext":"","raw_text":"\u8fd9\u73a9\u610f\u513f\u771f\u662f\u5199\u5c0f\u8bf4\u90fd\u6ca1\u4eba\u4fe1\u3002\/\/@\u53d8\u6001\u8fa3\u6912: http:\/\/t.cn\/zOFvrNw \u7ec8\u4e8e\u89c1\u62a5\u4e86\u3002\u3002\u3002[\u601d\u8003]","bid":"ymUkkhw2s"},"show_type":0},{"card_type":9,"itemid":"1076031401527553_-_3454588428889814","scheme":"https:\/\/m.weibo.cn\/status\/ymU5QBiE6?mblogid=ymU5QBiE6&luicode=10000011&lfid=1076031401527553","mblog":{"created_at":"2012-06-08","id":"3454588428889814","idstr":"3454588428889814","mid":"3454588428889814","can_edit":false,"text":"\u300a\u4e92\u8054\u7f51\u4fe1\u606f\u670d\u52a1\u7ba1\u7406\u529e\u6cd5\uff08\u4fee\u8ba2\u8349\u6848\u5f81\u6c42\u610f\u89c1\u7a3f\uff09\u300b\uff0c\u5fae\u535a\u3001\u535a\u5ba2\u3001\u8bba\u575b\u2014\u2014\u5b9e\u540d\u5236\u5168\u9762\u63a8\u8fdb\u3002 \u200b\u200b\u200b","source":"\u5fae\u535a weibo.com","favorited":false,"thumbnail_pic":"http:\/\/ww2.sinaimg.cn\/thumbnail\/53899d01gw1dtqj3zep69g.gif","bmiddle_pic":"http:\/\/ww2.sinaimg.cn\/bmiddle\/53899d01gw1dtqj3zep69g.gif","original_pic":"http:\/\/ww2.sinaimg.cn\/large\/53899d01gw1dtqj3zep69g.gif","is_paid":false,"mblog_vip_type":0,"user":{"id":1401527553,"screen_name":"tombkeeper","profile_image_url":"https:\/\/tva2.sinaimg.cn\/crop.0.0.180.180.180\/53899d01jw8fcb9qpe7vbj2050050mx8.jpg","profile_url":"https:\/\/m.weibo.cn\/u\/1401527553?uid=1401527553&luicode=10000011&lfid=1076031401527553","statuses_count":15425,"verified":true,"verified_type":0,"verified_type_ext":1,"verified_reason":"\u77e5\u540d\u4e92\u8054\u7f51\u8d44\u8baf\u535a\u4e3b","close_blue_v":false,"description":"\u5fae\u535a\u672c\u5730\u8d44\u8baf\u535a\u4e3b\uff08\u521a\u679c\u5e03\u62c9\u67f4\u7ef4\u5c14\uff09","gender":"m","mbtype":12,"urank":48,"mbrank":6,"follow_me":false,"following":false,"followers_count":192533,"follow_count":277,"cover_image_phone":"https:\/\/tva1.sinaimg.cn\/crop.0.0.640.640.640\/549d0121tw1egm1kjly3jj20hs0hsq4f.jpg","avatar_hd":"https:\/\/ww2.sinaimg.cn\/orj480\/53899d01jw8fcb9qpe7vbj2050050mx8.jpg","like":false,"like_me":false,"badge":{"bind_taobao":1,"dzwbqlx_2016":1,"follow_whitelist_video":1,"hongbao_2018":1}},"reposts_count":9,"comments_count":7,"attitudes_count":0,"pending_approval_count":0,"isLongText":false,"visible":{"type":0,"list_id":0},"more_info_type":0,"content_auth":0,"edit_config":{"edited":false},"mblogtype":0,"bid":"ymU5QBiE6","pics":[{"pid":"53899d01gw1dtqj3zep69g","url":"https:\/\/ww2.sinaimg.cn\/orj360\/53899d01gw1dtqj3zep69g.gif","size":"orj360","geo":false,"large":{"size":"large","url":"https:\/\/ww2.sinaimg.cn\/large\/53899d01gw1dtqj3zep69g.gif","geo":false}}]},"show_type":0},{"card_type":9,"itemid":"1076031401527553_-_3454581738455104","scheme":"https:\/\/m.weibo.cn\/status\/ymTV3ztyE?mblogid=ymTV3ztyE&luicode=10000011&lfid=1076031401527553","mblog":{"created_at":"2012-06-08","id":"3454581738455104","idstr":"3454581738455104","mid":"3454581738455104","can_edit":false,"text":"\u3010\u53ea\u6709\u4eba\u5403\u7684\u6cb9\u80fd\u9020\u5047\u5417\u3011\u25c6\u6c5f\u82cf\u592a\u4ed3\u4e0a\u5343\u8f86\u8f66\u52a0\u6cb9\u540e\u635f\u574f\u3002\u25c6\u4e2d\u77f3\u6cb9\u5426\u8ba4\u6cb9\u7684\u8d28\u91cf\u6709\u95ee\u9898\u3002\u25c6SGS\u901a\u6807\u56fd\u9645\u68c0\u6d4b\u4e2d\u5fc3\u7684\u62a5\u544a\u663e\u793a\uff0c\u592a\u4ed3\u4e8b\u6545\u6240\u6d89\u6cb9\u4e2d\u6c2f\u542b\u91cf\u9ad8\u8fbe6400PPM\uff0c\u8d85\u8fc7\u7f8e\u56fd\u6807\u51c66000\u591a\u500d\u3002\u25c6\u6211\u56fd\u6c7d\u6cb9\u7684\u68c0\u6d4b\u6807\u51c6\u4e2d\uff0c\u5c1a\u65e0\u5bf9\u5316\u5b66\u6dfb\u52a0\u5242\u7684\u68c0\u6d4b\u3002\u6240\u4ee5\uff0c\u6309\u6b64\u6807\u51c6\uff0c\u8d28\u91cf\u8fd8\u771f\u201c\u6ca1\u95ee\u9898\u201d\u3002<a data-url=\"http:\/\/t.cn\/zOF9o1Z\" href=\"http:\/\/finance.sina.com.cn\/money\/future\/futuresnyzx\/20120608\/075612258462.shtml?luicode=10000011&lfid=1076031401527553&ep=ymTV3ztyE%252C1401527553%252CymTV3ztyE%252C1401527553\" data-hide=\"\"><span class=\"url-icon\"><img src=\"\/\/h5.sinaimg.cn\/upload\/2015\/09\/25\/3\/timeline_card_small_web_default.png\"><\/span><\/i><span class=\"surl-text\">\u7f51\u9875\u94fe\u63a5<\/a> \u200b\u200b\u200b","source":"\u5fae\u535a weibo.com","favorited":false,"is_paid":false,"mblog_vip_type":0,"user":{"id":1401527553,"screen_name":"tombkeeper","profile_image_url":"https:\/\/tva2.sinaimg.cn\/crop.0.0.180.180.180\/53899d01jw8fcb9qpe7vbj2050050mx8.jpg","profile_url":"https:\/\/m.weibo.cn\/u\/1401527553?uid=1401527553&luicode=10000011&lfid=1076031401527553","statuses_count":15425,"verified":true,"verified_type":0,"verified_type_ext":1,"verified_reason":"\u77e5\u540d\u4e92\u8054\u7f51\u8d44\u8baf\u535a\u4e3b","close_blue_v":false,"description":"\u5fae\u535a\u672c\u5730\u8d44\u8baf\u535a\u4e3b\uff08\u521a\u679c\u5e03\u62c9\u67f4\u7ef4\u5c14\uff09","gender":"m","mbtype":12,"urank":48,"mbrank":6,"follow_me":false,"following":false,"followers_count":192533,"follow_count":277,"cover_image_phone":"https:\/\/tva1.sinaimg.cn\/crop.0.0.640.640.640\/549d0121tw1egm1kjly3jj20hs0hsq4f.jpg","avatar_hd":"https:\/\/ww2.sinaimg.cn\/orj480\/53899d01jw8fcb9qpe7vbj2050050mx8.jpg","like":false,"like_me":false,"badge":{"bind_taobao":1,"dzwbqlx_2016":1,"follow_whitelist_video":1,"hongbao_2018":1}},"reposts_count":10,"comments_count":2,"attitudes_count":0,"pending_approval_count":0,"isLongText":false,"visible":{"type":0,"list_id":0},"more_info_type":0,"content_auth":0,"edit_config":{"edited":false},"mblogtype":0,"bid":"ymTV3ztyE"},"show_type":0},{"card_type":9,"itemid":"1076031401527553_-_3454369846734790","scheme":"https:\/\/m.weibo.cn\/status\/ymOpisg1E?mblogid=ymOpisg1E&luicode=10000011&lfid=1076031401527553","mblog":{"created_at":"2012-06-07","id":"3454369846734790","idstr":"3454369846734790","mid":"3454369846734790","can_edit":false,"text":"\u8001\u5e08\u8ba9\u5c0f\u660e\u8bfb\u300a\u8bd7\u7ecf\u00b7\u4f10\u6a80\u300b\u3002\u5c0f\u660e\uff1a\u201c\u574e\u574e\u4f10\uff1f\u6a80\u516e~\u201d \u8bf7\u95ee\u5c0f\u660e\u662f\u54ea\u91cc\u4eba\uff1f \u200b\u200b\u200b","source":"\u5fae\u535a weibo.com","favorited":false,"is_paid":false,"mblog_vip_type":0,"user":{"id":1401527553,"screen_name":"tombkeeper","profile_image_url":"https:\/\/tva2.sinaimg.cn\/crop.0.0.180.180.180\/53899d01jw8fcb9qpe7vbj2050050mx8.jpg","profile_url":"https:\/\/m.weibo.cn\/u\/1401527553?uid=1401527553&luicode=10000011&lfid=1076031401527553","statuses_count":15425,"verified":true,"verified_type":0,"verified_type_ext":1,"verified_reason":"\u77e5\u540d\u4e92\u8054\u7f51\u8d44\u8baf\u535a\u4e3b","close_blue_v":false,"description":"\u5fae\u535a\u672c\u5730\u8d44\u8baf\u535a\u4e3b\uff08\u521a\u679c\u5e03\u62c9\u67f4\u7ef4\u5c14\uff09","gender":"m","mbtype":12,"urank":48,"mbrank":6,"follow_me":false,"following":false,"followers_count":192533,"follow_count":277,"cover_image_phone":"https:\/\/tva1.sinaimg.cn\/crop.0.0.640.640.640\/549d0121tw1egm1kjly3jj20hs0hsq4f.jpg","avatar_hd":"https:\/\/ww2.sinaimg.cn\/orj480\/53899d01jw8fcb9qpe7vbj2050050mx8.jpg","like":false,"like_me":false,"badge":{"bind_taobao":1,"dzwbqlx_2016":1,"follow_whitelist_video":1,"hongbao_2018":1}},"reposts_count":4,"comments_count":2,"attitudes_count":0,"pending_approval_count":0,"isLongText":false,"visible":{"type":0,"list_id":0},"more_info_type":0,"content_auth":0,"edit_config":{"edited":false},"mblogtype":0,"bid":"ymOpisg1E"},"show_type":0},{"card_type":9,"itemid":"1076031401527553_-_3454256537166978","scheme":"https:\/\/m.weibo.cn\/status\/ymLsxu4sq?mblogid=ymLsxu4sq&luicode=10000011&lfid=1076031401527553","mblog":{"created_at":"2012-06-07","id":"3454256537166978","idstr":"3454256537166978","mid":"3454256537166978","can_edit":false,"text":"\u55ef\u2026\u2026\u597d\u5427\uff0c\u603b\u6bd4\u771f\u6c14\u8fd0\u884c\u5f3a\u3002","source":"\u5fae\u535a weibo.com","favorited":false,"is_paid":false,"mblog_vip_type":0,"user":{"id":1401527553,"screen_name":"tombkeeper","profile_image_url":"https:\/\/tva2.sinaimg.cn\/crop.0.0.180.180.180\/53899d01jw8fcb9qpe7vbj2050050mx8.jpg","profile_url":"https:\/\/m.weibo.cn\/u\/1401527553?uid=1401527553&luicode=10000011&lfid=1076031401527553","statuses_count":15425,"verified":true,"verified_type":0,"verified_type_ext":1,"verified_reason":"\u77e5\u540d\u4e92\u8054\u7f51\u8d44\u8baf\u535a\u4e3b","close_blue_v":false,"description":"\u5fae\u535a\u672c\u5730\u8d44\u8baf\u535a\u4e3b\uff08\u521a\u679c\u5e03\u62c9\u67f4\u7ef4\u5c14\uff09","gender":"m","mbtype":12,"urank":48,"mbrank":6,"follow_me":false,"following":false,"followers_count":192533,"follow_count":277,"cover_image_phone":"https:\/\/tva1.sinaimg.cn\/crop.0.0.640.640.640\/549d0121tw1egm1kjly3jj20hs0hsq4f.jpg","avatar_hd":"https:\/\/ww2.sinaimg.cn\/orj480\/53899d01jw8fcb9qpe7vbj2050050mx8.jpg","like":false,"like_me":false,"badge":{"bind_taobao":1,"dzwbqlx_2016":1,"follow_whitelist_video":1,"hongbao_2018":1}},"pid":3454256080293919,"retweeted_status":{"created_at":"2012-05-07","id":"3443005178115495","idstr":"3443005178115495","mid":"3443005178115495","can_edit":false,"text":"\u3010\u5317\u4eac\u4e3e\u529e\u5916\u661f\u4eba\u79d1\u6280\u5c55\u3011\u7ee7\u51e0\u5929\u524d\u4e2d\u7ec4\u90e8\u7ec4\u7ec7\u4e13\u5bb6\u7ed9\u4e2d\u592e\u56fd\u5bb6\u673a\u5173\u90e8\u5206\u53f8\u5c40\u7ea7\u5e72\u90e8\u4e3e\u529e\u5916\u661f\u751f\u547d\u8bfe\u7a0b\u57f9\u8bad\u540e\uff0c\u5317\u4eac\u519c\u5c55\u9986\u5c06\u57286\u6708\u4e3e\u529e\u5916\u661f\u4eba\u79d1\u5b66\u5c55\u3002\u8fd1\u5e74\u6765\u82f1\u3001\u7f8e\u3001\u6cd5\u3001\u5df4\u897f\u3001\u4fc4\u7f57\u65af\u7b49\u56fd\u7eb7\u7eb7\u89e3\u5bc6UFO \u5916\u661f\u4eba\u6863\u6848\uff0c\u4e2d\u56fd\u4e5f\u5f00\u59cb\u8ddf\u4e0a\u811a\u6b65\u3002\u770b\u67652012\u5927\u620f\u4e0d\u65ad\uff0c\u5267\u60c5\u6062\u5f18\u58ee\u9614\u3001\u9519\u7efc\u590d\u6742\u3002\u3002\u3002<a data-url=\"http:\/\/t.cn\/zOQ02ib\" target=\"_blank\" href=\"https:\/\/weibo.cn\/sinaurl\/blocked92e4502f?resourceId=71525549_03_05_01&url_type=1&object_type=&pos=1&luicode=10000011&lfid=1076031401527553&u=http%3A%2F%2Fwww.tudou.com%2Fprograms%2Fview%2FWRleEoduIhY%2F%3FresourceId%3D71525549_03_05_01%26url_type%3D1%26object_type%3D%26pos%3D1&ep=yi2Lby3d5%252C1948644424%252Cyi2Lby3d5%252C1948644424\" class=\"\"><span class=\"url-icon\"><img src=\"http:\/\/u1.sinaimg.cn\/upload\/2014\/10\/16\/timeline_card_small_video_default.png\"><\/span><\/i><span class=\"surl-text\">\u89c6\u9891<\/a> \u200b\u200b\u200b","source":"\u5fae\u535a weibo.com","favorited":false,"thumbnail_pic":"http:\/\/ww4.sinaimg.cn\/thumbnail\/7425f448tw1dspj5k08hqj.jpg","bmiddle_pic":"http:\/\/ww4.sinaimg.cn\/bmiddle\/7425f448tw1dspj5k08hqj.jpg","original_pic":"http:\/\/ww4.sinaimg.cn\/large\/7425f448tw1dspj5k08hqj.jpg","is_paid":false,"mblog_vip_type":0,"user":{"id":1948644424,"screen_name":"\u5c1a\u4e66\u6587\u5316\u4f20\u5a92","profile_image_url":"https:\/\/tva2.sinaimg.cn\/crop.0.0.180.180.180\/7425f448jw1e8qgp5bmzyj2050050aa8.jpg","profile_url":"https:\/\/m.weibo.cn\/u\/1948644424?uid=1948644424&luicode=10000011&lfid=1076031401527553","statuses_count":1011,"verified":true,"verified_type":2,"verified_type_ext":0,"verified_reason":"\u91cd\u5e86\u5c1a\u4e66\u6587\u5316\u4f20\u5a92\u6709\u9650\u516c\u53f8","close_blue_v":false,"description":"\u4e16\u754c\u9700\u8981\u771f\u76f8\uff0c\u771f\u76f8\u5fc5\u5c06\u89e3\u653e\u4eba\u7c7b\uff01\u6211\u4eec\u5173\u6ce8\u795e\u79d8\u6587\u5316\u3001\u8eab\u5fc3\u7075\u3001\u793e\u79d1\u65f6\u653f\u3001\u5916\u56fd\u6587\u5b66\u7b49\u7c7b\u522b\u56fe\u4e66\u4e0e\u8d44\u8baf\u3002\u76ee\u524d\u5df2\u5f15\u8fdb\u51fa\u7248\uff1a\u300a\u5730\u7403\u7f16\u5e74\u53f2\u300b\u7cfb\u5217\u300a\u8499\u6dd8\u514b\u5de5\u7a0b\u300b\u7cfb\u5217\u300a\u6d88\u5931\u7684\u5927\u9646\u300b\u7cfb\u5217\u300a\u4e0d\u8be5\u5b58\u5728\uff01\u300b\u7cfb\u5217\u300a\u9ed1\u6697\u4efb\u52a1\u300b\u300a\u8c01\u8bbe\u8ba1\u4e86\u5b87\u5b99\u300b\u300a\u88ab\u7981\u6b62\u7684\u5386\u53f2\u300b\u300a\u88ab\u7981\u6b62\u7684\u79d1\u5b66\u300b\u300a\u50f5\u5c38\u751f\u5b58\u6307\u5357\u300b\u300a\u970d\u91d1\u7a76\u7adf\u77e5\u9053\u4ec0\u4e48\u300b\u300a\u4e0d\u8981\u4e0e\u5916\u661f\u4eba\u8bf4\u8bdd\u300b\u300a\u81ea\u7531\u80fd\u6e90\uff1a\u4e00\u4e2a\u4eba\u7684\u6697\u6218\u300b\u300a\u7075\u5883\u8ffd\u8e2a\u5e08\u300b\u300a\u79cd\u5b50\u7684\u6b3a\u9a97\u300b\u300a\u8f6c\u57fa\u56e0\u8d4c\u5c40\u300b\u300a\u5229\u6bd4\u4e9a\u6218\u5730\u65e5\u8bb0\u300b\u300a\u9690\u79c1\u4e0d\u4fdd\u7684\u5e74\u4ee3\u300b\u300a\u51f6\u624b\u7684\u5973\u513f\u300b\u300a\u8d70\uff0c\u5230\u7231\u60c5\u53bb\u300b\u300a\u7f13\u6162\u6027\u7231\u300b\u7b49\u56fe\u4e66\u6295\u7a3f\u90ae\u7bb1 cqsswh@163.com","gender":"m","mbtype":0,"urank":18,"mbrank":0,"follow_me":false,"following":false,"followers_count":2637,"follow_count":235,"cover_image_phone":"https:\/\/tva1.sinaimg.cn\/crop.0.0.640.640.640\/549d0121tw1egm1kjly3jj20hs0hsq4f.jpg","avatar_hd":"https:\/\/ww2.sinaimg.cn\/orj480\/7425f448jw1e8qgp5bmzyj2050050aa8.jpg","like":false,"like_me":false,"badge":{"olympic_2016":1}},"reposts_count":181,"comments_count":40,"attitudes_count":0,"pending_approval_count":0,"isLongText":false,"visible":{"type":0,"list_id":0},"more_info_type":0,"content_auth":0,"edit_config":{"edited":false},"bid":"yi2Lby3d5","pics":[{"pid":"7425f448tw1dspj5k08hqj","url":"https:\/\/ww4.sinaimg.cn\/orj360\/7425f448tw1dspj5k08hqj.jpg","size":"orj360","geo":false,"large":{"size":"large","url":"https:\/\/ww4.sinaimg.cn\/large\/7425f448tw1dspj5k08hqj.jpg","geo":false}}]},"reposts_count":5,"comments_count":4,"attitudes_count":0,"pending_approval_count":0,"isLongText":false,"visible":{"type":0,"list_id":0},"more_info_type":0,"content_auth":0,"edit_config":{"edited":false},"mblogtype":0,"obj_ext":"","raw_text":"\u55ef\u2026\u2026\u597d\u5427\uff0c\u603b\u6bd4\u771f\u6c14\u8fd0\u884c\u5f3a\u3002","bid":"ymLsxu4sq"},"show_type":0},{"card_type":9,"itemid":"1076031401527553_-_3454255056757585","scheme":"https:\/\/m.weibo.cn\/status\/ymLq9slXj?mblogid=ymLq9slXj&luicode=10000011&lfid=1076031401527553","mblog":{"created_at":"2012-06-07","id":"3454255056757585","idstr":"3454255056757585","mid":"3454255056757585","can_edit":false,"text":"\u6628\u5929\u8f6c\u53d1\u4e86\u4e00\u6761\u5173\u4e8e\u201c\u6b7b\u80d6\u5b50\u201d\u7684\u65b0\u95fb\uff1a\u5965\u5730\u5229\u706b\u846c\u573a\u5728\u706b\u5316\u4e00\u540d\u4f53\u91cd\u8d85200\u516c\u65a4\u7684\u6b7b\u8005\u65f6\uff0c\u56e0\u8102\u80aa\u8fc7\u591a\uff0c\u9020\u6210\u706b\u707e\uff0c\u6d88\u9632\u5458\u706d\u5b8c\u706b\u8fd8\u6cbe\u4e86\u4e00\u8eab\u6cb9\u3002\u6709\u4eba\u4e0d\u4fe1\uff0c\u8bf4\u5728\u597d\u51e0\u4e2a\u5730\u65b9\u770b\u5230\u4e0d\u540c\u7248\u672c\u3002\u8fd9\u4e24\u4e2a\u94fe\u63a5\u662fORF\uff08\u5965\u5730\u5229\u5e7f\u64ad\u96c6\u56e2\uff0c\u5730\u4f4d\u7c7b\u4f3c\u82f1\u56fdBBC\uff09\u7684\u62a5\u9053\uff1a<a data-url=\"http:\/\/t.cn\/zOFPGDT\" target=\"_blank\" href=\"https:\/\/weibo.cn\/sinaurl\/blockedadfeabaf?luicode=10000011&lfid=1076031401527553&u=http%3A%2F%2Fsteiermark.orf.at%2Fnews%2Fstories%2F2535863%2F&ep=ymLq9slXj%252C1401527553%252CymLq9slXj%252C1401527553\" class=\"\"><span class=\"url-icon\"><img src=\"\/\/h5.sinaimg.cn\/upload\/2015\/09\/25\/3\/timeline_card_small_web_default.png\"><\/span><\/i><span class=\"surl-text\">\u7f51\u9875\u94fe\u63a5<\/a> <a data-url=\"http:\/\/t.cn\/zOFPGDH\" target=\"_blank\" href=\"https:\/\/weibo.cn\/sinaurl\/blocked0d7387d4?luicode=10000011&lfid=1076031401527553&u=http%3A%2F%2Ftvthek.orf.at%2Fl%2Fprograms%2F1336-Konkret%2Fepisodes%2F4132693-Konkret--Das-Servicemagazin%2F4132697-XXL-Krematorien&ep=ymLq9slXj%252C1401527553%252CymLq9slXj%252C1401527553\" class=\"\"><span class=\"url-icon\"><img src=\"\/\/h5.sinaimg.cn\/upload\/2015\/09\/25\/3\/timeline_card_small_web_default.png\"><\/span><\/i><span class=\"surl-text\">\u7f51\u9875\u94fe\u63a5<\/a> \u200b\u200b\u200b","source":"\u5fae\u535a weibo.com","favorited":false,"thumbnail_pic":"http:\/\/ww4.sinaimg.cn\/thumbnail\/53899d01jw1dtpgt4yqgaj.jpg","bmiddle_pic":"http:\/\/ww4.sinaimg.cn\/bmiddle\/53899d01jw1dtpgt4yqgaj.jpg","original_pic":"http:\/\/ww4.sinaimg.cn\/large\/53899d01jw1dtpgt4yqgaj.jpg","is_paid":false,"mblog_vip_type":0,"user":{"id":1401527553,"screen_name":"tombkeeper","profile_image_url":"https:\/\/tva2.sinaimg.cn\/crop.0.0.180.180.180\/53899d01jw8fcb9qpe7vbj2050050mx8.jpg","profile_url":"https:\/\/m.weibo.cn\/u\/1401527553?uid=1401527553&luicode=10000011&lfid=1076031401527553","statuses_count":15425,"verified":true,"verified_type":0,"verified_type_ext":1,"verified_reason":"\u77e5\u540d\u4e92\u8054\u7f51\u8d44\u8baf\u535a\u4e3b","close_blue_v":false,"description":"\u5fae\u535a\u672c\u5730\u8d44\u8baf\u535a\u4e3b\uff08\u521a\u679c\u5e03\u62c9\u67f4\u7ef4\u5c14\uff09","gender":"m","mbtype":12,"urank":48,"mbrank":6,"follow_me":false,"following":false,"followers_count":192533,"follow_count":277,"cover_image_phone":"https:\/\/tva1.sinaimg.cn\/crop.0.0.640.640.640\/549d0121tw1egm1kjly3jj20hs0hsq4f.jpg","avatar_hd":"https:\/\/ww2.sinaimg.cn\/orj480\/53899d01jw8fcb9qpe7vbj2050050mx8.jpg","like":false,"like_me":false,"badge":{"bind_taobao":1,"dzwbqlx_2016":1,"follow_whitelist_video":1,"hongbao_2018":1}},"reposts_count":16,"comments_count":13,"attitudes_count":1,"pending_approval_count":0,"isLongText":false,"visible":{"type":0,"list_id":0},"more_info_type":0,"content_auth":0,"edit_config":{"edited":false},"mblogtype":0,"bid":"ymLq9slXj","pics":[{"pid":"53899d01jw1dtpgt4yqgaj","url":"https:\/\/ww4.sinaimg.cn\/orj360\/53899d01jw1dtpgt4yqgaj.jpg","size":"orj360","geo":false,"large":{"size":"large","url":"https:\/\/ww4.sinaimg.cn\/large\/53899d01jw1dtpgt4yqgaj.jpg","geo":false}}]},"show_type":0},{"card_type":9,"itemid":"1076031401527553_-_3454233766361652","scheme":"https:\/\/m.weibo.cn\/status\/ymKROqGXi?mblogid=ymKROqGXi&luicode=10000011&lfid=1076031401527553","mblog":{"created_at":"2012-06-07","id":"3454233766361652","idstr":"3454233766361652","mid":"3454233766361652","can_edit":false,"text":"\u4e25\u683c\u6765\u8bf4\uff0c\u7f8e\u56fd\u9a7b\u534e\u4f7f\u9986\u4f9d\u7136\u662f\u4e2d\u56fd\u9886\u571f\u3002\u53ea\u4e0d\u8fc7\u6309\u7167\u300a\u7ef4\u4e5f\u7eb3\u5916\u4ea4\u5173\u7cfb\u516c\u7ea6\u300b\uff0c\u7f8e\u56fd\u5bf9\u5176\u6709\u5b8c\u5168\u53f8\u6cd5\u7ba1\u8f96\u6743\u3002\u6240\u4ee5\u68c0\u6d4b\u3001\u516c\u5e03\u4f7f\u9986\u7684PM2.5\uff0c\u5b8c\u5168\u7b26\u5408\u56fd\u9645\u6cd5\u3002","source":"\u5fae\u535a weibo.com","favorited":false,"is_paid":false,"mblog_vip_type":0,"user":{"id":1401527553,"screen_name":"tombkeeper","profile_image_url":"https:\/\/tva2.sinaimg.cn\/crop.0.0.180.180.180\/53899d01jw8fcb9qpe7vbj2050050mx8.jpg","profile_url":"https:\/\/m.weibo.cn\/u\/1401527553?uid=1401527553&luicode=10000011&lfid=1076031401527553","statuses_count":15425,"verified":true,"verified_type":0,"verified_type_ext":1,"verified_reason":"\u77e5\u540d\u4e92\u8054\u7f51\u8d44\u8baf\u535a\u4e3b","close_blue_v":false,"description":"\u5fae\u535a\u672c\u5730\u8d44\u8baf\u535a\u4e3b\uff08\u521a\u679c\u5e03\u62c9\u67f4\u7ef4\u5c14\uff09","gender":"m","mbtype":12,"urank":48,"mbrank":6,"follow_me":false,"following":false,"followers_count":192533,"follow_count":277,"cover_image_phone":"https:\/\/tva1.sinaimg.cn\/crop.0.0.640.640.640\/549d0121tw1egm1kjly3jj20hs0hsq4f.jpg","avatar_hd":"https:\/\/ww2.sinaimg.cn\/orj480\/53899d01jw8fcb9qpe7vbj2050050mx8.jpg","like":false,"like_me":false,"badge":{"bind_taobao":1,"dzwbqlx_2016":1,"follow_whitelist_video":1,"hongbao_2018":1}},"retweeted_status":{"created_at":"2012-06-07","id":"3454205228606668","idstr":"3454205228606668","mid":"3454205228606668","can_edit":false,"text":"\u71b1\u70c8\u6b61\u8fce\u5927\u5bb6\u6384\u8d77\u816e\u5e6b\u5b50\u3001\u7529\u958b\u5f8c\u69fd\u7259\u8a0e\u8ad6\u7f8e\u570b\u7684\u6c61\u67d3\u554f\u984c\u3002\u8b1d\u8b1d\uff01<span class=\"url-icon\"><img src=\"\/\/h5.sinaimg.cn\/m\/emoticon\/icon\/default\/d_guzhang-4ac2b70b8f.png\" style=\"width:1em;height:1em;\" alt=\"[\u9f13\u638c]\"><\/span><span class=\"url-icon\"><img src=\"\/\/h5.sinaimg.cn\/m\/emoticon\/icon\/default\/d_guzhang-4ac2b70b8f.png\" style=\"width:1em;height:1em;\" alt=\"[\u9f13\u638c]\"><\/span><span class=\"url-icon\"><img src=\"\/\/h5.sinaimg.cn\/m\/emoticon\/icon\/default\/d_guzhang-4ac2b70b8f.png\" style=\"width:1em;height:1em;\" alt=\"[\u9f13\u638c]\"><\/span> \u56de\u5fa9 <a href='https:\/\/m.weibo.cn\/n\/\u674e\u5f00\u590d'>@\u674e\u5f00\u590d<\/a> \uff1a\u7f8e\u4f7f\u9928\u662f\u7f8e\u570b\u9818\u571f\uff0c\u6240\u4ee5\u6c61\u67d3\u662f\u7f8e\u570b\u554f\u984c\u3002 \u200b\u200b\u200b","source":"iPad\u5ba2\u6237\u7aef","favorited":false,"is_paid":false,"mblog_vip_type":0,"user":{"id":2263972354,"screen_name":"\u7f8e\u570b\u99d0\u6e2f\u7e3d\u9818\u4e8b\u9928","profile_image_url":"https:\/\/tva2.sinaimg.cn\/crop.0.0.180.180.180\/86f17a02jw1e8qgp5bmzyj2050050aa8.jpg","profile_url":"https:\/\/m.weibo.cn\/u\/2263972354?uid=2263972354&luicode=10000011&lfid=1076031401527553","statuses_count":3489,"verified":true,"verified_type":1,"verified_type_ext":0,"verified_reason":"\u7f8e\u570b\u99d0\u6e2f\u7e3d\u9818\u4e8b\u9928\u5b98\u65b9\u5fae\u535a","close_blue_v":false,"description":"\u7f8e\u570b\u99d0\u6e2f\u7e3d\u9818\u4e8b\u9928","gender":"m","mbtype":0,"urank":33,"mbrank":0,"follow_me":false,"following":false,"followers_count":295718,"follow_count":344,"cover_image_phone":"https:\/\/tva1.sinaimg.cn\/crop.0.0.640.640.640\/549d0121tw1egm1kjly3jj20hs0hsq4f.jpg","avatar_hd":"https:\/\/ww2.sinaimg.cn\/orj480\/86f17a02jw1e8qgp5bmzyj2050050aa8.jpg","like":false,"like_me":false,"badge":{"enterprise":1,"olympic_2016":1,"follow_whitelist_video":1}},"reposts_count":4788,"comments_count":5673,"attitudes_count":37,"pending_approval_count":0,"isLongText":false,"visible":{"type":0,"list_id":0},"more_info_type":0,"content_auth":0,"edit_config":{"edited":false},"bid":"ymK7MA6Ze"},"reposts_count":5,"comments_count":10,"attitudes_count":0,"pending_approval_count":0,"isLongText":false,"visible":{"type":0,"list_id":0},"more_info_type":0,"content_auth":0,"edit_config":{"edited":false},"mblogtype":0,"obj_ext":"","raw_text":"\u4e25\u683c\u6765\u8bf4\uff0c\u7f8e\u56fd\u9a7b\u534e\u4f7f\u9986\u4f9d\u7136\u662f\u4e2d\u56fd\u9886\u571f\u3002\u53ea\u4e0d\u8fc7\u6309\u7167\u300a\u7ef4\u4e5f\u7eb3\u5916\u4ea4\u5173\u7cfb\u516c\u7ea6\u300b\uff0c\u7f8e\u56fd\u5bf9\u5176\u6709\u5b8c\u5168\u53f8\u6cd5\u7ba1\u8f96\u6743\u3002\u6240\u4ee5\u68c0\u6d4b\u3001\u516c\u5e03\u4f7f\u9986\u7684PM2.5\uff0c\u5b8c\u5168\u7b26\u5408\u56fd\u9645\u6cd5\u3002","bid":"ymKROqGXi"},"show_type":0}],"showAppTips":0,"scheme":"sinaweibo:\/\/cardlist?containerid=1076031401527553&extparam=&luicode=10000011&lfid=&featurecode="}}