{"ok":1,"data":{"cardlistInfo":{"containerid":"1076031401527553","v_p":42,"show_style":1,"total":15519,"page":50},"cards":[{"card_type":9,"itemid":"1076031401527553_-_4135884171127525","scheme":"https:\/\/m.weibo.cn\/status\/Ff3vH4JjT?mblogid=Ff3vH4JjT&luicode=10000011&lfid=1076031401527553","mblog":{"created_at":"2017-08-01","id":"4135884171127525","idstr":"4135884171127525","mid":"4135884171127525","can_edit":false,"text":"Adobe \u5ba3\u5e03 2020 \u5e74\u505c\u6b62\u5f00\u53d1\u548c\u66f4\u65b0 Flash\u3002\u7ed3\u679c GitHub \u4e0a\u5f88\u591a\u4eba\u8bf7\u613f\uff0c\u5e0c\u671b Adobe \u628a Flash \u5f00\u6e90\uff0c\u8ba9\u793e\u533a\u6765\u7ef4\u62a4\u3002\u6211\u89c9\u5f97 Adobe \u5e94\u8be5\u4e0d\u4f1a\u7b54\u5e94\u3002\u56e0\u4e3a Flash \u5bff\u7ec8\u6b63\u5bdd\uff0c\u4f46 AIR \u8fd8\u5728\u3002\u628a Flash \u5f00\u6e90\uff0c\u4e5f\u5c31\u7b49\u4e8e\u628a\u591a\u534a\u4e2a AIR \u5f00\u6e90\u4e86\u3002\u518d\u8bf4\uff0cAdobe \u5e94\u8be5\u4e0d\u60f3\u8ba9\u4eba\u770b\u5230 Flash \u4ee3\u7801\u591a\u7cdf\u7cd5\u2026\u2026 \u200b\u200b\u200b","textLength":260,"source":"\u5fae\u535a weibo.com","favorited":false,"is_paid":false,"mblog_vip_type":0,"user":{"id":1401527553,"screen_name":"tombkeeper","profile_image_url":"https:\/\/tva2.sinaimg.cn\/crop.0.0.180.180.180\/53899d01jw8fcb9qpe7vbj2050050mx8.jpg","profile_url":"https:\/\/m.weibo.cn\/u\/1401527553?uid=1401527553&luicode=10000011&lfid=1076031401527553","statuses_count":15425,"verified":true,"verified_type":0,"verified_type_ext":1,"verified_reason":"\u77e5\u540d\u4e92\u8054\u7f51\u8d44\u8baf\u535a\u4e3b","close_blue_v":false,"description":"\u5fae\u535a\u672c\u5730\u8d44\u8baf\u535a\u4e3b\uff08\u521a\u679c\u5e03\u62c9\u67f4\u7ef4\u5c14\uff09","gender":"m","mbtype":12,"urank":48,"mbrank":6,"follow_me":false,"following":false,"followers_count":192533,"follow_count":277,"cover_image_phone":"https:\/\/tva1.sinaimg.cn\/crop.0.0.640.640.640\/549d0121tw1egm1kjly3jj20hs0hsq4f.jpg","avatar_hd":"https:\/\/ww2.sinaimg.cn\/orj480\/53899d01jw8fcb9qpe7vbj2050050mx8.jpg","like":false,"like_me":false,"badge":{"bind_taobao":1,"dzwbqlx_2016":1,"follow_whitelist_video":1,"hongbao_2018":1}},"reposts_count":55,"comments_count":29,"attitudes_count":109,"pending_approval_count":0,"isLongText":false,"visible":{"type":0,"list_id":0},"more_info_type":0,"content_auth":0,"edit_config":{"edited":false},"mblogtype":0,"bid":"Ff3vH4JjT"},"show_type":0},{"card_type":9,"itemid":"1076031401527553_-_4135638556877912","scheme":"https:\/\/m.weibo.cn\/status\/FeX7xsRg4?mblogid=FeX7xsRg4&luicode=10000011&lfid=1076031401527553","mblog":{"created_at":"2017-07-31","id":"4135638556877912","idstr":"4135638556877912","mid":"4135638556877912","can_edit":false,"text":"\u6709\u4eba\u9ed1\u4e86 Mandiant \u7684\u4eba\u2014\u2014\u4e2d\u6587\u53eb\u201c\u66fc\u8fea\u6602\u7279\u201d\uff0c\u5c31\u662f\u9760\u53d1\u5e03\u201cAPT1\u201d\u62a5\u544a\uff0c\u5206\u6790 61398 \u90e8\u961f\u800c\u51fa\u540d\u7684\u90a3\u5bb6\u7f51\u7edc\u5b89\u5168\u54a8\u8be2\u516c\u53f8\u3002\u653b\u51fb\u8005\u4e0d\u5149\u5077\u4e86\u6570\u636e\uff0c\u8fd8\u628a\u88ab\u5165\u4fb5\u7684 Mandiant \u96c7\u5458\u7684 LinkedIn \u5934\u50cf\u6539\u6210\u4e86\u5c41\u80a1\uff1a \u200b\u200b\u200b\u200b","textLength":198,"source":"\u5fae\u535a weibo.com","favorited":false,"thumbnail_pic":"http:\/\/wx2.sinaimg.cn\/thumbnail\/53899d01ly1fi38myk9vaj20iw0e843w.jpg","bmiddle_pic":"http:\/\/wx2.sinaimg.cn\/bmiddle\/53899d01ly1fi38myk9vaj20iw0e843w.jpg","original_pic":"http:\/\/wx2.sinaimg.cn\/large\/53899d01ly1fi38myk9vaj20iw0e843w.jpg","is_paid":false,"mblog_vip_type":0,"user":{"id":1401527553,"screen_name":"tombkeeper","profile_image_url":"https:\/\/tva2.sinaimg.cn\/crop.0.0.180.180.180\/53899d01jw8fcb9qpe7vbj2050050mx8.jpg","profile_url":"https:\/\/m.weibo.cn\/u\/1401527553?uid=1401527553&luicode=10000011&lfid=1076031401527553","statuses_count":15425,"verified":true,"verified_type":0,"verified_type_ext":1,"verified_reason":"\u77e5\u540d\u4e92\u8054\u7f51\u8d44\u8baf\u535a\u4e3b","close_blue_v":false,"description":"\u5fae\u535a\u672c\u5730\u8d44\u8baf\u535a\u4e3b\uff08\u521a\u679c\u5e03\u62c9\u67f4\u7ef4\u5c14\uff09","gender":"m","mbtype":12,"urank":48,"mbrank":6,"follow_me":false,"following":false,"followers_count":192533,"follow_count":277,"cover_image_phone":"https:\/\/tva1.sinaimg.cn\/crop.0.0.640.640.640\/549d0121tw1egm1kjly3jj20hs0hsq4f.jpg","avatar_hd":"https:\/\/ww2.sinaimg.cn\/orj480\/53899d01jw8fcb9qpe7vbj2050050mx8.jpg","like":false,"like_me":false,"badge":{"bind_taobao":1,"dzwbqlx_2016":1,"follow_whitelist_video":1,"hongbao_2018":1}},"reposts_count":27,"comments_count":11,"attitudes_count":58,"pending_approval_count":0,"isLongText":false,"visible":{"type":0,"list_id":0},"more_info_type":0,"content_auth":0,"edit_config":{"edited":false},"mblogtype":0,"bid":"FeX7xsRg4","pics":[{"pid":"53899d01ly1fi38myk9vaj20iw0e843w","url":"https:\/\/wx2.sinaimg.cn\/orj360\/53899d01ly1fi38myk9vaj20iw0e843w.jpg","size":"orj360","geo":{"width":358,"height":270,"croped":false},"large":{"size":"large","url":"https:\/\/wx2.sinaimg.cn\/large\/53899d01ly1fi38myk9vaj20iw0e843w.jpg","geo":{"width":"680","height":"512","croped":false}}}]},"show_type":0},{"card_type":9,"itemid":"1076031401527553_-_4135570580034359","scheme":"https:\/\/m.weibo.cn\/status\/FeVlU08Wb?mblogid=FeVlU08Wb&luicode=10000011&lfid=1076031401527553","mblog":{"created_at":"2017-07-31","id":"4135570580034359","idstr":"4135570580034359","mid":"4135570580034359","can_edit":false,"text":"Resilio Sync <a data-url=\"http:\/\/t.cn\/RVUonZS\" target=\"_blank\" href=\"https:\/\/weibo.cn\/sinaurl\/blocked8018a83a?luicode=10000011&lfid=1076031401527553&u=https%3A%2F%2Fwww.resilio.com%2F&ep=FeVlU08Wb%252C1401527553%252CFeVlU08Wb%252C1401527553\" class=\"\"><span class=\"url-icon\"><img src=\"\/\/h5.sinaimg.cn\/upload\/2015\/09\/25\/3\/timeline_card_small_web_default.png\"><\/span><\/i><span class=\"surl-text\">\u7f51\u9875\u94fe\u63a5<\/a>\uff0c\u53ef\u4ee5\u7406\u89e3\u4e3a\u4e00\u4e2a P2P \u5206\u5e03\u5f0f\u7f51\u76d8\u3002 \u200b\u200b\u200b","textLength":65,"source":"\u5fae\u535a weibo.com","favorited":false,"is_paid":false,"mblog_vip_type":0,"user":{"id":1401527553,"screen_name":"tombkeeper","profile_image_url":"https:\/\/tva2.sinaimg.cn\/crop.0.0.180.180.180\/53899d01jw8fcb9qpe7vbj2050050mx8.jpg","profile_url":"https:\/\/m.weibo.cn\/u\/1401527553?uid=1401527553&luicode=10000011&lfid=1076031401527553","statuses_count":15425,"verified":true,"verified_type":0,"verified_type_ext":1,"verified_reason":"\u77e5\u540d\u4e92\u8054\u7f51\u8d44\u8baf\u535a\u4e3b","close_blue_v":false,"description":"\u5fae\u535a\u672c\u5730\u8d44\u8baf\u535a\u4e3b\uff08\u521a\u679c\u5e03\u62c9\u67f4\u7ef4\u5c14\uff09","gender":"m","mbtype":12,"urank":48,"mbrank":6,"follow_me":false,"following":false,"followers_count":192533,"follow_count":277,"cover_image_phone":"https:\/\/tva1.sinaimg.cn\/crop.0.0.640.640.640\/549d0121tw1egm1kjly3jj20hs0hsq4f.jpg","avatar_hd":"https:\/\/ww2.sinaimg.cn\/orj480\/53899d01jw8fcb9qpe7vbj2050050mx8.jpg","like":false,"like_me":false,"badge":{"bind_taobao":1,"dzwbqlx_2016":1,"follow_whitelist_video":1,"hongbao_2018":1}},"reposts_count":41,"comments_count":18,"attitudes_count":25,"pending_approval_count":0,"isLongText":false,"visible":{"type":0,"list_id":0},"more_info_type":0,"content_auth":0,"edit_config":{"edited":false},"mblogtype":0,"bid":"FeVlU08Wb"},"show_type":0},{"card_type":9,"itemid":"1076031401527553_-_4135569812027006","scheme":"https:\/\/m.weibo.cn\/status\/FeVkF8vjE?mblogid=FeVkF8vjE&luicode=10000011&lfid=1076031401527553","mblog":{"created_at":"2017-07-31","id":"4135569812027006","idstr":"4135569812027006","mid":"4135569812027006","can_edit":false,"text":"GNU Ring <a data-url=\"http:\/\/t.cn\/RbFHPRw\" target=\"_blank\" href=\"https:\/\/weibo.cn\/sinaurl\/blockedd8539dec?luicode=10000011&lfid=1076031401527553&u=https%3A%2F%2Fring.cx%2Fen&ep=FeVkF8vjE%252C1401527553%252CFeVkF8vjE%252C1401527553\" class=\"\"><span class=\"url-icon\"><img src=\"\/\/h5.sinaimg.cn\/upload\/2015\/09\/25\/3\/timeline_card_small_web_default.png\"><\/span><\/i><span class=\"surl-text\">\u7f51\u9875\u94fe\u63a5<\/a>\uff0c\u4ee5\u533f\u540d\u548c\u52a0\u5bc6\u4e3a\u7279\u8272\u7684\u5f00\u6e90 IM \u5de5\u5177\u3002\u76ee\u524d\u5df2\u652f\u6301\u5404\u79cd\u684c\u9762\u64cd\u4f5c\u7cfb\u7edf\uff0c\u4ee5\u53ca Android\u3002 \u200b\u200b\u200b","textLength":106,"source":"\u5fae\u535a weibo.com","favorited":false,"is_paid":false,"mblog_vip_type":0,"user":{"id":1401527553,"screen_name":"tombkeeper","profile_image_url":"https:\/\/tva2.sinaimg.cn\/crop.0.0.180.180.180\/53899d01jw8fcb9qpe7vbj2050050mx8.jpg","profile_url":"https:\/\/m.weibo.cn\/u\/1401527553?uid=1401527553&luicode=10000011&lfid=1076031401527553","statuses_count":15425,"verified":true,"verified_type":0,"verified_type_ext":1,"verified_reason":"\u77e5\u540d\u4e92\u8054\u7f51\u8d44\u8baf\u535a\u4e3b","close_blue_v":false,"description":"\u5fae\u535a\u672c\u5730\u8d44\u8baf\u535a\u4e3b\uff08\u521a\u679c\u5e03\u62c9\u67f4\u7ef4\u5c14\uff09","gender":"m","mbtype":12,"urank":48,"mbrank":6,"follow_me":false,"following":false,"followers_count":192533,"follow_count":277,"cover_image_phone":"https:\/\/tva1.sinaimg.cn\/crop.0.0.640.640.640\/549d0121tw1egm1kjly3jj20hs0hsq4f.jpg","avatar_hd":"https:\/\/ww2.sinaimg.cn\/orj480\/53899d01jw8fcb9qpe7vbj2050050mx8.jpg","like":false,"like_me":false,"badge":{"bind_taobao":1,"dzwbqlx_2016":1,"follow_whitelist_video":1,"hongbao_2018":1}},"reposts_count":47,"comments_count":10,"attitudes_count":31,"pending_approval_count":0,"isLongText":false,"visible":{"type":0,"list_id":0},"more_info_type":0,"content_auth":0,"edit_config":{"edited":false},"mblogtype":0,"bid":"FeVkF8vjE"},"show_type":0},{"card_type":9,"itemid":"1076031401527553_-_4135535787719016","scheme":"https:\/\/m.weibo.cn\/status\/FeUrMwo4g?mblogid=FeUrMwo4g&luicode=10000011&lfid=1076031401527553","mblog":{"created_at":"2017-07-31","id":"4135535787719016","idstr":"4135535787719016","mid":"4135535787719016","can_edit":false,"text":"sandsifter: the x86 processor fuzzer <a data-url=\"http:\/\/t.cn\/R94iaDt\" target=\"_blank\" href=\"https:\/\/weibo.cn\/sinaurl\/blocked5d693b58?luicode=10000011&lfid=1076031401527553&u=https%3A%2F%2Fgithub.com%2Fxoreaxeaxeax%2Fsandsifter&ep=FeUrMwo4g%252C1401527553%252CFeUrMwo4g%252C1401527553\" class=\"\"><span class=\"url-icon\"><img src=\"\/\/h5.sinaimg.cn\/upload\/2015\/09\/25\/3\/timeline_card_small_web_default.png\"><\/span><\/i><span class=\"surl-text\">\u7f51\u9875\u94fe\u63a5<\/a> \u8fd9\u4e2a\u6709\u70b9\u610f\u601d\u3002\u6211\u5f53\u5e74\u88ab\u201cCPU SEH\u201d\u8fd9\u4e2a\u8bcd\u5ffd\u60a0\u4e4b\u540e\u4e5f\u5199\u4e86\u4e00\u4e2a\u7c7b\u4f3c\u7684\u4e1c\u897f\u53bb\u8bd5\u56fe\u8dd1 CPU \u7684\u6f0f\u6d1e\u2026\u2026 \u200b\u200b\u200b","textLength":147,"source":"\u5fae\u535a weibo.com","favorited":false,"is_paid":false,"mblog_vip_type":0,"user":{"id":1401527553,"screen_name":"tombkeeper","profile_image_url":"https:\/\/tva2.sinaimg.cn\/crop.0.0.180.180.180\/53899d01jw8fcb9qpe7vbj2050050mx8.jpg","profile_url":"https:\/\/m.weibo.cn\/u\/1401527553?uid=1401527553&luicode=10000011&lfid=1076031401527553","statuses_count":15425,"verified":true,"verified_type":0,"verified_type_ext":1,"verified_reason":"\u77e5\u540d\u4e92\u8054\u7f51\u8d44\u8baf\u535a\u4e3b","close_blue_v":false,"description":"\u5fae\u535a\u672c\u5730\u8d44\u8baf\u535a\u4e3b\uff08\u521a\u679c\u5e03\u62c9\u67f4\u7ef4\u5c14\uff09","gender":"m","mbtype":12,"urank":48,"mbrank":6,"follow_me":false,"following":false,"followers_count":192533,"follow_count":277,"cover_image_phone":"https:\/\/tva1.sinaimg.cn\/crop.0.0.640.640.640\/549d0121tw1egm1kjly3jj20hs0hsq4f.jpg","avatar_hd":"https:\/\/ww2.sinaimg.cn\/orj480\/53899d01jw8fcb9qpe7vbj2050050mx8.jpg","like":false,"like_me":false,"badge":{"bind_taobao":1,"dzwbqlx_2016":1,"follow_whitelist_video":1,"hongbao_2018":1}},"reposts_count":10,"comments_count":1,"attitudes_count":15,"pending_approval_count":0,"isLongText":false,"visible":{"type":0,"list_id":0},"more_info_type":0,"content_auth":0,"edit_config":{"edited":false},"mblogtype":0,"bid":"FeUrMwo4g"},"show_type":0},{"card_type":9,"itemid":"1076031401527553_-_4135517412832370","scheme":"https:\/\/m.weibo.cn\/status\/FeTY9bSPo?mblogid=FeTY9bSPo&luicode=10000011&lfid=1076031401527553","mblog":{"created_at":"2017-07-31","id":"4135517412832370","idstr":"4135517412832370","mid":"4135517412832370","can_edit":false,"text":"\u4e00\u4e2a\u5f00\u5b66\u540e\u4e0a\u9ad8\u4e09\u7684\u540c\u5b66\u5bf9\u6211\u8bf4\uff1a\u81ea\u5df1\u5f88\u559c\u6b22\u4fe1\u606f\u5b89\u5168\uff0c\u4f46\u4e86\u89e3\u5230\u5927\u5b66\u4fe1\u606f\u5b89\u5168\u4e13\u4e1a\u6240\u5b66\u5185\u5bb9\u548c\u5b9e\u9645\u4fe1\u606f\u5b89\u5168\u5de5\u4f5c\u7684\u5185\u5bb9\u76f8\u5dee\u6bd4\u8f83\u591a\uff0c\u6240\u4ee5\u5bf9\u9009\u4ec0\u4e48\u4e13\u4e1a\u6bd4\u8f83\u8ff7\u832b\u3002<br\/><br\/>\u7c7b\u4f3c\u95ee\u9898\u5f88\u591a\u4eba\u90fd\u95ee\u8fc7\u3002\u6211\u89c9\u5f97\u5927\u5bb6\u6ca1\u60f3\u660e\u767d\uff1a\u4fe1\u606f\u5b89\u5168\u4e13\u4e1a\u56fa\u7136\u548c\u5b9e\u9645\u5b89\u5168\u5de5\u4f5c\u6709\u5dee\u5f02\uff0c\u4f46\u4e0d\u4f1a\u6bd4\u975e\u4fe1\u606f\u5b89\u5168\u4e13\u4e1a\u548c\u5b9e\u9645\u5b89\u5168\u5de5\u4f5c\u7684\u5dee\u5f02\u66f4\u5927\u3002 \u200b\u200b\u200b","textLength":274,"source":"\u5fae\u535a weibo.com","favorited":false,"is_paid":false,"mblog_vip_type":0,"user":{"id":1401527553,"screen_name":"tombkeeper","profile_image_url":"https:\/\/tva2.sinaimg.cn\/crop.0.0.180.180.180\/53899d01jw8fcb9qpe7vbj2050050mx8.jpg","profile_url":"https:\/\/m.weibo.cn\/u\/1401527553?uid=1401527553&luicode=10000011&lfid=1076031401527553","statuses_count":15425,"verified":true,"verified_type":0,"verified_type_ext":1,"verified_reason":"\u77e5\u540d\u4e92\u8054\u7f51\u8d44\u8baf\u535a\u4e3b","close_blue_v":false,"description":"\u5fae\u535a\u672c\u5730\u8d44\u8baf\u535a\u4e3b\uff08\u521a\u679c\u5e03\u62c9\u67f4\u7ef4\u5c14\uff09","gender":"m","mbtype":12,"urank":48,"mbrank":6,"follow_me":false,"following":false,"followers_count":192533,"follow_count":277,"cover_image_phone":"https:\/\/tva1.sinaimg.cn\/crop.0.0.640.640.640\/549d0121tw1egm1kjly3jj20hs0hsq4f.jpg","avatar_hd":"https:\/\/ww2.sinaimg.cn\/orj480\/53899d01jw8fcb9qpe7vbj2050050mx8.jpg","like":false,"like_me":false,"badge":{"bind_taobao":1,"dzwbqlx_2016":1,"follow_whitelist_video":1,"hongbao_2018":1}},"reposts_count":23,"comments_count":35,"attitudes_count":120,"pending_approval_count":0,"isLongText":false,"visible":{"type":0,"list_id":0},"more_info_type":0,"content_auth":0,"edit_config":{"edited":false},"mblogtype":0,"bid":"FeTY9bSPo"},"show_type":0},{"card_type":9,"itemid":"1076031401527553_-_4135248222072698","scheme":"https:\/\/m.weibo.cn\/status\/FeMXY8HcC?mblogid=FeMXY8HcC&luicode=10000011&lfid=1076031401527553","mblog":{"created_at":"2017-07-30","id":"4135248222072698","idstr":"4135248222072698","mid":"4135248222072698","can_edit":false,"text":"\u770b\u4e86\u4e00\u4e0b Google \u7684\u641c\u7d22\u5173\u952e\u8bcd\u5e7f\u544a\uff1a<br\/>1\u3001\u56fd\u822a\u4e70\u4e86\u201c\u5357\u822a\u201d<br\/>2\u3001\u4eac\u4e1c\u4e70\u4e86\u201c\u6dd8\u5b9d\u201d\u548c\u201c\u5929\u732b\u201d<br\/>3\u3001\u4e24\u4e2a\u201c\u5883\u5916\u53cd\u534e\u52bf\u529b\u201d\u7f51\u7ad9\u4e70\u4e86\u201c\u65b0\u95fb\u201d<br\/>4\u3001\u4e00\u4e2a\u90aa\u6559\u7f51\u7ad9\u4e70\u4e86\u201c\u51cf\u80a5\u201d<br\/>5\u3001\u4e00\u4e2a\u9999\u6e2f\u8bca\u6240\u5dee\u4e0d\u591a\u4e70\u4e86\u6240\u6709\u6027\u75c5\u76f8\u5173\u7684\u8bcd \u200b\u200b\u200b","textLength":194,"source":"\u5fae\u535a weibo.com","favorited":false,"is_paid":false,"mblog_vip_type":0,"user":{"id":1401527553,"screen_name":"tombkeeper","profile_image_url":"https:\/\/tva2.sinaimg.cn\/crop.0.0.180.180.180\/53899d01jw8fcb9qpe7vbj2050050mx8.jpg","profile_url":"https:\/\/m.weibo.cn\/u\/1401527553?uid=1401527553&luicode=10000011&lfid=1076031401527553","statuses_count":15425,"verified":true,"verified_type":0,"verified_type_ext":1,"verified_reason":"\u77e5\u540d\u4e92\u8054\u7f51\u8d44\u8baf\u535a\u4e3b","close_blue_v":false,"description":"\u5fae\u535a\u672c\u5730\u8d44\u8baf\u535a\u4e3b\uff08\u521a\u679c\u5e03\u62c9\u67f4\u7ef4\u5c14\uff09","gender":"m","mbtype":12,"urank":48,"mbrank":6,"follow_me":false,"following":false,"followers_count":192533,"follow_count":277,"cover_image_phone":"https:\/\/tva1.sinaimg.cn\/crop.0.0.640.640.640\/549d0121tw1egm1kjly3jj20hs0hsq4f.jpg","avatar_hd":"https:\/\/ww2.sinaimg.cn\/orj480\/53899d01jw8fcb9qpe7vbj2050050mx8.jpg","like":false,"like_me":false,"badge":{"bind_taobao":1,"dzwbqlx_2016":1,"follow_whitelist_video":1,"hongbao_2018":1}},"reposts_count":55,"comments_count":49,"attitudes_count":128,"pending_approval_count":0,"isLongText":false,"visible":{"type":0,"list_id":0},"more_info_type":0,"content_auth":0,"edit_config":{"edited":false},"mblogtype":0,"bid":"FeMXY8HcC"},"show_type":0},{"card_type":9,"itemid":"1076031401527553_-_4135191062498855","scheme":"https:\/\/m.weibo.cn\/status\/FeLtMau47?mblogid=FeLtMau47&luicode=10000011&lfid=1076031401527553","mblog":{"created_at":"2017-07-30","id":"4135191062498855","idstr":"4135191062498855","mid":"4135191062498855","can_edit":false,"text":"\u5373\u4f7f\u94c1\u76ae\u77f3\u659b\u4e2d\u7684\u6bdb\u5170\u7d20\u5728\u52a8\u7269\u5b9e\u9a8c\u4e2d\u4f53\u73b0\u51fa\u6765\u7684\u6297\u764c\u529f\u6548\u5bf9\u4eba\u4e5f\u6709\u6548\uff0c\u4e00\u4e2a\u6210\u5e74\u4eba\u6bcf\u5929\u8981\u5403\u4e0b\u91cd 113 \u5428\u3001\u4ef7\u503c 11 \u4ebf\u5143\u7684\u94c1\u76ae\u77f3\u659b\u624d\u884c\uff1a<a data-url=\"http:\/\/t.cn\/R9qrHKH\" target=\"_blank\" href=\"https:\/\/weibo.cn\/sinaurl\/blocked758ebf66?luicode=10000011&lfid=1076031401527553&u=https%3A%2F%2Fwww.zhihu.com%2Fquestion%2F35989928%2Fanswer%2F145468699&ep=FeLtMau47%252C1401527553%252CFeLtMau47%252C1401527553\" class=\"\"><span class=\"url-icon\"><img src=\"\/\/h5.sinaimg.cn\/upload\/2015\/09\/25\/3\/timeline_card_small_web_default.png\"><\/span><\/i><span class=\"surl-text\">\u7f51\u9875\u94fe\u63a5<\/a> \u3002\u6211\u524d\u5e74\u7684\u620f\u8a00<a data-url=\"http:\/\/weibo.com\/1401527553\/CwPJW0q7e\" href=\"http:\/\/weibo.com\/1401527553\/CwPJW0q7e?luicode=10000011&lfid=1076031401527553&ep=FeLtMau47%252C1401527553%252CFeLtMau47%252C1401527553\" data-hide=\"\"><span class=\"url-icon\"><img src=\"\/\/h5.sinaimg.cn\/upload\/2015\/09\/25\/3\/timeline_card_small_web_default.png\"><\/span><\/i><span class=\"surl-text\">\u7f51\u9875\u94fe\u63a5<\/a> \u770b\u6765\u4e5f\u6210\u771f\uff0c\u771f\u88ab\u5403\u7edd\u4e86\u3002 \u200b\u200b\u200b","textLength":219,"source":"\u5fae\u535a weibo.com","favorited":false,"is_paid":false,"mblog_vip_type":0,"user":{"id":1401527553,"screen_name":"tombkeeper","profile_image_url":"https:\/\/tva2.sinaimg.cn\/crop.0.0.180.180.180\/53899d01jw8fcb9qpe7vbj2050050mx8.jpg","profile_url":"https:\/\/m.weibo.cn\/u\/1401527553?uid=1401527553&luicode=10000011&lfid=1076031401527553","statuses_count":15425,"verified":true,"verified_type":0,"verified_type_ext":1,"verified_reason":"\u77e5\u540d\u4e92\u8054\u7f51\u8d44\u8baf\u535a\u4e3b","close_blue_v":false,"description":"\u5fae\u535a\u672c\u5730\u8d44\u8baf\u535a\u4e3b\uff08\u521a\u679c\u5e03\u62c9\u67f4\u7ef4\u5c14\uff09","gender":"m","mbtype":12,"urank":48,"mbrank":6,"follow_me":false,"following":false,"followers_count":192533,"follow_count":277,"cover_image_phone":"https:\/\/tva1.sinaimg.cn\/crop.0.0.640.640.640\/549d0121tw1egm1kjly3jj20hs0hsq4f.jpg","avatar_hd":"https:\/\/ww2.sinaimg.cn\/orj480\/53899d01jw8fcb9qpe7vbj2050050mx8.jpg","like":false,"like_me":false,"badge":{"bind_taobao":1,"dzwbqlx_2016":1,"follow_whitelist_video":1,"hongbao_2018":1}},"reposts_count":99,"comments_count":31,"attitudes_count":44,"pending_approval_count":0,"isLongText":false,"visible":{"type":0,"list_id":0},"more_info_type":0,"content_auth":0,"edit_config":{"edited":false},"mblogtype":0,"bid":"FeLtMau47"},"show_type":0},{"card_type":9,"itemid":"1076031401527553_-_4135168354184382","scheme":"https:\/\/m.weibo.cn\/status\/FeKT9hyy2?mblogid=FeKT9hyy2&luicode=10000011&lfid=1076031401527553","mblog":{"created_at":"2017-07-30","id":"4135168354184382","idstr":"4135168354184382","mid":"4135168354184382","can_edit":false,"text":"\u300a\u65b0\u95fb\u8c03\u67e5\u00b7\u6211\u662f\u9ed1\u5ba2\uff08\u4e0a\uff09\u300b\u7684\u89c6\u9891\u5df2\u7ecf\u51fa\u6765\u4e86\uff0c\u817e\u8baf\u89c6\u9891\uff1a<a data-url=\"http:\/\/t.cn\/R9qXmBU\" href=\"http:\/\/v.qq.com\/cover\/e\/ef5nh2ug3pcpj40.html?containerid=231268b225bd76ac3887c956ba50566f2425cc&showurl=http%3A%2F%2Fv.qq.com%2Fcover%2Fe%2Fef5nh2ug3pcpj40.html&url_open_direct=1&toolbar_hidden=1&url_type=39&object_type=video&pos=1&luicode=10000011&lfid=1076031401527553&ep=FeKT9hyy2%252C1401527553%252CFeKT9hyy2%252C1401527553\" data-hide=\"\"><span class=\"url-icon\"><img src=\"https:\/\/h5.sinaimg.cn\/upload\/2015\/09\/25\/3\/timeline_card_small_video_default.png\"><\/span><\/i><span class=\"surl-text\">\u65b0\u95fb\u8c03\u67e5\u00b7\u6211\u662f\u9ed1\u5ba2<\/a>\uff0c\u592e\u89c6\u7f51\uff1a<a data-url=\"http:\/\/t.cn\/R9q20Lb\" target=\"_blank\" href=\"https:\/\/weibo.cn\/sinaurl\/blockedd9fd2b36?luicode=10000011&lfid=1076031401527553&u=http%3A%2F%2Ftv.cctv.com%2F2017%2F07%2F29%2FVIDEB4Eq10Ffx6dA3UKPFyVQ170729.shtml&ep=FeKT9hyy2%252C1401527553%252CFeKT9hyy2%252C1401527553\" class=\"\"><span class=\"url-icon\"><img src=\"\/\/h5.sinaimg.cn\/upload\/2015\/09\/25\/3\/timeline_card_small_web_default.png\"><\/span><\/i><span class=\"surl-text\">\u7f51\u9875\u94fe\u63a5<\/a> \u3002\u4e00\u5f00\u59cb\u6211\u591a\u5c11\u8fd8\u6709\u70b9\u62c5\u5fc3\uff0c\u56e0\u4e3a\u8fd9\u4e2a\u9898\u6750\u5f88\u5bb9\u6613\u62cd\u6b6a\u4e86\uff0c\u53d8\u6210\u516b\u5366\u730e\u5947\u3002\u4f46\u6ca1\u60f3\u5230\u5236\u4f5c\u56e2\u961f\u975e\u5e38\u4e13\u4e1a\uff0c\u5bf9\u5b89\u5168\u7814\u7a76\u5de5\u4f5c\u7684\u89e3\u8bfb\u5168\u9762\u800c\u5ba2\u89c2\uff0c\u5927\u5927\u8d85\u51fa\u6211\u7684\u9884\u671f\u3002\u611f\u8c22\u51e0\u4f4d\u7f16\u5bfc\u4e3a\u201c\u9ed1\u5ba2\u201d\u4e24\u4e2a\u5b57\u6b63\u540d\u3002 \u200b\u200b\u200b","textLength":280,"source":"\u5fae\u535a weibo.com","favorited":false,"is_paid":false,"mblog_vip_type":0,"user":{"id":1401527553,"screen_name":"tombkeeper","profile_image_url":"https:\/\/tva2.sinaimg.cn\/crop.0.0.180.180.180\/53899d01jw8fcb9qpe7vbj2050050mx8.jpg","profile_url":"https:\/\/m.weibo.cn\/u\/1401527553?uid=1401527553&luicode=10000011&lfid=1076031401527553","statuses_count":15425,"verified":true,"verified_type":0,"verified_type_ext":1,"verified_reason":"\u77e5\u540d\u4e92\u8054\u7f51\u8d44\u8baf\u535a\u4e3b","close_blue_v":false,"description":"\u5fae\u535a\u672c\u5730\u8d44\u8baf\u535a\u4e3b\uff08\u521a\u679c\u5e03\u62c9\u67f4\u7ef4\u5c14\uff09","gender":"m","mbtype":12,"urank":48,"mbrank":6,"follow_me":false,"following":false,"followers_count":192533,"follow_count":277,"cover_image_phone":"https:\/\/tva1.sinaimg.cn\/crop.0.0.640.640.640\/549d0121tw1egm1kjly3jj20hs0hsq4f.jpg","avatar_hd":"https:\/\/ww2.sinaimg.cn\/orj480\/53899d01jw8fcb9qpe7vbj2050050mx8.jpg","like":false,"like_me":false,"badge":{"bind_taobao":1,"dzwbqlx_2016":1,"follow_whitelist_video":1,"hongbao_2018":1}},"reposts_count":273,"comments_count":62,"attitudes_count":160,"pending_approval_count":0,"isLongText":false,"visible":{"type":0,"list_id":0},"more_info_type":0,"content_auth":0,"edit_config":{"edited":false},"mblogtype":0,"obj_ext":"7\u4e07\u6b21\u89c2\u770b","page_info":{"page_pic":{"url":"http:\/\/vpic.video.qq.com\/24417017\/s002419b8lp_160_90_3.jpg"},"page_url":"https:\/\/weibo.cn\/sinaurl\/blocked17eba4f3?containerid=231268b225bd76ac3887c956ba50566f2425cc&showurl=http%3A%2F%2Fv.qq.com%2Fcover%2Fe%2Fef5nh2ug3pcpj40.html&url_open_direct=1&toolbar_hidden=1&url_type=39&object_type=video&pos=2&luicode=10000011&lfid=1076031401527553&u=http%3A%2F%2Fv.qq.com%2Fcover%2Fe%2Fef5nh2ug3pcpj40.html%3Fcontainerid%3D231268b225bd76ac3887c956ba50566f2425cc%26showurl%3Dhttp%253A%252F%252Fv.qq.com%252Fcover%252Fe%252Fef5nh2ug3pcpj40.html%26url_open_direct%3D1%26toolbar_hidden%3D1%26url_type%3D39%26object_type%3Dvideo%26pos%3D2%26luicode%3D10000011%26lfid%3D1076031401527553","page_title":"\u65b0\u95fb\u8c03\u67e5\u00b7\u6211\u662f\u9ed1\u5ba2","content1":"\u65b0\u95fb\u8c03\u67e5\u00b7\u6211\u662f\u9ed1\u5ba2","content2":"","type":"video","media_info":{"stream_url":""}},"timestamp_text":"\u63a8\u8350\u5185\u5bb9","promotion_info":{"display_text":"\u63a8\u8350\u5185\u5bb9"},"bid":"FeKT9hyy2"},"show_type":0},{"card_type":9,"itemid":"1076031401527553_-_4135129141532829","scheme":"https:\/\/m.weibo.cn\/status\/FeJRU6qL3?mblogid=FeJRU6qL3&luicode=10000011&lfid=1076031401527553","mblog":{"created_at":"2017-07-30","id":"4135129141532829","idstr":"4135129141532829","mid":"4135129141532829","can_edit":false,"text":"\u6253\u7740\u7ea2\u65d7\u53cd\u7ea2\u65d7\uff0c\u7a7f\u7740\u8010\u514b\u53cd\u8010\u514b","source":"\u5fae\u535a weibo.com","favorited":false,"is_paid":false,"mblog_vip_type":0,"user":{"id":1401527553,"screen_name":"tombkeeper","profile_image_url":"https:\/\/tva2.sinaimg.cn\/crop.0.0.180.180.180\/53899d01jw8fcb9qpe7vbj2050050mx8.jpg","profile_url":"https:\/\/m.weibo.cn\/u\/1401527553?uid=1401527553&luicode=10000011&lfid=1076031401527553","statuses_count":15425,"verified":true,"verified_type":0,"verified_type_ext":1,"verified_reason":"\u77e5\u540d\u4e92\u8054\u7f51\u8d44\u8baf\u535a\u4e3b","close_blue_v":false,"description":"\u5fae\u535a\u672c\u5730\u8d44\u8baf\u535a\u4e3b\uff08\u521a\u679c\u5e03\u62c9\u67f4\u7ef4\u5c14\uff09","gender":"m","mbtype":12,"urank":48,"mbrank":6,"follow_me":false,"following":false,"followers_count":192533,"follow_count":277,"cover_image_phone":"https:\/\/tva1.sinaimg.cn\/crop.0.0.640.640.640\/549d0121tw1egm1kjly3jj20hs0hsq4f.jpg","avatar_hd":"https:\/\/ww2.sinaimg.cn\/orj480\/53899d01jw8fcb9qpe7vbj2050050mx8.jpg","like":false,"like_me":false,"badge":{"bind_taobao":1,"dzwbqlx_2016":1,"follow_whitelist_video":1,"hongbao_2018":1}},"retweeted_status":{"created_at":"2017-07-30","id":"4135127338966102","idstr":"4135127338966102","mid":"4135127338966102","can_edit":false,"text":"\u4eca\u5929\u662f\u5168\u7403\u53cd\u8010\u514b\u65e5\uff0c\u897f\u96c5\u56fe\u4eba\u6c11\u8d70\u4e0a\u8857\u5934\uff0c\u7a7f\u7740\u8010\u514b\uff0c\u53f7\u53ec\u522b\u4eba\u4e0d\u8981\u4e70\u8010\u514b<span class=\"url-icon\"><img src=\"\/\/h5.sinaimg.cn\/m\/emoticon\/icon\/default\/d_feijie-c1d5b12e04.png\" style=\"width:1em;height:1em;\" alt=\"[\u8d39\u89e3]\"><\/span>\u3002via reddit \u200b\u200b\u200b","textLength":86,"source":"iPhone 7 Plus","favorited":false,"thumbnail_pic":"http:\/\/wx1.sinaimg.cn\/thumbnail\/005I7KWsly1fi1lvxmijbj308w08w3zk.jpg","bmiddle_pic":"http:\/\/wx1.sinaimg.cn\/bmiddle\/005I7KWsly1fi1lvxmijbj308w08w3zk.jpg","original_pic":"http:\/\/wx1.sinaimg.cn\/large\/005I7KWsly1fi1lvxmijbj308w08w3zk.jpg","is_paid":false,"mblog_vip_type":0,"user":{"id":5232671688,"screen_name":"\u897f\u96c5\u56fe\u9ec4\u90fd\u7763","profile_image_url":"https:\/\/tva3.sinaimg.cn\/crop.340.0.1367.1367.180\/005I7KWsjw1eiqg31jrghj31kw11zdvo.jpg","profile_url":"https:\/\/m.weibo.cn\/u\/5232671688?uid=5232671688&luicode=10000011&lfid=1076031401527553","statuses_count":12024,"verified":true,"verified_type":0,"verified_type_ext":1,"verified_reason":"\u6d77\u5916\u8d44\u8baf\u535a\u4e3b\uff08\u7f8e\u56fd\uff09","close_blue_v":false,"description":"\u4fe1\u9ec4\u54e5\uff0c\u4fdd\u5e73\u5b89\u3002 \u5546\u52a1\u5408\u4f5c\u8bf7\u8054\u7cfb\uff1a seattle@dudu.city","gender":"m","mbtype":12,"urank":44,"mbrank":6,"follow_me":false,"following":false,"followers_count":259225,"follow_count":85,"cover_image_phone":"https:\/\/tva1.sinaimg.cn\/crop.0.0.640.640.640\/549d0121tw1egm1kjly3jj20hs0hsq4f.jpg","avatar_hd":"https:\/\/ww3.sinaimg.cn\/orj480\/005I7KWsjw1eiqg31jrghj31kw11zdvo.jpg","like":false,"like_me":false,"badge":{"bind_taobao":1,"dzwbqlx_2016":1,"follow_whitelist_video":1,"suishoupai_2017":1,"travel_2017":1,"hongbao_2018":1}},"picStatus":"0:1","reposts_count":48,"comments_count":30,"attitudes_count":35,"pending_approval_count":0,"isLongText":false,"visible":{"type":0,"list_id":0},"more_info_type":0,"cardid":"vip_003","content_auth":0,"edit_config":{"edited":false},"bid":"FeJOZBCuy","pics":[{"pid":"005I7KWsly1fi1lvxmijbj308w08w3zk","url":"https:\/\/wx1.sinaimg.cn\/orj360\/005I7KWsly1fi1lvxmijbj308w08w3zk.jpg","size":"orj360","geo":{"width":"320","height":"320","croped":false},"large":{"size":"large","url":"https:\/\/wx1.sinaimg.cn\/large\/005I7KWsly1fi1lvxmijbj308w08w3zk.jpg","geo":{"width":"320","height":"320","croped":false}}}]},"reposts_count":26,"comments_count":19,"attitudes_count":41,"pending_approval_count":0,"isLongText":false,"visible":{"type":0,"list_id":0},"more_info_type":0,"content_auth":0,"edit_config":{"edited":false},"mblogtype":0,"obj_ext":"","raw_text":"\u6253\u7740\u7ea2\u65d7\u53cd\u7ea2\u65d7\uff0c\u7a7f\u7740\u8010\u514b\u53cd\u8010\u514b","bid":"FeJRU6qL3"},"show_type":0}],"showAppTips":0,"scheme":"sinaweibo:\/\/cardlist?containerid=1076031401527553&extparam=&luicode=10000011&lfid=&featurecode="}}