{"ok":1,"data":{"cardlistInfo":{"containerid":"1076031401527553","v_p":42,"show_style":1,"total":15518,"page":50},"cards":[{"card_type":9,"itemid":"1076031401527553_-_3449544437961396","scheme":"https:\/\/m.weibo.cn\/status\/ykMSnxp7C?mblogid=ykMSnxp7C&luicode=10000011&lfid=1076031401527553","mblog":{"created_at":"2012-05-25","id":"3449544437961396","idstr":"3449544437961396","mid":"3449544437961396","can_edit":false,"text":"\u56de\u590d<a href='https:\/\/m.weibo.cn\/n\/\u5750\u6000\u4e0d\u4e71\u66f9\u5b5f\u5fb7'>@\u5750\u6000\u4e0d\u4e71\u66f9\u5b5f\u5fb7<\/a>: \u95ee\u9898\u4e0d\u5728\u4eba\u8eab\u8fd8\u662f\u8d22\u4ea7\u53d7\u5a01\u80c1\u3002\u8fd9\u5728\u5b9e\u9645\u53d7\u4fb5\u5bb3\u524d\uff0c\u662f\u65e0\u6cd5\u9884\u6599\u7684\u3002\u5979\u51fa\u95e8\u780d\u4eba\u4e0d\u80fd\u7b97\u6b63\u5f53\u9632\u536b\uff0c\u4ece\u60c5\u8282\u770b\uff0c\u5e94\u5c5e\u9632\u536b\u8fc7\u5f53\u3002\u4e89\u53d6\u4e89\u53d6\uff0c\u52243\u7f135\u8fd8\u662f\u6709\u53ef\u80fd\u7684\u3002","source":"\u5fae\u535a weibo.com","favorited":false,"is_paid":false,"mblog_vip_type":0,"user":{"id":1401527553,"screen_name":"tombkeeper","profile_image_url":"https:\/\/tva2.sinaimg.cn\/crop.0.0.180.180.180\/53899d01jw8fcb9qpe7vbj2050050mx8.jpg","profile_url":"https:\/\/m.weibo.cn\/u\/1401527553?uid=1401527553&luicode=10000011&lfid=1076031401527553","statuses_count":15425,"verified":true,"verified_type":0,"verified_type_ext":1,"verified_reason":"\u77e5\u540d\u4e92\u8054\u7f51\u8d44\u8baf\u535a\u4e3b","close_blue_v":false,"description":"\u5fae\u535a\u672c\u5730\u8d44\u8baf\u535a\u4e3b\uff08\u521a\u679c\u5e03\u62c9\u67f4\u7ef4\u5c14\uff09","gender":"m","mbtype":12,"urank":48,"mbrank":6,"follow_me":false,"following":false,"followers_count":192533,"follow_count":277,"cover_image_phone":"https:\/\/tva1.sinaimg.cn\/crop.0.0.640.640.640\/549d0121tw1egm1kjly3jj20hs0hsq4f.jpg","avatar_hd":"https:\/\/ww2.sinaimg.cn\/orj480\/53899d01jw8fcb9qpe7vbj2050050mx8.jpg","like":false,"like_me":false,"badge":{"bind_taobao":1,"dzwbqlx_2016":1,"follow_whitelist_video":1,"hongbao_2018":1}},"pid":3449518916097978,"retweeted_status":{"created_at":"2012-05-24","id":"3449202170456988","idstr":"3449202170456988","mid":"3449202170456988","can_edit":false,"text":"\u3010\u63d0\u83dc\u5200\u62a4\u5bb6\u7684\u70c8\u5973\u5b50\u8be5\u6b7b\uff1f\u30118\u540d\u58ee\u6c49\u56f4\u653b\u5bb6\u95e8\u53e3\u5927\u58f0\u8fb1\u9a82\u7838\u95e8\u3002\u9762\u5bf9\u6765\u52bf\u6c79\u6c79\u7684\u62c6\u8fc1\u4eba\u5458\uff0c\u738b\u9a6c\u73b2\u633a\u8eab\u800c\u51fa\u63d0\u4e86\u4e00\u628a\u83dc\u5200\uff0c\u6324\u5f00\u9632\u76d7\u95e8\u5411\u95e8\u5916\u780d\u53bb\uff0c\u6700\u7ec81\u6b7b6\u4f24\u3002\u4e00\u5ba1\u5224\u516b\u5e74\uff0c\u4e8c\u5ba1\u6539\u5224\u4e94\u5e74\u3002\u2014\u2014\u5f31\u5973\u5b50\u9762\u5bf9\u4f17\u591a\u5f3a\u62c6\u58ee\u6c49\uff0c\u62fc\u6b7b\u4fdd\u62a4\u81ea\u5df1\u5bb6\u56ed\uff0c\u4f55\u7f6a\u4e4b\u6709\uff1f\u6211\u4eec\u671f\u5f85\u4e09\u5ba1\u65e0\u7f6a\u3002\u540c\u610f\u738b\u9a6c\u73b2\u65e0\u7f6a\u7684\u4e3e\u624b\uff01<span class=\"url-icon\"><img src=\"\/\/h5.sinaimg.cn\/m\/emoticon\/icon\/others\/h_quantou-ba097f8ec2.png\" style=\"width:1em;height:1em;\" alt=\"[\u62f3\u5934]\"><\/span>  \u200b\u200b\u200b","source":"iPad\u5ba2\u6237\u7aef","favorited":false,"thumbnail_pic":"http:\/\/ww2.sinaimg.cn\/thumbnail\/4e22530ejw1dt9cibfk2nj.jpg","bmiddle_pic":"http:\/\/ww2.sinaimg.cn\/bmiddle\/4e22530ejw1dt9cibfk2nj.jpg","original_pic":"http:\/\/ww2.sinaimg.cn\/large\/4e22530ejw1dt9cibfk2nj.jpg","is_paid":false,"mblog_vip_type":0,"user":{"id":1310872334,"screen_name":"_-\u51b0\u7ffc-_","profile_image_url":"https:\/\/tva3.sinaimg.cn\/crop.0.0.180.180.180\/4e22530ejw1e8qgp5bmzyj2050050aa8.jpg","profile_url":"https:\/\/m.weibo.cn\/u\/1310872334?uid=1310872334&luicode=10000011&lfid=1076031401527553","statuses_count":11108,"verified":true,"verified_type":0,"verified_type_ext":0,"verified_reason":"\u6167\u79d1\u8d62\u521b\u8ba1\u7b97\u673a\u8f6f\u4ef6\u6709\u9650\u516c\u53f8 \u526f\u603b\u7ecf\u7406","close_blue_v":false,"description":"\u5fae\u4fe1\uff1abingyiv \u5927\u9f84\u6587\u827a\u3001\u6587\u5b66\u9752\u5e74\u3001\u4e1a\u4f59\u53a8\u5b50\u3001\u4e13\u4e1a\u5403\u8d27\u3001\u5b8c\u7f8e\u4e3b\u4e49\u8005\u3001\u559c\u6b22\u7075\u52a8\u7684\u6587\u5b57\u3001\u70ab\u76ee\u7684\u56fe\u7247\u3001\u4f18\u96c5\u7684\u53e4\u5178\u97f3\u4e50\u7b49\u4e00\u5207\u552f\u7f8e\u4e8b\u7269\u3002 QQ:16837214","gender":"m","mbtype":2,"urank":25,"mbrank":5,"follow_me":false,"following":false,"followers_count":304177,"follow_count":2696,"cover_image_phone":"https:\/\/tva1.sinaimg.cn\/crop.0.0.640.640.640\/549d0121tw1egm1kjly3jj20hs0hsq4f.jpg","avatar_hd":"https:\/\/ww3.sinaimg.cn\/orj480\/4e22530ejw1e8qgp5bmzyj2050050aa8.jpg","like":false,"like_me":false,"badge":{"dailv":1,"zongyiji":1,"unread_pool":1,"unread_pool_ext":1}},"reposts_count":5287,"comments_count":1618,"attitudes_count":9,"pending_approval_count":0,"isLongText":false,"visible":{"type":0,"list_id":0},"more_info_type":0,"content_auth":0,"edit_config":{"edited":false},"bid":"ykDYl1USM","pics":[{"pid":"4e22530ejw1dt9cibfk2nj","url":"https:\/\/ww2.sinaimg.cn\/orj360\/4e22530ejw1dt9cibfk2nj.jpg","size":"orj360","geo":false,"large":{"size":"large","url":"https:\/\/ww2.sinaimg.cn\/large\/4e22530ejw1dt9cibfk2nj.jpg","geo":false}}]},"reposts_count":10,"comments_count":5,"attitudes_count":0,"pending_approval_count":0,"isLongText":false,"visible":{"type":0,"list_id":0},"more_info_type":0,"content_auth":0,"edit_config":{"edited":false},"mblogtype":0,"obj_ext":"","raw_text":"\u56de\u590d@\u5750\u6000\u4e0d\u4e71\u66f9\u5b5f\u5fb7: \u95ee\u9898\u4e0d\u5728\u4eba\u8eab\u8fd8\u662f\u8d22\u4ea7\u53d7\u5a01\u80c1\u3002\u8fd9\u5728\u5b9e\u9645\u53d7\u4fb5\u5bb3\u524d\uff0c\u662f\u65e0\u6cd5\u9884\u6599\u7684\u3002\u5979\u51fa\u95e8\u780d\u4eba\u4e0d\u80fd\u7b97\u6b63\u5f53\u9632\u536b\uff0c\u4ece\u60c5\u8282\u770b\uff0c\u5e94\u5c5e\u9632\u536b\u8fc7\u5f53\u3002\u4e89\u53d6\u4e89\u53d6\uff0c\u52243\u7f135\u8fd8\u662f\u6709\u53ef\u80fd\u7684\u3002","bid":"ykMSnxp7C"},"show_type":0},{"card_type":9,"itemid":"1076031401527553_-_3449526164039314","scheme":"https:\/\/m.weibo.cn\/status\/ykMoUgWOe?mblogid=ykMoUgWOe&luicode=10000011&lfid=1076031401527553","mblog":{"created_at":"2012-05-25","id":"3449526164039314","idstr":"3449526164039314","mid":"3449526164039314","can_edit":false,"text":"\u300a\u501a\u5929\u5c60\u9f99\u8bb0\u300b\u91cc\uff0c\u6211\u6700\u559c\u6b22\u8fd9\u4e2a\u955c\u5934\u3002\u53ea\u53ef\u60dc\u5f20\u7fe0\u5c71\u6bb7\u7d20\u7d20\u592b\u59bb\u82f1\u96c4\uff0c\u751f\u4e86\u5f20\u65e0\u5fcc\u8fd9\u8f6f\u86cb\u3002 \u200b\u200b\u200b","source":"\u5fae\u535a weibo.com","favorited":false,"thumbnail_pic":"http:\/\/ww4.sinaimg.cn\/thumbnail\/53899d01gw1dtadpu7hnrj.jpg","bmiddle_pic":"http:\/\/ww4.sinaimg.cn\/bmiddle\/53899d01gw1dtadpu7hnrj.jpg","original_pic":"http:\/\/ww4.sinaimg.cn\/large\/53899d01gw1dtadpu7hnrj.jpg","is_paid":false,"mblog_vip_type":0,"user":{"id":1401527553,"screen_name":"tombkeeper","profile_image_url":"https:\/\/tva2.sinaimg.cn\/crop.0.0.180.180.180\/53899d01jw8fcb9qpe7vbj2050050mx8.jpg","profile_url":"https:\/\/m.weibo.cn\/u\/1401527553?uid=1401527553&luicode=10000011&lfid=1076031401527553","statuses_count":15425,"verified":true,"verified_type":0,"verified_type_ext":1,"verified_reason":"\u77e5\u540d\u4e92\u8054\u7f51\u8d44\u8baf\u535a\u4e3b","close_blue_v":false,"description":"\u5fae\u535a\u672c\u5730\u8d44\u8baf\u535a\u4e3b\uff08\u521a\u679c\u5e03\u62c9\u67f4\u7ef4\u5c14\uff09","gender":"m","mbtype":12,"urank":48,"mbrank":6,"follow_me":false,"following":false,"followers_count":192533,"follow_count":277,"cover_image_phone":"https:\/\/tva1.sinaimg.cn\/crop.0.0.640.640.640\/549d0121tw1egm1kjly3jj20hs0hsq4f.jpg","avatar_hd":"https:\/\/ww2.sinaimg.cn\/orj480\/53899d01jw8fcb9qpe7vbj2050050mx8.jpg","like":false,"like_me":false,"badge":{"bind_taobao":1,"dzwbqlx_2016":1,"follow_whitelist_video":1,"hongbao_2018":1}},"reposts_count":17,"comments_count":19,"attitudes_count":0,"pending_approval_count":0,"isLongText":false,"visible":{"type":0,"list_id":0},"more_info_type":0,"content_auth":0,"edit_config":{"edited":false},"mblogtype":0,"bid":"ykMoUgWOe","pics":[{"pid":"53899d01gw1dtadpu7hnrj","url":"https:\/\/ww4.sinaimg.cn\/orj360\/53899d01gw1dtadpu7hnrj.jpg","size":"orj360","geo":false,"large":{"size":"large","url":"https:\/\/ww4.sinaimg.cn\/large\/53899d01gw1dtadpu7hnrj.jpg","geo":false}}]},"show_type":0},{"card_type":9,"itemid":"1076031401527553_-_3449518916097978","scheme":"https:\/\/m.weibo.cn\/status\/ykMddpAmu?mblogid=ykMddpAmu&luicode=10000011&lfid=1076031401527553","mblog":{"created_at":"2012-05-25","id":"3449518916097978","idstr":"3449518916097978","mid":"3449518916097978","can_edit":false,"text":"\u5e74\u521d\uff0c\u7f8e\u56fd\u4e00\u4e2a18\u5c81\u6bcd\u4eb2\u5e26\u77403\u4e2a\u6708\u5927\u7684\u5b69\u5b50\u5728\u5bb6\uff0c\u53d1\u73b0\u6709\u4e24\u4eba\u62ff\u7740\u5200\u8981\u95ef\u8fdb\u6765\u3002\u5979\u6253\u7535\u8bdd\u7ed9911\uff0c\u95ee\u81ea\u5df1\u80fd\u5426\u5f00\u67aa\u3002911\u63a5\u7ebf\u5458\u8bf4\uff1a&quot;I can't tell you that you can do that, but you do what you have to do to protect your baby.&quot; \u7136\u540e\u5979\u62ff\u67aa\u5d29\u6b7b\u4e00\u4e2a\uff0c\u5413\u8dd1\u4e00\u4e2a\u3002\u5979\u6ca1\u6709\u88ab\u8d77\u8bc9\u3002","source":"\u5fae\u535a weibo.com","favorited":false,"is_paid":false,"mblog_vip_type":0,"user":{"id":1401527553,"screen_name":"tombkeeper","profile_image_url":"https:\/\/tva2.sinaimg.cn\/crop.0.0.180.180.180\/53899d01jw8fcb9qpe7vbj2050050mx8.jpg","profile_url":"https:\/\/m.weibo.cn\/u\/1401527553?uid=1401527553&luicode=10000011&lfid=1076031401527553","statuses_count":15425,"verified":true,"verified_type":0,"verified_type_ext":1,"verified_reason":"\u77e5\u540d\u4e92\u8054\u7f51\u8d44\u8baf\u535a\u4e3b","close_blue_v":false,"description":"\u5fae\u535a\u672c\u5730\u8d44\u8baf\u535a\u4e3b\uff08\u521a\u679c\u5e03\u62c9\u67f4\u7ef4\u5c14\uff09","gender":"m","mbtype":12,"urank":48,"mbrank":6,"follow_me":false,"following":false,"followers_count":192533,"follow_count":277,"cover_image_phone":"https:\/\/tva1.sinaimg.cn\/crop.0.0.640.640.640\/549d0121tw1egm1kjly3jj20hs0hsq4f.jpg","avatar_hd":"https:\/\/ww2.sinaimg.cn\/orj480\/53899d01jw8fcb9qpe7vbj2050050mx8.jpg","like":false,"like_me":false,"badge":{"bind_taobao":1,"dzwbqlx_2016":1,"follow_whitelist_video":1,"hongbao_2018":1}},"pid":3449513291535961,"retweeted_status":{"created_at":"2012-05-24","id":"3449202170456988","idstr":"3449202170456988","mid":"3449202170456988","can_edit":false,"text":"\u3010\u63d0\u83dc\u5200\u62a4\u5bb6\u7684\u70c8\u5973\u5b50\u8be5\u6b7b\uff1f\u30118\u540d\u58ee\u6c49\u56f4\u653b\u5bb6\u95e8\u53e3\u5927\u58f0\u8fb1\u9a82\u7838\u95e8\u3002\u9762\u5bf9\u6765\u52bf\u6c79\u6c79\u7684\u62c6\u8fc1\u4eba\u5458\uff0c\u738b\u9a6c\u73b2\u633a\u8eab\u800c\u51fa\u63d0\u4e86\u4e00\u628a\u83dc\u5200\uff0c\u6324\u5f00\u9632\u76d7\u95e8\u5411\u95e8\u5916\u780d\u53bb\uff0c\u6700\u7ec81\u6b7b6\u4f24\u3002\u4e00\u5ba1\u5224\u516b\u5e74\uff0c\u4e8c\u5ba1\u6539\u5224\u4e94\u5e74\u3002\u2014\u2014\u5f31\u5973\u5b50\u9762\u5bf9\u4f17\u591a\u5f3a\u62c6\u58ee\u6c49\uff0c\u62fc\u6b7b\u4fdd\u62a4\u81ea\u5df1\u5bb6\u56ed\uff0c\u4f55\u7f6a\u4e4b\u6709\uff1f\u6211\u4eec\u671f\u5f85\u4e09\u5ba1\u65e0\u7f6a\u3002\u540c\u610f\u738b\u9a6c\u73b2\u65e0\u7f6a\u7684\u4e3e\u624b\uff01<span class=\"url-icon\"><img src=\"\/\/h5.sinaimg.cn\/m\/emoticon\/icon\/others\/h_quantou-ba097f8ec2.png\" style=\"width:1em;height:1em;\" alt=\"[\u62f3\u5934]\"><\/span>  \u200b\u200b\u200b","source":"iPad\u5ba2\u6237\u7aef","favorited":false,"thumbnail_pic":"http:\/\/ww2.sinaimg.cn\/thumbnail\/4e22530ejw1dt9cibfk2nj.jpg","bmiddle_pic":"http:\/\/ww2.sinaimg.cn\/bmiddle\/4e22530ejw1dt9cibfk2nj.jpg","original_pic":"http:\/\/ww2.sinaimg.cn\/large\/4e22530ejw1dt9cibfk2nj.jpg","is_paid":false,"mblog_vip_type":0,"user":{"id":1310872334,"screen_name":"_-\u51b0\u7ffc-_","profile_image_url":"https:\/\/tva3.sinaimg.cn\/crop.0.0.180.180.180\/4e22530ejw1e8qgp5bmzyj2050050aa8.jpg","profile_url":"https:\/\/m.weibo.cn\/u\/1310872334?uid=1310872334&luicode=10000011&lfid=1076031401527553","statuses_count":11108,"verified":true,"verified_type":0,"verified_type_ext":0,"verified_reason":"\u6167\u79d1\u8d62\u521b\u8ba1\u7b97\u673a\u8f6f\u4ef6\u6709\u9650\u516c\u53f8 \u526f\u603b\u7ecf\u7406","close_blue_v":false,"description":"\u5fae\u4fe1\uff1abingyiv \u5927\u9f84\u6587\u827a\u3001\u6587\u5b66\u9752\u5e74\u3001\u4e1a\u4f59\u53a8\u5b50\u3001\u4e13\u4e1a\u5403\u8d27\u3001\u5b8c\u7f8e\u4e3b\u4e49\u8005\u3001\u559c\u6b22\u7075\u52a8\u7684\u6587\u5b57\u3001\u70ab\u76ee\u7684\u56fe\u7247\u3001\u4f18\u96c5\u7684\u53e4\u5178\u97f3\u4e50\u7b49\u4e00\u5207\u552f\u7f8e\u4e8b\u7269\u3002 QQ:16837214","gender":"m","mbtype":2,"urank":25,"mbrank":5,"follow_me":false,"following":false,"followers_count":304177,"follow_count":2696,"cover_image_phone":"https:\/\/tva1.sinaimg.cn\/crop.0.0.640.640.640\/549d0121tw1egm1kjly3jj20hs0hsq4f.jpg","avatar_hd":"https:\/\/ww3.sinaimg.cn\/orj480\/4e22530ejw1e8qgp5bmzyj2050050aa8.jpg","like":false,"like_me":false,"badge":{"dailv":1,"zongyiji":1,"unread_pool":1,"unread_pool_ext":1}},"reposts_count":5287,"comments_count":1618,"attitudes_count":9,"pending_approval_count":0,"isLongText":false,"visible":{"type":0,"list_id":0},"more_info_type":0,"content_auth":0,"edit_config":{"edited":false},"bid":"ykDYl1USM","pics":[{"pid":"4e22530ejw1dt9cibfk2nj","url":"https:\/\/ww2.sinaimg.cn\/orj360\/4e22530ejw1dt9cibfk2nj.jpg","size":"orj360","geo":false,"large":{"size":"large","url":"https:\/\/ww2.sinaimg.cn\/large\/4e22530ejw1dt9cibfk2nj.jpg","geo":false}}]},"reposts_count":47,"comments_count":22,"attitudes_count":0,"pending_approval_count":0,"isLongText":false,"visible":{"type":0,"list_id":0},"more_info_type":0,"content_auth":0,"edit_config":{"edited":false},"mblogtype":0,"obj_ext":"","raw_text":"\u5e74\u521d\uff0c\u7f8e\u56fd\u4e00\u4e2a18\u5c81\u6bcd\u4eb2\u5e26\u77403\u4e2a\u6708\u5927\u7684\u5b69\u5b50\u5728\u5bb6\uff0c\u53d1\u73b0\u6709\u4e24\u4eba\u62ff\u7740\u5200\u8981\u95ef\u8fdb\u6765\u3002\u5979\u6253\u7535\u8bdd\u7ed9911\uff0c\u95ee\u81ea\u5df1\u80fd\u5426\u5f00\u67aa\u3002911\u63a5\u7ebf\u5458\u8bf4\uff1a\"I can't tell you that you can do that, but you do what you have to do to protect your baby.\" \u7136\u540e\u5979\u62ff\u67aa\u5d29\u6b7b\u4e00\u4e2a\uff0c\u5413\u8dd1\u4e00\u4e2a\u3002\u5979\u6ca1\u6709\u88ab\u8d77\u8bc9\u3002","bid":"ykMddpAmu"},"show_type":0},{"card_type":9,"itemid":"1076031401527553_-_3449495612232273","scheme":"https:\/\/m.weibo.cn\/status\/ykLBD9mIp?mblogid=ykLBD9mIp&luicode=10000011&lfid=1076031401527553","mblog":{"created_at":"2012-05-25","id":"3449495612232273","idstr":"3449495612232273","mid":"3449495612232273","can_edit":false,"text":"[\u8e0c\u8e87\u6ee1\u5fd7]-&gt;[\u5927\u5e72\u4e00\u573a]-&gt;[\u906d\u529d\u9000]-&gt;[\u62d2\u7edd]-&gt;[\u906d\u9677\u5bb3]-&gt;[\u81ea\u4fdd\u6210\u529f]-&gt;[\u4e8c\u6b21\u9677\u5bb3]-&gt;[\u81ea\u4fdd\u6210\u529f]-&gt;[\u4ea4\u901a\u610f\u5916]-&gt;[\u6ca1\u8eb2\u8fc7]-&gt;[\u5352]\u3002\u8fd8\u662f\u522b\u5bb3\u4ed6\u4e86\u3002","source":"\u5fae\u535a weibo.com","favorited":false,"is_paid":false,"mblog_vip_type":0,"user":{"id":1401527553,"screen_name":"tombkeeper","profile_image_url":"https:\/\/tva2.sinaimg.cn\/crop.0.0.180.180.180\/53899d01jw8fcb9qpe7vbj2050050mx8.jpg","profile_url":"https:\/\/m.weibo.cn\/u\/1401527553?uid=1401527553&luicode=10000011&lfid=1076031401527553","statuses_count":15425,"verified":true,"verified_type":0,"verified_type_ext":1,"verified_reason":"\u77e5\u540d\u4e92\u8054\u7f51\u8d44\u8baf\u535a\u4e3b","close_blue_v":false,"description":"\u5fae\u535a\u672c\u5730\u8d44\u8baf\u535a\u4e3b\uff08\u521a\u679c\u5e03\u62c9\u67f4\u7ef4\u5c14\uff09","gender":"m","mbtype":12,"urank":48,"mbrank":6,"follow_me":false,"following":false,"followers_count":192533,"follow_count":277,"cover_image_phone":"https:\/\/tva1.sinaimg.cn\/crop.0.0.640.640.640\/549d0121tw1egm1kjly3jj20hs0hsq4f.jpg","avatar_hd":"https:\/\/ww2.sinaimg.cn\/orj480\/53899d01jw8fcb9qpe7vbj2050050mx8.jpg","like":false,"like_me":false,"badge":{"bind_taobao":1,"dzwbqlx_2016":1,"follow_whitelist_video":1,"hongbao_2018":1}},"pid":3449492995088984,"retweeted_status":{"created_at":"2012-05-25","id":"3449482354564665","idstr":"3449482354564665","mid":"3449482354564665","can_edit":false,"text":"\uff3b\u4e00\u4e2a\u76f8\u5f53\u4e25\u8083\u7684\u5efa\u8bae\uff0c\u4e0d\u51c6\u7b11\uff3d\u56fd\u5bb6\u5e94\u591a\u8058\u8bf7\u8c61<a href='https:\/\/m.weibo.cn\/n\/\u6f58\u77f3\u5c79'>@\u6f58\u77f3\u5c79<\/a> \u8fd9\u6837\u65e2\u6709\u6b63\u4e49\u611f\u53c8\u9ad8\u5ea6\u5b9e\u73b0\u4e86\u8d22\u52a1\u81ea\u7531\u7684\u4eba\u62c5\u4efb\u90e8\u957f\uff0c\u56e0\u4e3a\u4ed6\u4e0d\u4f1a\u53bb\u8d2a\u6c61\u4e0d\u4f1a\u53bb\u6df7\u65e5\u5b50\uff0c\u4e5f\u4e0d\u4f1a\u60a3\u5f97\u60a3\u5931\u4e0d\u641e\u6539\u9769\u3002\u9999\u6e2f\u8463\u5efa\u534e\u3001\u6881\u632f\u82f1\u7279\u9996\u90fd\u662f\u9ad8\u5ea6\u5b9e\u73b0\u4e86\u8d22\u52a1\u81ea\u7531\u7684\u4eba\u3002\u5f3a\u70c8\u652f\u6301<a href='https:\/\/m.weibo.cn\/n\/\u6f58\u77f3\u5c79'>@\u6f58\u77f3\u5c79<\/a> \u51fa\u4efb\u56fd\u5bb6\u73af\u4fdd\u603b\u5c40\u5c40\u957f \u200b\u200b\u200b","source":"\u5fae\u535a weibo.com","favorited":false,"thumbnail_pic":"http:\/\/ww3.sinaimg.cn\/thumbnail\/709b1d0egw1dta8kx8bk5j.jpg","bmiddle_pic":"http:\/\/ww3.sinaimg.cn\/bmiddle\/709b1d0egw1dta8kx8bk5j.jpg","original_pic":"http:\/\/ww3.sinaimg.cn\/large\/709b1d0egw1dta8kx8bk5j.jpg","is_paid":false,"mblog_vip_type":0,"user":{"id":1889213710,"screen_name":"\u5218\u80dc\u519b\u6539\u9769","profile_image_url":"https:\/\/tva4.sinaimg.cn\/crop.59.164.351.351.180\/709b1d0ejw1e98bbrprmij20c80ga40v.jpg","profile_url":"https:\/\/m.weibo.cn\/u\/1889213710?uid=1889213710&luicode=10000011&lfid=1076031401527553","statuses_count":80469,"verified":true,"verified_type":0,"verified_type_ext":1,"verified_reason":"FT\u4e2d\u6587\u7f51\u3001\u8d22\u65b0\u7f51\u4e13\u680f\u4f5c\u5bb6 \u5fae\u535a\u7b7e\u7ea6\u81ea\u5a92\u4f53","close_blue_v":false,"description":"\u4e2d\u56fd\u6539\u9769\u518d\u51fa\u53d1\uff01","gender":"m","mbtype":11,"urank":46,"mbrank":6,"follow_me":false,"following":false,"followers_count":1596591,"follow_count":1790,"cover_image_phone":"https:\/\/tva2.sinaimg.cn\/crop.0.0.640.640.640\/a1d3feabjw1ecasunmkncj20hs0hsq4j.jpg","avatar_hd":"https:\/\/ww4.sinaimg.cn\/orj480\/709b1d0ejw1e98bbrprmij20c80ga40v.jpg","like":false,"like_me":false,"badge":{"gongyi_level":1,"bind_taobao":1,"self_media":1,"olympic_2016":1,"dzwbqlx_2016":1,"follow_whitelist_video":1}},"reposts_count":5794,"comments_count":556,"attitudes_count":7,"pending_approval_count":0,"isLongText":false,"visible":{"type":0,"list_id":0},"more_info_type":0,"content_auth":0,"edit_config":{"edited":false},"bid":"ykLgfj9tD","pics":[{"pid":"709b1d0egw1dta8kx8bk5j","url":"https:\/\/ww3.sinaimg.cn\/orj360\/709b1d0egw1dta8kx8bk5j.jpg","size":"orj360","geo":false,"large":{"size":"large","url":"https:\/\/ww3.sinaimg.cn\/large\/709b1d0egw1dta8kx8bk5j.jpg","geo":false}}]},"reposts_count":16,"comments_count":7,"attitudes_count":0,"pending_approval_count":0,"isLongText":false,"visible":{"type":0,"list_id":0},"more_info_type":0,"content_auth":0,"edit_config":{"edited":false},"mblogtype":0,"obj_ext":"","raw_text":"[\u8e0c\u8e87\u6ee1\u5fd7]->[\u5927\u5e72\u4e00\u573a]->[\u906d\u529d\u9000]->[\u62d2\u7edd]->[\u906d\u9677\u5bb3]->[\u81ea\u4fdd\u6210\u529f]->[\u4e8c\u6b21\u9677\u5bb3]->[\u81ea\u4fdd\u6210\u529f]->[\u4ea4\u901a\u610f\u5916]->[\u6ca1\u8eb2\u8fc7]->[\u5352]\u3002\u8fd8\u662f\u522b\u5bb3\u4ed6\u4e86\u3002","bid":"ykLBD9mIp"},"show_type":0},{"card_type":9,"itemid":"1076031401527553_-_3449349394584425","scheme":"https:\/\/m.weibo.cn\/status\/ykHNNjeCl?mblogid=ykHNNjeCl&luicode=10000011&lfid=1076031401527553","mblog":{"created_at":"2012-05-24","id":"3449349394584425","idstr":"3449349394584425","mid":"3449349394584425","can_edit":false,"text":"\u4e0a\u56de\u4e00\u4e2a\u7814\u7a76\u8bf4\u7537\u4eba\u5e26\u5b69\u5b50\u4f1a\u964d\u4f4e\u96c4\u6fc0\u7d20\u6c34\u5e73\uff0c<a href='https:\/\/m.weibo.cn\/n\/\u9ec4\u4e00\u5b5f'>@\u9ec4\u4e00\u5b5f<\/a> \u770b\u4e86\u5f88\u662f\u7d27\u5f20\u3002\u5176\u5b9e\u964d\u4f4e\u90a3\u70b9\uff0c\u65e2\u4e0d\u5f71\u54cd\u6027\u5f81\uff0c\u4e5f\u4e0d\u5f71\u54cd\u6027\u80fd\u529b\u3002\u4e0d\u8fc7\u5f88\u591a\u4eba\u5fc3\u91cc\u53ef\u80fd\u8fd8\u662f\u6709\u70b9\u7599\u7629\u3002\u73b0\u5728\u6b63\u9762\u6d88\u606f\u6765\u4e86\uff0c\u6700\u65b0\u300a\u73af\u7403\u79d1\u5b66\u300b\u63d0\u5230\u4e00\u4e2a\u79d1\u5b66\u65b0\u53d1\u73b0\uff1a\u5e26\u5b69\u5b50\u7684\u7537\u4eba\uff0c\u4f1a\u957f\u51fa\u65b0\u7684\u8111\u7ec6\u80de\uff0c\u8ba4\u77e5\u80fd\u529b\u4e5f\u4f1a\u63d0\u9ad8\u3002\u7b80\u5355\u8bf4\u5c31\u662f\u2014\u2014\u7537\u4eba\u517b\u5a03\u667a\u529b\u9ad8\u3002 \u200b\u200b\u200b","source":"iPad\u5ba2\u6237\u7aef","favorited":false,"is_paid":false,"mblog_vip_type":0,"user":{"id":1401527553,"screen_name":"tombkeeper","profile_image_url":"https:\/\/tva2.sinaimg.cn\/crop.0.0.180.180.180\/53899d01jw8fcb9qpe7vbj2050050mx8.jpg","profile_url":"https:\/\/m.weibo.cn\/u\/1401527553?uid=1401527553&luicode=10000011&lfid=1076031401527553","statuses_count":15425,"verified":true,"verified_type":0,"verified_type_ext":1,"verified_reason":"\u77e5\u540d\u4e92\u8054\u7f51\u8d44\u8baf\u535a\u4e3b","close_blue_v":false,"description":"\u5fae\u535a\u672c\u5730\u8d44\u8baf\u535a\u4e3b\uff08\u521a\u679c\u5e03\u62c9\u67f4\u7ef4\u5c14\uff09","gender":"m","mbtype":12,"urank":48,"mbrank":6,"follow_me":false,"following":false,"followers_count":192533,"follow_count":277,"cover_image_phone":"https:\/\/tva1.sinaimg.cn\/crop.0.0.640.640.640\/549d0121tw1egm1kjly3jj20hs0hsq4f.jpg","avatar_hd":"https:\/\/ww2.sinaimg.cn\/orj480\/53899d01jw8fcb9qpe7vbj2050050mx8.jpg","like":false,"like_me":false,"badge":{"bind_taobao":1,"dzwbqlx_2016":1,"follow_whitelist_video":1,"hongbao_2018":1}},"reposts_count":24,"comments_count":9,"attitudes_count":0,"pending_approval_count":0,"isLongText":false,"visible":{"type":0,"list_id":0},"more_info_type":0,"content_auth":0,"edit_config":{"edited":false},"mblogtype":0,"bid":"ykHNNjeCl"},"show_type":0},{"card_type":9,"itemid":"1076031401527553_-_3449310677486675","scheme":"https:\/\/m.weibo.cn\/status\/ykGNlvpCP?mblogid=ykGNlvpCP&luicode=10000011&lfid=1076031401527553","mblog":{"created_at":"2012-05-24","id":"3449310677486675","idstr":"3449310677486675","mid":"3449310677486675","can_edit":false,"text":"\u56de\u590d<a href='https:\/\/m.weibo.cn\/n\/\u5c0f\u8721\u70db\u53ef\u7231\u591a'>@\u5c0f\u8721\u70db\u53ef\u7231\u591a<\/a>: \u4f60\u90fd\u7528\u8fd9\u79cdSM\u4e3b\u9898\u7684ID\u4e86\uff0c\u8fd8\u597d\u610f\u601d\u95ee\u6211\u2026\u2026 \/\/<a href='https:\/\/m.weibo.cn\/n\/\u5c0f\u8721\u70db\u53ef\u7231\u591a'>@\u5c0f\u8721\u70db\u53ef\u7231\u591a<\/a>:\u6559\u4e3b\uff0c\u4f60\u6bcf\u5929\u90fd\u60f3\u4ec0\u4e48\u5462\u3002\u3002\u3002","source":"\u5fae\u535a weibo.com","favorited":false,"is_paid":false,"mblog_vip_type":0,"user":{"id":1401527553,"screen_name":"tombkeeper","profile_image_url":"https:\/\/tva2.sinaimg.cn\/crop.0.0.180.180.180\/53899d01jw8fcb9qpe7vbj2050050mx8.jpg","profile_url":"https:\/\/m.weibo.cn\/u\/1401527553?uid=1401527553&luicode=10000011&lfid=1076031401527553","statuses_count":15425,"verified":true,"verified_type":0,"verified_type_ext":1,"verified_reason":"\u77e5\u540d\u4e92\u8054\u7f51\u8d44\u8baf\u535a\u4e3b","close_blue_v":false,"description":"\u5fae\u535a\u672c\u5730\u8d44\u8baf\u535a\u4e3b\uff08\u521a\u679c\u5e03\u62c9\u67f4\u7ef4\u5c14\uff09","gender":"m","mbtype":12,"urank":48,"mbrank":6,"follow_me":false,"following":false,"followers_count":192533,"follow_count":277,"cover_image_phone":"https:\/\/tva1.sinaimg.cn\/crop.0.0.640.640.640\/549d0121tw1egm1kjly3jj20hs0hsq4f.jpg","avatar_hd":"https:\/\/ww2.sinaimg.cn\/orj480\/53899d01jw8fcb9qpe7vbj2050050mx8.jpg","like":false,"like_me":false,"badge":{"bind_taobao":1,"dzwbqlx_2016":1,"follow_whitelist_video":1,"hongbao_2018":1}},"retweeted_status":{"created_at":"2012-05-24","id":"3449302854995144","idstr":"3449302854995144","mid":"3449302854995144","can_edit":false,"text":"\u6211\u53d1\u73b0\u201c\u5ff5\u5974\u5a07\u201d\u771f\u662f\u73b0\u6210\u4e00\u4e2aSM\u4e3b\u9898\u793e\u533a\u7684\u597d\u540d\u5b57\u3002\u518d\u914d\u4e0a\u8fd9Banner\uff0c\u80af\u5b9a\u53d7\u5e7f\u5927\u82e6\u903cIT\u5de5\u7a0b\u5e08\u6b22\u8fce\u3002 \u200b\u200b\u200b","source":"\u5fae\u535a weibo.com","favorited":false,"thumbnail_pic":"http:\/\/ww2.sinaimg.cn\/thumbnail\/53899d01gw1dt9nv2ptc4j.jpg","bmiddle_pic":"http:\/\/ww2.sinaimg.cn\/bmiddle\/53899d01gw1dt9nv2ptc4j.jpg","original_pic":"http:\/\/ww2.sinaimg.cn\/large\/53899d01gw1dt9nv2ptc4j.jpg","is_paid":false,"mblog_vip_type":0,"user":{"id":1401527553,"screen_name":"tombkeeper","profile_image_url":"https:\/\/tva2.sinaimg.cn\/crop.0.0.180.180.180\/53899d01jw8fcb9qpe7vbj2050050mx8.jpg","profile_url":"https:\/\/m.weibo.cn\/u\/1401527553?uid=1401527553&luicode=10000011&lfid=1076031401527553","statuses_count":15425,"verified":true,"verified_type":0,"verified_type_ext":1,"verified_reason":"\u77e5\u540d\u4e92\u8054\u7f51\u8d44\u8baf\u535a\u4e3b","close_blue_v":false,"description":"\u5fae\u535a\u672c\u5730\u8d44\u8baf\u535a\u4e3b\uff08\u521a\u679c\u5e03\u62c9\u67f4\u7ef4\u5c14\uff09","gender":"m","mbtype":12,"urank":48,"mbrank":6,"follow_me":false,"following":false,"followers_count":192533,"follow_count":277,"cover_image_phone":"https:\/\/tva1.sinaimg.cn\/crop.0.0.640.640.640\/549d0121tw1egm1kjly3jj20hs0hsq4f.jpg","avatar_hd":"https:\/\/ww2.sinaimg.cn\/orj480\/53899d01jw8fcb9qpe7vbj2050050mx8.jpg","like":false,"like_me":false,"badge":{"bind_taobao":1,"dzwbqlx_2016":1,"follow_whitelist_video":1,"hongbao_2018":1}},"reposts_count":19,"comments_count":11,"attitudes_count":0,"pending_approval_count":0,"isLongText":false,"visible":{"type":0,"list_id":0},"more_info_type":0,"content_auth":0,"edit_config":{"edited":false},"bid":"ykGAJkXsQ","pics":[{"pid":"53899d01gw1dt9nv2ptc4j","url":"https:\/\/ww2.sinaimg.cn\/orj360\/53899d01gw1dt9nv2ptc4j.jpg","size":"orj360","geo":false,"large":{"size":"large","url":"https:\/\/ww2.sinaimg.cn\/large\/53899d01gw1dt9nv2ptc4j.jpg","geo":false}}]},"reposts_count":5,"comments_count":6,"attitudes_count":1,"pending_approval_count":0,"isLongText":false,"visible":{"type":0,"list_id":0},"more_info_type":0,"content_auth":0,"edit_config":{"edited":false},"mblogtype":0,"obj_ext":"","raw_text":"\u56de\u590d@\u5c0f\u8721\u70db\u53ef\u7231\u591a: \u4f60\u90fd\u7528\u8fd9\u79cdSM\u4e3b\u9898\u7684ID\u4e86\uff0c\u8fd8\u597d\u610f\u601d\u95ee\u6211\u2026\u2026 \/\/@\u5c0f\u8721\u70db\u53ef\u7231\u591a:\u6559\u4e3b\uff0c\u4f60\u6bcf\u5929\u90fd\u60f3\u4ec0\u4e48\u5462\u3002\u3002\u3002","bid":"ykGNlvpCP"},"show_type":0},{"card_type":9,"itemid":"1076031401527553_-_3449302854995144","scheme":"https:\/\/m.weibo.cn\/status\/ykGAJkXsQ?mblogid=ykGAJkXsQ&luicode=10000011&lfid=1076031401527553","mblog":{"created_at":"2012-05-24","id":"3449302854995144","idstr":"3449302854995144","mid":"3449302854995144","can_edit":false,"text":"\u6211\u53d1\u73b0\u201c\u5ff5\u5974\u5a07\u201d\u771f\u662f\u73b0\u6210\u4e00\u4e2aSM\u4e3b\u9898\u793e\u533a\u7684\u597d\u540d\u5b57\u3002\u518d\u914d\u4e0a\u8fd9Banner\uff0c\u80af\u5b9a\u53d7\u5e7f\u5927\u82e6\u903cIT\u5de5\u7a0b\u5e08\u6b22\u8fce\u3002 \u200b\u200b\u200b","source":"\u5fae\u535a weibo.com","favorited":false,"thumbnail_pic":"http:\/\/ww2.sinaimg.cn\/thumbnail\/53899d01gw1dt9nv2ptc4j.jpg","bmiddle_pic":"http:\/\/ww2.sinaimg.cn\/bmiddle\/53899d01gw1dt9nv2ptc4j.jpg","original_pic":"http:\/\/ww2.sinaimg.cn\/large\/53899d01gw1dt9nv2ptc4j.jpg","is_paid":false,"mblog_vip_type":0,"user":{"id":1401527553,"screen_name":"tombkeeper","profile_image_url":"https:\/\/tva2.sinaimg.cn\/crop.0.0.180.180.180\/53899d01jw8fcb9qpe7vbj2050050mx8.jpg","profile_url":"https:\/\/m.weibo.cn\/u\/1401527553?uid=1401527553&luicode=10000011&lfid=1076031401527553","statuses_count":15425,"verified":true,"verified_type":0,"verified_type_ext":1,"verified_reason":"\u77e5\u540d\u4e92\u8054\u7f51\u8d44\u8baf\u535a\u4e3b","close_blue_v":false,"description":"\u5fae\u535a\u672c\u5730\u8d44\u8baf\u535a\u4e3b\uff08\u521a\u679c\u5e03\u62c9\u67f4\u7ef4\u5c14\uff09","gender":"m","mbtype":12,"urank":48,"mbrank":6,"follow_me":false,"following":false,"followers_count":192533,"follow_count":277,"cover_image_phone":"https:\/\/tva1.sinaimg.cn\/crop.0.0.640.640.640\/549d0121tw1egm1kjly3jj20hs0hsq4f.jpg","avatar_hd":"https:\/\/ww2.sinaimg.cn\/orj480\/53899d01jw8fcb9qpe7vbj2050050mx8.jpg","like":false,"like_me":false,"badge":{"bind_taobao":1,"dzwbqlx_2016":1,"follow_whitelist_video":1,"hongbao_2018":1}},"reposts_count":19,"comments_count":11,"attitudes_count":0,"pending_approval_count":0,"isLongText":false,"visible":{"type":0,"list_id":0},"more_info_type":0,"content_auth":0,"edit_config":{"edited":false},"mblogtype":0,"bid":"ykGAJkXsQ","pics":[{"pid":"53899d01gw1dt9nv2ptc4j","url":"https:\/\/ww2.sinaimg.cn\/orj360\/53899d01gw1dt9nv2ptc4j.jpg","size":"orj360","geo":false,"large":{"size":"large","url":"https:\/\/ww2.sinaimg.cn\/large\/53899d01gw1dt9nv2ptc4j.jpg","geo":false}}]},"show_type":0},{"card_type":9,"itemid":"1076031401527553_-_3449285519976419","scheme":"https:\/\/m.weibo.cn\/status\/ykG8LFRjZ?mblogid=ykG8LFRjZ&luicode=10000011&lfid=1076031401527553","mblog":{"created_at":"2012-05-24","id":"3449285519976419","idstr":"3449285519976419","mid":"3449285519976419","can_edit":false,"text":"\u56de\u590d<a href='https:\/\/m.weibo.cn\/n\/\u91ce\u4e5f\u679c\u9171'>@\u91ce\u4e5f\u679c\u9171<\/a>: \u300a\u4e1c\u65b9\u4e0d\u8d25\u4e4b\u98ce\u4e91\u518d\u8d77 \u300b\uff0c\u6797\u9752\u971e\u548c\u738b\u7956\u8d24\u4e3b\u6f14\uff0c1993\u5e74\u7684\u7247\u5b50\u3002 \/\/<a href='https:\/\/m.weibo.cn\/n\/\u91ce\u4e5f\u679c\u9171'>@\u91ce\u4e5f\u679c\u9171<\/a>:\u4ec0\u4e48\u7535\u5f71\uff1f","source":"\u5fae\u535a weibo.com","favorited":false,"is_paid":false,"mblog_vip_type":0,"user":{"id":1401527553,"screen_name":"tombkeeper","profile_image_url":"https:\/\/tva2.sinaimg.cn\/crop.0.0.180.180.180\/53899d01jw8fcb9qpe7vbj2050050mx8.jpg","profile_url":"https:\/\/m.weibo.cn\/u\/1401527553?uid=1401527553&luicode=10000011&lfid=1076031401527553","statuses_count":15425,"verified":true,"verified_type":0,"verified_type_ext":1,"verified_reason":"\u77e5\u540d\u4e92\u8054\u7f51\u8d44\u8baf\u535a\u4e3b","close_blue_v":false,"description":"\u5fae\u535a\u672c\u5730\u8d44\u8baf\u535a\u4e3b\uff08\u521a\u679c\u5e03\u62c9\u67f4\u7ef4\u5c14\uff09","gender":"m","mbtype":12,"urank":48,"mbrank":6,"follow_me":false,"following":false,"followers_count":192533,"follow_count":277,"cover_image_phone":"https:\/\/tva1.sinaimg.cn\/crop.0.0.640.640.640\/549d0121tw1egm1kjly3jj20hs0hsq4f.jpg","avatar_hd":"https:\/\/ww2.sinaimg.cn\/orj480\/53899d01jw8fcb9qpe7vbj2050050mx8.jpg","like":false,"like_me":false,"badge":{"bind_taobao":1,"dzwbqlx_2016":1,"follow_whitelist_video":1,"hongbao_2018":1}},"retweeted_status":{"created_at":"2012-05-24","id":"3449263209796576","idstr":"3449263209796576","mid":"3449263209796576","can_edit":false,"text":"\u4ee5\u795e\u529f\u6297\u79d1\u5b66\uff0c\u5f53\u5e74\u4e49\u548c\u56e2\u5e72\u8fc7\uff0c\u6ca1\u5e72\u6210\u3002\u5728\u90a3\u90e8\u7535\u5f71\u4e2d\uff0c\u5bfc\u6f14\u8ba9\u8fd9\u4e00\u53e4\u8001\u68a6\u60f3\u6210\u529f\u4e86\u3002\u56de\u5230\u73b0\u5b9e\uff0c\u5219\u6700\u597d\u6b62\u4e8e\u68a6\u60f3\uff0c\u5207\u52ff\u5f53\u771f\u3002 \u200b\u200b\u200b","source":"\u5fae\u535a weibo.com","favorited":false,"thumbnail_pic":"http:\/\/ww3.sinaimg.cn\/thumbnail\/53899d01jw1dt9ja14hf5j.jpg","bmiddle_pic":"http:\/\/ww3.sinaimg.cn\/bmiddle\/53899d01jw1dt9ja14hf5j.jpg","original_pic":"http:\/\/ww3.sinaimg.cn\/large\/53899d01jw1dt9ja14hf5j.jpg","is_paid":false,"mblog_vip_type":0,"user":{"id":1401527553,"screen_name":"tombkeeper","profile_image_url":"https:\/\/tva2.sinaimg.cn\/crop.0.0.180.180.180\/53899d01jw8fcb9qpe7vbj2050050mx8.jpg","profile_url":"https:\/\/m.weibo.cn\/u\/1401527553?uid=1401527553&luicode=10000011&lfid=1076031401527553","statuses_count":15425,"verified":true,"verified_type":0,"verified_type_ext":1,"verified_reason":"\u77e5\u540d\u4e92\u8054\u7f51\u8d44\u8baf\u535a\u4e3b","close_blue_v":false,"description":"\u5fae\u535a\u672c\u5730\u8d44\u8baf\u535a\u4e3b\uff08\u521a\u679c\u5e03\u62c9\u67f4\u7ef4\u5c14\uff09","gender":"m","mbtype":12,"urank":48,"mbrank":6,"follow_me":false,"following":false,"followers_count":192533,"follow_count":277,"cover_image_phone":"https:\/\/tva1.sinaimg.cn\/crop.0.0.640.640.640\/549d0121tw1egm1kjly3jj20hs0hsq4f.jpg","avatar_hd":"https:\/\/ww2.sinaimg.cn\/orj480\/53899d01jw8fcb9qpe7vbj2050050mx8.jpg","like":false,"like_me":false,"badge":{"bind_taobao":1,"dzwbqlx_2016":1,"follow_whitelist_video":1,"hongbao_2018":1}},"reposts_count":11,"comments_count":9,"attitudes_count":1,"pending_approval_count":0,"isLongText":false,"visible":{"type":0,"list_id":0},"more_info_type":0,"content_auth":0,"edit_config":{"edited":false},"bid":"ykFyMF6xi","pics":[{"pid":"53899d01jw1dt9ja14hf5j","url":"https:\/\/ww3.sinaimg.cn\/orj360\/53899d01jw1dt9ja14hf5j.jpg","size":"orj360","geo":false,"large":{"size":"large","url":"https:\/\/ww3.sinaimg.cn\/large\/53899d01jw1dt9ja14hf5j.jpg","geo":false}}]},"reposts_count":5,"comments_count":0,"attitudes_count":0,"pending_approval_count":0,"isLongText":false,"visible":{"type":0,"list_id":0},"more_info_type":0,"content_auth":0,"edit_config":{"edited":false},"mblogtype":0,"obj_ext":"","raw_text":"\u56de\u590d@\u91ce\u4e5f\u679c\u9171: \u300a\u4e1c\u65b9\u4e0d\u8d25\u4e4b\u98ce\u4e91\u518d\u8d77 \u300b\uff0c\u6797\u9752\u971e\u548c\u738b\u7956\u8d24\u4e3b\u6f14\uff0c1993\u5e74\u7684\u7247\u5b50\u3002 \/\/@\u91ce\u4e5f\u679c\u9171:\u4ec0\u4e48\u7535\u5f71\uff1f","bid":"ykG8LFRjZ"},"show_type":0},{"card_type":9,"itemid":"1076031401527553_-_3449263209796576","scheme":"https:\/\/m.weibo.cn\/status\/ykFyMF6xi?mblogid=ykFyMF6xi&luicode=10000011&lfid=1076031401527553","mblog":{"created_at":"2012-05-24","id":"3449263209796576","idstr":"3449263209796576","mid":"3449263209796576","can_edit":false,"text":"\u4ee5\u795e\u529f\u6297\u79d1\u5b66\uff0c\u5f53\u5e74\u4e49\u548c\u56e2\u5e72\u8fc7\uff0c\u6ca1\u5e72\u6210\u3002\u5728\u90a3\u90e8\u7535\u5f71\u4e2d\uff0c\u5bfc\u6f14\u8ba9\u8fd9\u4e00\u53e4\u8001\u68a6\u60f3\u6210\u529f\u4e86\u3002\u56de\u5230\u73b0\u5b9e\uff0c\u5219\u6700\u597d\u6b62\u4e8e\u68a6\u60f3\uff0c\u5207\u52ff\u5f53\u771f\u3002 \u200b\u200b\u200b","source":"\u5fae\u535a weibo.com","favorited":false,"thumbnail_pic":"http:\/\/ww3.sinaimg.cn\/thumbnail\/53899d01jw1dt9ja14hf5j.jpg","bmiddle_pic":"http:\/\/ww3.sinaimg.cn\/bmiddle\/53899d01jw1dt9ja14hf5j.jpg","original_pic":"http:\/\/ww3.sinaimg.cn\/large\/53899d01jw1dt9ja14hf5j.jpg","is_paid":false,"mblog_vip_type":0,"user":{"id":1401527553,"screen_name":"tombkeeper","profile_image_url":"https:\/\/tva2.sinaimg.cn\/crop.0.0.180.180.180\/53899d01jw8fcb9qpe7vbj2050050mx8.jpg","profile_url":"https:\/\/m.weibo.cn\/u\/1401527553?uid=1401527553&luicode=10000011&lfid=1076031401527553","statuses_count":15425,"verified":true,"verified_type":0,"verified_type_ext":1,"verified_reason":"\u77e5\u540d\u4e92\u8054\u7f51\u8d44\u8baf\u535a\u4e3b","close_blue_v":false,"description":"\u5fae\u535a\u672c\u5730\u8d44\u8baf\u535a\u4e3b\uff08\u521a\u679c\u5e03\u62c9\u67f4\u7ef4\u5c14\uff09","gender":"m","mbtype":12,"urank":48,"mbrank":6,"follow_me":false,"following":false,"followers_count":192533,"follow_count":277,"cover_image_phone":"https:\/\/tva1.sinaimg.cn\/crop.0.0.640.640.640\/549d0121tw1egm1kjly3jj20hs0hsq4f.jpg","avatar_hd":"https:\/\/ww2.sinaimg.cn\/orj480\/53899d01jw8fcb9qpe7vbj2050050mx8.jpg","like":false,"like_me":false,"badge":{"bind_taobao":1,"dzwbqlx_2016":1,"follow_whitelist_video":1,"hongbao_2018":1}},"reposts_count":11,"comments_count":9,"attitudes_count":1,"pending_approval_count":0,"isLongText":false,"visible":{"type":0,"list_id":0},"more_info_type":0,"content_auth":0,"edit_config":{"edited":false},"mblogtype":0,"bid":"ykFyMF6xi","pics":[{"pid":"53899d01jw1dt9ja14hf5j","url":"https:\/\/ww3.sinaimg.cn\/orj360\/53899d01jw1dt9ja14hf5j.jpg","size":"orj360","geo":false,"large":{"size":"large","url":"https:\/\/ww3.sinaimg.cn\/large\/53899d01jw1dt9ja14hf5j.jpg","geo":false}}]},"show_type":0}],"showAppTips":0,"scheme":"sinaweibo:\/\/cardlist?containerid=1076031401527553&extparam=&luicode=10000011&lfid=&featurecode="}}