{"ok":1,"data":{"cardlistInfo":{"containerid":"1076031401527553","v_p":42,"show_style":1,"total":15518,"page":50},"cards":[{"card_type":9,"itemid":"1076031401527553_-_3449239373805769","scheme":"https:\/\/m.weibo.cn\/status\/ykEWlfY3n?mblogid=ykEWlfY3n&luicode=10000011&lfid=1076031401527553","mblog":{"created_at":"2012-05-24","id":"3449239373805769","idstr":"3449239373805769","mid":"3449239373805769","can_edit":false,"text":"\u4ee5\u524d\u770b\u8fc7\uff0c\u5f53\u65f6\u67e5\u4e86\u4e00\u4e0b\u51fa\u5904\uff1a\u6587\u7ae0\u7531\u201c\u96ea\u8389\u201d\u535a\u58eb\u53e3\u8ff0\uff0c\u201c\u90ed\u83b9\u201d\u535a\u58eb\u6267\u7b14\u3002\u6240\u4ee5\u6211\u89c9\u672a\u5fc5\u5230\u5565\u5565\u4e3b\u4e49\u90a3\u5c42\u9762[\u5475\u5475]\u3002 \/\/<a href='https:\/\/m.weibo.cn\/n\/\u5b9d\u4e2d\u5802'>@\u5b9d\u4e2d\u5802<\/a>: \u2026\u2026\u8fd9\u4e2a\u6587\u7ae0\u5c31\u662f\u9884\u8bbe\u4e86\u7f8e\u56fd\u4eba\u6709\u8d44\u683c\u6311\u9009\u5230\u6700\u6f02\u4eae\u7684\u5973\u5b69\u4f46\u53ea\u9009\u62e9\u4e0d\u6f02\u4eae\u7684\uff0c\u5728\u8fd9\u4e2a\u865a\u6784\u7684\u57fa\u7840\u4e0a\u5927\u53d1\u611f\u6168\uff0c\u4e0d\u662f\u9006\u5411\u6c11\u65cf\u4e3b\u4e49\u662f\u4ec0\u4e48\uff1f","source":"\u5fae\u535a weibo.com","favorited":false,"is_paid":false,"mblog_vip_type":0,"user":{"id":1401527553,"screen_name":"tombkeeper","profile_image_url":"https:\/\/tva2.sinaimg.cn\/crop.0.0.180.180.180\/53899d01jw8fcb9qpe7vbj2050050mx8.jpg","profile_url":"https:\/\/m.weibo.cn\/u\/1401527553?uid=1401527553&luicode=10000011&lfid=1076031401527553","statuses_count":15425,"verified":true,"verified_type":0,"verified_type_ext":1,"verified_reason":"\u77e5\u540d\u4e92\u8054\u7f51\u8d44\u8baf\u535a\u4e3b","close_blue_v":false,"description":"\u5fae\u535a\u672c\u5730\u8d44\u8baf\u535a\u4e3b\uff08\u521a\u679c\u5e03\u62c9\u67f4\u7ef4\u5c14\uff09","gender":"m","mbtype":12,"urank":48,"mbrank":6,"follow_me":false,"following":false,"followers_count":192533,"follow_count":277,"cover_image_phone":"https:\/\/tva1.sinaimg.cn\/crop.0.0.640.640.640\/549d0121tw1egm1kjly3jj20hs0hsq4f.jpg","avatar_hd":"https:\/\/ww2.sinaimg.cn\/orj480\/53899d01jw8fcb9qpe7vbj2050050mx8.jpg","like":false,"like_me":false,"badge":{"bind_taobao":1,"dzwbqlx_2016":1,"follow_whitelist_video":1,"hongbao_2018":1}},"pid":3449231908263234,"retweeted_status":{"created_at":"2012-05-22","id":"3448519438635691","idstr":"3448519438635691","mid":"3448519438635691","can_edit":false,"text":"\u3010\u4e3a\u4ec0\u4e48\u7f8e\u56fd\u4eba\u5a36\u7684\u4e2d\u56fd\u592a\u592a\u591a\u6570\u4e0d\u6f02\u4eae\uff1f\u3011\u8bf4\u5f97\u771f\u7684\u597d\uff01\u2764\uff5e<a href='https:\/\/m.weibo.cn\/n\/\u53ef\u7231\u5973\u4eba\u534f\u4f1a'>@\u53ef\u7231\u5973\u4eba\u534f\u4f1a<\/a> \u200b\u200b\u200b","source":"\u76ae\u76ae\u65f6\u5149\u673a","favorited":false,"thumbnail_pic":"http:\/\/ww2.sinaimg.cn\/thumbnail\/69845beajw1dt763iw1ikj.jpg","bmiddle_pic":"http:\/\/ww2.sinaimg.cn\/bmiddle\/69845beajw1dt763iw1ikj.jpg","original_pic":"http:\/\/ww2.sinaimg.cn\/large\/69845beajw1dt763iw1ikj.jpg","is_paid":false,"mblog_vip_type":0,"user":{"id":1770281962,"screen_name":"BUY\u5bb6\u8054\u76df","profile_image_url":"https:\/\/tva2.sinaimg.cn\/crop.0.0.180.180.180\/69845beajw1e8qgp5bmzyj2050050aa8.jpg","profile_url":"https:\/\/m.weibo.cn\/u\/1770281962?uid=1770281962&luicode=10000011&lfid=1076031401527553","statuses_count":19140,"verified":false,"verified_type":-1,"close_blue_v":false,"description":"\u548c\u59d0\u59b9\u4eec\u4e00\u8d77\u5206\u4eab\u6240\u6709\u7f8e\u7684\u4e8b\u7269\uff0c\u6b22\u8fce\u5173\u6ce8\uff0c\u6709\u4e8b\u8bf7\u79c1\u4fe1\uff0c\u8c22\u8c22\u5927\u5bb6\u652f\u6301\u3002(\u56fe\u7247\u5747\u6765\u81ea\u7f51\u7edc)","gender":"f","mbtype":2,"urank":9,"mbrank":4,"follow_me":false,"following":false,"followers_count":268454,"follow_count":55,"cover_image_phone":"https:\/\/tva1.sinaimg.cn\/crop.0.0.640.640.640\/549d0121tw1egm1kjly3jj20hs0hsq4f.jpg","avatar_hd":"https:\/\/ww2.sinaimg.cn\/orj480\/69845beajw1e8qgp5bmzyj2050050aa8.jpg","like":false,"like_me":false},"reposts_count":1404,"comments_count":222,"attitudes_count":3,"pending_approval_count":0,"isLongText":false,"visible":{"type":0,"list_id":0},"more_info_type":0,"content_auth":0,"edit_config":{"edited":false},"bid":"ykmd9Aexl","pics":[{"pid":"69845beajw1dt763iw1ikj","url":"https:\/\/ww2.sinaimg.cn\/orj360\/69845beajw1dt763iw1ikj.jpg","size":"orj360","geo":false,"large":{"size":"large","url":"https:\/\/ww2.sinaimg.cn\/large\/69845beajw1dt763iw1ikj.jpg","geo":false}}]},"reposts_count":7,"comments_count":6,"attitudes_count":0,"pending_approval_count":0,"isLongText":false,"visible":{"type":0,"list_id":0},"more_info_type":0,"content_auth":0,"edit_config":{"edited":false},"mblogtype":0,"obj_ext":"","raw_text":"\u4ee5\u524d\u770b\u8fc7\uff0c\u5f53\u65f6\u67e5\u4e86\u4e00\u4e0b\u51fa\u5904\uff1a\u6587\u7ae0\u7531\u201c\u96ea\u8389\u201d\u535a\u58eb\u53e3\u8ff0\uff0c\u201c\u90ed\u83b9\u201d\u535a\u58eb\u6267\u7b14\u3002\u6240\u4ee5\u6211\u89c9\u672a\u5fc5\u5230\u5565\u5565\u4e3b\u4e49\u90a3\u5c42\u9762[\u5475\u5475]\u3002 \/\/@\u5b9d\u4e2d\u5802: \u2026\u2026\u8fd9\u4e2a\u6587\u7ae0\u5c31\u662f\u9884\u8bbe\u4e86\u7f8e\u56fd\u4eba\u6709\u8d44\u683c\u6311\u9009\u5230\u6700\u6f02\u4eae\u7684\u5973\u5b69\u4f46\u53ea\u9009\u62e9\u4e0d\u6f02\u4eae\u7684\uff0c\u5728\u8fd9\u4e2a\u865a\u6784\u7684\u57fa\u7840\u4e0a\u5927\u53d1\u611f\u6168\uff0c\u4e0d\u662f\u9006\u5411\u6c11\u65cf\u4e3b\u4e49\u662f\u4ec0\u4e48\uff1f","bid":"ykEWlfY3n"},"show_type":0},{"card_type":9,"itemid":"1076031401527553_-_3449206452596027","scheme":"https:\/\/m.weibo.cn\/status\/ykE5faTlp?mblogid=ykE5faTlp&luicode=10000011&lfid=1076031401527553","mblog":{"created_at":"2012-05-24","id":"3449206452596027","idstr":"3449206452596027","mid":"3449206452596027","can_edit":false,"text":"\u8fd9\u4e2a\u6c34\u57f9\u65b9\u6848\u7a7a\u95f4\u5229\u7528\u7387\u9ad8\uff0c\u5efa\u9020\u6210\u672c\u4f4e\u3002\u7ed9\u9633\u53f0\u79cd\u83dc\u7684<a href='https:\/\/m.weibo.cn\/n\/glacier'>@glacier<\/a> <a href='https:\/\/m.weibo.cn\/n\/wollf'>@wollf<\/a> <a href='https:\/\/m.weibo.cn\/n\/coolc'>@coolc<\/a> \u53c2\u8003\u3002 \u200b\u200b\u200b","source":"\u5fae\u535a weibo.com","favorited":false,"thumbnail_pic":"http:\/\/ww3.sinaimg.cn\/thumbnail\/53899d01jw1dt9czmyuwvj.jpg","bmiddle_pic":"http:\/\/ww3.sinaimg.cn\/bmiddle\/53899d01jw1dt9czmyuwvj.jpg","original_pic":"http:\/\/ww3.sinaimg.cn\/large\/53899d01jw1dt9czmyuwvj.jpg","is_paid":false,"mblog_vip_type":0,"user":{"id":1401527553,"screen_name":"tombkeeper","profile_image_url":"https:\/\/tva2.sinaimg.cn\/crop.0.0.180.180.180\/53899d01jw8fcb9qpe7vbj2050050mx8.jpg","profile_url":"https:\/\/m.weibo.cn\/u\/1401527553?uid=1401527553&luicode=10000011&lfid=1076031401527553","statuses_count":15425,"verified":true,"verified_type":0,"verified_type_ext":1,"verified_reason":"\u77e5\u540d\u4e92\u8054\u7f51\u8d44\u8baf\u535a\u4e3b","close_blue_v":false,"description":"\u5fae\u535a\u672c\u5730\u8d44\u8baf\u535a\u4e3b\uff08\u521a\u679c\u5e03\u62c9\u67f4\u7ef4\u5c14\uff09","gender":"m","mbtype":12,"urank":48,"mbrank":6,"follow_me":false,"following":false,"followers_count":192533,"follow_count":277,"cover_image_phone":"https:\/\/tva1.sinaimg.cn\/crop.0.0.640.640.640\/549d0121tw1egm1kjly3jj20hs0hsq4f.jpg","avatar_hd":"https:\/\/ww2.sinaimg.cn\/orj480\/53899d01jw8fcb9qpe7vbj2050050mx8.jpg","like":false,"like_me":false,"badge":{"bind_taobao":1,"dzwbqlx_2016":1,"follow_whitelist_video":1,"hongbao_2018":1}},"reposts_count":48,"comments_count":13,"attitudes_count":0,"pending_approval_count":0,"isLongText":false,"visible":{"type":0,"list_id":0},"more_info_type":0,"content_auth":0,"edit_config":{"edited":false},"mblogtype":0,"bid":"ykE5faTlp","pics":[{"pid":"53899d01jw1dt9czmyuwvj","url":"https:\/\/ww3.sinaimg.cn\/orj360\/53899d01jw1dt9czmyuwvj.jpg","size":"orj360","geo":false,"large":{"size":"large","url":"https:\/\/ww3.sinaimg.cn\/large\/53899d01jw1dt9czmyuwvj.jpg","geo":false}}]},"show_type":0},{"card_type":9,"itemid":"1076031401527553_-_3449180301027865","scheme":"https:\/\/m.weibo.cn\/status\/ykDp44jot?mblogid=ykDp44jot&luicode=10000011&lfid=1076031401527553","mblog":{"created_at":"2012-05-24","id":"3449180301027865","idstr":"3449180301027865","mid":"3449180301027865","can_edit":false,"text":"\u5176\u5b9e\u6211\u5f88\u613f\u610f\u76f8\u4fe1\u7c7b\u4f3c5\u670810\u65e5\u90a3\u6761\u5de6\u53f3\u811a\u4e0d\u5206\u7684\u5fae\u535a\uff08<a data-url=\"http:\/\/t.cn\/zO1E30m\" target=\"_blank\" href=\"https:\/\/weibo.cn\/sinaurl\/blocked442c76c7?luicode=10000011&lfid=1076031401527553&u=http%3A%2F%2Fww1.sinaimg.cn%2Fbmiddle%2F6201c867jw1dsu3e4fgknj.jpg&ep=ykDp44jot%252C1401527553%252CykDhCdGr7%252C1195403385\" class=\"\"><span class=\"url-icon\"><img src=\"\/\/h5.sinaimg.cn\/upload\/2015\/09\/25\/3\/timeline_card_small_web_default.png\"><\/span><\/i><span class=\"surl-text\">\u7f51\u9875\u94fe\u63a5<\/a>\uff09\u90fd\u4e0d\u662f\u81ea\u5df1\u5220\u7684\uff0c\u662f\u67d0\u4e2a\u6709\u5de8\u5927\u52bf\u529b\u7684\u9634\u8c0b\u7ec4\u7ec7\u64cd\u7eb5\u65b0\u6d6a\u5e72\u7684\u3002\u5f53\u7136\uff0c\u5982\u679c\u80fd\u81ea\u8bc1\u8fd9\u4e00\u70b9\u5c31\u66f4\u597d\u4e86\uff0c\u8981\u4e0d\uff0c\u81ea\u8bc1\u4e00\u4e2a\uff1f\u5f53\u7136\uff0c\u201c\u6700\u8fd1\u8fd9\u6bb5\u65f6\u95f4\u201d\u662f\u53ef\u4ee5\u81ea\u5b9a\u4e49\u7684\uff0c\u8b6c\u5982\u5b9a\u4e49\u57285\u670811\u65e5\u4e4b\u540e\u3002","source":"\u5fae\u535a weibo.com","favorited":false,"is_paid":false,"mblog_vip_type":0,"user":{"id":1401527553,"screen_name":"tombkeeper","profile_image_url":"https:\/\/tva2.sinaimg.cn\/crop.0.0.180.180.180\/53899d01jw8fcb9qpe7vbj2050050mx8.jpg","profile_url":"https:\/\/m.weibo.cn\/u\/1401527553?uid=1401527553&luicode=10000011&lfid=1076031401527553","statuses_count":15425,"verified":true,"verified_type":0,"verified_type_ext":1,"verified_reason":"\u77e5\u540d\u4e92\u8054\u7f51\u8d44\u8baf\u535a\u4e3b","close_blue_v":false,"description":"\u5fae\u535a\u672c\u5730\u8d44\u8baf\u535a\u4e3b\uff08\u521a\u679c\u5e03\u62c9\u67f4\u7ef4\u5c14\uff09","gender":"m","mbtype":12,"urank":48,"mbrank":6,"follow_me":false,"following":false,"followers_count":192533,"follow_count":277,"cover_image_phone":"https:\/\/tva1.sinaimg.cn\/crop.0.0.640.640.640\/549d0121tw1egm1kjly3jj20hs0hsq4f.jpg","avatar_hd":"https:\/\/ww2.sinaimg.cn\/orj480\/53899d01jw8fcb9qpe7vbj2050050mx8.jpg","like":false,"like_me":false,"badge":{"bind_taobao":1,"dzwbqlx_2016":1,"follow_whitelist_video":1,"hongbao_2018":1}},"retweeted_status":{"created_at":"2012-05-24","id":"3449175683261393","idstr":"3449175683261393","mid":"3449175683261393","can_edit":false,"text":"\u6700\u8fd1\u8fd9\u6bb5\u65f6\u95f4\u6211\u5e76\u6ca1\u6709\u5220\u8fc7\u5fae\u535a\uff0c\u5012\u662f\u88ab\u5c4f\u853d\u8fc7\u597d\u51e0\u6761\u5fae\u535a\uff0c\u4e00\u4e9b\u5fae\u535a\u88ab\u6211\u8f6c\u53d1\u540e\u4e5f\u5bfc\u81f4\u539f\u5fae\u535a\u88ab\u5220\u9664\u751a\u81f3\u53d1\u5fae\u535a\u7684\u4eba\u53d7\u5230\u5904\u7f5a\u3002\u4e00\u8fb9\u5c4f\u853d\u6211\u7684\u5fae\u535a\uff0c\u4e00\u8fb9\u8ba9\u8425\u9500\u5e10\u53f7\u9020\u8c23\u8bf4\u6211\u201c\u5220\u9664\u9020\u8c23\u5fae\u535a\u201d\uff0c\u8fd9\u79cd\u505a\u6cd5\u5f88\u4e0b\u4f5c\u3002 \u200b\u200b\u200b","source":"\u5fae\u535a weibo.com","favorited":false,"is_paid":false,"mblog_vip_type":0,"user":{"id":1195403385,"screen_name":"\u65b9\u821f\u5b50","profile_image_url":"https:\/\/tva2.sinaimg.cn\/crop.0.0.180.180.180\/47406879jw1e8qgp5bmzyj2050050aa8.jpg","profile_url":"https:\/\/m.weibo.cn\/u\/1195403385?uid=1195403385&luicode=10000011&lfid=1076031401527553","statuses_count":11700,"verified":true,"verified_type":0,"verified_type_ext":0,"verified_reason":"\u5b66\u8005\u3001\u79d1\u666e\u4f5c\u5bb6","close_blue_v":false,"description":"\u63e1\u7d27\u6211\u7684\u624b \/ \u8ba9\u6211\u7684\u56fe\u817e\u70d9\u5728\u4f60\u7684\u624b\u4e0a \/ \u8bf7\u4f20\u9012\u8fd9\u4e00\u628a\u706b\u3000\u76f4\u5230 \/ \u767e\u5e74\u4e4b\u540e\u3000\u6211\u6240\u6709\u7edd\u671b\u7684\u5636\u53eb\u51dd\u56fa","gender":"m","mbtype":2,"urank":24,"mbrank":2,"follow_me":false,"following":false,"followers_count":4755905,"follow_count":25,"cover_image_phone":"https:\/\/tva1.sinaimg.cn\/crop.0.0.640.640.640\/549d0121tw1egm1kjly3jj20hs0hsq4f.jpg","avatar_hd":"https:\/\/ww2.sinaimg.cn\/orj480\/47406879jw1e8qgp5bmzyj2050050aa8.jpg","like":false,"like_me":false},"reposts_count":660,"comments_count":2294,"attitudes_count":1,"pending_approval_count":0,"isLongText":false,"visible":{"type":0,"list_id":0},"more_info_type":0,"content_auth":0,"edit_config":{"edited":false},"bid":"ykDhCdGr7"},"reposts_count":11,"comments_count":14,"attitudes_count":0,"pending_approval_count":0,"isLongText":false,"visible":{"type":0,"list_id":0},"more_info_type":0,"content_auth":0,"edit_config":{"edited":false},"mblogtype":0,"obj_ext":"","raw_text":"\u5176\u5b9e\u6211\u5f88\u613f\u610f\u76f8\u4fe1\u7c7b\u4f3c5\u670810\u65e5\u90a3\u6761\u5de6\u53f3\u811a\u4e0d\u5206\u7684\u5fae\u535a\uff08http:\/\/t.cn\/zO1E30m\uff09\u90fd\u4e0d\u662f\u81ea\u5df1\u5220\u7684\uff0c\u662f\u67d0\u4e2a\u6709\u5de8\u5927\u52bf\u529b\u7684\u9634\u8c0b\u7ec4\u7ec7\u64cd\u7eb5\u65b0\u6d6a\u5e72\u7684\u3002\u5f53\u7136\uff0c\u5982\u679c\u80fd\u81ea\u8bc1\u8fd9\u4e00\u70b9\u5c31\u66f4\u597d\u4e86\uff0c\u8981\u4e0d\uff0c\u81ea\u8bc1\u4e00\u4e2a\uff1f\u5f53\u7136\uff0c\u201c\u6700\u8fd1\u8fd9\u6bb5\u65f6\u95f4\u201d\u662f\u53ef\u4ee5\u81ea\u5b9a\u4e49\u7684\uff0c\u8b6c\u5982\u5b9a\u4e49\u57285\u670811\u65e5\u4e4b\u540e\u3002","bid":"ykDp44jot"},"show_type":0},{"card_type":9,"itemid":"1076031401527553_-_3449170817593834","scheme":"https:\/\/m.weibo.cn\/status\/ykD9LvRvc?mblogid=ykD9LvRvc&luicode=10000011&lfid=1076031401527553","mblog":{"created_at":"2012-05-24","id":"3449170817593834","idstr":"3449170817593834","mid":"3449170817593834","can_edit":false,"text":"\u5982\u679c\u4f60\u89c9\u5f97\u4ec0\u4e48\u90fd\u4e0d\u5173\u4f60\u4e8b\uff0c\u603b\u6709\u4e00\u5929\uff0c\u8fde\u6253\u9171\u6cb9\u4e5f\u4f1a\u53d8\u5f97\u5f88\u5371\u9669\uff1a\u4f5b\u5c71\u67d0\u5927\u578b\u8c03\u5473\u516c\u53f8\u7528\u5de5\u4e1a\u76d0\u917f\u9171\u6cb9 <a data-url=\"http:\/\/t.cn\/zO1jaIU\" href=\"http:\/\/news.gd.sina.com.cn\/news\/20120524\/1298726.html?luicode=10000011&lfid=1076031401527553&ep=ykD9LvRvc%252C1401527553%252CykD9LvRvc%252C1401527553\" data-hide=\"\"><span class=\"url-icon\"><img src=\"\/\/h5.sinaimg.cn\/upload\/2015\/09\/25\/3\/timeline_card_small_web_default.png\"><\/span><\/i><span class=\"surl-text\">\u7f51\u9875\u94fe\u63a5<\/a>\u3002\u6df1\u5733\u90a3\u8fb9\u7684\u670b\u53cb\u8fde\u9171\u6cb9\u90fd\u53bb\u9999\u6e2f\u4e70\uff0c\u6211\u4e00\u5f00\u59cb\u89c9\u5f97\u6709\u70b9\u5938\u5f20\uff0c\u73b0\u5728\u7406\u89e3\u4e86\u3002 \u200b\u200b\u200b","source":"\u5fae\u535a weibo.com","favorited":false,"thumbnail_pic":"http:\/\/ww3.sinaimg.cn\/thumbnail\/53899d01jw1dt98wfa93fj.jpg","bmiddle_pic":"http:\/\/ww3.sinaimg.cn\/bmiddle\/53899d01jw1dt98wfa93fj.jpg","original_pic":"http:\/\/ww3.sinaimg.cn\/large\/53899d01jw1dt98wfa93fj.jpg","is_paid":false,"mblog_vip_type":0,"user":{"id":1401527553,"screen_name":"tombkeeper","profile_image_url":"https:\/\/tva2.sinaimg.cn\/crop.0.0.180.180.180\/53899d01jw8fcb9qpe7vbj2050050mx8.jpg","profile_url":"https:\/\/m.weibo.cn\/u\/1401527553?uid=1401527553&luicode=10000011&lfid=1076031401527553","statuses_count":15425,"verified":true,"verified_type":0,"verified_type_ext":1,"verified_reason":"\u77e5\u540d\u4e92\u8054\u7f51\u8d44\u8baf\u535a\u4e3b","close_blue_v":false,"description":"\u5fae\u535a\u672c\u5730\u8d44\u8baf\u535a\u4e3b\uff08\u521a\u679c\u5e03\u62c9\u67f4\u7ef4\u5c14\uff09","gender":"m","mbtype":12,"urank":48,"mbrank":6,"follow_me":false,"following":false,"followers_count":192533,"follow_count":277,"cover_image_phone":"https:\/\/tva1.sinaimg.cn\/crop.0.0.640.640.640\/549d0121tw1egm1kjly3jj20hs0hsq4f.jpg","avatar_hd":"https:\/\/ww2.sinaimg.cn\/orj480\/53899d01jw8fcb9qpe7vbj2050050mx8.jpg","like":false,"like_me":false,"badge":{"bind_taobao":1,"dzwbqlx_2016":1,"follow_whitelist_video":1,"hongbao_2018":1}},"reposts_count":33,"comments_count":12,"attitudes_count":0,"pending_approval_count":0,"isLongText":false,"visible":{"type":0,"list_id":0},"more_info_type":0,"content_auth":0,"edit_config":{"edited":false},"mblogtype":0,"bid":"ykD9LvRvc","pics":[{"pid":"53899d01jw1dt98wfa93fj","url":"https:\/\/ww3.sinaimg.cn\/orj360\/53899d01jw1dt98wfa93fj.jpg","size":"orj360","geo":false,"large":{"size":"large","url":"https:\/\/ww3.sinaimg.cn\/large\/53899d01jw1dt98wfa93fj.jpg","geo":false}}]},"show_type":0},{"card_type":9,"itemid":"1076031401527553_-_3449146721441766","scheme":"https:\/\/m.weibo.cn\/status\/ykCwU634i?mblogid=ykCwU634i&luicode=10000011&lfid=1076031401527553","mblog":{"created_at":"2012-05-24","id":"3449146721441766","idstr":"3449146721441766","mid":"3449146721441766","can_edit":false,"text":"\u5355\u6392\u5f39\u5b50\u9501\u3001\u53cc\u4fa7\u53cc\u6392\u5f39\u5b50\u9501\u3001\u5341\u5b57\u9501\uff0c10\u79d2\u949f\u3002\u5355\u4fa7\u53cc\u6392\u5f39\u5b50\u9501\uff0c1\u5206\u949f\u3002\u5355\u4fa7\u53cc\u6392\u52a0\u4e0a\u4e0b\u53cc\u6392\u51f9\u5751\uff0c\u6216\u8005\u9644\u52a0\u86c7\u5f62\u69fd\u7b49\u5176\u5b83\u9632\u62e8\u624b\u6bb5\u7684\uff0c\u76f8\u5bf9\u53ef\u9760\u70b9\u3002\u5982\u679c\u641e\u4e0d\u6e05\u695a\u8fd9\u4e9b\uff0c\u5c31\u5c3d\u91cf\u4e70\u8d35\u7684\u3002","source":"\u5fae\u535a weibo.com","favorited":false,"is_paid":false,"mblog_vip_type":0,"user":{"id":1401527553,"screen_name":"tombkeeper","profile_image_url":"https:\/\/tva2.sinaimg.cn\/crop.0.0.180.180.180\/53899d01jw8fcb9qpe7vbj2050050mx8.jpg","profile_url":"https:\/\/m.weibo.cn\/u\/1401527553?uid=1401527553&luicode=10000011&lfid=1076031401527553","statuses_count":15425,"verified":true,"verified_type":0,"verified_type_ext":1,"verified_reason":"\u77e5\u540d\u4e92\u8054\u7f51\u8d44\u8baf\u535a\u4e3b","close_blue_v":false,"description":"\u5fae\u535a\u672c\u5730\u8d44\u8baf\u535a\u4e3b\uff08\u521a\u679c\u5e03\u62c9\u67f4\u7ef4\u5c14\uff09","gender":"m","mbtype":12,"urank":48,"mbrank":6,"follow_me":false,"following":false,"followers_count":192533,"follow_count":277,"cover_image_phone":"https:\/\/tva1.sinaimg.cn\/crop.0.0.640.640.640\/549d0121tw1egm1kjly3jj20hs0hsq4f.jpg","avatar_hd":"https:\/\/ww2.sinaimg.cn\/orj480\/53899d01jw8fcb9qpe7vbj2050050mx8.jpg","like":false,"like_me":false,"badge":{"bind_taobao":1,"dzwbqlx_2016":1,"follow_whitelist_video":1,"hongbao_2018":1}},"retweeted_status":{"created_at":"2012-05-24","id":"3449143248341285","idstr":"3449143248341285","mid":"3449143248341285","can_edit":false,"text":"\u9632\u76d7\u9884\u8b66\u3002\u65e9\u4e0a\u542c\u540c\u4e8b\u8bf4\uff0c\u5979\u5728\u5927\u5c71\u5b50\u7684\u5bb6\u6628\u5929\u88ab\u4eba\u5165\u5ba4\u76d7\u7a83\uff0c\u95e8\u7a97\u5b8c\u597d\u65e0\u635f\uff0c\u4f46\u672c\u6765\u53cd\u9501\u7684\u95e8\u5374\u4e00\u63a8\u5c31\u5f00\uff0c\u660e\u663e\u662f\u64ac\u9501\u5165\u5185\u3002\u5bb6\u91cc\u7684\u6212\u6307\u624b\u673a\u7b14\u8bb0\u672cIpad\u5355\u53cd\u5168\u6570\u88ab\u76d7\uff0c\u635f\u5931\u60e8\u91cd\u3002\u800c\u4e14\u62a5\u6848\u7684\u65f6\u5019\uff0c\u8b66\u5bdf\u8bf4\u540c\u4e00\u65f6\u95f4\u5728\u9644\u8fd1\u5c0f\u533a\u53d1\u751f\u4e86\u540c\u6837\u624b\u6cd5\u7684\u6848\u4ef6\uff0c\u5927\u5bb6\u5343\u4e07\u8981\u5c0f\u5fc3\u3002 \u200b\u200b\u200b","source":"\u5fae\u535a weibo.com","favorited":false,"is_paid":false,"mblog_vip_type":0,"user":{"id":1444865141,"screen_name":"\u9a6c\u4f2f\u5eb8","profile_image_url":"https:\/\/tvax2.sinaimg.cn\/crop.0.0.1242.1242.180\/561ee475ly8fhlodxi1vjj20yi0yiwh3.jpg","profile_url":"https:\/\/m.weibo.cn\/u\/1444865141?uid=1444865141&luicode=10000011&lfid=1076031401527553","statuses_count":16507,"verified":true,"verified_type":0,"verified_type_ext":1,"verified_reason":"\u4f5c\u5bb6 \u5fae\u535a\u7b7e\u7ea6\u81ea\u5a92\u4f53","close_blue_v":false,"description":"\u6734\u5b9e\u521a\u5065\uff0c\u60c5\u7eea\u591a\u53d8\uff0c\u4e8b\u5c11\u98df\u70e6\uff0c\u4f4e\u8c03\u7231\u73b0\u3002","gender":"m","mbtype":12,"urank":47,"mbrank":6,"follow_me":false,"following":false,"followers_count":3841514,"follow_count":901,"cover_image_phone":"https:\/\/tva1.sinaimg.cn\/crop.0.0.640.640.640\/549d0121tw1egm1kjly3jj20hs0hsq4f.jpg","avatar_hd":"https:\/\/wx2.sinaimg.cn\/orj480\/561ee475ly8fhlodxi1vjj20yi0yiwh3.jpg","like":false,"like_me":false,"badge":{"bind_taobao":1,"self_media":1,"dzwbqlx_2016":1,"follow_whitelist_video":1,"hongbao_2018":1}},"reposts_count":331,"comments_count":105,"attitudes_count":0,"pending_approval_count":0,"isLongText":false,"visible":{"type":0,"list_id":0},"more_info_type":0,"content_auth":0,"edit_config":{"edited":false},"bid":"ykCriyZWR"},"reposts_count":14,"comments_count":9,"attitudes_count":1,"pending_approval_count":0,"isLongText":false,"visible":{"type":0,"list_id":0},"more_info_type":0,"content_auth":0,"edit_config":{"edited":false},"mblogtype":0,"obj_ext":"","raw_text":"\u5355\u6392\u5f39\u5b50\u9501\u3001\u53cc\u4fa7\u53cc\u6392\u5f39\u5b50\u9501\u3001\u5341\u5b57\u9501\uff0c10\u79d2\u949f\u3002\u5355\u4fa7\u53cc\u6392\u5f39\u5b50\u9501\uff0c1\u5206\u949f\u3002\u5355\u4fa7\u53cc\u6392\u52a0\u4e0a\u4e0b\u53cc\u6392\u51f9\u5751\uff0c\u6216\u8005\u9644\u52a0\u86c7\u5f62\u69fd\u7b49\u5176\u5b83\u9632\u62e8\u624b\u6bb5\u7684\uff0c\u76f8\u5bf9\u53ef\u9760\u70b9\u3002\u5982\u679c\u641e\u4e0d\u6e05\u695a\u8fd9\u4e9b\uff0c\u5c31\u5c3d\u91cf\u4e70\u8d35\u7684\u3002","bid":"ykCwU634i"},"show_type":0},{"card_type":9,"itemid":"1076031401527553_-_3449142103249206","scheme":"https:\/\/m.weibo.cn\/status\/ykCpsdDgy?mblogid=ykCpsdDgy&luicode=10000011&lfid=1076031401527553","mblog":{"created_at":"2012-05-24","id":"3449142103249206","idstr":"3449142103249206","mid":"3449142103249206","can_edit":false,"text":"\u6628\u5929\u63a8\u8350\u4e86yahoo\u6587\u9769\u4e13\u9898\uff08<a data-url=\"http:\/\/weibo.com\/1401527553\/ykvR8D2BK\" href=\"http:\/\/weibo.com\/1401527553\/ykvR8D2BK?luicode=10000011&lfid=1076031401527553&ep=ykCpsdDgy%252C1401527553%252CykCpsdDgy%252C1401527553\" data-hide=\"\"><span class=\"url-icon\"><img src=\"\/\/h5.sinaimg.cn\/upload\/2015\/09\/25\/3\/timeline_card_small_web_default.png\"><\/span><\/i><span class=\"surl-text\">\u7f51\u9875\u94fe\u63a5<\/a>\uff09\u3002\u8fd9\u662f\u7f51\u53cb\u5bf9\u6587\u9769\u770b\u6cd5\u7684\u6295\u7968\u7ed3\u679c\u3002 \u200b\u200b\u200b","source":"\u5fae\u535a weibo.com","favorited":false,"thumbnail_pic":"http:\/\/ww2.sinaimg.cn\/thumbnail\/53899d01jw1dt95lxlnzgg.gif","bmiddle_pic":"http:\/\/ww2.sinaimg.cn\/bmiddle\/53899d01jw1dt95lxlnzgg.gif","original_pic":"http:\/\/ww2.sinaimg.cn\/large\/53899d01jw1dt95lxlnzgg.gif","is_paid":false,"mblog_vip_type":0,"user":{"id":1401527553,"screen_name":"tombkeeper","profile_image_url":"https:\/\/tva2.sinaimg.cn\/crop.0.0.180.180.180\/53899d01jw8fcb9qpe7vbj2050050mx8.jpg","profile_url":"https:\/\/m.weibo.cn\/u\/1401527553?uid=1401527553&luicode=10000011&lfid=1076031401527553","statuses_count":15425,"verified":true,"verified_type":0,"verified_type_ext":1,"verified_reason":"\u77e5\u540d\u4e92\u8054\u7f51\u8d44\u8baf\u535a\u4e3b","close_blue_v":false,"description":"\u5fae\u535a\u672c\u5730\u8d44\u8baf\u535a\u4e3b\uff08\u521a\u679c\u5e03\u62c9\u67f4\u7ef4\u5c14\uff09","gender":"m","mbtype":12,"urank":48,"mbrank":6,"follow_me":false,"following":false,"followers_count":192533,"follow_count":277,"cover_image_phone":"https:\/\/tva1.sinaimg.cn\/crop.0.0.640.640.640\/549d0121tw1egm1kjly3jj20hs0hsq4f.jpg","avatar_hd":"https:\/\/ww2.sinaimg.cn\/orj480\/53899d01jw8fcb9qpe7vbj2050050mx8.jpg","like":false,"like_me":false,"badge":{"bind_taobao":1,"dzwbqlx_2016":1,"follow_whitelist_video":1,"hongbao_2018":1}},"reposts_count":1,"comments_count":5,"attitudes_count":0,"pending_approval_count":0,"isLongText":false,"visible":{"type":0,"list_id":0},"more_info_type":0,"content_auth":0,"edit_config":{"edited":false},"mblogtype":0,"bid":"ykCpsdDgy","pics":[{"pid":"53899d01jw1dt95lxlnzgg","url":"https:\/\/ww2.sinaimg.cn\/orj360\/53899d01jw1dt95lxlnzgg.gif","size":"orj360","geo":false,"large":{"size":"large","url":"https:\/\/ww2.sinaimg.cn\/large\/53899d01jw1dt95lxlnzgg.gif","geo":false}}]},"show_type":0},{"card_type":9,"itemid":"1076031401527553_-_3449140203416099","scheme":"https:\/\/m.weibo.cn\/status\/ykCmoekGn?mblogid=ykCmoekGn&luicode=10000011&lfid=1076031401527553","mblog":{"created_at":"2012-05-24","id":"3449140203416099","idstr":"3449140203416099","mid":"3449140203416099","can_edit":false,"text":"\u56de\u590d<a href='https:\/\/m.weibo.cn\/n\/\u6b22\u6b22-nikki'>@\u6b22\u6b22-nikki<\/a>: \u56fd\u5185\u76ee\u524d\u4e3b\u8981\u5dee\u5728\u77e5\u8bc6\u666e\u53ca\u4e0a\u3002\u514d\u8d39HPV\u7b5b\u67e5\u5f88\u591a\u5730\u65b9\u90fd\u5df2\u7ecf\u5f00\u5c55\u4e86\u3002\u4f46\u4e0d\u5c11\u5973\u6027\u5bf9\u6b64\u4e86\u89e3\u4e0d\u591f\uff0c\u6240\u4ee5\u6ca1\u53bb\u505a\u3002\u81f3\u4e8e\u75ab\u82d7\u63a8\u5e7f\uff0c\u8fd9\u6709\u7ecf\u6d4e\u56e0\u7d20\u7684\u9650\u5236\u5728\u91cc\u9762\uff0c\u5c31\u4e0d\u662f\u6307\u65e5\u53ef\u5f85\u7684\u4e86\u3002","source":"\u5fae\u535a weibo.com","favorited":false,"is_paid":false,"mblog_vip_type":0,"user":{"id":1401527553,"screen_name":"tombkeeper","profile_image_url":"https:\/\/tva2.sinaimg.cn\/crop.0.0.180.180.180\/53899d01jw8fcb9qpe7vbj2050050mx8.jpg","profile_url":"https:\/\/m.weibo.cn\/u\/1401527553?uid=1401527553&luicode=10000011&lfid=1076031401527553","statuses_count":15425,"verified":true,"verified_type":0,"verified_type_ext":1,"verified_reason":"\u77e5\u540d\u4e92\u8054\u7f51\u8d44\u8baf\u535a\u4e3b","close_blue_v":false,"description":"\u5fae\u535a\u672c\u5730\u8d44\u8baf\u535a\u4e3b\uff08\u521a\u679c\u5e03\u62c9\u67f4\u7ef4\u5c14\uff09","gender":"m","mbtype":12,"urank":48,"mbrank":6,"follow_me":false,"following":false,"followers_count":192533,"follow_count":277,"cover_image_phone":"https:\/\/tva1.sinaimg.cn\/crop.0.0.640.640.640\/549d0121tw1egm1kjly3jj20hs0hsq4f.jpg","avatar_hd":"https:\/\/ww2.sinaimg.cn\/orj480\/53899d01jw8fcb9qpe7vbj2050050mx8.jpg","like":false,"like_me":false,"badge":{"bind_taobao":1,"dzwbqlx_2016":1,"follow_whitelist_video":1,"hongbao_2018":1}},"retweeted_status":{"created_at":"2012-05-23","id":"3448860175127213","idstr":"3448860175127213","mid":"3448860175127213","can_edit":false,"text":"\u8fd1\u671f\u597d\u51e0\u4e2a\u670b\u53cb\u5411\u6211\u54a8\u8be2HPV\u7684\u4e8b\u3002\u8fd9\u65b9\u9762\u536b\u751f\u5de5\u4f5c\u548c\u77e5\u8bc6\u666e\u53ca\u897f\u65b9\u56fd\u5bb6\u8d77\u6b65\u8f83\u65e9\uff0c\u6709\u4e9b\u5730\u65b9\u5df2\u7ecf\u5f00\u59cb\u63a8\u5e7fHPV\u75ab\u82d7\u3002\u56fd\u5185\u7a0d\u5fae\u5dee\u70b9\uff0c\u5f88\u591a\u5973\u6027\u8fd8\u4e0d\u77e5\u9053HPV\u611f\u67d3\u548c\u5bab\u9888\u764c\u7684\u5bc6\u5207\u5173\u7cfb\u3002\u9644\u56fe\u662f\u4e00\u4efd\u6211\u8ba4\u4e3a\u975e\u5e38\u4e0d\u9519\u7684\u4e2d\u6587FAQ\uff0c\u63a8\u8350\u5973\u6027\u670b\u53cb\u548c\u517b\u95fa\u5973\u7684\u670b\u53cb\u9605\u8bfb\u3002\u539f\u59cb\u7f51\u9875\uff1a<a data-url=\"http:\/\/t.cn\/zO1fivv\" target=\"_blank\" href=\"https:\/\/weibo.cn\/sinaurl\/blockeddeb3dd4e?luicode=10000011&lfid=1076031401527553&u=http%3A%2F%2Fwww.hpv-test.com.cn%2Fabout-hpv%2Fhpv-faqs&ep=ykv4JlvOZ%252C1401527553%252Cykv4JlvOZ%252C1401527553\" class=\"\"><span class=\"url-icon\"><img src=\"\/\/h5.sinaimg.cn\/upload\/2015\/09\/25\/3\/timeline_card_small_web_default.png\"><\/span><\/i><span class=\"surl-text\">\u7f51\u9875\u94fe\u63a5<\/a> \u200b\u200b\u200b","source":"\u5fae\u535a weibo.com","favorited":false,"thumbnail_pic":"http:\/\/ww2.sinaimg.cn\/thumbnail\/53899d01jw1dt898and7rg.gif","bmiddle_pic":"http:\/\/ww2.sinaimg.cn\/bmiddle\/53899d01jw1dt898and7rg.gif","original_pic":"http:\/\/ww2.sinaimg.cn\/large\/53899d01jw1dt898and7rg.gif","is_paid":false,"mblog_vip_type":0,"user":{"id":1401527553,"screen_name":"tombkeeper","profile_image_url":"https:\/\/tva2.sinaimg.cn\/crop.0.0.180.180.180\/53899d01jw8fcb9qpe7vbj2050050mx8.jpg","profile_url":"https:\/\/m.weibo.cn\/u\/1401527553?uid=1401527553&luicode=10000011&lfid=1076031401527553","statuses_count":15425,"verified":true,"verified_type":0,"verified_type_ext":1,"verified_reason":"\u77e5\u540d\u4e92\u8054\u7f51\u8d44\u8baf\u535a\u4e3b","close_blue_v":false,"description":"\u5fae\u535a\u672c\u5730\u8d44\u8baf\u535a\u4e3b\uff08\u521a\u679c\u5e03\u62c9\u67f4\u7ef4\u5c14\uff09","gender":"m","mbtype":12,"urank":48,"mbrank":6,"follow_me":false,"following":false,"followers_count":192533,"follow_count":277,"cover_image_phone":"https:\/\/tva1.sinaimg.cn\/crop.0.0.640.640.640\/549d0121tw1egm1kjly3jj20hs0hsq4f.jpg","avatar_hd":"https:\/\/ww2.sinaimg.cn\/orj480\/53899d01jw8fcb9qpe7vbj2050050mx8.jpg","like":false,"like_me":false,"badge":{"bind_taobao":1,"dzwbqlx_2016":1,"follow_whitelist_video":1,"hongbao_2018":1}},"reposts_count":480,"comments_count":66,"attitudes_count":29,"pending_approval_count":0,"isLongText":false,"visible":{"type":0,"list_id":0},"more_info_type":0,"content_auth":0,"edit_config":{"edited":false},"bid":"ykv4JlvOZ","pics":[{"pid":"53899d01jw1dt898and7rg","url":"https:\/\/ww2.sinaimg.cn\/orj360\/53899d01jw1dt898and7rg.gif","size":"orj360","geo":false,"large":{"size":"large","url":"https:\/\/ww2.sinaimg.cn\/large\/53899d01jw1dt898and7rg.gif","geo":false}}]},"reposts_count":11,"comments_count":3,"attitudes_count":0,"pending_approval_count":0,"isLongText":false,"visible":{"type":0,"list_id":0},"more_info_type":0,"content_auth":0,"edit_config":{"edited":false},"mblogtype":0,"obj_ext":"","raw_text":"\u56de\u590d@\u6b22\u6b22-nikki: \u56fd\u5185\u76ee\u524d\u4e3b\u8981\u5dee\u5728\u77e5\u8bc6\u666e\u53ca\u4e0a\u3002\u514d\u8d39HPV\u7b5b\u67e5\u5f88\u591a\u5730\u65b9\u90fd\u5df2\u7ecf\u5f00\u5c55\u4e86\u3002\u4f46\u4e0d\u5c11\u5973\u6027\u5bf9\u6b64\u4e86\u89e3\u4e0d\u591f\uff0c\u6240\u4ee5\u6ca1\u53bb\u505a\u3002\u81f3\u4e8e\u75ab\u82d7\u63a8\u5e7f\uff0c\u8fd9\u6709\u7ecf\u6d4e\u56e0\u7d20\u7684\u9650\u5236\u5728\u91cc\u9762\uff0c\u5c31\u4e0d\u662f\u6307\u65e5\u53ef\u5f85\u7684\u4e86\u3002","bid":"ykCmoekGn"},"show_type":0}],"showAppTips":0,"scheme":"sinaweibo:\/\/cardlist?containerid=1076031401527553&extparam=&luicode=10000011&lfid=&featurecode="}}