{"ok":1,"data":{"cardlistInfo":{"containerid":"1076031401527553","v_p":42,"show_style":1,"total":15518,"page":50},"cards":[{"card_type":9,"itemid":"1076031401527553_-_3448776926215230","scheme":"https:\/\/m.weibo.cn\/status\/yksUsq4RE?mblogid=yksUsq4RE&luicode=10000011&lfid=1076031401527553","mblog":{"created_at":"2012-05-23","id":"3448776926215230","idstr":"3448776926215230","mid":"3448776926215230","can_edit":false,"text":"\u56de\u590d<a href='https:\/\/m.weibo.cn\/n\/\u8001\u795d2012'>@\u8001\u795d2012<\/a>: \u4f30\u8ba1\u4e0d\u662f\u7684\u3002\u6211\u5728<a href='https:\/\/m.weibo.cn\/n\/\u9a6c\u4f2f\u5eb8'>@\u9a6c\u4f2f\u5eb8<\/a> \u4f5c\u54c1\u91cc\u4e0d\u6b62\u4e00\u6b21\u770b\u5230\u5bf9\u7ea2\u70e7\u8089\u7684\u63cf\u8ff0\u3002 \/\/<a href='https:\/\/m.weibo.cn\/n\/\u8001\u795d2012'>@\u8001\u795d2012<\/a>:\u4f2f\u5eb8.\u9ed8\u7f55\u9ed8\u5fb7.....","source":"\u5fae\u535a weibo.com","favorited":false,"is_paid":false,"mblog_vip_type":0,"user":{"id":1401527553,"screen_name":"tombkeeper","profile_image_url":"https:\/\/tva2.sinaimg.cn\/crop.0.0.180.180.180\/53899d01jw8fcb9qpe7vbj2050050mx8.jpg","profile_url":"https:\/\/m.weibo.cn\/u\/1401527553?uid=1401527553&luicode=10000011&lfid=1076031401527553","statuses_count":15425,"verified":true,"verified_type":0,"verified_type_ext":1,"verified_reason":"\u77e5\u540d\u4e92\u8054\u7f51\u8d44\u8baf\u535a\u4e3b","close_blue_v":false,"description":"\u5fae\u535a\u672c\u5730\u8d44\u8baf\u535a\u4e3b\uff08\u521a\u679c\u5e03\u62c9\u67f4\u7ef4\u5c14\uff09","gender":"m","mbtype":12,"urank":48,"mbrank":6,"follow_me":false,"following":false,"followers_count":192533,"follow_count":277,"cover_image_phone":"https:\/\/tva1.sinaimg.cn\/crop.0.0.640.640.640\/549d0121tw1egm1kjly3jj20hs0hsq4f.jpg","avatar_hd":"https:\/\/ww2.sinaimg.cn\/orj480\/53899d01jw8fcb9qpe7vbj2050050mx8.jpg","like":false,"like_me":false,"badge":{"bind_taobao":1,"dzwbqlx_2016":1,"follow_whitelist_video":1,"hongbao_2018":1}},"retweeted_status":{"created_at":"2012-05-23","id":"3448638585597522","idstr":"3448638585597522","mid":"3448638585597522","can_edit":false,"text":"\u4ee5\u524d\u4e0d\u660e\u767d\u4e3a\u4f55\u56de\u65cf\u591a\u59d3\u201c\u9a6c\u201d\u7684\u3002\u524d\u9635\u5b50\u67e5\u8d44\u6599\uff0c\u5076\u7136\u4e86\u89e3\u5230\uff0c\u539f\u6765\u201c\u9a6c\u201d\u662f\u53e4\u65f6\u963f\u62c9\u4f2f\u8bed\u201cMahmud\u201d\u7684\u6c49\u5316\u3002\u56de\u65cf\u59d3\u201c\u9a6c\u201d\u5b9e\u9645\u4e0a\u662f\u59d3\u201c\u9ed8\u7f55\u9ed8\u5fb7\u201d\uff0c\u548c\u6c49\u65cf\u7684\u201c\u9a6c\u201d\u59d3\u4e0d\u662f\u4e00\u4e2a\u6765\u6e90\u3002 \u200b\u200b\u200b","source":"iPad\u5ba2\u6237\u7aef","favorited":false,"is_paid":false,"mblog_vip_type":0,"user":{"id":1401527553,"screen_name":"tombkeeper","profile_image_url":"https:\/\/tva2.sinaimg.cn\/crop.0.0.180.180.180\/53899d01jw8fcb9qpe7vbj2050050mx8.jpg","profile_url":"https:\/\/m.weibo.cn\/u\/1401527553?uid=1401527553&luicode=10000011&lfid=1076031401527553","statuses_count":15425,"verified":true,"verified_type":0,"verified_type_ext":1,"verified_reason":"\u77e5\u540d\u4e92\u8054\u7f51\u8d44\u8baf\u535a\u4e3b","close_blue_v":false,"description":"\u5fae\u535a\u672c\u5730\u8d44\u8baf\u535a\u4e3b\uff08\u521a\u679c\u5e03\u62c9\u67f4\u7ef4\u5c14\uff09","gender":"m","mbtype":12,"urank":48,"mbrank":6,"follow_me":false,"following":false,"followers_count":192533,"follow_count":277,"cover_image_phone":"https:\/\/tva1.sinaimg.cn\/crop.0.0.640.640.640\/549d0121tw1egm1kjly3jj20hs0hsq4f.jpg","avatar_hd":"https:\/\/ww2.sinaimg.cn\/orj480\/53899d01jw8fcb9qpe7vbj2050050mx8.jpg","like":false,"like_me":false,"badge":{"bind_taobao":1,"dzwbqlx_2016":1,"follow_whitelist_video":1,"hongbao_2018":1}},"reposts_count":101,"comments_count":40,"attitudes_count":0,"pending_approval_count":0,"isLongText":false,"visible":{"type":0,"list_id":0},"more_info_type":0,"content_auth":0,"edit_config":{"edited":false},"bid":"ykpjknuaC"},"reposts_count":9,"comments_count":7,"attitudes_count":0,"pending_approval_count":0,"isLongText":false,"visible":{"type":0,"list_id":0},"more_info_type":0,"content_auth":0,"edit_config":{"edited":false},"mblogtype":0,"obj_ext":"","raw_text":"\u56de\u590d@\u8001\u795d2012: \u4f30\u8ba1\u4e0d\u662f\u7684\u3002\u6211\u5728@\u9a6c\u4f2f\u5eb8 \u4f5c\u54c1\u91cc\u4e0d\u6b62\u4e00\u6b21\u770b\u5230\u5bf9\u7ea2\u70e7\u8089\u7684\u63cf\u8ff0\u3002 \/\/@\u8001\u795d2012:\u4f2f\u5eb8.\u9ed8\u7f55\u9ed8\u5fb7.....","bid":"yksUsq4RE"},"show_type":0},{"card_type":9,"itemid":"1076031401527553_-_3448638585597522","scheme":"https:\/\/m.weibo.cn\/status\/ykpjknuaC?mblogid=ykpjknuaC&luicode=10000011&lfid=1076031401527553","mblog":{"created_at":"2012-05-23","id":"3448638585597522","idstr":"3448638585597522","mid":"3448638585597522","can_edit":false,"text":"\u4ee5\u524d\u4e0d\u660e\u767d\u4e3a\u4f55\u56de\u65cf\u591a\u59d3\u201c\u9a6c\u201d\u7684\u3002\u524d\u9635\u5b50\u67e5\u8d44\u6599\uff0c\u5076\u7136\u4e86\u89e3\u5230\uff0c\u539f\u6765\u201c\u9a6c\u201d\u662f\u53e4\u65f6\u963f\u62c9\u4f2f\u8bed\u201cMahmud\u201d\u7684\u6c49\u5316\u3002\u56de\u65cf\u59d3\u201c\u9a6c\u201d\u5b9e\u9645\u4e0a\u662f\u59d3\u201c\u9ed8\u7f55\u9ed8\u5fb7\u201d\uff0c\u548c\u6c49\u65cf\u7684\u201c\u9a6c\u201d\u59d3\u4e0d\u662f\u4e00\u4e2a\u6765\u6e90\u3002 \u200b\u200b\u200b","source":"iPad\u5ba2\u6237\u7aef","favorited":false,"is_paid":false,"mblog_vip_type":0,"user":{"id":1401527553,"screen_name":"tombkeeper","profile_image_url":"https:\/\/tva2.sinaimg.cn\/crop.0.0.180.180.180\/53899d01jw8fcb9qpe7vbj2050050mx8.jpg","profile_url":"https:\/\/m.weibo.cn\/u\/1401527553?uid=1401527553&luicode=10000011&lfid=1076031401527553","statuses_count":15425,"verified":true,"verified_type":0,"verified_type_ext":1,"verified_reason":"\u77e5\u540d\u4e92\u8054\u7f51\u8d44\u8baf\u535a\u4e3b","close_blue_v":false,"description":"\u5fae\u535a\u672c\u5730\u8d44\u8baf\u535a\u4e3b\uff08\u521a\u679c\u5e03\u62c9\u67f4\u7ef4\u5c14\uff09","gender":"m","mbtype":12,"urank":48,"mbrank":6,"follow_me":false,"following":false,"followers_count":192533,"follow_count":277,"cover_image_phone":"https:\/\/tva1.sinaimg.cn\/crop.0.0.640.640.640\/549d0121tw1egm1kjly3jj20hs0hsq4f.jpg","avatar_hd":"https:\/\/ww2.sinaimg.cn\/orj480\/53899d01jw8fcb9qpe7vbj2050050mx8.jpg","like":false,"like_me":false,"badge":{"bind_taobao":1,"dzwbqlx_2016":1,"follow_whitelist_video":1,"hongbao_2018":1}},"reposts_count":101,"comments_count":40,"attitudes_count":0,"pending_approval_count":0,"isLongText":false,"visible":{"type":0,"list_id":0},"more_info_type":0,"content_auth":0,"edit_config":{"edited":false},"mblogtype":0,"bid":"ykpjknuaC"},"show_type":0},{"card_type":9,"itemid":"1076031401527553_-_3448622719380098","scheme":"https:\/\/m.weibo.cn\/status\/ykoTJDmbU?mblogid=ykoTJDmbU&luicode=10000011&lfid=1076031401527553","mblog":{"created_at":"2012-05-22","id":"3448622719380098","idstr":"3448622719380098","mid":"3448622719380098","can_edit":false,"text":"\u540c\u5fd7\u4eec\uff0c\u8fd9\u53ef\u662f\u514d\u8d39\u53bbLas Vegas\u7684\u673a\u4f1a\u3002\u8dd1\u8fd9\u8d9f\uff0c\u53ef\u4ee5\u5148\u9886\u7565\u52a0\u5dde\u6e7f\u6da6\u51c9\u723d\u7684\u6d77\u98ce\uff0c\u7136\u540e\u6740\u8fdb\u5185\u534e\u8fbe\u6c99\u6f20\u84b8\u4e2a\u5927\u6851\u62ff\u3002\u6700\u91cd\u8981\u7684\u662f\uff0c\u4f60\u4f1a\u5f7b\u5e95\u4e86\u89e3\u201c\u7eb8\u9189\u91d1\u8ff7\u201d\u8fd9\u4e2a\u6210\u8bed\u3002","source":"\u5fae\u535a weibo.com","favorited":false,"is_paid":false,"mblog_vip_type":0,"user":{"id":1401527553,"screen_name":"tombkeeper","profile_image_url":"https:\/\/tva2.sinaimg.cn\/crop.0.0.180.180.180\/53899d01jw8fcb9qpe7vbj2050050mx8.jpg","profile_url":"https:\/\/m.weibo.cn\/u\/1401527553?uid=1401527553&luicode=10000011&lfid=1076031401527553","statuses_count":15425,"verified":true,"verified_type":0,"verified_type_ext":1,"verified_reason":"\u77e5\u540d\u4e92\u8054\u7f51\u8d44\u8baf\u535a\u4e3b","close_blue_v":false,"description":"\u5fae\u535a\u672c\u5730\u8d44\u8baf\u535a\u4e3b\uff08\u521a\u679c\u5e03\u62c9\u67f4\u7ef4\u5c14\uff09","gender":"m","mbtype":12,"urank":48,"mbrank":6,"follow_me":false,"following":false,"followers_count":192533,"follow_count":277,"cover_image_phone":"https:\/\/tva1.sinaimg.cn\/crop.0.0.640.640.640\/549d0121tw1egm1kjly3jj20hs0hsq4f.jpg","avatar_hd":"https:\/\/ww2.sinaimg.cn\/orj480\/53899d01jw8fcb9qpe7vbj2050050mx8.jpg","like":false,"like_me":false,"badge":{"bind_taobao":1,"dzwbqlx_2016":1,"follow_whitelist_video":1,"hongbao_2018":1}},"pid":3448620612957383,"retweeted_status":{"created_at":"2012-05-22","id":"3448615223938153","idstr":"3448615223938153","mid":"3448615223938153","can_edit":false,"text":"\u6e05\u534e\u7f51\u7edc\u4e0e\u4fe1\u606f\u5b89\u5168\u5b9e\u9a8c\u5ba4Blue-Lotus\u56e2\u961f\u7ee7\u53bb\u5e7412\u6708\u593a\u5f97iCTF\u56fd\u9645\u9ad8\u6821\u9ed1\u5ba2\u7ade\u8d5b23\/87\uff0c\u4e9a\u6d32\u51a0\u519b<span class=\"url-icon\"><img src=\"\/\/h5.sinaimg.cn\/m\/emoticon\/icon\/default\/d_haha-bdd6ceb619.png\" style=\"width:1em;height:1em;\" alt=\"[\u54c8\u54c8]\"><\/span>\u6210\u7ee9\u540e\uff0c\u5c06\u51fa\u5f81\u5168\u7403\u9ed1\u5ba2\u5927\u4f1a\u593a\u65d7\u8d5bDefcon 20 CTF\u8d44\u683c\u8d5b\uff0c\u8d5b\u65f6\uff1a6\u67082\u65e58:00-4\u65e548\u5c0f\u65f6\uff0c10\u652f\u80dc\u51fa\u961f\u4e0e10\u652f\u5176\u4ed6CTF\u51a0\u519b\u961f\u4e00\u8d77\u53bb\u5723\u5730\u62c9\u65af\u7ef4\u52a0\u65af\u89d2\u9010\u603b\u51b3\u8d5b\u540d\u989d\uff0c\u73b0\u9080\u5916\u63f4\u52a0\u76df\uff0c\u5305\u98df\u5bbf<span class=\"url-icon\"><img src=\"\/\/h5.sinaimg.cn\/m\/emoticon\/icon\/default\/d_touxiao-3458a765a2.png\" style=\"width:1em;height:1em;\" alt=\"[\u5077\u7b11]\"><\/span>\uff0c\u6709\u610f\u6c42\u5173\u6ce8\u3002 \u200b\u200b\u200b","source":"\u5fae\u535a weibo.com","favorited":false,"thumbnail_pic":"http:\/\/ww1.sinaimg.cn\/thumbnail\/895f67cbgw1dt7h3ffu98j.jpg","bmiddle_pic":"http:\/\/ww1.sinaimg.cn\/bmiddle\/895f67cbgw1dt7h3ffu98j.jpg","original_pic":"http:\/\/ww1.sinaimg.cn\/large\/895f67cbgw1dt7h3ffu98j.jpg","is_paid":false,"mblog_vip_type":0,"user":{"id":2304731083,"screen_name":"\u6e05\u534e\u8bf8\u845b\u5efa\u4f1f","profile_image_url":"https:\/\/tva4.sinaimg.cn\/crop.0.70.440.440.180\/895f67cbjw8ebv2ve27bjj20c80g5gnm.jpg","profile_url":"https:\/\/m.weibo.cn\/u\/2304731083?uid=2304731083&luicode=10000011&lfid=1076031401527553","statuses_count":2016,"verified":true,"verified_type":0,"verified_type_ext":0,"verified_reason":"\u6e05\u534e\u5927\u5b66\u4fe1\u606f\u4e0e\u7f51\u7edc\u5b89\u5168\u5b9e\u9a8c\u5ba4\u526f\u7814\u7a76\u5458","close_blue_v":false,"description":"\u4e66\u7c4d\u8d44\u6e90\u4e0b\u8f7d\uff1ahttp:\/\/netsec.ccert.edu.cn\/hacking\/%E5%86%85%E9%83%A8%E8%B5%84%E6%BA%90\/","gender":"m","mbtype":0,"urank":26,"mbrank":0,"follow_me":false,"following":false,"followers_count":16492,"follow_count":458,"cover_image_phone":"https:\/\/tva1.sinaimg.cn\/crop.0.0.640.640.640\/549d0121tw1egm1kjly3jj20hs0hsq4f.jpg","avatar_hd":"https:\/\/ww4.sinaimg.cn\/orj480\/895f67cbjw8ebv2ve27bjj20c80g5gnm.jpg","like":false,"like_me":false,"badge":{"unread_pool":1,"unread_pool_ext":1}},"reposts_count":95,"comments_count":35,"attitudes_count":0,"pending_approval_count":0,"isLongText":false,"visible":{"type":0,"list_id":0},"more_info_type":0,"content_auth":0,"edit_config":{"edited":false},"bid":"ykoHEgwuB","pics":[{"pid":"895f67cbgw1dt7h3ffu98j","url":"https:\/\/ww1.sinaimg.cn\/orj360\/895f67cbgw1dt7h3ffu98j.jpg","size":"orj360","geo":false,"large":{"size":"large","url":"https:\/\/ww1.sinaimg.cn\/large\/895f67cbgw1dt7h3ffu98j.jpg","geo":false}}]},"reposts_count":8,"comments_count":9,"attitudes_count":0,"pending_approval_count":0,"isLongText":false,"visible":{"type":0,"list_id":0},"more_info_type":0,"content_auth":0,"edit_config":{"edited":false},"mblogtype":0,"obj_ext":"","raw_text":"\u540c\u5fd7\u4eec\uff0c\u8fd9\u53ef\u662f\u514d\u8d39\u53bbLas Vegas\u7684\u673a\u4f1a\u3002\u8dd1\u8fd9\u8d9f\uff0c\u53ef\u4ee5\u5148\u9886\u7565\u52a0\u5dde\u6e7f\u6da6\u51c9\u723d\u7684\u6d77\u98ce\uff0c\u7136\u540e\u6740\u8fdb\u5185\u534e\u8fbe\u6c99\u6f20\u84b8\u4e2a\u5927\u6851\u62ff\u3002\u6700\u91cd\u8981\u7684\u662f\uff0c\u4f60\u4f1a\u5f7b\u5e95\u4e86\u89e3\u201c\u7eb8\u9189\u91d1\u8ff7\u201d\u8fd9\u4e2a\u6210\u8bed\u3002","bid":"ykoTJDmbU"},"show_type":0},{"card_type":9,"itemid":"1076031401527553_-_3448618243887104","scheme":"https:\/\/m.weibo.cn\/status\/ykoMwgjde?mblogid=ykoMwgjde&luicode=10000011&lfid=1076031401527553","mblog":{"created_at":"2012-05-22","id":"3448618243887104","idstr":"3448618243887104","mid":"3448618243887104","can_edit":false,"text":"\u56de\u590d<a href='https:\/\/m.weibo.cn\/n\/\u5200\u9f7f'>@\u5200\u9f7f<\/a>: \u7406\u8bba\u4e0a\uff0c\u8f6c\u57fa\u56e0\u6280\u672f\u5982\u679c\u6076\u610f\u4f7f\u7528\uff0c\u7684\u786e\u53ef\u4ee5\u7528\u6765\u5bb3\u4eba\u3002\u53ea\u4e0d\u8fc7\uff0c\u5bb3\u4e2d\u56fd\u4eba\uff0c\u5bf9\u897f\u65b9\u6ca1\u597d\u5904\u3002\u53e6\u5916\uff0c\u5bf9\u6709\u6838\u3001\u6709\u5f39\u9053\u5bfc\u5f39\u7684\u56fd\u5bb6\u8fd9\u4e48\u5e72\uff0c\u5f88\u4e0d\u660e\u667a\u3002 \/\/<a href='https:\/\/m.weibo.cn\/n\/\u5200\u9f7f'>@\u5200\u9f7f<\/a>:\u8d8a\u6765\u8d8a\u89c9\u5f97 \u5f53\u521d\u90a3\u4e2a\u60f3\u51fa\u6765 \u8f6c\u57fa\u56e0\u6709\u5bb3\u7684\u4eba \u771f\u662f\u5927\u795e \u4f20\u64ad\u5b66\u5927\u795e","source":"\u5fae\u535a weibo.com","favorited":false,"is_paid":false,"mblog_vip_type":0,"user":{"id":1401527553,"screen_name":"tombkeeper","profile_image_url":"https:\/\/tva2.sinaimg.cn\/crop.0.0.180.180.180\/53899d01jw8fcb9qpe7vbj2050050mx8.jpg","profile_url":"https:\/\/m.weibo.cn\/u\/1401527553?uid=1401527553&luicode=10000011&lfid=1076031401527553","statuses_count":15425,"verified":true,"verified_type":0,"verified_type_ext":1,"verified_reason":"\u77e5\u540d\u4e92\u8054\u7f51\u8d44\u8baf\u535a\u4e3b","close_blue_v":false,"description":"\u5fae\u535a\u672c\u5730\u8d44\u8baf\u535a\u4e3b\uff08\u521a\u679c\u5e03\u62c9\u67f4\u7ef4\u5c14\uff09","gender":"m","mbtype":12,"urank":48,"mbrank":6,"follow_me":false,"following":false,"followers_count":192533,"follow_count":277,"cover_image_phone":"https:\/\/tva1.sinaimg.cn\/crop.0.0.640.640.640\/549d0121tw1egm1kjly3jj20hs0hsq4f.jpg","avatar_hd":"https:\/\/ww2.sinaimg.cn\/orj480\/53899d01jw8fcb9qpe7vbj2050050mx8.jpg","like":false,"like_me":false,"badge":{"bind_taobao":1,"dzwbqlx_2016":1,"follow_whitelist_video":1,"hongbao_2018":1}},"retweeted_status":{"created_at":"2012-05-22","id":"3448614322161691","idstr":"3448614322161691","mid":"3448614322161691","can_edit":false,"text":"1\u3001\u6211\u56fd\u8ba1\u5212\u514d\u75ab\u7684\u75ab\u82d7\u90fd\u662f\u56fd\u4ea7\u30022\u3001\u8fd9\u5b69\u5b50\u7684\u60b2\u5267\u4e3b\u8981\u662f\u56e0\u4e3a\u60a3\u6709\u7f55\u89c1\u7684\u5148\u5929\u6027\u514d\u75ab\u7f3a\u9677\u75be\u75c5\uff08<a data-url=\"http:\/\/t.cn\/zO1PbfL\" target=\"_blank\" href=\"https:\/\/weibo.cn\/sinaurl\/blockeda49ba8e5?luicode=10000011&lfid=1076031401527553&u=http%3A%2F%2Fwww.sznews.com%2Frollnews%2F2011-05%2F19%2Fcontent_1389161580.htm&ep=ykoGc94lZ%252C1401527553%252CykoGc94lZ%252C1401527553\" class=\"\"><span class=\"url-icon\"><img src=\"\/\/h5.sinaimg.cn\/upload\/2015\/09\/25\/3\/timeline_card_small_web_default.png\"><\/span><\/i><span class=\"surl-text\">\u7f51\u9875\u94fe\u63a5<\/a>\uff09\uff0c\u4e5f\u4e0d\u662f\u4e2d\u56fd\u4eba\u7279\u6709\u7684\u3002\u60a3\u6b64\u75c5\uff0c\u6253\u4efb\u4f55\u6d3b\u75ab\u82d7\u90fd\u6709\u5371\u9669\u30023\u3001\u629b\u5f00\u4e13\u4e1a\u77e5\u8bc6\u4e0d\u8c08\uff0c\u54ea\u6015\u7528\u5c41\u80a1\u60f3\u60f3\uff1a\u5c31\u7b97\u7f8e\u56fd\u8981\u706d\u7edd\u4e2d\u56fd\u4eba\uff0c\u662f\u4e0d\u662f\u5e94\u8be5\u5e72\u5f97\u7a0d\u5fae\u9690\u853d\u70b9\uff1f\u7528\u8fd9\u79cd\u6253\u4e0b\u53bb\u7acb\u5373\u89c1\u6548\u7684\u73a9\u610f\uff1f \u200b\u200b\u200b","source":"\u5fae\u535a weibo.com","favorited":false,"thumbnail_pic":"http:\/\/ww1.sinaimg.cn\/thumbnail\/53899d01gw1dt7gzr64pug.gif","bmiddle_pic":"http:\/\/ww1.sinaimg.cn\/bmiddle\/53899d01gw1dt7gzr64pug.gif","original_pic":"http:\/\/ww1.sinaimg.cn\/large\/53899d01gw1dt7gzr64pug.gif","is_paid":false,"mblog_vip_type":0,"user":{"id":1401527553,"screen_name":"tombkeeper","profile_image_url":"https:\/\/tva2.sinaimg.cn\/crop.0.0.180.180.180\/53899d01jw8fcb9qpe7vbj2050050mx8.jpg","profile_url":"https:\/\/m.weibo.cn\/u\/1401527553?uid=1401527553&luicode=10000011&lfid=1076031401527553","statuses_count":15425,"verified":true,"verified_type":0,"verified_type_ext":1,"verified_reason":"\u77e5\u540d\u4e92\u8054\u7f51\u8d44\u8baf\u535a\u4e3b","close_blue_v":false,"description":"\u5fae\u535a\u672c\u5730\u8d44\u8baf\u535a\u4e3b\uff08\u521a\u679c\u5e03\u62c9\u67f4\u7ef4\u5c14\uff09","gender":"m","mbtype":12,"urank":48,"mbrank":6,"follow_me":false,"following":false,"followers_count":192533,"follow_count":277,"cover_image_phone":"https:\/\/tva1.sinaimg.cn\/crop.0.0.640.640.640\/549d0121tw1egm1kjly3jj20hs0hsq4f.jpg","avatar_hd":"https:\/\/ww2.sinaimg.cn\/orj480\/53899d01jw8fcb9qpe7vbj2050050mx8.jpg","like":false,"like_me":false,"badge":{"bind_taobao":1,"dzwbqlx_2016":1,"follow_whitelist_video":1,"hongbao_2018":1}},"reposts_count":8,"comments_count":22,"attitudes_count":0,"pending_approval_count":0,"isLongText":false,"visible":{"type":0,"list_id":0},"more_info_type":0,"content_auth":0,"edit_config":{"edited":false},"bid":"ykoGc94lZ","pics":[{"pid":"53899d01gw1dt7gzr64pug","url":"https:\/\/ww1.sinaimg.cn\/orj360\/53899d01gw1dt7gzr64pug.gif","size":"orj360","geo":false,"large":{"size":"large","url":"https:\/\/ww1.sinaimg.cn\/large\/53899d01gw1dt7gzr64pug.gif","geo":false}}]},"reposts_count":2,"comments_count":3,"attitudes_count":0,"pending_approval_count":0,"isLongText":false,"visible":{"type":0,"list_id":0},"more_info_type":0,"content_auth":0,"edit_config":{"edited":false},"mblogtype":0,"obj_ext":"","raw_text":"\u56de\u590d@\u5200\u9f7f: \u7406\u8bba\u4e0a\uff0c\u8f6c\u57fa\u56e0\u6280\u672f\u5982\u679c\u6076\u610f\u4f7f\u7528\uff0c\u7684\u786e\u53ef\u4ee5\u7528\u6765\u5bb3\u4eba\u3002\u53ea\u4e0d\u8fc7\uff0c\u5bb3\u4e2d\u56fd\u4eba\uff0c\u5bf9\u897f\u65b9\u6ca1\u597d\u5904\u3002\u53e6\u5916\uff0c\u5bf9\u6709\u6838\u3001\u6709\u5f39\u9053\u5bfc\u5f39\u7684\u56fd\u5bb6\u8fd9\u4e48\u5e72\uff0c\u5f88\u4e0d\u660e\u667a\u3002 \/\/@\u5200\u9f7f:\u8d8a\u6765\u8d8a\u89c9\u5f97 \u5f53\u521d\u90a3\u4e2a\u60f3\u51fa\u6765 \u8f6c\u57fa\u56e0\u6709\u5bb3\u7684\u4eba \u771f\u662f\u5927\u795e \u4f20\u64ad\u5b66\u5927\u795e","bid":"ykoMwgjde"},"show_type":0},{"card_type":9,"itemid":"1076031401527553_-_3448614968113488","scheme":"https:\/\/m.weibo.cn\/status\/ykoHey2GI?mblogid=ykoHey2GI&luicode=10000011&lfid=1076031401527553","mblog":{"created_at":"2012-05-22","id":"3448614968113488","idstr":"3448614968113488","mid":"3448614968113488","can_edit":false,"text":"\u55ef\uff0c\u8fd8\u6709\u8fd9\u4e24\u5f20\u7167\u7247\u3002","source":"\u5fae\u535a weibo.com","favorited":false,"is_paid":false,"mblog_vip_type":0,"user":{"id":1401527553,"screen_name":"tombkeeper","profile_image_url":"https:\/\/tva2.sinaimg.cn\/crop.0.0.180.180.180\/53899d01jw8fcb9qpe7vbj2050050mx8.jpg","profile_url":"https:\/\/m.weibo.cn\/u\/1401527553?uid=1401527553&luicode=10000011&lfid=1076031401527553","statuses_count":15425,"verified":true,"verified_type":0,"verified_type_ext":1,"verified_reason":"\u77e5\u540d\u4e92\u8054\u7f51\u8d44\u8baf\u535a\u4e3b","close_blue_v":false,"description":"\u5fae\u535a\u672c\u5730\u8d44\u8baf\u535a\u4e3b\uff08\u521a\u679c\u5e03\u62c9\u67f4\u7ef4\u5c14\uff09","gender":"m","mbtype":12,"urank":48,"mbrank":6,"follow_me":false,"following":false,"followers_count":192533,"follow_count":277,"cover_image_phone":"https:\/\/tva1.sinaimg.cn\/crop.0.0.640.640.640\/549d0121tw1egm1kjly3jj20hs0hsq4f.jpg","avatar_hd":"https:\/\/ww2.sinaimg.cn\/orj480\/53899d01jw8fcb9qpe7vbj2050050mx8.jpg","like":false,"like_me":false,"badge":{"bind_taobao":1,"dzwbqlx_2016":1,"follow_whitelist_video":1,"hongbao_2018":1}},"retweeted_status":{"created_at":"2011-11-14","id":"3379624262230991","idstr":"3379624262230991","mid":"3379624262230991","can_edit":false,"text":"\u6211\u4ee5\u524d\u8bf4\u8fc7\uff1a\u56e0\u76f8\u7531\u5fc3\u751f\uff0c\u6545\u4ee5\u8c8c\u53d6\u4eba\u3002\u8fd9\u4e2a\u8c8c\uff0c\u4e0d\u662f\u5929\u751f\u7684\u5ab8\u598d\u4e11\u4fca\uff0c\u800c\u662f\u5fc3\u4e2d\u7684\u5584\u6076\u611a\u95f2\u3002\u8fd9\u4e24\u4f4d\u540c\u6837\u662f\u5927\u5c0f\u773c\uff0c\u76f8\u8c8c\u5c31\u6ca1\u90a3\u4e48\u6076\u3002 \u200b\u200b\u200b","source":"\u5fae\u535a weibo.com","favorited":false,"thumbnail_pic":"http:\/\/ww4.sinaimg.cn\/thumbnail\/53899d01gw1dn3dgg6gb0j.jpg","bmiddle_pic":"http:\/\/ww4.sinaimg.cn\/bmiddle\/53899d01gw1dn3dgg6gb0j.jpg","original_pic":"http:\/\/ww4.sinaimg.cn\/large\/53899d01gw1dn3dgg6gb0j.jpg","is_paid":false,"mblog_vip_type":0,"user":{"id":1401527553,"screen_name":"tombkeeper","profile_image_url":"https:\/\/tva2.sinaimg.cn\/crop.0.0.180.180.180\/53899d01jw8fcb9qpe7vbj2050050mx8.jpg","profile_url":"https:\/\/m.weibo.cn\/u\/1401527553?uid=1401527553&luicode=10000011&lfid=1076031401527553","statuses_count":15425,"verified":true,"verified_type":0,"verified_type_ext":1,"verified_reason":"\u77e5\u540d\u4e92\u8054\u7f51\u8d44\u8baf\u535a\u4e3b","close_blue_v":false,"description":"\u5fae\u535a\u672c\u5730\u8d44\u8baf\u535a\u4e3b\uff08\u521a\u679c\u5e03\u62c9\u67f4\u7ef4\u5c14\uff09","gender":"m","mbtype":12,"urank":48,"mbrank":6,"follow_me":false,"following":false,"followers_count":192533,"follow_count":277,"cover_image_phone":"https:\/\/tva1.sinaimg.cn\/crop.0.0.640.640.640\/549d0121tw1egm1kjly3jj20hs0hsq4f.jpg","avatar_hd":"https:\/\/ww2.sinaimg.cn\/orj480\/53899d01jw8fcb9qpe7vbj2050050mx8.jpg","like":false,"like_me":false,"badge":{"bind_taobao":1,"dzwbqlx_2016":1,"follow_whitelist_video":1,"hongbao_2018":1}},"reposts_count":17,"comments_count":6,"attitudes_count":0,"pending_approval_count":0,"isLongText":false,"visible":{"type":0,"list_id":0},"more_info_type":0,"content_auth":0,"edit_config":{"edited":false},"bid":"xxpoe9mnJ","pics":[{"pid":"53899d01gw1dn3dgg6gb0j","url":"https:\/\/ww4.sinaimg.cn\/orj360\/53899d01gw1dn3dgg6gb0j.jpg","size":"orj360","geo":false,"large":{"size":"large","url":"https:\/\/ww4.sinaimg.cn\/large\/53899d01gw1dn3dgg6gb0j.jpg","geo":false}}]},"reposts_count":7,"comments_count":4,"attitudes_count":1,"pending_approval_count":0,"isLongText":false,"visible":{"type":0,"list_id":0},"more_info_type":0,"content_auth":0,"edit_config":{"edited":false},"mblogtype":0,"obj_ext":"","raw_text":"\u55ef\uff0c\u8fd8\u6709\u8fd9\u4e24\u5f20\u7167\u7247\u3002","bid":"ykoHey2GI"},"show_type":0},{"card_type":9,"itemid":"1076031401527553_-_3448614322161691","scheme":"https:\/\/m.weibo.cn\/status\/ykoGc94lZ?mblogid=ykoGc94lZ&luicode=10000011&lfid=1076031401527553","mblog":{"created_at":"2012-05-22","id":"3448614322161691","idstr":"3448614322161691","mid":"3448614322161691","can_edit":false,"text":"1\u3001\u6211\u56fd\u8ba1\u5212\u514d\u75ab\u7684\u75ab\u82d7\u90fd\u662f\u56fd\u4ea7\u30022\u3001\u8fd9\u5b69\u5b50\u7684\u60b2\u5267\u4e3b\u8981\u662f\u56e0\u4e3a\u60a3\u6709\u7f55\u89c1\u7684\u5148\u5929\u6027\u514d\u75ab\u7f3a\u9677\u75be\u75c5\uff08<a data-url=\"http:\/\/t.cn\/zO1PbfL\" target=\"_blank\" href=\"https:\/\/weibo.cn\/sinaurl\/blockeda49ba8e5?luicode=10000011&lfid=1076031401527553&u=http%3A%2F%2Fwww.sznews.com%2Frollnews%2F2011-05%2F19%2Fcontent_1389161580.htm&ep=ykoGc94lZ%252C1401527553%252CykoGc94lZ%252C1401527553\" class=\"\"><span class=\"url-icon\"><img src=\"\/\/h5.sinaimg.cn\/upload\/2015\/09\/25\/3\/timeline_card_small_web_default.png\"><\/span><\/i><span class=\"surl-text\">\u7f51\u9875\u94fe\u63a5<\/a>\uff09\uff0c\u4e5f\u4e0d\u662f\u4e2d\u56fd\u4eba\u7279\u6709\u7684\u3002\u60a3\u6b64\u75c5\uff0c\u6253\u4efb\u4f55\u6d3b\u75ab\u82d7\u90fd\u6709\u5371\u9669\u30023\u3001\u629b\u5f00\u4e13\u4e1a\u77e5\u8bc6\u4e0d\u8c08\uff0c\u54ea\u6015\u7528\u5c41\u80a1\u60f3\u60f3\uff1a\u5c31\u7b97\u7f8e\u56fd\u8981\u706d\u7edd\u4e2d\u56fd\u4eba\uff0c\u662f\u4e0d\u662f\u5e94\u8be5\u5e72\u5f97\u7a0d\u5fae\u9690\u853d\u70b9\uff1f\u7528\u8fd9\u79cd\u6253\u4e0b\u53bb\u7acb\u5373\u89c1\u6548\u7684\u73a9\u610f\uff1f \u200b\u200b\u200b","source":"\u5fae\u535a weibo.com","favorited":false,"thumbnail_pic":"http:\/\/ww1.sinaimg.cn\/thumbnail\/53899d01gw1dt7gzr64pug.gif","bmiddle_pic":"http:\/\/ww1.sinaimg.cn\/bmiddle\/53899d01gw1dt7gzr64pug.gif","original_pic":"http:\/\/ww1.sinaimg.cn\/large\/53899d01gw1dt7gzr64pug.gif","is_paid":false,"mblog_vip_type":0,"user":{"id":1401527553,"screen_name":"tombkeeper","profile_image_url":"https:\/\/tva2.sinaimg.cn\/crop.0.0.180.180.180\/53899d01jw8fcb9qpe7vbj2050050mx8.jpg","profile_url":"https:\/\/m.weibo.cn\/u\/1401527553?uid=1401527553&luicode=10000011&lfid=1076031401527553","statuses_count":15425,"verified":true,"verified_type":0,"verified_type_ext":1,"verified_reason":"\u77e5\u540d\u4e92\u8054\u7f51\u8d44\u8baf\u535a\u4e3b","close_blue_v":false,"description":"\u5fae\u535a\u672c\u5730\u8d44\u8baf\u535a\u4e3b\uff08\u521a\u679c\u5e03\u62c9\u67f4\u7ef4\u5c14\uff09","gender":"m","mbtype":12,"urank":48,"mbrank":6,"follow_me":false,"following":false,"followers_count":192533,"follow_count":277,"cover_image_phone":"https:\/\/tva1.sinaimg.cn\/crop.0.0.640.640.640\/549d0121tw1egm1kjly3jj20hs0hsq4f.jpg","avatar_hd":"https:\/\/ww2.sinaimg.cn\/orj480\/53899d01jw8fcb9qpe7vbj2050050mx8.jpg","like":false,"like_me":false,"badge":{"bind_taobao":1,"dzwbqlx_2016":1,"follow_whitelist_video":1,"hongbao_2018":1}},"reposts_count":8,"comments_count":22,"attitudes_count":0,"pending_approval_count":0,"isLongText":false,"visible":{"type":0,"list_id":0},"more_info_type":0,"content_auth":0,"edit_config":{"edited":false},"mblogtype":0,"bid":"ykoGc94lZ","pics":[{"pid":"53899d01gw1dt7gzr64pug","url":"https:\/\/ww1.sinaimg.cn\/orj360\/53899d01gw1dt7gzr64pug.gif","size":"orj360","geo":false,"large":{"size":"large","url":"https:\/\/ww1.sinaimg.cn\/large\/53899d01gw1dt7gzr64pug.gif","geo":false}}]},"show_type":0},{"card_type":9,"itemid":"1076031401527553_-_3448579429924939","scheme":"https:\/\/m.weibo.cn\/status\/yknLUFDVF?mblogid=yknLUFDVF&luicode=10000011&lfid=1076031401527553","mblog":{"created_at":"2012-05-22","id":"3448579429924939","idstr":"3448579429924939","mid":"3448579429924939","can_edit":false,"text":"\u3010\u4f60\u4eec\u4e2d\u897f\u533b\u7ed3\u5408\u4e13\u4e1a\uff0c\u62db\u7eb3\u7c73\u6280\u672f\u7684\u7814\u7a76\u751f\u5e72\u5565\uff1f\u3011\u3010\u5f53\u7136\u662f\u4e3a\u4e86\u641e\u4e2d\u897f\u533b\u7ed3\u5408\u3002\u3011\u3010\u8fd9\u600e\u4e48\u7ed3\u5408\uff1f\u3011\u3010\u6211\u4e2d\u533b\u4e4b\u5999\uff0c\u5168\u5728\u541b\u81e3\u4f50\u4f7f\u3002\u8001\u592b\u6253\u7b97\u7814\u5236\u4e00\u79cd\u80fd\u4fee\u590d\u80be\u5355\u4f4d\u7684\u7eb3\u7c73\u673a\u5668\u4eba\uff0c\u548c\u9a6c\u515c\u94c3\u914d\u4f0d\uff0c\u770b\u90a3\u5e2e\u8bcb\u6bc1\u4e2d\u533b\u7684\u4eba\u8fd8\u600e\u4e48\u8bf4\uff01\u3011","source":"\u5fae\u535a weibo.com","favorited":false,"is_paid":false,"mblog_vip_type":0,"user":{"id":1401527553,"screen_name":"tombkeeper","profile_image_url":"https:\/\/tva2.sinaimg.cn\/crop.0.0.180.180.180\/53899d01jw8fcb9qpe7vbj2050050mx8.jpg","profile_url":"https:\/\/m.weibo.cn\/u\/1401527553?uid=1401527553&luicode=10000011&lfid=1076031401527553","statuses_count":15425,"verified":true,"verified_type":0,"verified_type_ext":1,"verified_reason":"\u77e5\u540d\u4e92\u8054\u7f51\u8d44\u8baf\u535a\u4e3b","close_blue_v":false,"description":"\u5fae\u535a\u672c\u5730\u8d44\u8baf\u535a\u4e3b\uff08\u521a\u679c\u5e03\u62c9\u67f4\u7ef4\u5c14\uff09","gender":"m","mbtype":12,"urank":48,"mbrank":6,"follow_me":false,"following":false,"followers_count":192533,"follow_count":277,"cover_image_phone":"https:\/\/tva1.sinaimg.cn\/crop.0.0.640.640.640\/549d0121tw1egm1kjly3jj20hs0hsq4f.jpg","avatar_hd":"https:\/\/ww2.sinaimg.cn\/orj480\/53899d01jw8fcb9qpe7vbj2050050mx8.jpg","like":false,"like_me":false,"badge":{"bind_taobao":1,"dzwbqlx_2016":1,"follow_whitelist_video":1,"hongbao_2018":1}},"retweeted_status":{"created_at":"2012-05-22","id":"3448561616380362","idstr":"3448561616380362","mid":"3448561616380362","can_edit":false,"text":"\u8fd9\u4e8b\u8bf4\u8fc7\u591a\u6b21\u4e86\uff0c\u4e0d\u518d\u591a\u8bf4\u3002\u603b\u4e4b\u522b\u5403\u4e2d\u836f\uff0c\u5403\u4e2d\u836f\u5c31\u662f\u50bb...\u4f60\u61c2\u7684\u3002\u4e2d\u836f\u9a6c\u515c\u94c3\uff0c\u4e00\u79cd\u201c\u6bd2\u836f\u201d\u4e24\u79cd\u5bf9\u5f85_\u53d1\u73b0\u8005_\u7f51\u6613\u63a2\u7d22 <a href='https:\/\/m.weibo.cn\/n\/\u7f51\u6613\u53d1\u73b0\u8005'>@\u7f51\u6613\u53d1\u73b0\u8005<\/a> <a data-url=\"http:\/\/t.cn\/zO36kFc\" target=\"_blank\" href=\"https:\/\/weibo.cn\/sinaurl\/blocked63b782c1?luicode=10000011&lfid=1076031401527553&u=http%3A%2F%2Fdiscovery.163.com%2F12%2F0522%2F07%2F823GGP6800014N6R.html&ep=yknjbqLP4%252C1770284623%252CyknjbqLP4%252C1770284623\" class=\"\"><span class=\"url-icon\"><img src=\"\/\/h5.sinaimg.cn\/upload\/2015\/09\/25\/3\/timeline_card_small_web_default.png\"><\/span><\/i><span class=\"surl-text\">\u7f51\u9875\u94fe\u63a5<\/a> \u200b\u200b\u200b","source":"\u5206\u4eab\u6309\u94ae","favorited":false,"thumbnail_pic":"http:\/\/ww1.sinaimg.cn\/thumbnail\/6984664fjw1dt7axx5oplj.jpg","bmiddle_pic":"http:\/\/ww1.sinaimg.cn\/bmiddle\/6984664fjw1dt7axx5oplj.jpg","original_pic":"http:\/\/ww1.sinaimg.cn\/large\/6984664fjw1dt7axx5oplj.jpg","is_paid":false,"mblog_vip_type":0,"user":{"id":1770284623,"screen_name":"oztiger","profile_image_url":"https:\/\/tva4.sinaimg.cn\/crop.0.0.180.180.180\/6984664fjw1e8qgp5bmzyj2050050aa8.jpg","profile_url":"https:\/\/m.weibo.cn\/u\/1770284623?uid=1770284623&luicode=10000011&lfid=1076031401527553","statuses_count":8716,"verified":false,"verified_type":-1,"close_blue_v":false,"description":"intelligently arrogant \u63a8\u7279\u53f7: oztiger1","gender":"m","mbtype":0,"urank":38,"mbrank":0,"follow_me":false,"following":false,"followers_count":154315,"follow_count":79,"cover_image_phone":"https:\/\/tva1.sinaimg.cn\/crop.0.0.640.640.640\/549d0121tw1egm1kjly3jj20hs0hsq4f.jpg","avatar_hd":"https:\/\/ww4.sinaimg.cn\/orj480\/6984664fjw1e8qgp5bmzyj2050050aa8.jpg","like":false,"like_me":false,"badge":{"olympic_2016":1,"follow_whitelist_video":1}},"reposts_count":55,"comments_count":19,"attitudes_count":0,"pending_approval_count":0,"isLongText":false,"visible":{"type":0,"list_id":0},"more_info_type":0,"content_auth":0,"edit_config":{"edited":false},"bid":"yknjbqLP4","pics":[{"pid":"6984664fjw1dt7axx5oplj","url":"https:\/\/ww1.sinaimg.cn\/orj360\/6984664fjw1dt7axx5oplj.jpg","size":"orj360","geo":false,"large":{"size":"large","url":"https:\/\/ww1.sinaimg.cn\/large\/6984664fjw1dt7axx5oplj.jpg","geo":false}}]},"reposts_count":6,"comments_count":4,"attitudes_count":1,"pending_approval_count":0,"isLongText":false,"visible":{"type":0,"list_id":0},"more_info_type":0,"content_auth":0,"edit_config":{"edited":false},"mblogtype":0,"obj_ext":"","raw_text":"\u3010\u4f60\u4eec\u4e2d\u897f\u533b\u7ed3\u5408\u4e13\u4e1a\uff0c\u62db\u7eb3\u7c73\u6280\u672f\u7684\u7814\u7a76\u751f\u5e72\u5565\uff1f\u3011\u3010\u5f53\u7136\u662f\u4e3a\u4e86\u641e\u4e2d\u897f\u533b\u7ed3\u5408\u3002\u3011\u3010\u8fd9\u600e\u4e48\u7ed3\u5408\uff1f\u3011\u3010\u6211\u4e2d\u533b\u4e4b\u5999\uff0c\u5168\u5728\u541b\u81e3\u4f50\u4f7f\u3002\u8001\u592b\u6253\u7b97\u7814\u5236\u4e00\u79cd\u80fd\u4fee\u590d\u80be\u5355\u4f4d\u7684\u7eb3\u7c73\u673a\u5668\u4eba\uff0c\u548c\u9a6c\u515c\u94c3\u914d\u4f0d\uff0c\u770b\u90a3\u5e2e\u8bcb\u6bc1\u4e2d\u533b\u7684\u4eba\u8fd8\u600e\u4e48\u8bf4\uff01\u3011","bid":"yknLUFDVF"},"show_type":0},{"card_type":9,"itemid":"1076031401527553_-_3448540372531384","scheme":"https:\/\/m.weibo.cn\/status\/ykmKVaCwM?mblogid=ykmKVaCwM&luicode=10000011&lfid=1076031401527553","mblog":{"created_at":"2012-05-22","id":"3448540372531384","idstr":"3448540372531384","mid":"3448540372531384","can_edit":false,"text":"<a class='k' href='https:\/\/m.weibo.cn\/k\/%E8%88%8C%E5%B0%96%E4%B8%8A%E7%9A%84%E6%AF%8D%E6%A0%A1?from=feed'>#\u820c\u5c16\u4e0a\u7684\u6bcd\u6821#<\/a> \u5b66\u6821\u5f53\u5e74\u4e25\u67e5\u9152\u7cbe\u7089\u3001\u9505\u3002\u4e8e\u662f\u6211\u53d1\u660e\u4e86\u5ba4\u5185\u91ce\u708a\u706b\u9505\u6cd5\uff0c\u6df1\u53d7\u540c\u5b66\u4eec\u7684\u559c\u7231\uff1a\u7528\u996d\u7f38\u4e0a\u7684\u642a\u74f7\u76d8\u5b50\u88c5\u9152\u7cbe\uff0c\u8fb9\u4e0a\u67b6\u4e24\u5757\u7816\u5934\uff0c\u7816\u4e0a\u652f\u4e2a\u4e0d\u9508\u94a2\u8138\u76c6\uff0c\u51ac\u5929\u6dae\u8089\uff0c\u590f\u5929\u71ac\u7ca5\u3002 \u200b\u200b\u200b","source":"\u8bdd\u9898","favorited":false,"is_paid":false,"mblog_vip_type":0,"user":{"id":1401527553,"screen_name":"tombkeeper","profile_image_url":"https:\/\/tva2.sinaimg.cn\/crop.0.0.180.180.180\/53899d01jw8fcb9qpe7vbj2050050mx8.jpg","profile_url":"https:\/\/m.weibo.cn\/u\/1401527553?uid=1401527553&luicode=10000011&lfid=1076031401527553","statuses_count":15425,"verified":true,"verified_type":0,"verified_type_ext":1,"verified_reason":"\u77e5\u540d\u4e92\u8054\u7f51\u8d44\u8baf\u535a\u4e3b","close_blue_v":false,"description":"\u5fae\u535a\u672c\u5730\u8d44\u8baf\u535a\u4e3b\uff08\u521a\u679c\u5e03\u62c9\u67f4\u7ef4\u5c14\uff09","gender":"m","mbtype":12,"urank":48,"mbrank":6,"follow_me":false,"following":false,"followers_count":192533,"follow_count":277,"cover_image_phone":"https:\/\/tva1.sinaimg.cn\/crop.0.0.640.640.640\/549d0121tw1egm1kjly3jj20hs0hsq4f.jpg","avatar_hd":"https:\/\/ww2.sinaimg.cn\/orj480\/53899d01jw8fcb9qpe7vbj2050050mx8.jpg","like":false,"like_me":false,"badge":{"bind_taobao":1,"dzwbqlx_2016":1,"follow_whitelist_video":1,"hongbao_2018":1}},"reposts_count":8,"comments_count":10,"attitudes_count":0,"pending_approval_count":0,"isLongText":false,"visible":{"type":0,"list_id":0},"more_info_type":0,"content_auth":0,"edit_config":{"edited":false},"mblogtype":0,"page_info":{"page_pic":{"url":"https:\/\/ww1.sinaimg.cn\/thumb150\/6412a4a2gw1egeqn6a8qoj205005074j.jpg"},"page_url":"https:\/\/m.weibo.cn\/p\/index?containerid=100808d151619e5788e6238aec57886aee1d42&extparam=%E8%88%8C%E5%B0%96%E4%B8%8A%E7%9A%84%E6%AF%8D%E6%A0%A1&luicode=10000011&lfid=1076031401527553","page_title":"#\u820c\u5c16\u4e0a\u7684\u6bcd\u6821#","content1":"\u7f8e\u98df\u7eaa\u5f55\u7247\u300a\u820c\u5c16\u4e0a\u7684\u4e2d\u56fd\u300b\u8fd1\u671f\u70ed\u6620\uff0c\u4e0d\u5c11\u540c\u5b66\u81ea\u7136\u5f00\u59cb\u70b9\u8bc4\u6216\u6000\u5ff5\u8d77\u201c\u820c\u5c16\u4e0a\u7684\u6bcd\u6821\u201d\u2026\u820c\u5c16\u4e0a\u7684\u798f\u5efa\u5de5\u4e1a\u5b66\u6821\uff0c\u98df\u5802\u83dc\u4fbf\u5b9c\u54ed\u4e86\uff01\u5bf9\u6bcd\u6821\u7684\u996e\u98df\uff0c\u8c01\u4f1a\u6ca1\u6709\u70b9\u72ec\u7279\u7684\u56de\u5fc6\u548c\u60c5\u7ed3\u5462\uff1f\u4e00\u8d77\u6765\u5199\u5199\u6211\u4eec\u81ea\u5df1\u820c\u5c16\u4e0a\u7684\u6bcd\u6821\u5427\uff01","content2":"14\u4eba\u5173\u6ce8","type":"topic"},"bid":"ykmKVaCwM"},"show_type":0},{"card_type":9,"itemid":"1076031401527553_-_3448538606226528","scheme":"https:\/\/m.weibo.cn\/status\/ykmI4q7NS?mblogid=ykmI4q7NS&luicode=10000011&lfid=1076031401527553","mblog":{"created_at":"2012-05-22","id":"3448538606226528","idstr":"3448538606226528","mid":"3448538606226528","can_edit":false,"text":"\u4f60\u53c8\u4e0a\u5c42\u6b21\u4e86\u3002","source":"\u5fae\u535a weibo.com","favorited":false,"is_paid":false,"mblog_vip_type":0,"user":{"id":1401527553,"screen_name":"tombkeeper","profile_image_url":"https:\/\/tva2.sinaimg.cn\/crop.0.0.180.180.180\/53899d01jw8fcb9qpe7vbj2050050mx8.jpg","profile_url":"https:\/\/m.weibo.cn\/u\/1401527553?uid=1401527553&luicode=10000011&lfid=1076031401527553","statuses_count":15425,"verified":true,"verified_type":0,"verified_type_ext":1,"verified_reason":"\u77e5\u540d\u4e92\u8054\u7f51\u8d44\u8baf\u535a\u4e3b","close_blue_v":false,"description":"\u5fae\u535a\u672c\u5730\u8d44\u8baf\u535a\u4e3b\uff08\u521a\u679c\u5e03\u62c9\u67f4\u7ef4\u5c14\uff09","gender":"m","mbtype":12,"urank":48,"mbrank":6,"follow_me":false,"following":false,"followers_count":192533,"follow_count":277,"cover_image_phone":"https:\/\/tva1.sinaimg.cn\/crop.0.0.640.640.640\/549d0121tw1egm1kjly3jj20hs0hsq4f.jpg","avatar_hd":"https:\/\/ww2.sinaimg.cn\/orj480\/53899d01jw8fcb9qpe7vbj2050050mx8.jpg","like":false,"like_me":false,"badge":{"bind_taobao":1,"dzwbqlx_2016":1,"follow_whitelist_video":1,"hongbao_2018":1}},"retweeted_status":{"created_at":"2012-05-22","id":"3448537495189209","idstr":"3448537495189209","mid":"3448537495189209","can_edit":false,"text":"\u9760\uff0c\u8d8a\u6765\u8d8a\u53d1\u73b0\u628a\u76ae\u5e26\u63d0\u5230\u80f8\u812f\u4e0b\u662f\u5f88\u79cd\u8212\u670d\u7684\u7cfb\u6cd5\u3002 \u200b\u200b\u200b","source":"Android\u5ba2\u6237\u7aef","favorited":false,"is_paid":false,"mblog_vip_type":0,"user":{"id":1420432315,"screen_name":"\u6d77\u4e0a\u4e0d\u4e8c","profile_image_url":"https:\/\/tva3.sinaimg.cn\/crop.0.0.180.180.180\/54aa13bbjw1e8qgp5bmzyj2050050aa8.jpg","profile_url":"https:\/\/m.weibo.cn\/u\/1420432315?uid=1420432315&luicode=10000011&lfid=1076031401527553","statuses_count":916,"verified":false,"verified_type":200,"close_blue_v":false,"description":"\u8fdc\u5c71\u957f\uff0c\u4e91\u5c71\u4e71\uff0c\u6653\u5c71\u9752\u3002","gender":"m","mbtype":0,"urank":22,"mbrank":0,"follow_me":false,"following":false,"followers_count":542,"follow_count":368,"cover_image_phone":"https:\/\/tva1.sinaimg.cn\/crop.0.0.640.640.640\/549d0121tw1egm1kjly3jj20hs0hsq4f.jpg","avatar_hd":"https:\/\/ww3.sinaimg.cn\/orj480\/54aa13bbjw1e8qgp5bmzyj2050050aa8.jpg","like":false,"like_me":false,"badge":{"unread_pool":1,"unread_pool_ext":1}},"reposts_count":14,"comments_count":11,"attitudes_count":0,"pending_approval_count":0,"isLongText":false,"visible":{"type":0,"list_id":0},"more_info_type":0,"content_auth":0,"edit_config":{"edited":false},"bid":"ykmGhlLWV"},"reposts_count":10,"comments_count":4,"attitudes_count":0,"pending_approval_count":0,"isLongText":false,"visible":{"type":0,"list_id":0},"more_info_type":0,"content_auth":0,"edit_config":{"edited":false},"mblogtype":0,"obj_ext":"","raw_text":"\u4f60\u53c8\u4e0a\u5c42\u6b21\u4e86\u3002","bid":"ykmI4q7NS"},"show_type":0}],"showAppTips":0,"scheme":"sinaweibo:\/\/cardlist?containerid=1076031401527553&extparam=&luicode=10000011&lfid=&featurecode="}}