{"ok":1,"data":{"cardlistInfo":{"containerid":"1076031401527553","v_p":42,"show_style":1,"total":15518,"page":50},"cards":[{"card_type":9,"itemid":"1076031401527553_-_3444162626247174","scheme":"https:\/\/m.weibo.cn\/status\/yiwS2qdaS?mblogid=yiwS2qdaS&luicode=10000011&lfid=1076031401527553","mblog":{"created_at":"2012-05-10","id":"3444162626247174","idstr":"3444162626247174","mid":"3444162626247174","can_edit":false,"text":"\u7531\u4e8e\u767d\u5929\u690e\u95f4\u76d8\u53d7\u538b\uff0c\u4ee5\u53ca\u7ef4\u6301\u7ad9\u59ff\u7684\u808c\u8089\u75b2\u52b3\u5bfc\u81f4\u810a\u67f1\u751f\u7406\u5f2f\u66f2\u66f2\u7387\u589e\u5927\u7b49\u56e0\u7d20\uff0c\u6210\u5e74\u4eba\u665a\u4e0a\u6bd4\u65e9\u6668\u77ee1~2cm\u5f88\u6b63\u5e38\u3002\u5982\u679c\u767d\u5929\u8fdb\u884c\u8fc7\u8d1f\u91cd\u3001\u957f\u8dd1\u7b49\uff0c\u77ee3~4\u5398\u7c73\u4e5f\u6709\u53ef\u80fd\u3002\u6211\u89c9\u5f97\u5b66\u8fc7\u751f\u7269\u7684\u4eba\u5e94\u8be5\u77e5\u9053\u8fd9\u4e00\u70b9\u3002","source":"\u5fae\u535a\u684c\u9762","favorited":false,"is_paid":false,"mblog_vip_type":0,"user":{"id":1401527553,"screen_name":"tombkeeper","profile_image_url":"https:\/\/tva2.sinaimg.cn\/crop.0.0.180.180.180\/53899d01jw8fcb9qpe7vbj2050050mx8.jpg","profile_url":"https:\/\/m.weibo.cn\/u\/1401527553?uid=1401527553&luicode=10000011&lfid=1076031401527553","statuses_count":15425,"verified":true,"verified_type":0,"verified_type_ext":1,"verified_reason":"\u77e5\u540d\u4e92\u8054\u7f51\u8d44\u8baf\u535a\u4e3b","close_blue_v":false,"description":"\u5fae\u535a\u672c\u5730\u8d44\u8baf\u535a\u4e3b\uff08\u521a\u679c\u5e03\u62c9\u67f4\u7ef4\u5c14\uff09","gender":"m","mbtype":12,"urank":48,"mbrank":6,"follow_me":false,"following":false,"followers_count":192533,"follow_count":277,"cover_image_phone":"https:\/\/tva1.sinaimg.cn\/crop.0.0.640.640.640\/549d0121tw1egm1kjly3jj20hs0hsq4f.jpg","avatar_hd":"https:\/\/ww2.sinaimg.cn\/orj480\/53899d01jw8fcb9qpe7vbj2050050mx8.jpg","like":false,"like_me":false,"badge":{"bind_taobao":1,"dzwbqlx_2016":1,"follow_whitelist_video":1,"hongbao_2018":1}},"retweeted_status":{"created_at":"2012-05-10","id":"3444160441294885","idstr":"3444160441294885","mid":"3444160441294885","can_edit":false,"text":"\u6628\u5929\u97e9\u201c\u5929\u624d\u201d\u8bf4\u4e86\u4e00\u4e2a\u4eba\u7684\u8eab\u9ad8\u662f\u6ca1\u6cd5\u81ea\u8bc1\u7684\uff0c\u4eca\u5929\u5a92\u4f53\u5c31\u6367\u81ed\u811a\uff0c\u300a\u6df1\u5733\u5546\u62a5\u300b\u8bc4\u8bba\u79f0\u201c\u8eab\u9ad8\u4ece\u6765\u90fd\u662f\u4e00\u4e2a\u5f88\u96be\u8bc1\u5b9e\u4e5f\u5f88\u96be\u8bc1\u4f2a\u7684\u2018\u4f2a\u95ee\u9898\u2019\u201d\uff0c\u8fd8\u8bf4\u201c\u8eab\u9ad8\u5e76\u975e\u4e0d\u53ef\u53d8\uff1a\u4eba\u65e9\u4e0a\u7684\u8eab\u9ad8\u6bd4\u665a\u4e0a\u7684\u8eab\u9ad8\u8981\u9ad83-4\u5398\u7c73\u662f\u5e38\u4e8b\u201d\uff0c\u4ed6\u91cf\u7684\u5f39\u7c27\u72d7\uff1f\u300a\u65b9\u821f\u5b50\u62ff\u97e9\u5bd2\u8eab\u9ad8\u8bf4\u4e8b \u4e0e\u201c\u771f\u6f14\u8bb2\u201d\u6bd4\u5fae\u4e0d\u8db3\u9053\u300b<a data-url=\"http:\/\/t.cn\/zO81LQD\" target=\"_blank\" href=\"https:\/\/weibo.cn\/sinaurl\/blockedcd7b873d?luicode=10000011&lfid=1076031401527553&u=http%3A%2F%2Fcul.sohu.com%2F20120510%2Fn342819616.shtml&ep=yiwOw5qRf%252C1195403385%252CyiwOw5qRf%252C1195403385\" class=\"\"><span class=\"url-icon\"><img src=\"\/\/h5.sinaimg.cn\/upload\/2015\/09\/25\/3\/timeline_card_small_web_default.png\"><\/span><\/i><span class=\"surl-text\">\u7f51\u9875\u94fe\u63a5<\/a> \u200b\u200b\u200b","source":"\u5fae\u535a weibo.com","favorited":false,"is_paid":false,"mblog_vip_type":0,"user":{"id":1195403385,"screen_name":"\u65b9\u821f\u5b50","profile_image_url":"https:\/\/tva2.sinaimg.cn\/crop.0.0.180.180.180\/47406879jw1e8qgp5bmzyj2050050aa8.jpg","profile_url":"https:\/\/m.weibo.cn\/u\/1195403385?uid=1195403385&luicode=10000011&lfid=1076031401527553","statuses_count":11700,"verified":true,"verified_type":0,"verified_type_ext":0,"verified_reason":"\u5b66\u8005\u3001\u79d1\u666e\u4f5c\u5bb6","close_blue_v":false,"description":"\u63e1\u7d27\u6211\u7684\u624b \/ \u8ba9\u6211\u7684\u56fe\u817e\u70d9\u5728\u4f60\u7684\u624b\u4e0a \/ \u8bf7\u4f20\u9012\u8fd9\u4e00\u628a\u706b\u3000\u76f4\u5230 \/ \u767e\u5e74\u4e4b\u540e\u3000\u6211\u6240\u6709\u7edd\u671b\u7684\u5636\u53eb\u51dd\u56fa","gender":"m","mbtype":2,"urank":24,"mbrank":2,"follow_me":false,"following":false,"followers_count":4755905,"follow_count":25,"cover_image_phone":"https:\/\/tva1.sinaimg.cn\/crop.0.0.640.640.640\/549d0121tw1egm1kjly3jj20hs0hsq4f.jpg","avatar_hd":"https:\/\/ww2.sinaimg.cn\/orj480\/47406879jw1e8qgp5bmzyj2050050aa8.jpg","like":false,"like_me":false},"reposts_count":1102,"comments_count":4173,"attitudes_count":0,"pending_approval_count":0,"isLongText":false,"visible":{"type":0,"list_id":0},"more_info_type":0,"content_auth":0,"edit_config":{"edited":false},"bid":"yiwOw5qRf"},"reposts_count":10,"comments_count":19,"attitudes_count":0,"pending_approval_count":0,"isLongText":false,"visible":{"type":0,"list_id":0},"more_info_type":0,"content_auth":0,"edit_config":{"edited":false},"mblogtype":0,"obj_ext":"","raw_text":"\u7531\u4e8e\u767d\u5929\u690e\u95f4\u76d8\u53d7\u538b\uff0c\u4ee5\u53ca\u7ef4\u6301\u7ad9\u59ff\u7684\u808c\u8089\u75b2\u52b3\u5bfc\u81f4\u810a\u67f1\u751f\u7406\u5f2f\u66f2\u66f2\u7387\u589e\u5927\u7b49\u56e0\u7d20\uff0c\u6210\u5e74\u4eba\u665a\u4e0a\u6bd4\u65e9\u6668\u77ee1~2cm\u5f88\u6b63\u5e38\u3002\u5982\u679c\u767d\u5929\u8fdb\u884c\u8fc7\u8d1f\u91cd\u3001\u957f\u8dd1\u7b49\uff0c\u77ee3~4\u5398\u7c73\u4e5f\u6709\u53ef\u80fd\u3002\u6211\u89c9\u5f97\u5b66\u8fc7\u751f\u7269\u7684\u4eba\u5e94\u8be5\u77e5\u9053\u8fd9\u4e00\u70b9\u3002","bid":"yiwS2qdaS"},"show_type":0},{"card_type":9,"itemid":"1076031401527553_-_3444107534183912","scheme":"https:\/\/m.weibo.cn\/status\/yivrbhyqs?mblogid=yivrbhyqs&luicode=10000011&lfid=1076031401527553","mblog":{"created_at":"2012-05-10","id":"3444107534183912","idstr":"3444107534183912","mid":"3444107534183912","can_edit":false,"text":"\u7f51\u6613\u65b0\u95fb\uff1a\u300a\u56fd\u4eba\u53d7\u8fb1\u5984\u60f3\u75c7\u4e45\u75c5\u96be\u533b\u300b<a data-url=\"http:\/\/t.cn\/zO88WQx\" target=\"_blank\" href=\"https:\/\/weibo.cn\/sinaurl\/blockedccba56dc?luicode=10000011&lfid=1076031401527553&u=http%3A%2F%2Fnews.163.com%2Fspecial%2Freviews%2Fchinasnationalism0510.html&ep=yivrbhyqs%252C1401527553%252Cyivrbhyqs%252C1401527553\" class=\"\"><span class=\"url-icon\"><img src=\"\/\/h5.sinaimg.cn\/upload\/2015\/09\/25\/3\/timeline_card_small_web_default.png\"><\/span><\/i><span class=\"surl-text\">\u7f51\u9875\u94fe\u63a5<\/a>\u3002\u8fd9\u4e2a\u4e13\u9898\u8fd8\u884c\uff0c\u4f46\u51d1\u7684\u4f8b\u5b50\u592a\u591a\u4e86\u3002\u5728\u8bfb\u8005\u666e\u904d\u903b\u8f91\u6027\u8f83\u5dee\u7684\u73af\u5883\u4e2d\uff0c10\u4e2a\u4f8b\u5b50\u53ea\u8981\u67091\u4e2a\u8bf4\u670d\u529b\u4e0d\u591f\u5f3a\uff0c\u5c31\u4f1a\u628a\u6574\u7bc7\u6587\u7ae0\u7684\u529b\u91cf\u62c9\u4e0b\u6765\u3002\u8fd8\u4e0d\u5982\u53ea\u4e3e5\u4e2a\u663e\u800c\u6613\u89c1\u677f\u4e0a\u9489\u9489\u7684\u4f8b\u5b50\u3002 \u200b\u200b\u200b","source":"\u5fae\u535a weibo.com","favorited":false,"is_paid":false,"mblog_vip_type":0,"user":{"id":1401527553,"screen_name":"tombkeeper","profile_image_url":"https:\/\/tva2.sinaimg.cn\/crop.0.0.180.180.180\/53899d01jw8fcb9qpe7vbj2050050mx8.jpg","profile_url":"https:\/\/m.weibo.cn\/u\/1401527553?uid=1401527553&luicode=10000011&lfid=1076031401527553","statuses_count":15425,"verified":true,"verified_type":0,"verified_type_ext":1,"verified_reason":"\u77e5\u540d\u4e92\u8054\u7f51\u8d44\u8baf\u535a\u4e3b","close_blue_v":false,"description":"\u5fae\u535a\u672c\u5730\u8d44\u8baf\u535a\u4e3b\uff08\u521a\u679c\u5e03\u62c9\u67f4\u7ef4\u5c14\uff09","gender":"m","mbtype":12,"urank":48,"mbrank":6,"follow_me":false,"following":false,"followers_count":192533,"follow_count":277,"cover_image_phone":"https:\/\/tva1.sinaimg.cn\/crop.0.0.640.640.640\/549d0121tw1egm1kjly3jj20hs0hsq4f.jpg","avatar_hd":"https:\/\/ww2.sinaimg.cn\/orj480\/53899d01jw8fcb9qpe7vbj2050050mx8.jpg","like":false,"like_me":false,"badge":{"bind_taobao":1,"dzwbqlx_2016":1,"follow_whitelist_video":1,"hongbao_2018":1}},"reposts_count":12,"comments_count":2,"attitudes_count":0,"pending_approval_count":0,"isLongText":false,"visible":{"type":0,"list_id":0},"more_info_type":0,"content_auth":0,"edit_config":{"edited":false},"mblogtype":0,"bid":"yivrbhyqs"},"show_type":0},{"card_type":9,"itemid":"1076031401527553_-_3444070812982123","scheme":"https:\/\/m.weibo.cn\/status\/yiutXcvML?mblogid=yiutXcvML&luicode=10000011&lfid=1076031401527553","mblog":{"created_at":"2012-05-10","id":"3444070812982123","idstr":"3444070812982123","mid":"3444070812982123","can_edit":false,"text":"\u4eba\u65e9\u6668\u548c\u665a\u4e0a\u7684\u8eab\u9ad8\u4f1a\u6709\u7ea61cm\u7684\u5dee\u522b\u3002\u771f\u8981\u8d4c\uff0c\u8fd9\u4e2a\u56e0\u7d20\u5f97\u8003\u8651\u8fdb\u53bb\u3002\/\/<a href='https:\/\/m.weibo.cn\/n\/\u9ec4\u4e00\u5b5f'>@\u9ec4\u4e00\u5b5f<\/a>: <a href='https:\/\/m.weibo.cn\/n\/\u5f90\u5ba5\u7bb4'>@\u5f90\u5ba5\u7bb4<\/a> \u8001\u5e08\uff0c\u6211\u4eec\u7684\u8d4c\u5c40\u80fd\u4e0d\u80fd\u6362\u6210\u97e9\u5bd2\u7684\u8eab\u9ad8\u5230\u6ca1\u5230170\u554a\uff1f\u8fd9\u624d\u80fd\u5feb\u901f\u51fa\u7ed3\u679c\u554a\uff01","source":"\u5fae\u535a weibo.com","favorited":false,"is_paid":false,"mblog_vip_type":0,"user":{"id":1401527553,"screen_name":"tombkeeper","profile_image_url":"https:\/\/tva2.sinaimg.cn\/crop.0.0.180.180.180\/53899d01jw8fcb9qpe7vbj2050050mx8.jpg","profile_url":"https:\/\/m.weibo.cn\/u\/1401527553?uid=1401527553&luicode=10000011&lfid=1076031401527553","statuses_count":15425,"verified":true,"verified_type":0,"verified_type_ext":1,"verified_reason":"\u77e5\u540d\u4e92\u8054\u7f51\u8d44\u8baf\u535a\u4e3b","close_blue_v":false,"description":"\u5fae\u535a\u672c\u5730\u8d44\u8baf\u535a\u4e3b\uff08\u521a\u679c\u5e03\u62c9\u67f4\u7ef4\u5c14\uff09","gender":"m","mbtype":12,"urank":48,"mbrank":6,"follow_me":false,"following":false,"followers_count":192533,"follow_count":277,"cover_image_phone":"https:\/\/tva1.sinaimg.cn\/crop.0.0.640.640.640\/549d0121tw1egm1kjly3jj20hs0hsq4f.jpg","avatar_hd":"https:\/\/ww2.sinaimg.cn\/orj480\/53899d01jw8fcb9qpe7vbj2050050mx8.jpg","like":false,"like_me":false,"badge":{"bind_taobao":1,"dzwbqlx_2016":1,"follow_whitelist_video":1,"hongbao_2018":1}},"pid":3443932644298462,"retweeted_status":{"created_at":"2012-05-09","id":"3443923899073596","idstr":"3443923899073596","mid":"3443923899073596","can_edit":false,"text":"\u6211\u4e5f\u4e0d\u77e5\u9053\u97e9\u5bd2\u591a\u9ad8\u3002\u4f46\u770b\u4e86\u90a3\u4e9b\u8bc1\u660e\u97e9\u5bd21\u7c7364\u7684\u5404\u79cd\u201c\u51e0\u4f55\u5b66\u201d\uff0c\u4e00\u4e2a\u6bd4\u4e00\u4e2a\u626f\u3002\u4e8e\u662f\u5c31\u60f3\u81ea\u5df1\u67e5\u67e5\u770b\u3002\u6211\u662f\u8fd9\u4e48\u505a\u7684\uff1a\u627e\u5386\u5e74\u4ee5\u6765\uff0c\u97e9\u5bd2\u6bd4\u8d5b\u540e\u548c\u961f\u53cb\u7a7f\u8d5b\u8f66\u978b\u80a9\u5e76\u80a9\u7ad9\u7740\u7684\u5408\u5f71\uff0c\u7136\u540e\u67e5\u90a3\u4e9b\u961f\u53cb\u4eec\u7684\u8eab\u9ad8\u3002\u8fd9\u79cd\u7167\u7247\u5e76\u4e0d\u96be\u627e\uff0c\u4e5f\u5f88\u5bb9\u6613\u89c2\u5bdf\u3002\u8f66\u624b\u7684\u8eab\u9ad8\u6570\u636e\u6bd4\u8f83\u5bb9\u6613\u67e5\u5230\uff0c\u6bd4\u8d77\u6f14\u827a\u660e\u661f\u6765\u8bf4\u4e5f\u66f4\u53ef\u4fe1\u3002 \u200b\u200b\u200b","source":"\u5fae\u535a weibo.com","favorited":false,"is_paid":false,"mblog_vip_type":0,"user":{"id":1401527553,"screen_name":"tombkeeper","profile_image_url":"https:\/\/tva2.sinaimg.cn\/crop.0.0.180.180.180\/53899d01jw8fcb9qpe7vbj2050050mx8.jpg","profile_url":"https:\/\/m.weibo.cn\/u\/1401527553?uid=1401527553&luicode=10000011&lfid=1076031401527553","statuses_count":15425,"verified":true,"verified_type":0,"verified_type_ext":1,"verified_reason":"\u77e5\u540d\u4e92\u8054\u7f51\u8d44\u8baf\u535a\u4e3b","close_blue_v":false,"description":"\u5fae\u535a\u672c\u5730\u8d44\u8baf\u535a\u4e3b\uff08\u521a\u679c\u5e03\u62c9\u67f4\u7ef4\u5c14\uff09","gender":"m","mbtype":12,"urank":48,"mbrank":6,"follow_me":false,"following":false,"followers_count":192533,"follow_count":277,"cover_image_phone":"https:\/\/tva1.sinaimg.cn\/crop.0.0.640.640.640\/549d0121tw1egm1kjly3jj20hs0hsq4f.jpg","avatar_hd":"https:\/\/ww2.sinaimg.cn\/orj480\/53899d01jw8fcb9qpe7vbj2050050mx8.jpg","like":false,"like_me":false,"badge":{"bind_taobao":1,"dzwbqlx_2016":1,"follow_whitelist_video":1,"hongbao_2018":1}},"reposts_count":16,"comments_count":33,"attitudes_count":0,"pending_approval_count":0,"isLongText":false,"visible":{"type":0,"list_id":0},"more_info_type":0,"content_auth":0,"edit_config":{"edited":false},"bid":"yiqEZC4sk"},"reposts_count":0,"comments_count":4,"attitudes_count":0,"pending_approval_count":0,"isLongText":false,"visible":{"type":0,"list_id":0},"more_info_type":0,"content_auth":0,"edit_config":{"edited":false},"mblogtype":0,"obj_ext":"","raw_text":"\u4eba\u65e9\u6668\u548c\u665a\u4e0a\u7684\u8eab\u9ad8\u4f1a\u6709\u7ea61cm\u7684\u5dee\u522b\u3002\u771f\u8981\u8d4c\uff0c\u8fd9\u4e2a\u56e0\u7d20\u5f97\u8003\u8651\u8fdb\u53bb\u3002\/\/@\u9ec4\u4e00\u5b5f: @\u5f90\u5ba5\u7bb4 \u8001\u5e08\uff0c\u6211\u4eec\u7684\u8d4c\u5c40\u80fd\u4e0d\u80fd\u6362\u6210\u97e9\u5bd2\u7684\u8eab\u9ad8\u5230\u6ca1\u5230170\u554a\uff1f\u8fd9\u624d\u80fd\u5feb\u901f\u51fa\u7ed3\u679c\u554a\uff01","bid":"yiutXcvML"},"show_type":0},{"card_type":9,"itemid":"1076031401527553_-_3444064995679928","scheme":"https:\/\/m.weibo.cn\/status\/yiukznPBK?mblogid=yiukznPBK&luicode=10000011&lfid=1076031401527553","mblog":{"created_at":"2012-05-10","id":"3444064995679928","idstr":"3444064995679928","mid":"3444064995679928","can_edit":false,"text":"\u56de\u590d<a href='https:\/\/m.weibo.cn\/n\/\u5bc6\u5546'>@\u5bc6\u5546<\/a>: \u4ed6\u961f\u53cb\u4e2d\u67091\u7c7380\u7684\uff0c\u4e5f\u67091\u7c7372\u7684\uff0c\u591a\u627e\u51e0\u5f20\u7167\u7247\uff0c\u4e00\u770b\u4fbf\u77e5\u3002 \/\/<a href='https:\/\/m.weibo.cn\/n\/\u5bc6\u5546'>@\u5bc6\u5546<\/a>:\u8fd9\u79cd\u53ea\u8981\u6709\u70b9\u9ad8\u4e2d\u6570\u5b66\u77e5\u8bc6\uff0c\u4e0d\u9700\u8981\u52a8\u6295\u5f71\u51e0\u4f55\uff0c\u81f3\u5c11\u80fd\u770b\u51fa\u4ed6\u4eec\u7684\u8bba\u8bc1\u6f0f\u6d1e\u767e\u51fa\uff0c\u6211\u4e0d\u4fe1\u65b9\u821f\u5b50\u4f1a\u4e0d\u61c2\u3002","source":"\u5fae\u535a weibo.com","favorited":false,"is_paid":false,"mblog_vip_type":0,"user":{"id":1401527553,"screen_name":"tombkeeper","profile_image_url":"https:\/\/tva2.sinaimg.cn\/crop.0.0.180.180.180\/53899d01jw8fcb9qpe7vbj2050050mx8.jpg","profile_url":"https:\/\/m.weibo.cn\/u\/1401527553?uid=1401527553&luicode=10000011&lfid=1076031401527553","statuses_count":15425,"verified":true,"verified_type":0,"verified_type_ext":1,"verified_reason":"\u77e5\u540d\u4e92\u8054\u7f51\u8d44\u8baf\u535a\u4e3b","close_blue_v":false,"description":"\u5fae\u535a\u672c\u5730\u8d44\u8baf\u535a\u4e3b\uff08\u521a\u679c\u5e03\u62c9\u67f4\u7ef4\u5c14\uff09","gender":"m","mbtype":12,"urank":48,"mbrank":6,"follow_me":false,"following":false,"followers_count":192533,"follow_count":277,"cover_image_phone":"https:\/\/tva1.sinaimg.cn\/crop.0.0.640.640.640\/549d0121tw1egm1kjly3jj20hs0hsq4f.jpg","avatar_hd":"https:\/\/ww2.sinaimg.cn\/orj480\/53899d01jw8fcb9qpe7vbj2050050mx8.jpg","like":false,"like_me":false,"badge":{"bind_taobao":1,"dzwbqlx_2016":1,"follow_whitelist_video":1,"hongbao_2018":1}},"retweeted_status":{"created_at":"2012-05-09","id":"3443923920050976","idstr":"3443923920050976","mid":"3443923920050976","can_edit":false,"text":"\u5f53\u7136\uff0c\u8fd9\u4e8b\u5f88\u65e0\u804a\u3002\u591a\u65e0\u804a\u5462\uff1f\u65e0\u804a\u5230\u6211\u8ba4\u8bc6\u7684\u51e0\u4e2a\u6000\u7591\u4ee3\u7b14\u7684\u4eba\u4e5f\u89c9\u5f97\u592a\u65e0\u804a\u4e86\u3002\u4f46\u8eab\u9ad8\u548c\u4ee3\u7b14\u4e0d\u4e00\u6837\uff0c\u662f\u80fd\u51fa\u7ed3\u8bba\u7684\u3002\u6240\u4ee5\uff0c\u6211\u60f3\u7b49\u7740\u770b\u70b9\u70ed\u95f9\u3002\u7b49\u4ec0\u4e48\u5462\uff1f\u4e0d\u662f\u7b49\u97e9\u5bd2\u8131\u978b\u91cf\u8eab\u9ad8\uff0c\u6211\u60f3\u770b\u7684\u662f\uff0c\u5728\u8fd9\u4e4b\u540e\uff0c\u90a3\u4e9b1\u7c7364\u51e0\u4f55\u5b66\u5bb6\u4eec\u7684\u5634\u8138\u3002\u5b83\u4eec\u90a3\u65f6\u7684\u5404\u79cd\u6240\u8a00\u6240\u884c\uff0c\u624d\u662f\u6211\u5728\u5730\u7403\u4e4b\u65c5\u4e2d\u6700\u7231\u6536\u96c6\u7684\u5947\u73cd\u3002 \u200b\u200b\u200b","source":"\u5fae\u535a weibo.com","favorited":false,"is_paid":false,"mblog_vip_type":0,"user":{"id":1401527553,"screen_name":"tombkeeper","profile_image_url":"https:\/\/tva2.sinaimg.cn\/crop.0.0.180.180.180\/53899d01jw8fcb9qpe7vbj2050050mx8.jpg","profile_url":"https:\/\/m.weibo.cn\/u\/1401527553?uid=1401527553&luicode=10000011&lfid=1076031401527553","statuses_count":15425,"verified":true,"verified_type":0,"verified_type_ext":1,"verified_reason":"\u77e5\u540d\u4e92\u8054\u7f51\u8d44\u8baf\u535a\u4e3b","close_blue_v":false,"description":"\u5fae\u535a\u672c\u5730\u8d44\u8baf\u535a\u4e3b\uff08\u521a\u679c\u5e03\u62c9\u67f4\u7ef4\u5c14\uff09","gender":"m","mbtype":12,"urank":48,"mbrank":6,"follow_me":false,"following":false,"followers_count":192533,"follow_count":277,"cover_image_phone":"https:\/\/tva1.sinaimg.cn\/crop.0.0.640.640.640\/549d0121tw1egm1kjly3jj20hs0hsq4f.jpg","avatar_hd":"https:\/\/ww2.sinaimg.cn\/orj480\/53899d01jw8fcb9qpe7vbj2050050mx8.jpg","like":false,"like_me":false,"badge":{"bind_taobao":1,"dzwbqlx_2016":1,"follow_whitelist_video":1,"hongbao_2018":1}},"reposts_count":49,"comments_count":30,"attitudes_count":0,"pending_approval_count":0,"isLongText":false,"visible":{"type":0,"list_id":0},"more_info_type":0,"content_auth":0,"edit_config":{"edited":false},"bid":"yiqF20dgc"},"reposts_count":3,"comments_count":9,"attitudes_count":0,"pending_approval_count":0,"isLongText":false,"visible":{"type":0,"list_id":0},"more_info_type":0,"content_auth":0,"edit_config":{"edited":false},"mblogtype":0,"obj_ext":"","raw_text":"\u56de\u590d@\u5bc6\u5546: \u4ed6\u961f\u53cb\u4e2d\u67091\u7c7380\u7684\uff0c\u4e5f\u67091\u7c7372\u7684\uff0c\u591a\u627e\u51e0\u5f20\u7167\u7247\uff0c\u4e00\u770b\u4fbf\u77e5\u3002 \/\/@\u5bc6\u5546:\u8fd9\u79cd\u53ea\u8981\u6709\u70b9\u9ad8\u4e2d\u6570\u5b66\u77e5\u8bc6\uff0c\u4e0d\u9700\u8981\u52a8\u6295\u5f71\u51e0\u4f55\uff0c\u81f3\u5c11\u80fd\u770b\u51fa\u4ed6\u4eec\u7684\u8bba\u8bc1\u6f0f\u6d1e\u767e\u51fa\uff0c\u6211\u4e0d\u4fe1\u65b9\u821f\u5b50\u4f1a\u4e0d\u61c2\u3002","bid":"yiukznPBK"},"show_type":0},{"card_type":9,"itemid":"1076031401527553_-_3443925602068399","scheme":"https:\/\/m.weibo.cn\/status\/yiqHK8G5h?mblogid=yiqHK8G5h&luicode=10000011&lfid=1076031401527553","mblog":{"created_at":"2012-05-10","id":"3443925602068399","idstr":"3443925602068399","mid":"3443925602068399","can_edit":false,"text":"\u81f3\u4e8e\u4e3a\u4ec0\u4e48\u5c45\u7136\u4f1a\u65e0\u804a\u5230\u8eab\u9ad8\u8fd9\u4e00\u70b9\u4e0a\uff0c\u6211\u89c9\u5f97\u4e5f\u8bb8\u662f\u56e0\u4e3a\uff0c\u5728\u53ef\u5408\u6cd5\u793a\u4eba\u7684\u5404\u79cd\u5916\u5728\u6761\u4ef6\u4e2d\uff0c\u4ed61\u7c7380\u7684\u8eab\u9ad8\u53ef\u80fd\u662f\u552f\u4e00\u6bd4\u8f83\u81ea\u4fe1\uff0c\u6709\u628a\u63e1\u80dc\u8fc7\u97e9\u5bd2\u7684\u3002 \u200b\u200b\u200b","source":"\u5fae\u535a weibo.com","favorited":false,"is_paid":false,"mblog_vip_type":0,"user":{"id":1401527553,"screen_name":"tombkeeper","profile_image_url":"https:\/\/tva2.sinaimg.cn\/crop.0.0.180.180.180\/53899d01jw8fcb9qpe7vbj2050050mx8.jpg","profile_url":"https:\/\/m.weibo.cn\/u\/1401527553?uid=1401527553&luicode=10000011&lfid=1076031401527553","statuses_count":15425,"verified":true,"verified_type":0,"verified_type_ext":1,"verified_reason":"\u77e5\u540d\u4e92\u8054\u7f51\u8d44\u8baf\u535a\u4e3b","close_blue_v":false,"description":"\u5fae\u535a\u672c\u5730\u8d44\u8baf\u535a\u4e3b\uff08\u521a\u679c\u5e03\u62c9\u67f4\u7ef4\u5c14\uff09","gender":"m","mbtype":12,"urank":48,"mbrank":6,"follow_me":false,"following":false,"followers_count":192533,"follow_count":277,"cover_image_phone":"https:\/\/tva1.sinaimg.cn\/crop.0.0.640.640.640\/549d0121tw1egm1kjly3jj20hs0hsq4f.jpg","avatar_hd":"https:\/\/ww2.sinaimg.cn\/orj480\/53899d01jw8fcb9qpe7vbj2050050mx8.jpg","like":false,"like_me":false,"badge":{"bind_taobao":1,"dzwbqlx_2016":1,"follow_whitelist_video":1,"hongbao_2018":1}},"reposts_count":21,"comments_count":34,"attitudes_count":0,"pending_approval_count":0,"isLongText":false,"visible":{"type":0,"list_id":0},"more_info_type":0,"content_auth":0,"edit_config":{"edited":false},"mblogtype":0,"bid":"yiqHK8G5h"},"show_type":0},{"card_type":9,"itemid":"1076031401527553_-_3443923920050976","scheme":"https:\/\/m.weibo.cn\/status\/yiqF20dgc?mblogid=yiqF20dgc&luicode=10000011&lfid=1076031401527553","mblog":{"created_at":"2012-05-09","id":"3443923920050976","idstr":"3443923920050976","mid":"3443923920050976","can_edit":false,"text":"\u5f53\u7136\uff0c\u8fd9\u4e8b\u5f88\u65e0\u804a\u3002\u591a\u65e0\u804a\u5462\uff1f\u65e0\u804a\u5230\u6211\u8ba4\u8bc6\u7684\u51e0\u4e2a\u6000\u7591\u4ee3\u7b14\u7684\u4eba\u4e5f\u89c9\u5f97\u592a\u65e0\u804a\u4e86\u3002\u4f46\u8eab\u9ad8\u548c\u4ee3\u7b14\u4e0d\u4e00\u6837\uff0c\u662f\u80fd\u51fa\u7ed3\u8bba\u7684\u3002\u6240\u4ee5\uff0c\u6211\u60f3\u7b49\u7740\u770b\u70b9\u70ed\u95f9\u3002\u7b49\u4ec0\u4e48\u5462\uff1f\u4e0d\u662f\u7b49\u97e9\u5bd2\u8131\u978b\u91cf\u8eab\u9ad8\uff0c\u6211\u60f3\u770b\u7684\u662f\uff0c\u5728\u8fd9\u4e4b\u540e\uff0c\u90a3\u4e9b1\u7c7364\u51e0\u4f55\u5b66\u5bb6\u4eec\u7684\u5634\u8138\u3002\u5b83\u4eec\u90a3\u65f6\u7684\u5404\u79cd\u6240\u8a00\u6240\u884c\uff0c\u624d\u662f\u6211\u5728\u5730\u7403\u4e4b\u65c5\u4e2d\u6700\u7231\u6536\u96c6\u7684\u5947\u73cd\u3002 \u200b\u200b\u200b","source":"\u5fae\u535a weibo.com","favorited":false,"is_paid":false,"mblog_vip_type":0,"user":{"id":1401527553,"screen_name":"tombkeeper","profile_image_url":"https:\/\/tva2.sinaimg.cn\/crop.0.0.180.180.180\/53899d01jw8fcb9qpe7vbj2050050mx8.jpg","profile_url":"https:\/\/m.weibo.cn\/u\/1401527553?uid=1401527553&luicode=10000011&lfid=1076031401527553","statuses_count":15425,"verified":true,"verified_type":0,"verified_type_ext":1,"verified_reason":"\u77e5\u540d\u4e92\u8054\u7f51\u8d44\u8baf\u535a\u4e3b","close_blue_v":false,"description":"\u5fae\u535a\u672c\u5730\u8d44\u8baf\u535a\u4e3b\uff08\u521a\u679c\u5e03\u62c9\u67f4\u7ef4\u5c14\uff09","gender":"m","mbtype":12,"urank":48,"mbrank":6,"follow_me":false,"following":false,"followers_count":192533,"follow_count":277,"cover_image_phone":"https:\/\/tva1.sinaimg.cn\/crop.0.0.640.640.640\/549d0121tw1egm1kjly3jj20hs0hsq4f.jpg","avatar_hd":"https:\/\/ww2.sinaimg.cn\/orj480\/53899d01jw8fcb9qpe7vbj2050050mx8.jpg","like":false,"like_me":false,"badge":{"bind_taobao":1,"dzwbqlx_2016":1,"follow_whitelist_video":1,"hongbao_2018":1}},"reposts_count":49,"comments_count":30,"attitudes_count":0,"pending_approval_count":0,"isLongText":false,"visible":{"type":0,"list_id":0},"more_info_type":0,"content_auth":0,"edit_config":{"edited":false},"mblogtype":0,"bid":"yiqF20dgc"},"show_type":0},{"card_type":9,"itemid":"1076031401527553_-_3443923899073596","scheme":"https:\/\/m.weibo.cn\/status\/yiqEZC4sk?mblogid=yiqEZC4sk&luicode=10000011&lfid=1076031401527553","mblog":{"created_at":"2012-05-09","id":"3443923899073596","idstr":"3443923899073596","mid":"3443923899073596","can_edit":false,"text":"\u6211\u4e5f\u4e0d\u77e5\u9053\u97e9\u5bd2\u591a\u9ad8\u3002\u4f46\u770b\u4e86\u90a3\u4e9b\u8bc1\u660e\u97e9\u5bd21\u7c7364\u7684\u5404\u79cd\u201c\u51e0\u4f55\u5b66\u201d\uff0c\u4e00\u4e2a\u6bd4\u4e00\u4e2a\u626f\u3002\u4e8e\u662f\u5c31\u60f3\u81ea\u5df1\u67e5\u67e5\u770b\u3002\u6211\u662f\u8fd9\u4e48\u505a\u7684\uff1a\u627e\u5386\u5e74\u4ee5\u6765\uff0c\u97e9\u5bd2\u6bd4\u8d5b\u540e\u548c\u961f\u53cb\u7a7f\u8d5b\u8f66\u978b\u80a9\u5e76\u80a9\u7ad9\u7740\u7684\u5408\u5f71\uff0c\u7136\u540e\u67e5\u90a3\u4e9b\u961f\u53cb\u4eec\u7684\u8eab\u9ad8\u3002\u8fd9\u79cd\u7167\u7247\u5e76\u4e0d\u96be\u627e\uff0c\u4e5f\u5f88\u5bb9\u6613\u89c2\u5bdf\u3002\u8f66\u624b\u7684\u8eab\u9ad8\u6570\u636e\u6bd4\u8f83\u5bb9\u6613\u67e5\u5230\uff0c\u6bd4\u8d77\u6f14\u827a\u660e\u661f\u6765\u8bf4\u4e5f\u66f4\u53ef\u4fe1\u3002 \u200b\u200b\u200b","source":"\u5fae\u535a weibo.com","favorited":false,"is_paid":false,"mblog_vip_type":0,"user":{"id":1401527553,"screen_name":"tombkeeper","profile_image_url":"https:\/\/tva2.sinaimg.cn\/crop.0.0.180.180.180\/53899d01jw8fcb9qpe7vbj2050050mx8.jpg","profile_url":"https:\/\/m.weibo.cn\/u\/1401527553?uid=1401527553&luicode=10000011&lfid=1076031401527553","statuses_count":15425,"verified":true,"verified_type":0,"verified_type_ext":1,"verified_reason":"\u77e5\u540d\u4e92\u8054\u7f51\u8d44\u8baf\u535a\u4e3b","close_blue_v":false,"description":"\u5fae\u535a\u672c\u5730\u8d44\u8baf\u535a\u4e3b\uff08\u521a\u679c\u5e03\u62c9\u67f4\u7ef4\u5c14\uff09","gender":"m","mbtype":12,"urank":48,"mbrank":6,"follow_me":false,"following":false,"followers_count":192533,"follow_count":277,"cover_image_phone":"https:\/\/tva1.sinaimg.cn\/crop.0.0.640.640.640\/549d0121tw1egm1kjly3jj20hs0hsq4f.jpg","avatar_hd":"https:\/\/ww2.sinaimg.cn\/orj480\/53899d01jw8fcb9qpe7vbj2050050mx8.jpg","like":false,"like_me":false,"badge":{"bind_taobao":1,"dzwbqlx_2016":1,"follow_whitelist_video":1,"hongbao_2018":1}},"reposts_count":16,"comments_count":33,"attitudes_count":0,"pending_approval_count":0,"isLongText":false,"visible":{"type":0,"list_id":0},"more_info_type":0,"content_auth":0,"edit_config":{"edited":false},"mblogtype":0,"bid":"yiqEZC4sk"},"show_type":0},{"card_type":9,"itemid":"1076031401527553_-_3443718839106626","scheme":"https:\/\/m.weibo.cn\/status\/yilkfCd34?mblogid=yilkfCd34&luicode=10000011&lfid=1076031401527553","mblog":{"created_at":"2012-05-09","id":"3443718839106626","idstr":"3443718839106626","mid":"3443718839106626","can_edit":false,"text":"\u6211\u5c31\u8bf4\u627e\u4eba\u5199\u8fd9\u4e2a\u4e0d\u4f1a\u662f\u7a7a\u7a74\u6765\u98ce\u3002\u53ea\u662f\u82e6\u4e86\u5927\u5bb6\uff0c\u53c8\u5f97\u88ab\u5404\u79cd\u201c\u662f\u4e2d\u56fd\u4eba\u5c31\u8f6c\u201d\u6298\u78e8\u51e0\u5929\u3002","source":"\u5fae\u535a weibo.com","favorited":false,"is_paid":false,"mblog_vip_type":0,"user":{"id":1401527553,"screen_name":"tombkeeper","profile_image_url":"https:\/\/tva2.sinaimg.cn\/crop.0.0.180.180.180\/53899d01jw8fcb9qpe7vbj2050050mx8.jpg","profile_url":"https:\/\/m.weibo.cn\/u\/1401527553?uid=1401527553&luicode=10000011&lfid=1076031401527553","statuses_count":15425,"verified":true,"verified_type":0,"verified_type_ext":1,"verified_reason":"\u77e5\u540d\u4e92\u8054\u7f51\u8d44\u8baf\u535a\u4e3b","close_blue_v":false,"description":"\u5fae\u535a\u672c\u5730\u8d44\u8baf\u535a\u4e3b\uff08\u521a\u679c\u5e03\u62c9\u67f4\u7ef4\u5c14\uff09","gender":"m","mbtype":12,"urank":48,"mbrank":6,"follow_me":false,"following":false,"followers_count":192533,"follow_count":277,"cover_image_phone":"https:\/\/tva1.sinaimg.cn\/crop.0.0.640.640.640\/549d0121tw1egm1kjly3jj20hs0hsq4f.jpg","avatar_hd":"https:\/\/ww2.sinaimg.cn\/orj480\/53899d01jw8fcb9qpe7vbj2050050mx8.jpg","like":false,"like_me":false,"badge":{"bind_taobao":1,"dzwbqlx_2016":1,"follow_whitelist_video":1,"hongbao_2018":1}},"retweeted_status":{"created_at":"2012-05-08","id":"3443393184883251","idstr":"3443393184883251","mid":"3443393184883251","can_edit":false,"text":"\u300a\u4eba\u6c11\u65e5\u62a5\u300b\u6d77\u5916\u7248\u8fd9\u7bc7\u300a\u9762\u5bf9\u83f2\u5f8b\u5bbe\uff0c\u6211\u4eec\u6709\u8db3\u591f\u624b\u6bb5\u300b\u7b97\u662f\u8b66\u544a\u8fd8\u662f\u9884\u544a\uff1f<a data-url=\"http:\/\/t.cn\/zOQDHkK\" target=\"_blank\" href=\"https:\/\/weibo.cn\/sinaurl\/blocked2122c96c?luicode=10000011&lfid=1076031401527553&u=http%3A%2F%2Fpaper.people.com.cn%2Frmrbhwb%2Fhtml%2F2012-05%2F08%2Fcontent_1047405.htm&ep=yicR0kum7%252C1401527553%252CyicR0kum7%252C1401527553\" class=\"\"><span class=\"url-icon\"><img src=\"\/\/h5.sinaimg.cn\/upload\/2015\/09\/25\/3\/timeline_card_small_web_default.png\"><\/span><\/i><span class=\"surl-text\">\u7f51\u9875\u94fe\u63a5<\/a> \u200b\u200b\u200b","source":"\u5fae\u535a weibo.com","favorited":false,"is_paid":false,"mblog_vip_type":0,"user":{"id":1401527553,"screen_name":"tombkeeper","profile_image_url":"https:\/\/tva2.sinaimg.cn\/crop.0.0.180.180.180\/53899d01jw8fcb9qpe7vbj2050050mx8.jpg","profile_url":"https:\/\/m.weibo.cn\/u\/1401527553?uid=1401527553&luicode=10000011&lfid=1076031401527553","statuses_count":15425,"verified":true,"verified_type":0,"verified_type_ext":1,"verified_reason":"\u77e5\u540d\u4e92\u8054\u7f51\u8d44\u8baf\u535a\u4e3b","close_blue_v":false,"description":"\u5fae\u535a\u672c\u5730\u8d44\u8baf\u535a\u4e3b\uff08\u521a\u679c\u5e03\u62c9\u67f4\u7ef4\u5c14\uff09","gender":"m","mbtype":12,"urank":48,"mbrank":6,"follow_me":false,"following":false,"followers_count":192533,"follow_count":277,"cover_image_phone":"https:\/\/tva1.sinaimg.cn\/crop.0.0.640.640.640\/549d0121tw1egm1kjly3jj20hs0hsq4f.jpg","avatar_hd":"https:\/\/ww2.sinaimg.cn\/orj480\/53899d01jw8fcb9qpe7vbj2050050mx8.jpg","like":false,"like_me":false,"badge":{"bind_taobao":1,"dzwbqlx_2016":1,"follow_whitelist_video":1,"hongbao_2018":1}},"reposts_count":11,"comments_count":13,"attitudes_count":0,"pending_approval_count":0,"isLongText":false,"visible":{"type":0,"list_id":0},"more_info_type":0,"content_auth":0,"edit_config":{"edited":false},"bid":"yicR0kum7"},"reposts_count":1,"comments_count":3,"attitudes_count":1,"pending_approval_count":0,"isLongText":false,"visible":{"type":0,"list_id":0},"more_info_type":0,"content_auth":0,"edit_config":{"edited":false},"mblogtype":0,"obj_ext":"","raw_text":"\u6211\u5c31\u8bf4\u627e\u4eba\u5199\u8fd9\u4e2a\u4e0d\u4f1a\u662f\u7a7a\u7a74\u6765\u98ce\u3002\u53ea\u662f\u82e6\u4e86\u5927\u5bb6\uff0c\u53c8\u5f97\u88ab\u5404\u79cd\u201c\u662f\u4e2d\u56fd\u4eba\u5c31\u8f6c\u201d\u6298\u78e8\u51e0\u5929\u3002","bid":"yilkfCd34"},"show_type":0},{"card_type":9,"itemid":"1076031401527553_-_3443706219065898","scheme":"https:\/\/m.weibo.cn\/status\/yikZTC2sa?mblogid=yikZTC2sa&luicode=10000011&lfid=1076031401527553","mblog":{"created_at":"2012-05-09","id":"3443706219065898","idstr":"3443706219065898","mid":"3443706219065898","can_edit":false,"text":"\u65e5\u672c\u4e00\u5411\u5b97\u662f\u4f5b\u6559\u4e2d\u7684Lite Edition\uff0c\u7b80\u5355\u6613\u4e3a\uff0c\u5e99\u90fd\u662f\u7236\u5b50\u76f8\u4f20\u7684\u4ea7\u4e1a\u3002\u5f53\u5e74\u987a\u6cbb\u8981\u662f\u4fe1\u4e00\u5411\u5b97\uff0c\u5c31\u80fd\u7687\u4e0a\u548c\u5c1a\u4e24\u4e0d\u803d\u8bef\u4e86\u3002 \/\/<a href='https:\/\/m.weibo.cn\/n\/\u738b\u7ea2\u9633'>@\u738b\u7ea2\u9633<\/a>: \u8f6c\u53d1\u5fae\u535a","source":"\u5fae\u535a weibo.com","favorited":false,"is_paid":false,"mblog_vip_type":0,"user":{"id":1401527553,"screen_name":"tombkeeper","profile_image_url":"https:\/\/tva2.sinaimg.cn\/crop.0.0.180.180.180\/53899d01jw8fcb9qpe7vbj2050050mx8.jpg","profile_url":"https:\/\/m.weibo.cn\/u\/1401527553?uid=1401527553&luicode=10000011&lfid=1076031401527553","statuses_count":15425,"verified":true,"verified_type":0,"verified_type_ext":1,"verified_reason":"\u77e5\u540d\u4e92\u8054\u7f51\u8d44\u8baf\u535a\u4e3b","close_blue_v":false,"description":"\u5fae\u535a\u672c\u5730\u8d44\u8baf\u535a\u4e3b\uff08\u521a\u679c\u5e03\u62c9\u67f4\u7ef4\u5c14\uff09","gender":"m","mbtype":12,"urank":48,"mbrank":6,"follow_me":false,"following":false,"followers_count":192533,"follow_count":277,"cover_image_phone":"https:\/\/tva1.sinaimg.cn\/crop.0.0.640.640.640\/549d0121tw1egm1kjly3jj20hs0hsq4f.jpg","avatar_hd":"https:\/\/ww2.sinaimg.cn\/orj480\/53899d01jw8fcb9qpe7vbj2050050mx8.jpg","like":false,"like_me":false,"badge":{"bind_taobao":1,"dzwbqlx_2016":1,"follow_whitelist_video":1,"hongbao_2018":1}},"pid":3443695305257968,"retweeted_status":{"created_at":"2012-05-09","id":"3443689051396302","idstr":"3443689051396302","mid":"3443689051396302","can_edit":false,"text":"\u660e\u62a5\uff1a\u65e5\u672c311\u5730\u9707\u540e\uff0c\u4e00\u4e9b\u5c11\u5973\u5f00\u59cb\u559c\u6b22\u627e\u548c\u5c1a\u8c08\u5fc3\uff0c\u8212\u7f13\u4e0d\u5b89\uff0c\u957f\u76f8\u4fca\u7f8e\u7684\u548c\u5c1a\u66f4\u6210\u4e3a\u660e\u661f\uff0c\u4e8e\u662f\u65e5\u672c\u51fa\u7248\u793e\u5c31\u63a8\u51fa\u300a\u4fca\u7537\u548c\u5c1a\u56fe\u9274\u300b\uff08\u8bd1\u540d\uff09\uff0c\u56fe\u6587\u5e76\u8302\u4ecb\u7ecd\u4e00\u4f17\u4fca\u7f8e\u548c\u5c1a\uff0c\u4f9b\u5c11\u5973\u53c2\u8003\u6311\u9009\u3002\u5728\u65e5\u672c\u627e\u548c\u5c1a\u8c08\u5fc3\u6bcf\u6b21\u6536\u8d392000-4000\u65e5\u5706\uff0c\u4e00\u6b2120\u591a\u4eba\uff0c\u53ef\u4ee5\u559d\u9152\u5403\u8089\u548c\u7ed3\u5a5a\u7684\u65e5\u672c\u548c\u5c1a\u5df2\u7ecf\u6210\u4e3a\u65e5\u672c\u5973\u6027\u7684\u5fc3\u7075\u6170\u85c9\u3002 \u200b\u200b\u200b","source":"\u5fae\u535a weibo.com","favorited":false,"is_paid":false,"mblog_vip_type":0,"user":{"id":1671203363,"screen_name":"\u6768\u5c0f\u8212\u8212","profile_image_url":"https:\/\/tva3.sinaimg.cn\/crop.0.0.511.511.180\/639c8a23jw8f6nmqsip4pj20e80e7gm6.jpg","profile_url":"https:\/\/m.weibo.cn\/u\/1671203363?uid=1671203363&luicode=10000011&lfid=1076031401527553","statuses_count":2189,"verified":true,"verified_type":0,"verified_type_ext":0,"verified_reason":"\u51e4\u51f0\u536b\u89c6\u4e3b\u6301\u4eba","close_blue_v":false,"description":"\u300a\u51e4\u51f0\u65e9\u73ed\u8f66\u300b\u4e3b\u6301\u4eba I am the master of my fate, I am the captain of my soul \u5de5\u4f5c\u8054\u7cfb\uff1ayangshuhk@gmail.com","gender":"f","mbtype":2,"urank":30,"mbrank":1,"follow_me":false,"following":false,"followers_count":170101,"follow_count":846,"cover_image_phone":"https:\/\/tva1.sinaimg.cn\/crop.0.0.640.640.640\/549d0121tw1egm1kjly3jj20hs0hsq4f.jpg","avatar_hd":"https:\/\/ww3.sinaimg.cn\/orj480\/639c8a23jw8f6nmqsip4pj20e80e7gm6.jpg","like":false,"like_me":false,"badge":{"zongyiji":1,"unread_pool":1,"unread_pool_ext":1,"dzwbqlx_2016":1,"follow_whitelist_video":1,"user_name_certificate":1}},"reposts_count":211,"comments_count":76,"attitudes_count":0,"pending_approval_count":0,"isLongText":false,"visible":{"type":0,"list_id":0},"more_info_type":0,"content_auth":0,"edit_config":{"edited":false},"bid":"yikyd5Rf0"},"reposts_count":13,"comments_count":6,"attitudes_count":0,"pending_approval_count":0,"isLongText":false,"visible":{"type":0,"list_id":0},"more_info_type":0,"content_auth":0,"edit_config":{"edited":false},"mblogtype":0,"obj_ext":"","raw_text":"\u65e5\u672c\u4e00\u5411\u5b97\u662f\u4f5b\u6559\u4e2d\u7684Lite Edition\uff0c\u7b80\u5355\u6613\u4e3a\uff0c\u5e99\u90fd\u662f\u7236\u5b50\u76f8\u4f20\u7684\u4ea7\u4e1a\u3002\u5f53\u5e74\u987a\u6cbb\u8981\u662f\u4fe1\u4e00\u5411\u5b97\uff0c\u5c31\u80fd\u7687\u4e0a\u548c\u5c1a\u4e24\u4e0d\u803d\u8bef\u4e86\u3002 \/\/@\u738b\u7ea2\u9633: \u8f6c\u53d1\u5fae\u535a","bid":"yikZTC2sa"},"show_type":0}],"showAppTips":0,"scheme":"sinaweibo:\/\/cardlist?containerid=1076031401527553&extparam=&luicode=10000011&lfid=&featurecode="}}