{"ok":1,"data":{"cardlistInfo":{"containerid":"1076031401527553","v_p":42,"show_style":1,"total":15518,"page":50},"cards":[{"card_type":9,"itemid":"1076031401527553_-_3441959211868138","scheme":"https:\/\/m.weibo.cn\/status\/yhBy97PZg?mblogid=yhBy97PZg&luicode=10000011&lfid=1076031401527553","mblog":{"created_at":"2012-05-04","id":"3441959211868138","idstr":"3441959211868138","mid":"3441959211868138","can_edit":false,"text":"\u6709\u4eba\u8bf4\u7f8e\u56fd\u51c0\u8bf4\u6f02\u4eae\u8bdd\uff0c\u53ef\u4ed6\u4eec\u8fc7\u53bb\u8fd8\u6709\u9ed1\u5974\u5436\uff01\u55ef\uff0c\u5982\u679c\u8981\u5f80\u201c\u8fc7\u53bb\u201d\u8bba\u7684\u8bdd\uff0c\u5176\u5b9e\u4e2d\u56fd\u5510\u671d\u5c31\u6709\u9ed1\u5974\u4e86\u3002 \u200b\u200b\u200b","source":"\u5fae\u535a weibo.com","favorited":false,"is_paid":false,"mblog_vip_type":0,"user":{"id":1401527553,"screen_name":"tombkeeper","profile_image_url":"https:\/\/tva2.sinaimg.cn\/crop.0.0.180.180.180\/53899d01jw8fcb9qpe7vbj2050050mx8.jpg","profile_url":"https:\/\/m.weibo.cn\/u\/1401527553?uid=1401527553&luicode=10000011&lfid=1076031401527553","statuses_count":15425,"verified":true,"verified_type":0,"verified_type_ext":1,"verified_reason":"\u77e5\u540d\u4e92\u8054\u7f51\u8d44\u8baf\u535a\u4e3b","close_blue_v":false,"description":"\u5fae\u535a\u672c\u5730\u8d44\u8baf\u535a\u4e3b\uff08\u521a\u679c\u5e03\u62c9\u67f4\u7ef4\u5c14\uff09","gender":"m","mbtype":12,"urank":48,"mbrank":6,"follow_me":false,"following":false,"followers_count":192533,"follow_count":277,"cover_image_phone":"https:\/\/tva1.sinaimg.cn\/crop.0.0.640.640.640\/549d0121tw1egm1kjly3jj20hs0hsq4f.jpg","avatar_hd":"https:\/\/ww2.sinaimg.cn\/orj480\/53899d01jw8fcb9qpe7vbj2050050mx8.jpg","like":false,"like_me":false,"badge":{"bind_taobao":1,"dzwbqlx_2016":1,"follow_whitelist_video":1,"hongbao_2018":1}},"reposts_count":16,"comments_count":13,"attitudes_count":0,"pending_approval_count":0,"isLongText":false,"visible":{"type":0,"list_id":0},"more_info_type":0,"content_auth":0,"edit_config":{"edited":false},"mblogtype":0,"bid":"yhBy97PZg"},"show_type":0},{"card_type":9,"itemid":"1076031401527553_-_3441916341497621","scheme":"https:\/\/m.weibo.cn\/status\/yhAr06hBb?mblogid=yhAr06hBb&luicode=10000011&lfid=1076031401527553","mblog":{"created_at":"2012-05-04","id":"3441916341497621","idstr":"3441916341497621","mid":"3441916341497621","can_edit":false,"text":"\u8fd9\u90e8\u7535\u5f71\uff1a<a data-url=\"http:\/\/t.cn\/zOHfWyS\" target=\"_blank\" href=\"https:\/\/weibo.cn\/sinaurl\/blocked1532d45d?luicode=10000011&lfid=1076031401527553&u=http%3A%2F%2Fnews.163.com%2F12%2F0504%2F08%2F80L6OAQO00012Q9L.html&ep=yhAr06hBb%252C1401527553%252CyhA8up3CZ%252C1401527553\" class=\"\"><span class=\"url-icon\"><img src=\"\/\/h5.sinaimg.cn\/upload\/2015\/09\/25\/3\/timeline_card_small_web_default.png\"><\/span><\/i><span class=\"surl-text\">\u7f51\u9875\u94fe\u63a5<\/a> \/\/<a href='https:\/\/m.weibo.cn\/n\/\u7a7a\u6d1e\u4e86\u7684\u77b3\u5b54Ceasar'>@\u7a7a\u6d1e\u4e86\u7684\u77b3\u5b54Ceasar<\/a>: \u8fd9\u4e2a\u662f\u54ea\u90e8\u7535\u5f71\u7684\u53f0\u8bcd","source":"\u5fae\u535a weibo.com","favorited":false,"is_paid":false,"mblog_vip_type":0,"user":{"id":1401527553,"screen_name":"tombkeeper","profile_image_url":"https:\/\/tva2.sinaimg.cn\/crop.0.0.180.180.180\/53899d01jw8fcb9qpe7vbj2050050mx8.jpg","profile_url":"https:\/\/m.weibo.cn\/u\/1401527553?uid=1401527553&luicode=10000011&lfid=1076031401527553","statuses_count":15425,"verified":true,"verified_type":0,"verified_type_ext":1,"verified_reason":"\u77e5\u540d\u4e92\u8054\u7f51\u8d44\u8baf\u535a\u4e3b","close_blue_v":false,"description":"\u5fae\u535a\u672c\u5730\u8d44\u8baf\u535a\u4e3b\uff08\u521a\u679c\u5e03\u62c9\u67f4\u7ef4\u5c14\uff09","gender":"m","mbtype":12,"urank":48,"mbrank":6,"follow_me":false,"following":false,"followers_count":192533,"follow_count":277,"cover_image_phone":"https:\/\/tva1.sinaimg.cn\/crop.0.0.640.640.640\/549d0121tw1egm1kjly3jj20hs0hsq4f.jpg","avatar_hd":"https:\/\/ww2.sinaimg.cn\/orj480\/53899d01jw8fcb9qpe7vbj2050050mx8.jpg","like":false,"like_me":false,"badge":{"bind_taobao":1,"dzwbqlx_2016":1,"follow_whitelist_video":1,"hongbao_2018":1}},"pid":3441905872555821,"retweeted_status":{"created_at":"2012-05-04","id":"3441904865972149","idstr":"3441904865972149","mid":"3441904865972149","can_edit":false,"text":"\u3010\u4e09\u5b9d\uff0c\u4f60\u8bfb\u8fc7\u4e09\u56fd\u5427\uff1f\u5218\u534f\u56fa\u7136\u662f\u66f9\u64cd\u7684\u4e00\u679a\u68cb\u5b50\uff0c\u66f9\u723d\u5f53\u7136\u662f\u53f8\u9a6c\u61ff\u7684\u4e00\u679a\u68cb\u5b50\uff0c\u800c\u5218\u7985\u53c8\u4f55\u5c1d\u4e0d\u662f\u5b54\u660e\u7684\u4e00\u679a\u68cb\u5b50\uff1f\u3011\u3010\u7687\u4e0a\u5723\u660e\uff01\u662f\u7684\uff0c\u90fd\u662f\u68cb\u5b50\uff01\u90fd\u662f\u68cb\u5b50\uff01\u3011\u3010\u54fc\uff01\u6715\u5c31\u4e0d\u50cf\u4ed6\u4eec\u8fd9\u4e48\u865a\u4f2a\uff0c\u5b9a\u8981\u5c06\u90a3\u5c0f\u513f\u6740\u4e86\uff01\u6715\u8d50\u4f60\u90d1\u59d3\uff0c\u4ee5\u540e\u5c31\u53eb\u90d1\u548c\u5427\u3002\u8fd9\u8d9f\u51fa\u6d77\uff0c\u4f60\u4e00\u5b9a\u8981\u66ff\u6715\u628a\u6731\u5141\u7086\u627e\u5230\uff01\u3011 \u200b\u200b\u200b","source":"\u5fae\u535a weibo.com","favorited":false,"is_paid":false,"mblog_vip_type":0,"user":{"id":1401527553,"screen_name":"tombkeeper","profile_image_url":"https:\/\/tva2.sinaimg.cn\/crop.0.0.180.180.180\/53899d01jw8fcb9qpe7vbj2050050mx8.jpg","profile_url":"https:\/\/m.weibo.cn\/u\/1401527553?uid=1401527553&luicode=10000011&lfid=1076031401527553","statuses_count":15425,"verified":true,"verified_type":0,"verified_type_ext":1,"verified_reason":"\u77e5\u540d\u4e92\u8054\u7f51\u8d44\u8baf\u535a\u4e3b","close_blue_v":false,"description":"\u5fae\u535a\u672c\u5730\u8d44\u8baf\u535a\u4e3b\uff08\u521a\u679c\u5e03\u62c9\u67f4\u7ef4\u5c14\uff09","gender":"m","mbtype":12,"urank":48,"mbrank":6,"follow_me":false,"following":false,"followers_count":192533,"follow_count":277,"cover_image_phone":"https:\/\/tva1.sinaimg.cn\/crop.0.0.640.640.640\/549d0121tw1egm1kjly3jj20hs0hsq4f.jpg","avatar_hd":"https:\/\/ww2.sinaimg.cn\/orj480\/53899d01jw8fcb9qpe7vbj2050050mx8.jpg","like":false,"like_me":false,"badge":{"bind_taobao":1,"dzwbqlx_2016":1,"follow_whitelist_video":1,"hongbao_2018":1}},"reposts_count":6,"comments_count":3,"attitudes_count":0,"pending_approval_count":0,"isLongText":false,"visible":{"type":0,"list_id":0},"more_info_type":0,"content_auth":0,"edit_config":{"edited":false},"bid":"yhA8up3CZ"},"reposts_count":4,"comments_count":1,"attitudes_count":0,"pending_approval_count":0,"isLongText":false,"visible":{"type":0,"list_id":0},"more_info_type":0,"content_auth":0,"edit_config":{"edited":false},"mblogtype":0,"obj_ext":"","raw_text":"\u8fd9\u90e8\u7535\u5f71\uff1ahttp:\/\/t.cn\/zOHfWyS \/\/@\u7a7a\u6d1e\u4e86\u7684\u77b3\u5b54Ceasar: \u8fd9\u4e2a\u662f\u54ea\u90e8\u7535\u5f71\u7684\u53f0\u8bcd","bid":"yhAr06hBb"},"show_type":0},{"card_type":9,"itemid":"1076031401527553_-_3441904865972149","scheme":"https:\/\/m.weibo.cn\/status\/yhA8up3CZ?mblogid=yhA8up3CZ&luicode=10000011&lfid=1076031401527553","mblog":{"created_at":"2012-05-04","id":"3441904865972149","idstr":"3441904865972149","mid":"3441904865972149","can_edit":false,"text":"\u3010\u4e09\u5b9d\uff0c\u4f60\u8bfb\u8fc7\u4e09\u56fd\u5427\uff1f\u5218\u534f\u56fa\u7136\u662f\u66f9\u64cd\u7684\u4e00\u679a\u68cb\u5b50\uff0c\u66f9\u723d\u5f53\u7136\u662f\u53f8\u9a6c\u61ff\u7684\u4e00\u679a\u68cb\u5b50\uff0c\u800c\u5218\u7985\u53c8\u4f55\u5c1d\u4e0d\u662f\u5b54\u660e\u7684\u4e00\u679a\u68cb\u5b50\uff1f\u3011\u3010\u7687\u4e0a\u5723\u660e\uff01\u662f\u7684\uff0c\u90fd\u662f\u68cb\u5b50\uff01\u90fd\u662f\u68cb\u5b50\uff01\u3011\u3010\u54fc\uff01\u6715\u5c31\u4e0d\u50cf\u4ed6\u4eec\u8fd9\u4e48\u865a\u4f2a\uff0c\u5b9a\u8981\u5c06\u90a3\u5c0f\u513f\u6740\u4e86\uff01\u6715\u8d50\u4f60\u90d1\u59d3\uff0c\u4ee5\u540e\u5c31\u53eb\u90d1\u548c\u5427\u3002\u8fd9\u8d9f\u51fa\u6d77\uff0c\u4f60\u4e00\u5b9a\u8981\u66ff\u6715\u628a\u6731\u5141\u7086\u627e\u5230\uff01\u3011 \u200b\u200b\u200b","source":"\u5fae\u535a weibo.com","favorited":false,"is_paid":false,"mblog_vip_type":0,"user":{"id":1401527553,"screen_name":"tombkeeper","profile_image_url":"https:\/\/tva2.sinaimg.cn\/crop.0.0.180.180.180\/53899d01jw8fcb9qpe7vbj2050050mx8.jpg","profile_url":"https:\/\/m.weibo.cn\/u\/1401527553?uid=1401527553&luicode=10000011&lfid=1076031401527553","statuses_count":15425,"verified":true,"verified_type":0,"verified_type_ext":1,"verified_reason":"\u77e5\u540d\u4e92\u8054\u7f51\u8d44\u8baf\u535a\u4e3b","close_blue_v":false,"description":"\u5fae\u535a\u672c\u5730\u8d44\u8baf\u535a\u4e3b\uff08\u521a\u679c\u5e03\u62c9\u67f4\u7ef4\u5c14\uff09","gender":"m","mbtype":12,"urank":48,"mbrank":6,"follow_me":false,"following":false,"followers_count":192533,"follow_count":277,"cover_image_phone":"https:\/\/tva1.sinaimg.cn\/crop.0.0.640.640.640\/549d0121tw1egm1kjly3jj20hs0hsq4f.jpg","avatar_hd":"https:\/\/ww2.sinaimg.cn\/orj480\/53899d01jw8fcb9qpe7vbj2050050mx8.jpg","like":false,"like_me":false,"badge":{"bind_taobao":1,"dzwbqlx_2016":1,"follow_whitelist_video":1,"hongbao_2018":1}},"reposts_count":6,"comments_count":3,"attitudes_count":0,"pending_approval_count":0,"isLongText":false,"visible":{"type":0,"list_id":0},"more_info_type":0,"content_auth":0,"edit_config":{"edited":false},"mblogtype":0,"bid":"yhA8up3CZ"},"show_type":0},{"card_type":9,"itemid":"1076031401527553_-_3441893025580550","scheme":"https:\/\/m.weibo.cn\/status\/yhzPonpKS?mblogid=yhzPonpKS&luicode=10000011&lfid=1076031401527553","mblog":{"created_at":"2012-05-04","id":"3441893025580550","idstr":"3441893025580550","mid":"3441893025580550","can_edit":false,"text":"\u6211\u89c9\u5f97\u201c5.4\u9752\u5e74\u8282\u201d\u53ef\u6539\u79f0\u4e3a\u201c5.4\u4e09\u79cd\u9752\u5e74\u8282\u201d\u3002 \u200b\u200b\u200b","source":"\u5fae\u535a weibo.com","favorited":false,"is_paid":false,"mblog_vip_type":0,"user":{"id":1401527553,"screen_name":"tombkeeper","profile_image_url":"https:\/\/tva2.sinaimg.cn\/crop.0.0.180.180.180\/53899d01jw8fcb9qpe7vbj2050050mx8.jpg","profile_url":"https:\/\/m.weibo.cn\/u\/1401527553?uid=1401527553&luicode=10000011&lfid=1076031401527553","statuses_count":15425,"verified":true,"verified_type":0,"verified_type_ext":1,"verified_reason":"\u77e5\u540d\u4e92\u8054\u7f51\u8d44\u8baf\u535a\u4e3b","close_blue_v":false,"description":"\u5fae\u535a\u672c\u5730\u8d44\u8baf\u535a\u4e3b\uff08\u521a\u679c\u5e03\u62c9\u67f4\u7ef4\u5c14\uff09","gender":"m","mbtype":12,"urank":48,"mbrank":6,"follow_me":false,"following":false,"followers_count":192533,"follow_count":277,"cover_image_phone":"https:\/\/tva1.sinaimg.cn\/crop.0.0.640.640.640\/549d0121tw1egm1kjly3jj20hs0hsq4f.jpg","avatar_hd":"https:\/\/ww2.sinaimg.cn\/orj480\/53899d01jw8fcb9qpe7vbj2050050mx8.jpg","like":false,"like_me":false,"badge":{"bind_taobao":1,"dzwbqlx_2016":1,"follow_whitelist_video":1,"hongbao_2018":1}},"reposts_count":14,"comments_count":6,"attitudes_count":0,"pending_approval_count":0,"isLongText":false,"visible":{"type":0,"list_id":0},"more_info_type":0,"content_auth":0,"edit_config":{"edited":false},"mblogtype":0,"bid":"yhzPonpKS"},"show_type":0},{"card_type":9,"itemid":"1076031401527553_-_3441892479995051","scheme":"https:\/\/m.weibo.cn\/status\/yhzOvFWav?mblogid=yhzOvFWav&luicode=10000011&lfid=1076031401527553","mblog":{"created_at":"2012-05-04","id":"3441892479995051","idstr":"3441892479995051","mid":"3441892479995051","can_edit":false,"text":"\u89c2\u6d77\u5176\u5b9e\u633a\u51a4\u7684\uff0c\u8d76\u8fd9\u65f6\u5019\u6765\u4e2a\u70eb\u624b\u5c71\u828b\uff0c\u63a5\u4e5f\u4e0d\u662f\uff0c\u4e0d\u63a5\u4e5f\u4e0d\u662f\u3002\u5728\u8fd9\u95ee\u9898\u4e0a\uff0c\u4e24\u515a\u6309\u8bf4\u5e94\u8be5\u6ca1\u6709\u5206\u6b67\u3002\u4f46\u89c2\u6d77\u4f5c\u4e3a\u73b0\u4efb\uff0c\u5c31\u4e0d\u80fd\u4e0d\u591a\u8003\u8651\u4e00\u70b9\u3002\u4ee5\u7c73\u84c9\u6ce5\u4e3a\u4ee3\u8868\u7684\u4e00\u5c0f\u64ae\u5171\u548c\u515a\u53cd\u52a8\u6d3e\u5219\u80af\u5b9a\u4f1a\u5229\u7528\u89c2\u6d77\u7684\u8fd9\u4e2a\u56f0\u5883\uff0c\u72e0\u6279\u5176\u80c6\u602f\u754f\u7f29\u3002 \u200b\u200b\u200b","source":"\u5fae\u535a weibo.com","favorited":false,"thumbnail_pic":"http:\/\/ww4.sinaimg.cn\/thumbnail\/53899d01gw1dsm0za6f4hj.jpg","bmiddle_pic":"http:\/\/ww4.sinaimg.cn\/bmiddle\/53899d01gw1dsm0za6f4hj.jpg","original_pic":"http:\/\/ww4.sinaimg.cn\/large\/53899d01gw1dsm0za6f4hj.jpg","is_paid":false,"mblog_vip_type":0,"user":{"id":1401527553,"screen_name":"tombkeeper","profile_image_url":"https:\/\/tva2.sinaimg.cn\/crop.0.0.180.180.180\/53899d01jw8fcb9qpe7vbj2050050mx8.jpg","profile_url":"https:\/\/m.weibo.cn\/u\/1401527553?uid=1401527553&luicode=10000011&lfid=1076031401527553","statuses_count":15425,"verified":true,"verified_type":0,"verified_type_ext":1,"verified_reason":"\u77e5\u540d\u4e92\u8054\u7f51\u8d44\u8baf\u535a\u4e3b","close_blue_v":false,"description":"\u5fae\u535a\u672c\u5730\u8d44\u8baf\u535a\u4e3b\uff08\u521a\u679c\u5e03\u62c9\u67f4\u7ef4\u5c14\uff09","gender":"m","mbtype":12,"urank":48,"mbrank":6,"follow_me":false,"following":false,"followers_count":192533,"follow_count":277,"cover_image_phone":"https:\/\/tva1.sinaimg.cn\/crop.0.0.640.640.640\/549d0121tw1egm1kjly3jj20hs0hsq4f.jpg","avatar_hd":"https:\/\/ww2.sinaimg.cn\/orj480\/53899d01jw8fcb9qpe7vbj2050050mx8.jpg","like":false,"like_me":false,"badge":{"bind_taobao":1,"dzwbqlx_2016":1,"follow_whitelist_video":1,"hongbao_2018":1}},"reposts_count":8,"comments_count":4,"attitudes_count":0,"pending_approval_count":0,"isLongText":false,"visible":{"type":0,"list_id":0},"more_info_type":0,"content_auth":0,"edit_config":{"edited":false},"mblogtype":0,"bid":"yhzOvFWav","pics":[{"pid":"53899d01gw1dsm0za6f4hj","url":"https:\/\/ww4.sinaimg.cn\/orj360\/53899d01gw1dsm0za6f4hj.jpg","size":"orj360","geo":false,"large":{"size":"large","url":"https:\/\/ww4.sinaimg.cn\/large\/53899d01gw1dsm0za6f4hj.jpg","geo":false}}]},"show_type":0},{"card_type":9,"itemid":"1076031401527553_-_3441655090895987","scheme":"https:\/\/m.weibo.cn\/status\/yhtDD3L5p?mblogid=yhtDD3L5p&luicode=10000011&lfid=1076031401527553","mblog":{"created_at":"2012-05-03","id":"3441655090895987","idstr":"3441655090895987","mid":"3441655090895987","can_edit":false,"text":"\u7f51\u7edc\u65b9\u9762\u7684\u91cd\u8981\u8bc4\u8bba\uff1f","source":"\u5fae\u535a weibo.com","favorited":false,"is_paid":false,"mblog_vip_type":0,"user":{"id":1401527553,"screen_name":"tombkeeper","profile_image_url":"https:\/\/tva2.sinaimg.cn\/crop.0.0.180.180.180\/53899d01jw8fcb9qpe7vbj2050050mx8.jpg","profile_url":"https:\/\/m.weibo.cn\/u\/1401527553?uid=1401527553&luicode=10000011&lfid=1076031401527553","statuses_count":15425,"verified":true,"verified_type":0,"verified_type_ext":1,"verified_reason":"\u77e5\u540d\u4e92\u8054\u7f51\u8d44\u8baf\u535a\u4e3b","close_blue_v":false,"description":"\u5fae\u535a\u672c\u5730\u8d44\u8baf\u535a\u4e3b\uff08\u521a\u679c\u5e03\u62c9\u67f4\u7ef4\u5c14\uff09","gender":"m","mbtype":12,"urank":48,"mbrank":6,"follow_me":false,"following":false,"followers_count":192533,"follow_count":277,"cover_image_phone":"https:\/\/tva1.sinaimg.cn\/crop.0.0.640.640.640\/549d0121tw1egm1kjly3jj20hs0hsq4f.jpg","avatar_hd":"https:\/\/ww2.sinaimg.cn\/orj480\/53899d01jw8fcb9qpe7vbj2050050mx8.jpg","like":false,"like_me":false,"badge":{"bind_taobao":1,"dzwbqlx_2016":1,"follow_whitelist_video":1,"hongbao_2018":1}},"retweeted_status":{"created_at":"2012-05-03","id":"3441653551518025","idstr":"3441653551518025","mid":"3441653551518025","can_edit":false,"text":"\u524d\u51e0\u5929\u300a\u5149\u660e\u65e5\u62a5\u300b\u53d1\u4e86\u4e00\u7bc7\u300a\u5021\u5bfc\u7f51\u7edc\u4e3b\u6743\u6781\u5176\u91cd\u8981\u300b\uff0c\u7f72\u540d\u201c\u6c6a\u91cd\u7eb6\u201d\u3002\u4f46\u201c\u6c6a\u91cd\u7eb6\u201d\u8fd9\u4e2a\u540d\u5b57\uff0c\u9664\u4f5c\u4e3a\u8fd9\u7bc7\u6587\u7ae0\u4f5c\u8005\u51fa\u73b0\u5916\uff0c\u641c\u4e0d\u5230\u4efb\u4f55\u5176\u5b83\u4fe1\u606f\u3002\u4f30\u8ba1\u4e5f\u662f\u54ea\u4e2a\u5199\u4f5c\u7ec4\u7684\u9a6c\u7532\u3002\u4e0d\u8fc7\u5199\u4f5c\u7ec4\u9a6c\u7532\u7684\u8c10\u97f3\u4e00\u822c\u90fd\u6709\u67d0\u79cd\u610f\u4e49\u3002\u5982\u201c\u4ef2\u7956\u6587\u201d\uff1a\u4e2d\u7ec4\u90e8\u7684\u6587\u7ae0\uff1b\u201c\u949f\u8f69\u7406\u201d\uff1a\u4e2d\u5ba3\u90e8\u7406\u8bba\u5c40\uff0c\u7b49\u7b49\u3002\u8fd9\u4e2a\u201c\u6c6a\u91cd\u7eb6\u201d\u662f\u5565\uff1f \u200b\u200b\u200b","source":"\u5fae\u535a weibo.com","favorited":false,"is_paid":false,"mblog_vip_type":0,"user":{"id":1401527553,"screen_name":"tombkeeper","profile_image_url":"https:\/\/tva2.sinaimg.cn\/crop.0.0.180.180.180\/53899d01jw8fcb9qpe7vbj2050050mx8.jpg","profile_url":"https:\/\/m.weibo.cn\/u\/1401527553?uid=1401527553&luicode=10000011&lfid=1076031401527553","statuses_count":15425,"verified":true,"verified_type":0,"verified_type_ext":1,"verified_reason":"\u77e5\u540d\u4e92\u8054\u7f51\u8d44\u8baf\u535a\u4e3b","close_blue_v":false,"description":"\u5fae\u535a\u672c\u5730\u8d44\u8baf\u535a\u4e3b\uff08\u521a\u679c\u5e03\u62c9\u67f4\u7ef4\u5c14\uff09","gender":"m","mbtype":12,"urank":48,"mbrank":6,"follow_me":false,"following":false,"followers_count":192533,"follow_count":277,"cover_image_phone":"https:\/\/tva1.sinaimg.cn\/crop.0.0.640.640.640\/549d0121tw1egm1kjly3jj20hs0hsq4f.jpg","avatar_hd":"https:\/\/ww2.sinaimg.cn\/orj480\/53899d01jw8fcb9qpe7vbj2050050mx8.jpg","like":false,"like_me":false,"badge":{"bind_taobao":1,"dzwbqlx_2016":1,"follow_whitelist_video":1,"hongbao_2018":1}},"reposts_count":4,"comments_count":3,"attitudes_count":0,"pending_approval_count":0,"isLongText":false,"visible":{"type":0,"list_id":0},"more_info_type":0,"content_auth":0,"edit_config":{"edited":false},"bid":"yhtB96mUh"},"reposts_count":1,"comments_count":3,"attitudes_count":0,"pending_approval_count":0,"isLongText":false,"visible":{"type":0,"list_id":0},"more_info_type":0,"content_auth":0,"edit_config":{"edited":false},"mblogtype":0,"obj_ext":"","raw_text":"\u7f51\u7edc\u65b9\u9762\u7684\u91cd\u8981\u8bc4\u8bba\uff1f","bid":"yhtDD3L5p"},"show_type":0},{"card_type":9,"itemid":"1076031401527553_-_3441653551518025","scheme":"https:\/\/m.weibo.cn\/status\/yhtB96mUh?mblogid=yhtB96mUh&luicode=10000011&lfid=1076031401527553","mblog":{"created_at":"2012-05-03","id":"3441653551518025","idstr":"3441653551518025","mid":"3441653551518025","can_edit":false,"text":"\u524d\u51e0\u5929\u300a\u5149\u660e\u65e5\u62a5\u300b\u53d1\u4e86\u4e00\u7bc7\u300a\u5021\u5bfc\u7f51\u7edc\u4e3b\u6743\u6781\u5176\u91cd\u8981\u300b\uff0c\u7f72\u540d\u201c\u6c6a\u91cd\u7eb6\u201d\u3002\u4f46\u201c\u6c6a\u91cd\u7eb6\u201d\u8fd9\u4e2a\u540d\u5b57\uff0c\u9664\u4f5c\u4e3a\u8fd9\u7bc7\u6587\u7ae0\u4f5c\u8005\u51fa\u73b0\u5916\uff0c\u641c\u4e0d\u5230\u4efb\u4f55\u5176\u5b83\u4fe1\u606f\u3002\u4f30\u8ba1\u4e5f\u662f\u54ea\u4e2a\u5199\u4f5c\u7ec4\u7684\u9a6c\u7532\u3002\u4e0d\u8fc7\u5199\u4f5c\u7ec4\u9a6c\u7532\u7684\u8c10\u97f3\u4e00\u822c\u90fd\u6709\u67d0\u79cd\u610f\u4e49\u3002\u5982\u201c\u4ef2\u7956\u6587\u201d\uff1a\u4e2d\u7ec4\u90e8\u7684\u6587\u7ae0\uff1b\u201c\u949f\u8f69\u7406\u201d\uff1a\u4e2d\u5ba3\u90e8\u7406\u8bba\u5c40\uff0c\u7b49\u7b49\u3002\u8fd9\u4e2a\u201c\u6c6a\u91cd\u7eb6\u201d\u662f\u5565\uff1f \u200b\u200b\u200b","source":"\u5fae\u535a weibo.com","favorited":false,"is_paid":false,"mblog_vip_type":0,"user":{"id":1401527553,"screen_name":"tombkeeper","profile_image_url":"https:\/\/tva2.sinaimg.cn\/crop.0.0.180.180.180\/53899d01jw8fcb9qpe7vbj2050050mx8.jpg","profile_url":"https:\/\/m.weibo.cn\/u\/1401527553?uid=1401527553&luicode=10000011&lfid=1076031401527553","statuses_count":15425,"verified":true,"verified_type":0,"verified_type_ext":1,"verified_reason":"\u77e5\u540d\u4e92\u8054\u7f51\u8d44\u8baf\u535a\u4e3b","close_blue_v":false,"description":"\u5fae\u535a\u672c\u5730\u8d44\u8baf\u535a\u4e3b\uff08\u521a\u679c\u5e03\u62c9\u67f4\u7ef4\u5c14\uff09","gender":"m","mbtype":12,"urank":48,"mbrank":6,"follow_me":false,"following":false,"followers_count":192533,"follow_count":277,"cover_image_phone":"https:\/\/tva1.sinaimg.cn\/crop.0.0.640.640.640\/549d0121tw1egm1kjly3jj20hs0hsq4f.jpg","avatar_hd":"https:\/\/ww2.sinaimg.cn\/orj480\/53899d01jw8fcb9qpe7vbj2050050mx8.jpg","like":false,"like_me":false,"badge":{"bind_taobao":1,"dzwbqlx_2016":1,"follow_whitelist_video":1,"hongbao_2018":1}},"reposts_count":4,"comments_count":3,"attitudes_count":0,"pending_approval_count":0,"isLongText":false,"visible":{"type":0,"list_id":0},"more_info_type":0,"content_auth":0,"edit_config":{"edited":false},"mblogtype":0,"bid":"yhtB96mUh"},"show_type":0},{"card_type":9,"itemid":"1076031401527553_-_3441636598239901","scheme":"https:\/\/m.weibo.cn\/status\/yht9NyzzD?mblogid=yht9NyzzD&luicode=10000011&lfid=1076031401527553","mblog":{"created_at":"2012-05-03","id":"3441636598239901","idstr":"3441636598239901","mid":"3441636598239901","can_edit":false,"text":"<a class='k' href='https:\/\/m.weibo.cn\/k\/%E6%AD%A4%E6%9D%A1%E7%B2%97%E4%BF%97?from=feed'>#\u6b64\u6761\u7c97\u4fd7#<\/a> \u968f\u4fbf\u95ee\u8c01\u201c\u4f60\u5c41\u80a1\u4e0a\u6709\u6ca1\u6709\u5c4e\u201d\uff1f\u4f30\u8ba1\u90fd\u8bf4\u6ca1\u6709\u3002\u5b9e\u9645\u4e0a\u5927\u4fbf\u662f\u4e0d\u592a\u53ef\u80fd\u5b8c\u5168\u64e6\u5e72\u51c0\u7684\uff0c\u5bf9\u5427\uff1f\u4f46\u8fd9\u79cd\u60c5\u51b5\u548c\u62c9\u4e00\u88e4\u5b50\u5c4e\u662f\u4e00\u6837\u7684\u5417\uff1f\u5c31\u6709\u4e0d\u5c11\u4eba\u89c9\u5f97\u662f\u4e00\u6837\u7684\u3002\u6240\u4ee5\u4f60\u53ea\u8981\u8bf4\u4e00\u88e4\u5b50\u5c4e\u7684\u4e8b\uff0c\u4ed6\u9a6c\u4e0a\u638f\u653e\u5927\u955c\u8981\u68c0\u67e5\u4f60\u809b\u95e8\u3002\u5c4e\u5c31\u5728\u8fd9\u79cd\u4eba\u7684\u7cbe\u5fc3\u5475\u62a4\u4e0b\uff0c\u8d8a\u79ef\u8d8a\u591a\u3002\u4ed6\u4eec\u4e5f\u6210\u719f\u777f\u667a\u5730\u4e00\u6ce1\u4e00\u6ce1\u5feb\u4e50\u751f\u6d3b\u7740\u3002 \u200b\u200b\u200b","source":"\u5fae\u535a weibo.com","favorited":false,"is_paid":false,"mblog_vip_type":0,"user":{"id":1401527553,"screen_name":"tombkeeper","profile_image_url":"https:\/\/tva2.sinaimg.cn\/crop.0.0.180.180.180\/53899d01jw8fcb9qpe7vbj2050050mx8.jpg","profile_url":"https:\/\/m.weibo.cn\/u\/1401527553?uid=1401527553&luicode=10000011&lfid=1076031401527553","statuses_count":15425,"verified":true,"verified_type":0,"verified_type_ext":1,"verified_reason":"\u77e5\u540d\u4e92\u8054\u7f51\u8d44\u8baf\u535a\u4e3b","close_blue_v":false,"description":"\u5fae\u535a\u672c\u5730\u8d44\u8baf\u535a\u4e3b\uff08\u521a\u679c\u5e03\u62c9\u67f4\u7ef4\u5c14\uff09","gender":"m","mbtype":12,"urank":48,"mbrank":6,"follow_me":false,"following":false,"followers_count":192533,"follow_count":277,"cover_image_phone":"https:\/\/tva1.sinaimg.cn\/crop.0.0.640.640.640\/549d0121tw1egm1kjly3jj20hs0hsq4f.jpg","avatar_hd":"https:\/\/ww2.sinaimg.cn\/orj480\/53899d01jw8fcb9qpe7vbj2050050mx8.jpg","like":false,"like_me":false,"badge":{"bind_taobao":1,"dzwbqlx_2016":1,"follow_whitelist_video":1,"hongbao_2018":1}},"reposts_count":6,"comments_count":7,"attitudes_count":0,"pending_approval_count":0,"isLongText":false,"visible":{"type":0,"list_id":0},"more_info_type":0,"content_auth":0,"edit_config":{"edited":false},"mblogtype":0,"bid":"yht9NyzzD"},"show_type":0},{"card_type":9,"itemid":"1076031401527553_-_3441619875919595","scheme":"https:\/\/m.weibo.cn\/status\/yhsIPoPXl?mblogid=yhsIPoPXl&luicode=10000011&lfid=1076031401527553","mblog":{"created_at":"2012-05-03","id":"3441619875919595","idstr":"3441619875919595","mid":"3441619875919595","can_edit":false,"text":"\u670b\u53cb\u95ee\u201c\u4e00\u4e2a\u53cd\u7b7e\u540d\u65e0\u6548\u201d\u662f\u5565\u610f\u601d\u3002\u6211\u60f3\u4e86\u534a\u5929\uff0c\u624d\u660e\u767d\u53ef\u80fd\u662f\u4e2d\u6587\u5316\u65f6\u628a\u201ccounter signature\u201d\u7ffb\u8bd1\u6210\u201c\u53cd\u7b7e\u540d\u201d\u4e86\u3002\u5b9e\u9645\u4e0a\u5e94\u8be5\u662f\u201c\u7b7e\u540d\u526f\u672c\u201d\u3002\u53ef\u80fd\u6b64\u63d0\u793a\u5e76\u4e0d\u5e38\u51fa\u73b0\uff0c\u6240\u4ee5\u4e00\u76f4\u6ca1\u88ab\u53d1\u73b0\u548c\u62a5\u544a\u3002<a href='https:\/\/m.weibo.cn\/n\/\u53ef\u60dc\u65e0\u58f0'>@\u53ef\u60dc\u65e0\u58f0<\/a> \u200b\u200b\u200b","source":"\u5fae\u535a weibo.com","favorited":false,"thumbnail_pic":"http:\/\/ww1.sinaimg.cn\/thumbnail\/53899d01gw1dsl5ovvqysj.jpg","bmiddle_pic":"http:\/\/ww1.sinaimg.cn\/bmiddle\/53899d01gw1dsl5ovvqysj.jpg","original_pic":"http:\/\/ww1.sinaimg.cn\/large\/53899d01gw1dsl5ovvqysj.jpg","is_paid":false,"mblog_vip_type":0,"user":{"id":1401527553,"screen_name":"tombkeeper","profile_image_url":"https:\/\/tva2.sinaimg.cn\/crop.0.0.180.180.180\/53899d01jw8fcb9qpe7vbj2050050mx8.jpg","profile_url":"https:\/\/m.weibo.cn\/u\/1401527553?uid=1401527553&luicode=10000011&lfid=1076031401527553","statuses_count":15425,"verified":true,"verified_type":0,"verified_type_ext":1,"verified_reason":"\u77e5\u540d\u4e92\u8054\u7f51\u8d44\u8baf\u535a\u4e3b","close_blue_v":false,"description":"\u5fae\u535a\u672c\u5730\u8d44\u8baf\u535a\u4e3b\uff08\u521a\u679c\u5e03\u62c9\u67f4\u7ef4\u5c14\uff09","gender":"m","mbtype":12,"urank":48,"mbrank":6,"follow_me":false,"following":false,"followers_count":192533,"follow_count":277,"cover_image_phone":"https:\/\/tva1.sinaimg.cn\/crop.0.0.640.640.640\/549d0121tw1egm1kjly3jj20hs0hsq4f.jpg","avatar_hd":"https:\/\/ww2.sinaimg.cn\/orj480\/53899d01jw8fcb9qpe7vbj2050050mx8.jpg","like":false,"like_me":false,"badge":{"bind_taobao":1,"dzwbqlx_2016":1,"follow_whitelist_video":1,"hongbao_2018":1}},"reposts_count":9,"comments_count":6,"attitudes_count":0,"pending_approval_count":0,"isLongText":false,"visible":{"type":0,"list_id":0},"more_info_type":0,"content_auth":0,"edit_config":{"edited":false},"mblogtype":0,"bid":"yhsIPoPXl","pics":[{"pid":"53899d01gw1dsl5ovvqysj","url":"https:\/\/ww1.sinaimg.cn\/orj360\/53899d01gw1dsl5ovvqysj.jpg","size":"orj360","geo":false,"large":{"size":"large","url":"https:\/\/ww1.sinaimg.cn\/large\/53899d01gw1dsl5ovvqysj.jpg","geo":false}}]},"show_type":0}],"showAppTips":0,"scheme":"sinaweibo:\/\/cardlist?containerid=1076031401527553&extparam=&luicode=10000011&lfid=&featurecode="}}