{"ok":1,"data":{"cardlistInfo":{"containerid":"1076031401527553","v_p":42,"show_style":1,"total":15518,"page":50},"cards":[{"card_type":9,"itemid":"1076031401527553_-_3436830114631085","scheme":"https:\/\/m.weibo.cn\/status\/yfs7pjqKV?mblogid=yfs7pjqKV&luicode=10000011&lfid=1076031401527553","mblog":{"created_at":"2012-04-20","id":"3436830114631085","idstr":"3436830114631085","mid":"3436830114631085","can_edit":false,"text":"\u674e\u5927\u5e08\u8fd9\u79cd\u5de8\u767d\u9886\uff0c\u4e5f\u4e0d\u80fd\u514d\u4e8e\u6050\u60e7\uff0c\u88ab\u903c\u6210\u8fd9\u6837\uff0c\u82b1\u5927\u4ef7\u94b1\uff0c\u8d39\u5927\u5fc3\u529b\uff0c\u603b\u7b97\u628a\u751f\u6d3b\u6c34\u5e73\u7ef4\u6301\u5230\u897f\u6b27\u5c0f\u767d\u9886\u7684\u7ea7\u522b\u3002","source":"S60\u5ba2\u6237\u7aef","favorited":false,"is_paid":false,"mblog_vip_type":0,"user":{"id":1401527553,"screen_name":"tombkeeper","profile_image_url":"https:\/\/tva2.sinaimg.cn\/crop.0.0.180.180.180\/53899d01jw8fcb9qpe7vbj2050050mx8.jpg","profile_url":"https:\/\/m.weibo.cn\/u\/1401527553?uid=1401527553&luicode=10000011&lfid=1076031401527553","statuses_count":15425,"verified":true,"verified_type":0,"verified_type_ext":1,"verified_reason":"\u77e5\u540d\u4e92\u8054\u7f51\u8d44\u8baf\u535a\u4e3b","close_blue_v":false,"description":"\u5fae\u535a\u672c\u5730\u8d44\u8baf\u535a\u4e3b\uff08\u521a\u679c\u5e03\u62c9\u67f4\u7ef4\u5c14\uff09","gender":"m","mbtype":12,"urank":48,"mbrank":6,"follow_me":false,"following":false,"followers_count":192533,"follow_count":277,"cover_image_phone":"https:\/\/tva1.sinaimg.cn\/crop.0.0.640.640.640\/549d0121tw1egm1kjly3jj20hs0hsq4f.jpg","avatar_hd":"https:\/\/ww2.sinaimg.cn\/orj480\/53899d01jw8fcb9qpe7vbj2050050mx8.jpg","like":false,"like_me":false,"badge":{"bind_taobao":1,"dzwbqlx_2016":1,"follow_whitelist_video":1,"hongbao_2018":1}},"pid":3436828042956645,"retweeted_status":{"created_at":"2012-04-20","id":"3436808694552362","idstr":"3436808694552362","mid":"3436808694552362","can_edit":false,"text":"\u3010\u6211\u5982\u4f55\u964d\u4f4e\u98df\u7269\u4e2d\u6bd2\u6982\u7387\u30111\uff09\u81ea\u5df1\u79cd\u83dc\uff0c\u4e70\u6709\u673a\u519c\u573a\u83dc\uff0c2\uff09\u53f0\u6e7e\u3001\u4e1c\u5357\u4e9a\u6c34\u679c\uff0c3\uff09\u591a\u5403\u725b\u7f8a\uff08\u56e0\u4e3a\u5b83\u4eec\u5403\u8349\uff09\uff0c\u5c11\u5403\u732a\u9e21\u9e2d\uff0c4\uff09\u6b27\u6d32\u4e09\u6587\u9c7c\u3001\u9cd5\u9c7c\uff0c5\uff09\u6c34\u8fc7\u6ee4\u540e\uff0c\u518d\u7528\u7f8e\u56fd\u9505\u716e\u6cb8\uff0c6\uff09\u65b0\u897f\u5170\u5976\u7c89\u3001\u5408\u8d44\u201c\u4e07\u5f97\u5999\u201d\u725b\u5976\u9178\u5976\uff0c6\uff09\u4e61\u4e0b\u67f4\u9e21\u86cb\u3001\u67f4\u9e21\uff0c7\uff09\u53f0\u6e7e\u76ae\u86cb\u3001\u9171\u6cb9\uff0c8\uff09\u6e2f\u53f0\u9762\u6761\u3001\u7f50\u5934\u3001\u96f6\u98df\uff0c9\uff09\u6cf0\u56fd\u7c73\u3002 \u200b\u200b\u200b","source":"\u5fae\u535a weibo.com","favorited":false,"is_paid":false,"mblog_vip_type":0,"user":{"id":1197161814,"screen_name":"\u674e\u5f00\u590d","profile_image_url":"https:\/\/tvax3.sinaimg.cn\/crop.5.0.739.739.180\/475b3d56ly8fma9ef0hdgj20ku0kjaaz.jpg","profile_url":"https:\/\/m.weibo.cn\/u\/1197161814?uid=1197161814&luicode=10000011&lfid=1076031401527553","statuses_count":13924,"verified":true,"verified_type":0,"verified_type_ext":1,"verified_reason":"\u521b\u65b0\u5de5\u573a\u8463\u4e8b\u957f\u517c\u9996\u5e2d\u6267\u884c\u5b98","close_blue_v":false,"description":"\u521b\u65b0\u5de5\u573aCEO\uff0c\u5a92\u4f53\u8054\u7cfb\uff1apress@chuangxin.com","gender":"m","mbtype":12,"urank":47,"mbrank":7,"follow_me":false,"following":false,"followers_count":50806953,"follow_count":614,"cover_image_phone":"https:\/\/tva4.sinaimg.cn\/crop.0.0.640.640.640\/6ce2240djw1e8iktk4ohij20hs0hsmz6.jpg","avatar_hd":"https:\/\/wx3.sinaimg.cn\/orj480\/475b3d56ly8fma9ef0hdgj20ku0kjaaz.jpg","like":false,"like_me":false,"badge":{"gongyi_level":1,"bind_taobao":1,"olympic_2016":1,"dzwbqlx_2016":1,"follow_whitelist_video":1,"hongbao_2018":1}},"reposts_count":33730,"comments_count":9979,"attitudes_count":179,"pending_approval_count":0,"isLongText":false,"visible":{"type":0,"list_id":0},"more_info_type":0,"content_auth":0,"edit_config":{"edited":false},"bid":"yfryRj6hc"},"reposts_count":33,"comments_count":16,"attitudes_count":0,"pending_approval_count":0,"isLongText":false,"visible":{"type":0,"list_id":0},"more_info_type":0,"content_auth":0,"edit_config":{"edited":false},"mblogtype":0,"obj_ext":"","raw_text":"\u674e\u5927\u5e08\u8fd9\u79cd\u5de8\u767d\u9886\uff0c\u4e5f\u4e0d\u80fd\u514d\u4e8e\u6050\u60e7\uff0c\u88ab\u903c\u6210\u8fd9\u6837\uff0c\u82b1\u5927\u4ef7\u94b1\uff0c\u8d39\u5927\u5fc3\u529b\uff0c\u603b\u7b97\u628a\u751f\u6d3b\u6c34\u5e73\u7ef4\u6301\u5230\u897f\u6b27\u5c0f\u767d\u9886\u7684\u7ea7\u522b\u3002","bid":"yfs7pjqKV"},"show_type":0},{"card_type":9,"itemid":"1076031401527553_-_3436638720151309","scheme":"https:\/\/m.weibo.cn\/status\/yfn8I0Dmt?mblogid=yfn8I0Dmt&luicode=10000011&lfid=1076031401527553","mblog":{"created_at":"2012-04-19","id":"3436638720151309","idstr":"3436638720151309","mid":"3436638720151309","can_edit":false,"text":"\u6211\u5199\u8fc7\u4e00\u7bc7Blog\uff0c\u53eb\u300a\u6211\u4e3a\u4ec0\u4e48\u5199Blog\u300b\uff08<a data-url=\"http:\/\/t.cn\/S4IAeC\" target=\"_blank\" href=\"https:\/\/weibo.cn\/sinaurl\/blocked38c40c97?luicode=10000011&lfid=1076031401527553&u=http%3A%2F%2Fhi.baidu.com%2Ftombkeeper%2Fblog%2Fitem%2F1656c66244c981d6e6113af8.html&ep=yfn8I0Dmt%252C1401527553%252Cyfn8I0Dmt%252C1401527553\" class=\"\"><span class=\"url-icon\"><img src=\"\/\/h5.sinaimg.cn\/upload\/2015\/09\/25\/3\/timeline_card_small_web_default.png\"><\/span><\/i><span class=\"surl-text\">\u7f51\u9875\u94fe\u63a5<\/a>\uff09\u3002\u4f46\u6211\u5199\u5fae\u535a\u7684\u539f\u56e0\u7565\u6709\u4e0d\u540c\u3002\u5fae\u535a\u4e0d\u662f\u5750\u800c\u8bba\u9053\u7684\u7406\u60f3\u8f7d\u4f53\uff0c\u5b83\u6700\u5927\u7684\u4f5c\u7528\u662f\u4e3a\u548c\u6211\u4eec\u89c2\u70b9\u7c7b\u4f3c\uff0c\u4f46\u8bed\u8a00\u80fd\u529b\u7a0d\u900a\u7684\u670b\u53cb\u63d0\u4f9b\u4e0e\u4eba\u8c08\u8bba\u95ee\u9898\u7528\u7684\u5f39\u836f\u3002\u57fa\u4e8e\u540c\u6837\u7406\u7531\uff0c\u5982\u679c\u4f60\u6709\u4e2a\u6574\u5929\u62ff\u661f\u8c61\u5360\u535c\u4e4b\u7c7b\u73a9\u610f\u70e6\u4f60\u7684\u8001\u5a46\uff0c\u6211\u63a8\u8350\u300a\u602a\u8bde\u5fc3\u7406\u5b662\u300b\u8fd9\u672c\u4e66\u3002 \u200b\u200b\u200b","source":"\u5fae\u535a weibo.com","favorited":false,"thumbnail_pic":"http:\/\/ww2.sinaimg.cn\/thumbnail\/53899d01gw1ds59m2xcvbj.jpg","bmiddle_pic":"http:\/\/ww2.sinaimg.cn\/bmiddle\/53899d01gw1ds59m2xcvbj.jpg","original_pic":"http:\/\/ww2.sinaimg.cn\/large\/53899d01gw1ds59m2xcvbj.jpg","is_paid":false,"mblog_vip_type":0,"user":{"id":1401527553,"screen_name":"tombkeeper","profile_image_url":"https:\/\/tva2.sinaimg.cn\/crop.0.0.180.180.180\/53899d01jw8fcb9qpe7vbj2050050mx8.jpg","profile_url":"https:\/\/m.weibo.cn\/u\/1401527553?uid=1401527553&luicode=10000011&lfid=1076031401527553","statuses_count":15425,"verified":true,"verified_type":0,"verified_type_ext":1,"verified_reason":"\u77e5\u540d\u4e92\u8054\u7f51\u8d44\u8baf\u535a\u4e3b","close_blue_v":false,"description":"\u5fae\u535a\u672c\u5730\u8d44\u8baf\u535a\u4e3b\uff08\u521a\u679c\u5e03\u62c9\u67f4\u7ef4\u5c14\uff09","gender":"m","mbtype":12,"urank":48,"mbrank":6,"follow_me":false,"following":false,"followers_count":192533,"follow_count":277,"cover_image_phone":"https:\/\/tva1.sinaimg.cn\/crop.0.0.640.640.640\/549d0121tw1egm1kjly3jj20hs0hsq4f.jpg","avatar_hd":"https:\/\/ww2.sinaimg.cn\/orj480\/53899d01jw8fcb9qpe7vbj2050050mx8.jpg","like":false,"like_me":false,"badge":{"bind_taobao":1,"dzwbqlx_2016":1,"follow_whitelist_video":1,"hongbao_2018":1}},"reposts_count":39,"comments_count":6,"attitudes_count":6,"pending_approval_count":0,"isLongText":false,"visible":{"type":0,"list_id":0},"more_info_type":0,"content_auth":0,"edit_config":{"edited":false},"mblogtype":0,"bid":"yfn8I0Dmt","pics":[{"pid":"53899d01gw1ds59m2xcvbj","url":"https:\/\/ww2.sinaimg.cn\/orj360\/53899d01gw1ds59m2xcvbj.jpg","size":"orj360","geo":false,"large":{"size":"large","url":"https:\/\/ww2.sinaimg.cn\/large\/53899d01gw1ds59m2xcvbj.jpg","geo":false}}]},"show_type":0},{"card_type":9,"itemid":"1076031401527553_-_3436548483856424","scheme":"https:\/\/m.weibo.cn\/status\/yfkNagbeo?mblogid=yfkNagbeo&luicode=10000011&lfid=1076031401527553","mblog":{"created_at":"2012-04-19","id":"3436548483856424","idstr":"3436548483856424","mid":"3436548483856424","can_edit":false,"text":"\u7403\u72b6\u653b\u51fb\u5668\u548c\u300a\u4e09\u4f53\u300b\u7684\u7b80\u5e76\u6001\u6c34\u6ef4\u5dee\u592a\u8fdc\u4e86\u3002\u8981\u8bf4\u6284\u88ad\u300a\u5c01\u795e\u6f14\u4e49\u300b\u8fd8\u6709\u70b9\u8c31\uff0c\u90a3\u4e1c\u897f\u5012\u662f\u633a\u50cf\u98ce\u706b\u8f6e\u3002\u53e6\u5916\uff0c\u8fd9\u79cd\u5224\u5b9a\u6284\u88ad\u94c1\u8bc1\u7684\u601d\u8def\u770b\u7740\u773c\u719f\u3002\/\/<a href='https:\/\/m.weibo.cn\/n\/\u5b9d\u4e2d\u5802'>@\u5b9d\u4e2d\u5802<\/a>: \u4e09\u4f53\u4e5f\u4e0d\u662f\u5929\u4e0a\u6389\u4e0b\u6765\u7684\uff0c\u800c\u662f\u5efa\u7acb\u5728\u6b27\u7f8e\u79d1\u5e7b\u4e24\u767e\u5e74\u7684\u6df1\u539a\u6839\u57fa\u4e0a\uff0c\u770b\u5230\u6709\u70b9\u7c7b\u4f3c\u7684\u4e1c\u897f\u5c31\u89c9\u5f97\u662f\u4eba\u5bb6\u5b66\u81ea\u5df1\u7684\uff0c\u8fd9\u601d\u7ef4\u4e5f\u592a\u97e9\u56fd\u4eba\u4e86\u3002\/\/<a href='https:\/\/m.weibo.cn\/n\/\u7535\u5b50\u9a91\u58eb'>@\u7535\u5b50\u9a91\u58eb<\/a>","source":"\u5fae\u535a weibo.com","favorited":false,"is_paid":false,"mblog_vip_type":0,"user":{"id":1401527553,"screen_name":"tombkeeper","profile_image_url":"https:\/\/tva2.sinaimg.cn\/crop.0.0.180.180.180\/53899d01jw8fcb9qpe7vbj2050050mx8.jpg","profile_url":"https:\/\/m.weibo.cn\/u\/1401527553?uid=1401527553&luicode=10000011&lfid=1076031401527553","statuses_count":15425,"verified":true,"verified_type":0,"verified_type_ext":1,"verified_reason":"\u77e5\u540d\u4e92\u8054\u7f51\u8d44\u8baf\u535a\u4e3b","close_blue_v":false,"description":"\u5fae\u535a\u672c\u5730\u8d44\u8baf\u535a\u4e3b\uff08\u521a\u679c\u5e03\u62c9\u67f4\u7ef4\u5c14\uff09","gender":"m","mbtype":12,"urank":48,"mbrank":6,"follow_me":false,"following":false,"followers_count":192533,"follow_count":277,"cover_image_phone":"https:\/\/tva1.sinaimg.cn\/crop.0.0.640.640.640\/549d0121tw1egm1kjly3jj20hs0hsq4f.jpg","avatar_hd":"https:\/\/ww2.sinaimg.cn\/orj480\/53899d01jw8fcb9qpe7vbj2050050mx8.jpg","like":false,"like_me":false,"badge":{"bind_taobao":1,"dzwbqlx_2016":1,"follow_whitelist_video":1,"hongbao_2018":1}},"pid":3436542439962536,"retweeted_status":{"created_at":"2012-04-18","id":"3436283235687013","idstr":"3436283235687013","mid":"3436283235687013","can_edit":false,"text":"\u6211\u4e0d\u77e5\u9053\u300a\u8d85\u7ea7\u6218\u8230\u300b\u7684\u7f16\u5267\u662f\u5426\u770b\u8fc7\u300a\u4e09\u4f53\u300b\uff0c\u4eba\u7c7b\u5411\u592a\u7a7a\u53d1\u4e86\u4e2a\u4fe1\u53f7\u7ed3\u679c\u62db\u6765\u5916\u661f\u653b\u51fb\uff0c\u8fd9\u4e0d\u662f\u7ea2\u5cb8\u57fa\u5730\u91cc\u53f6\u6587\u6d01\u5e72\u7684\u4e8b\u5417\uff1f\u5982\u679c\u8fd9\u4e2a\u8fd8\u7b97\u5de7\u5408\u7684\u8bdd\uff0c\u90a3\u4e2a\u7403\u72b6\u653b\u51fb\u5668\u4e0d\u5c31\u662f\u300a\u4e09\u4f53\u300b\u91cc\u9762\u7684\u6c34\u6ef4\u5417\uff1f\u8fd9\u7535\u5f71\u7684\u5916\u661f\u4eba\u7406\u5ff5\u548c\u9ed1\u6697\u68ee\u6797\u6cd5\u5219\u4e5f\u5f88\u76f8\u4f3c\uff0c\u6709\u4e00\u53e5\u53f0\u8bcd\u5927\u610f\u662f\uff0c\u5730\u7403\u8fdf\u65e9\u4f1a\u88ab\u5916\u661f\u4eba\u6bc1\u706d\uff0c\u5e0c\u671b\u6211\u6d3b\u4e0d\u5230\u90a3\u4e00\u5929 \u200b\u200b\u200b","source":"\u5fae\u535a weibo.com","favorited":false,"is_paid":false,"mblog_vip_type":0,"user":{"id":1459542797,"screen_name":"\u9ebb\u7ef3\u7ec7\u56f4\u8116","profile_image_url":"https:\/\/tva4.sinaimg.cn\/crop.0.0.640.640.180\/56fedb0djw8ek4cct9r95j20hs0hsq3u.jpg","profile_url":"https:\/\/m.weibo.cn\/u\/1459542797?uid=1459542797&luicode=10000011&lfid=1076031401527553","statuses_count":6327,"verified":false,"verified_type":-1,"close_blue_v":false,"description":"\u4e2a\u4eba\u5fae\u4fe1\u516c\u4f17\u53f7\uff1a\u9ebb\u7ef3\u5728\u8fd9\u91cc","gender":"m","mbtype":0,"urank":33,"mbrank":0,"follow_me":false,"following":false,"followers_count":62467,"follow_count":135,"cover_image_phone":"https:\/\/tva3.sinaimg.cn\/crop.0.0.640.640.640\/6ce2240djw1e9odcin216j20hs0hstd8.jpg","avatar_hd":"https:\/\/ww4.sinaimg.cn\/orj480\/56fedb0djw8ek4cct9r95j20hs0hsq3u.jpg","like":false,"like_me":false,"badge":{"bind_taobao":1,"vip_activity2":1,"dzwbqlx_2016":1}},"reposts_count":419,"comments_count":135,"attitudes_count":0,"pending_approval_count":0,"isLongText":false,"visible":{"type":0,"list_id":0},"more_info_type":0,"content_auth":0,"edit_config":{"edited":false},"bid":"yfdTlnRs1"},"reposts_count":4,"comments_count":3,"attitudes_count":0,"pending_approval_count":0,"isLongText":false,"visible":{"type":0,"list_id":0},"more_info_type":0,"content_auth":0,"edit_config":{"edited":false},"mblogtype":0,"obj_ext":"","raw_text":"\u7403\u72b6\u653b\u51fb\u5668\u548c\u300a\u4e09\u4f53\u300b\u7684\u7b80\u5e76\u6001\u6c34\u6ef4\u5dee\u592a\u8fdc\u4e86\u3002\u8981\u8bf4\u6284\u88ad\u300a\u5c01\u795e\u6f14\u4e49\u300b\u8fd8\u6709\u70b9\u8c31\uff0c\u90a3\u4e1c\u897f\u5012\u662f\u633a\u50cf\u98ce\u706b\u8f6e\u3002\u53e6\u5916\uff0c\u8fd9\u79cd\u5224\u5b9a\u6284\u88ad\u94c1\u8bc1\u7684\u601d\u8def\u770b\u7740\u773c\u719f\u3002\/\/@\u5b9d\u4e2d\u5802: \u4e09\u4f53\u4e5f\u4e0d\u662f\u5929\u4e0a\u6389\u4e0b\u6765\u7684\uff0c\u800c\u662f\u5efa\u7acb\u5728\u6b27\u7f8e\u79d1\u5e7b\u4e24\u767e\u5e74\u7684\u6df1\u539a\u6839\u57fa\u4e0a\uff0c\u770b\u5230\u6709\u70b9\u7c7b\u4f3c\u7684\u4e1c\u897f\u5c31\u89c9\u5f97\u662f\u4eba\u5bb6\u5b66\u81ea\u5df1\u7684\uff0c\u8fd9\u601d\u7ef4\u4e5f\u592a\u97e9\u56fd\u4eba\u4e86\u3002\/\/@\u7535\u5b50\u9a91\u58eb","bid":"yfkNagbeo"},"show_type":0},{"card_type":9,"itemid":"1076031401527553_-_3436534172915757","scheme":"https:\/\/m.weibo.cn\/status\/yfkq5cewl?mblogid=yfkq5cewl&luicode=10000011&lfid=1076031401527553","mblog":{"created_at":"2012-04-19","id":"3436534172915757","idstr":"3436534172915757","mid":"3436534172915757","can_edit":false,"text":"\u5c0f\u65f6\u5019\u8bfb\u6613\u7ecf\uff0c\u770b\u5230\u201c\u5e72\u7236\u4e4b\u86ca\u201d\uff0c\u773c\u4e00\u82b1\u770b\u6210\u201c\u5e72\u7236\u4e4b\u76c5\u201d\uff0c\u5f53\u65f6\u7406\u89e3\u662f\u8001\u5b50\u6ca1\u559d\u5b8c\u7684\u9152\u76c5\uff0c\u513f\u5b50\u63a5\u7740\u559d\uff0c\u5b50\u627f\u7236\u4e1a\u7684\u610f\u601d\u3002\u8fd9\u773c\u4e00\u82b1\u5c31\u662f\u597d\u591a\u5e74\uff0c\u76f4\u5230\u524d\u9635\u5b50\u624d\u53d1\u73b0\u662f\u770b\u9519\u4e86\u3002\u4e0d\u8fc7\u5b57\u867d\u770b\u9519\uff0c\u80e1\u731c\u7684\u610f\u601d\u5c45\u7136\u5dee\u4e0d\u591a<span class=\"url-icon\"><img src=\"\/\/h5.sinaimg.cn\/m\/emoticon\/icon\/default\/d_xixi-ce63ce2629.png\" style=\"width:1em;height:1em;\" alt=\"[\u563b\u563b]\"><\/span>\u3002 \u200b\u200b\u200b","source":"\u5fae\u535a weibo.com","favorited":false,"is_paid":false,"mblog_vip_type":0,"user":{"id":1401527553,"screen_name":"tombkeeper","profile_image_url":"https:\/\/tva2.sinaimg.cn\/crop.0.0.180.180.180\/53899d01jw8fcb9qpe7vbj2050050mx8.jpg","profile_url":"https:\/\/m.weibo.cn\/u\/1401527553?uid=1401527553&luicode=10000011&lfid=1076031401527553","statuses_count":15425,"verified":true,"verified_type":0,"verified_type_ext":1,"verified_reason":"\u77e5\u540d\u4e92\u8054\u7f51\u8d44\u8baf\u535a\u4e3b","close_blue_v":false,"description":"\u5fae\u535a\u672c\u5730\u8d44\u8baf\u535a\u4e3b\uff08\u521a\u679c\u5e03\u62c9\u67f4\u7ef4\u5c14\uff09","gender":"m","mbtype":12,"urank":48,"mbrank":6,"follow_me":false,"following":false,"followers_count":192533,"follow_count":277,"cover_image_phone":"https:\/\/tva1.sinaimg.cn\/crop.0.0.640.640.640\/549d0121tw1egm1kjly3jj20hs0hsq4f.jpg","avatar_hd":"https:\/\/ww2.sinaimg.cn\/orj480\/53899d01jw8fcb9qpe7vbj2050050mx8.jpg","like":false,"like_me":false,"badge":{"bind_taobao":1,"dzwbqlx_2016":1,"follow_whitelist_video":1,"hongbao_2018":1}},"reposts_count":1,"comments_count":5,"attitudes_count":0,"pending_approval_count":0,"isLongText":false,"visible":{"type":0,"list_id":0},"more_info_type":0,"content_auth":0,"edit_config":{"edited":false},"mblogtype":0,"bid":"yfkq5cewl"},"show_type":0},{"card_type":9,"itemid":"1076031401527553_-_3436524283099789","scheme":"https:\/\/m.weibo.cn\/status\/yfka8d0oB?mblogid=yfka8d0oB&luicode=10000011&lfid=1076031401527553","mblog":{"created_at":"2012-04-19","id":"3436524283099789","idstr":"3436524283099789","mid":"3436524283099789","can_edit":false,"text":"\u5728\u75d5\u68c0\u5b66\u4e2d\uff0c\u6709\u6ca1\u6709\u529e\u6cd5\u901a\u8fc7\u7a3f\u7eb8\u5206\u6790\u4e66\u5199\u5e74\u4ee3\uff1f\u6709\uff0c\u800c\u4e14\u6709\u5f88\u591a\u79cd\u3002\u4f46\u56e0\u4e3a\u5c5e\u4e8e\u6bd4\u8f83\u504f\u95e8\u7684\u77e5\u8bc6\uff0c\u4e00\u822c\u4eba\u4e0d\u77e5\u9053\u3002\u800c\u78b314\u5565\u7684\uff0c\u5728\u65b0\u95fb\u4e0a\u5e38\u89c1\u3002\u8fd9\u51e0\u4f4d\u201c\u5211\u4fa6\u6559\u6388\u201d\u5bf9\u90a3\u4e9b\u4e13\u4e1a\u65b9\u6cd5\u4e00\u4e2a\u90fd\u6ca1\u63d0\uff0c\u5374\u626f\u4e0d\u76f8\u5e72\u7684\u78b314\uff0c\u4f60\u731c\u8fd9\u662f\u600e\u4e48\u56de\u4e8b\uff1f","source":"\u5fae\u535a weibo.com","favorited":false,"is_paid":false,"mblog_vip_type":0,"user":{"id":1401527553,"screen_name":"tombkeeper","profile_image_url":"https:\/\/tva2.sinaimg.cn\/crop.0.0.180.180.180\/53899d01jw8fcb9qpe7vbj2050050mx8.jpg","profile_url":"https:\/\/m.weibo.cn\/u\/1401527553?uid=1401527553&luicode=10000011&lfid=1076031401527553","statuses_count":15425,"verified":true,"verified_type":0,"verified_type_ext":1,"verified_reason":"\u77e5\u540d\u4e92\u8054\u7f51\u8d44\u8baf\u535a\u4e3b","close_blue_v":false,"description":"\u5fae\u535a\u672c\u5730\u8d44\u8baf\u535a\u4e3b\uff08\u521a\u679c\u5e03\u62c9\u67f4\u7ef4\u5c14\uff09","gender":"m","mbtype":12,"urank":48,"mbrank":6,"follow_me":false,"following":false,"followers_count":192533,"follow_count":277,"cover_image_phone":"https:\/\/tva1.sinaimg.cn\/crop.0.0.640.640.640\/549d0121tw1egm1kjly3jj20hs0hsq4f.jpg","avatar_hd":"https:\/\/ww2.sinaimg.cn\/orj480\/53899d01jw8fcb9qpe7vbj2050050mx8.jpg","like":false,"like_me":false,"badge":{"bind_taobao":1,"dzwbqlx_2016":1,"follow_whitelist_video":1,"hongbao_2018":1}},"retweeted_status":{"created_at":"2012-04-19","id":"3436510151580871","idstr":"3436510151580871","mid":"3436510151580871","can_edit":false,"text":"\u770b\u5230\u6709\u81ea\u79f0\u5211\u4fa6\u6559\u6388\u7684\u8bf4\u8981\u7528\u78b314\u5b9a\u5e74\u6cd5\u6d4b\u5b9a\u624b\u7a3f\u5f62\u6210\u5e74\u4ee3\uff0c\u6211\u89c9\u5f97\u8981\u4e48\u8fd9\u6559\u6388\u662f\u5047\u7684\uff0c\u8981\u4e48\u4e2d\u56fd\u7684\u5211\u4fa6\u5b66\u5b8c\u86cb\u4e86\u3002\u5bf9\u624b\u7a3f\u6765\u8bf4\uff0c\u78b314\u5b9a\u5e74\u6d4b\u5f97\u7684\u662f\u9020\u7eb8\u6240\u7528\u7684\u6811\u780d\u5012\u7684\u65f6\u95f4\uff0c\u65e0\u6cd5\u6d4b\u51fa\u5199\u5b57\u65f6\u95f4\u3002\u53e6\u5916\uff0c\u78b314\u5b9a\u5e74\u6cd5\u7684\u8bef\u5dee\u5373\u4f7f\u7406\u8bba\u4e0a\u4e5f\u81f3\u5c11\u4ee5\u5341\u5e74\u8ba1\uff0c\u5b9e\u9645\u4e2d\u53ef\u8fbe\u4e0a\u767e\u5e74\u2014\u2014\u5982\u679c\u662f\u97e9\u6108\u4ee3\u7b14\u7684\uff0c\u8fd9\u529e\u6cd5\u8fd8\u53ef\u4ee5\u8bd5\u8bd5\u3002 \u200b\u200b\u200b","source":"\u5fae\u535a weibo.com","favorited":false,"is_paid":false,"mblog_vip_type":0,"user":{"id":1401527553,"screen_name":"tombkeeper","profile_image_url":"https:\/\/tva2.sinaimg.cn\/crop.0.0.180.180.180\/53899d01jw8fcb9qpe7vbj2050050mx8.jpg","profile_url":"https:\/\/m.weibo.cn\/u\/1401527553?uid=1401527553&luicode=10000011&lfid=1076031401527553","statuses_count":15425,"verified":true,"verified_type":0,"verified_type_ext":1,"verified_reason":"\u77e5\u540d\u4e92\u8054\u7f51\u8d44\u8baf\u535a\u4e3b","close_blue_v":false,"description":"\u5fae\u535a\u672c\u5730\u8d44\u8baf\u535a\u4e3b\uff08\u521a\u679c\u5e03\u62c9\u67f4\u7ef4\u5c14\uff09","gender":"m","mbtype":12,"urank":48,"mbrank":6,"follow_me":false,"following":false,"followers_count":192533,"follow_count":277,"cover_image_phone":"https:\/\/tva1.sinaimg.cn\/crop.0.0.640.640.640\/549d0121tw1egm1kjly3jj20hs0hsq4f.jpg","avatar_hd":"https:\/\/ww2.sinaimg.cn\/orj480\/53899d01jw8fcb9qpe7vbj2050050mx8.jpg","like":false,"like_me":false,"badge":{"bind_taobao":1,"dzwbqlx_2016":1,"follow_whitelist_video":1,"hongbao_2018":1}},"reposts_count":58,"comments_count":21,"attitudes_count":1,"pending_approval_count":0,"isLongText":false,"visible":{"type":0,"list_id":0},"more_info_type":0,"content_auth":0,"edit_config":{"edited":false},"bid":"yfjNl6DfV"},"reposts_count":17,"comments_count":13,"attitudes_count":0,"pending_approval_count":0,"isLongText":false,"visible":{"type":0,"list_id":0},"more_info_type":0,"content_auth":0,"edit_config":{"edited":false},"mblogtype":0,"obj_ext":"","raw_text":"\u5728\u75d5\u68c0\u5b66\u4e2d\uff0c\u6709\u6ca1\u6709\u529e\u6cd5\u901a\u8fc7\u7a3f\u7eb8\u5206\u6790\u4e66\u5199\u5e74\u4ee3\uff1f\u6709\uff0c\u800c\u4e14\u6709\u5f88\u591a\u79cd\u3002\u4f46\u56e0\u4e3a\u5c5e\u4e8e\u6bd4\u8f83\u504f\u95e8\u7684\u77e5\u8bc6\uff0c\u4e00\u822c\u4eba\u4e0d\u77e5\u9053\u3002\u800c\u78b314\u5565\u7684\uff0c\u5728\u65b0\u95fb\u4e0a\u5e38\u89c1\u3002\u8fd9\u51e0\u4f4d\u201c\u5211\u4fa6\u6559\u6388\u201d\u5bf9\u90a3\u4e9b\u4e13\u4e1a\u65b9\u6cd5\u4e00\u4e2a\u90fd\u6ca1\u63d0\uff0c\u5374\u626f\u4e0d\u76f8\u5e72\u7684\u78b314\uff0c\u4f60\u731c\u8fd9\u662f\u600e\u4e48\u56de\u4e8b\uff1f","bid":"yfka8d0oB"},"show_type":0},{"card_type":9,"itemid":"1076031401527553_-_3436510151580871","scheme":"https:\/\/m.weibo.cn\/status\/yfjNl6DfV?mblogid=yfjNl6DfV&luicode=10000011&lfid=1076031401527553","mblog":{"created_at":"2012-04-19","id":"3436510151580871","idstr":"3436510151580871","mid":"3436510151580871","can_edit":false,"text":"\u770b\u5230\u6709\u81ea\u79f0\u5211\u4fa6\u6559\u6388\u7684\u8bf4\u8981\u7528\u78b314\u5b9a\u5e74\u6cd5\u6d4b\u5b9a\u624b\u7a3f\u5f62\u6210\u5e74\u4ee3\uff0c\u6211\u89c9\u5f97\u8981\u4e48\u8fd9\u6559\u6388\u662f\u5047\u7684\uff0c\u8981\u4e48\u4e2d\u56fd\u7684\u5211\u4fa6\u5b66\u5b8c\u86cb\u4e86\u3002\u5bf9\u624b\u7a3f\u6765\u8bf4\uff0c\u78b314\u5b9a\u5e74\u6d4b\u5f97\u7684\u662f\u9020\u7eb8\u6240\u7528\u7684\u6811\u780d\u5012\u7684\u65f6\u95f4\uff0c\u65e0\u6cd5\u6d4b\u51fa\u5199\u5b57\u65f6\u95f4\u3002\u53e6\u5916\uff0c\u78b314\u5b9a\u5e74\u6cd5\u7684\u8bef\u5dee\u5373\u4f7f\u7406\u8bba\u4e0a\u4e5f\u81f3\u5c11\u4ee5\u5341\u5e74\u8ba1\uff0c\u5b9e\u9645\u4e2d\u53ef\u8fbe\u4e0a\u767e\u5e74\u2014\u2014\u5982\u679c\u662f\u97e9\u6108\u4ee3\u7b14\u7684\uff0c\u8fd9\u529e\u6cd5\u8fd8\u53ef\u4ee5\u8bd5\u8bd5\u3002 \u200b\u200b\u200b","source":"\u5fae\u535a weibo.com","favorited":false,"is_paid":false,"mblog_vip_type":0,"user":{"id":1401527553,"screen_name":"tombkeeper","profile_image_url":"https:\/\/tva2.sinaimg.cn\/crop.0.0.180.180.180\/53899d01jw8fcb9qpe7vbj2050050mx8.jpg","profile_url":"https:\/\/m.weibo.cn\/u\/1401527553?uid=1401527553&luicode=10000011&lfid=1076031401527553","statuses_count":15425,"verified":true,"verified_type":0,"verified_type_ext":1,"verified_reason":"\u77e5\u540d\u4e92\u8054\u7f51\u8d44\u8baf\u535a\u4e3b","close_blue_v":false,"description":"\u5fae\u535a\u672c\u5730\u8d44\u8baf\u535a\u4e3b\uff08\u521a\u679c\u5e03\u62c9\u67f4\u7ef4\u5c14\uff09","gender":"m","mbtype":12,"urank":48,"mbrank":6,"follow_me":false,"following":false,"followers_count":192533,"follow_count":277,"cover_image_phone":"https:\/\/tva1.sinaimg.cn\/crop.0.0.640.640.640\/549d0121tw1egm1kjly3jj20hs0hsq4f.jpg","avatar_hd":"https:\/\/ww2.sinaimg.cn\/orj480\/53899d01jw8fcb9qpe7vbj2050050mx8.jpg","like":false,"like_me":false,"badge":{"bind_taobao":1,"dzwbqlx_2016":1,"follow_whitelist_video":1,"hongbao_2018":1}},"reposts_count":58,"comments_count":21,"attitudes_count":1,"pending_approval_count":0,"isLongText":false,"visible":{"type":0,"list_id":0},"more_info_type":0,"content_auth":0,"edit_config":{"edited":false},"mblogtype":0,"bid":"yfjNl6DfV"},"show_type":0},{"card_type":9,"itemid":"1076031401527553_-_3436466401316752","scheme":"https:\/\/m.weibo.cn\/status\/yfiEM5wxW?mblogid=yfiEM5wxW&luicode=10000011&lfid=1076031401527553","mblog":{"created_at":"2012-04-19","id":"3436466401316752","idstr":"3436466401316752","mid":"3436466401316752","can_edit":false,"text":"\u7ec8\u4e8e\u8bf4\u5230\u5173\u952e\u4e86\u3002\u59d1\u5a18\u4eec\uff0c\u4f60\u4eec\u70ed\u7231\u7684\u9178\u5976\u3001\u51b0\u6fc0\u51cc\u2026\u2026\u8fd8\u6709\u5e55\u65af\u86cb\u7cd5\u7684\u201c\u5e55\u65af\u201d\uff0c\u90fd\u53ef\u80fd\u662f\u8fd9\u73a9\u610f\u505a\u7684\u3002 \/\/<a href='https:\/\/m.weibo.cn\/n\/\u7834\u7834\u7684\u6865'>@\u7834\u7834\u7684\u6865<\/a>: \u80fd\u8bf4\u4e00\u4e0b\u201c\u77e5\u540d\u4e73\u54c1\u4f01\u4e1a\u201d\u662f\u4ec0\u4e48\u4f01\u4e1a\u5417\uff1f\u8fd9\u65b0\u95fb\u80fd\u4e0d\u8fd9\u4e48\u906e\u63a9\u7740\u62a5\u4e48\uff1f","source":"\u5fae\u535a weibo.com","favorited":false,"is_paid":false,"mblog_vip_type":0,"user":{"id":1401527553,"screen_name":"tombkeeper","profile_image_url":"https:\/\/tva2.sinaimg.cn\/crop.0.0.180.180.180\/53899d01jw8fcb9qpe7vbj2050050mx8.jpg","profile_url":"https:\/\/m.weibo.cn\/u\/1401527553?uid=1401527553&luicode=10000011&lfid=1076031401527553","statuses_count":15425,"verified":true,"verified_type":0,"verified_type_ext":1,"verified_reason":"\u77e5\u540d\u4e92\u8054\u7f51\u8d44\u8baf\u535a\u4e3b","close_blue_v":false,"description":"\u5fae\u535a\u672c\u5730\u8d44\u8baf\u535a\u4e3b\uff08\u521a\u679c\u5e03\u62c9\u67f4\u7ef4\u5c14\uff09","gender":"m","mbtype":12,"urank":48,"mbrank":6,"follow_me":false,"following":false,"followers_count":192533,"follow_count":277,"cover_image_phone":"https:\/\/tva1.sinaimg.cn\/crop.0.0.640.640.640\/549d0121tw1egm1kjly3jj20hs0hsq4f.jpg","avatar_hd":"https:\/\/ww2.sinaimg.cn\/orj480\/53899d01jw8fcb9qpe7vbj2050050mx8.jpg","like":false,"like_me":false,"badge":{"bind_taobao":1,"dzwbqlx_2016":1,"follow_whitelist_video":1,"hongbao_2018":1}},"pid":3436462794526799,"retweeted_status":{"created_at":"2012-04-19","id":"3436425951311059","idstr":"3436425951311059","mid":"3436425951311059","can_edit":false,"text":"\u3010\u8bc1\u636e\u663e\u793a\u6cb3\u5317\u95ee\u9898\u660e\u80f6\u4ea7\u54c1\u66fe\u6d41\u5411\u98df\u54c1\u4f01\u4e1a\u3011\u6709\u8bc1\u636e\u663e\u793a\uff0c\u6cb3\u5317\u961c\u57ce\u201c\u5b66\u6d0b\u660e\u80f6\u201d\u7684\u4ea7\u54c1\u8fd8\u6d41\u5411\u4f17\u591a\u98df\u54c1\u4f01\u4e1a\u3002\u8be5\u53822000\u5e74\u7ecf\u8425\u8d26\u76ee\u4f9b\u8d27\u8bb0\u5f55\u663e\u793a\uff0c\u8be5\u5382\u4f9b\u8d27\u4f01\u4e1a\u5305\u62ec\u591a\u5bb6\u751f\u4ea7\u98df\u54c1\u6dfb\u52a0\u5242\u3001\u51b7\u996e\u3001\u4e73\u5236\u54c1\u548c\u996e\u6599\u7684\u4f01\u4e1a\uff0c\u5176\u4e2d\u51fa\u73b0\u591a\u5bb6\u56fd\u5185\u77e5\u540d\u4e73\u54c1\u4f01\u4e1a\u540d\u5b57\uff0c\u4e0d\u5c11\u4f9b\u8d27\u5355\u4e0a\u660e\u786e\u6807\u6ce8\u4e3a\u201c\u767d\u888b\u201d\u3002<a data-url=\"http:\/\/t.cn\/zOOAV53\" href=\"http:\/\/news.sina.com.cn\/c\/2012-04-19\/040924294541.shtml?luicode=10000011&lfid=1076031401527553&ep=yfhBx5v47%252C1618051664%252CyfhBx5v47%252C1618051664\" data-hide=\"\"><span class=\"url-icon\"><img src=\"\/\/h5.sinaimg.cn\/upload\/2015\/09\/25\/3\/timeline_card_small_web_default.png\"><\/span><\/i><span class=\"surl-text\">\u7f51\u9875\u94fe\u63a5<\/a> \u200b\u200b\u200b","source":"\u5fae\u535a weibo.com","favorited":false,"is_paid":false,"mblog_vip_type":0,"user":{"id":1618051664,"screen_name":"\u5934\u6761\u65b0\u95fb","profile_image_url":"https:\/\/tvax2.sinaimg.cn\/crop.18.21.500.500.180\/60718250ly1fe7kog3jroj20f00f03zj.jpg","profile_url":"https:\/\/m.weibo.cn\/u\/1618051664?uid=1618051664&luicode=10000011&lfid=1076031401527553","statuses_count":136522,"verified":true,"verified_type":3,"verified_type_ext":0,"verified_reason":"\u65b0\u6d6a\u65b0\u95fb\u4e2d\u5fc324\u5c0f\u65f6\u64ad\u62a5\u5168\u7403\u91cd\u5927\u65b0\u95fb","close_blue_v":false,"description":"\u6bcf\u65e5\u64ad\u62a5\u5168\u7403\u5404\u7c7b\u91cd\u8981\u8d44\u8baf\u3001\u7a81\u53d1\u65b0\u95fb\uff0c\u5168\u592924\u5c0f\u65f6\u5373\u65f6\u53d1\u5e03\u3002\u6b22\u8fce\u62a5\u6599\u3001\u6295\u7a3f\uff0c\u8bf7\u53d1\u79c1\u4fe1\u6216\u8005\u90ae\u4ef6\uff1axlttnews@vip.sina.com\u3002","gender":"f","mbtype":2,"urank":45,"mbrank":4,"follow_me":false,"following":false,"followers_count":52654315,"follow_count":1168,"cover_image_phone":"https:\/\/tva1.sinaimg.cn\/crop.0.0.640.640.640\/549d0121tw1egm1kjly3jj20hs0hsq4f.jpg","avatar_hd":"https:\/\/wx2.sinaimg.cn\/orj480\/60718250ly1fe7kog3jroj20f00f03zj.jpg","like":false,"like_me":false,"badge":{"enterprise":1,"zongyiji":1,"dzwbqlx_2016":1,"follow_whitelist_video":1,"hongbao_2018":1}},"reposts_count":2826,"comments_count":1256,"attitudes_count":0,"pending_approval_count":0,"isLongText":false,"visible":{"type":0,"list_id":0},"more_info_type":0,"content_auth":0,"edit_config":{"edited":false},"bid":"yfhBx5v47"},"reposts_count":23,"comments_count":9,"attitudes_count":1,"pending_approval_count":0,"isLongText":false,"visible":{"type":0,"list_id":0},"more_info_type":0,"content_auth":0,"edit_config":{"edited":false},"mblogtype":0,"obj_ext":"","raw_text":"\u7ec8\u4e8e\u8bf4\u5230\u5173\u952e\u4e86\u3002\u59d1\u5a18\u4eec\uff0c\u4f60\u4eec\u70ed\u7231\u7684\u9178\u5976\u3001\u51b0\u6fc0\u51cc\u2026\u2026\u8fd8\u6709\u5e55\u65af\u86cb\u7cd5\u7684\u201c\u5e55\u65af\u201d\uff0c\u90fd\u53ef\u80fd\u662f\u8fd9\u73a9\u610f\u505a\u7684\u3002 \/\/@\u7834\u7834\u7684\u6865: \u80fd\u8bf4\u4e00\u4e0b\u201c\u77e5\u540d\u4e73\u54c1\u4f01\u4e1a\u201d\u662f\u4ec0\u4e48\u4f01\u4e1a\u5417\uff1f\u8fd9\u65b0\u95fb\u80fd\u4e0d\u8fd9\u4e48\u906e\u63a9\u7740\u62a5\u4e48\uff1f","bid":"yfiEM5wxW"},"show_type":0},{"card_type":9,"itemid":"1076031401527553_-_3436308817247317","scheme":"https:\/\/m.weibo.cn\/status\/yfeyBupmd?mblogid=yfeyBupmd&luicode=10000011&lfid=1076031401527553","mblog":{"created_at":"2012-04-18","id":"3436308817247317","idstr":"3436308817247317","mid":"3436308817247317","can_edit":false,"text":"\u4e2d\u56fd\u4e4b\u201c\u4e2d\u201d\uff0c\u4e94\u884c\u5c5e\u571f\uff1b\u7f8e\u5229\u575a\u7684\u201c\u5229\u575a\u201d\u4e8c\u5b57\uff0c\u90fd\u662f\u91d1\u76f8\uff1b\u65e5\u672c\u7684\u201c\u672c\u201d\u5b57\uff0c\u662f\u6728\u76f8\uff1b\u5fb7\u610f\u5fd7\u4e09\u4e2a\u5b57\u6709\u4e09\u4e2a\u5fc3\uff0c\u5fc3\u5c5e\u706b\u2026\u2026\u4eba\u5bb6\u8fd9\u89e3\u91ca\u5b8c\u5168\u5408\u7406<span class=\"url-icon\"><img src=\"\/\/h5.sinaimg.cn\/m\/emoticon\/icon\/default\/d_xixi-ce63ce2629.png\" style=\"width:1em;height:1em;\" alt=\"[\u563b\u563b]\"><\/span>\u3002\u6240\u4ee5\u5c5e\u6c34\u7684\u81ea\u7136\u662f\u6cd5\u56fd\u8f66\u3002\/\/<a href='https:\/\/m.weibo.cn\/n\/\u5b9d\u4e2d\u5802'>@\u5b9d\u4e2d\u5802<\/a>: \u54ea\u91cc\u7684\u8f66\u4e94\u884c\u5c5e\u6c34\u5462\uff1f","source":"\u5fae\u535a weibo.com","favorited":false,"is_paid":false,"mblog_vip_type":0,"user":{"id":1401527553,"screen_name":"tombkeeper","profile_image_url":"https:\/\/tva2.sinaimg.cn\/crop.0.0.180.180.180\/53899d01jw8fcb9qpe7vbj2050050mx8.jpg","profile_url":"https:\/\/m.weibo.cn\/u\/1401527553?uid=1401527553&luicode=10000011&lfid=1076031401527553","statuses_count":15425,"verified":true,"verified_type":0,"verified_type_ext":1,"verified_reason":"\u77e5\u540d\u4e92\u8054\u7f51\u8d44\u8baf\u535a\u4e3b","close_blue_v":false,"description":"\u5fae\u535a\u672c\u5730\u8d44\u8baf\u535a\u4e3b\uff08\u521a\u679c\u5e03\u62c9\u67f4\u7ef4\u5c14\uff09","gender":"m","mbtype":12,"urank":48,"mbrank":6,"follow_me":false,"following":false,"followers_count":192533,"follow_count":277,"cover_image_phone":"https:\/\/tva1.sinaimg.cn\/crop.0.0.640.640.640\/549d0121tw1egm1kjly3jj20hs0hsq4f.jpg","avatar_hd":"https:\/\/ww2.sinaimg.cn\/orj480\/53899d01jw8fcb9qpe7vbj2050050mx8.jpg","like":false,"like_me":false,"badge":{"bind_taobao":1,"dzwbqlx_2016":1,"follow_whitelist_video":1,"hongbao_2018":1}},"pid":3436289120708107,"retweeted_status":{"created_at":"2012-04-18","id":"3436286398248030","idstr":"3436286398248030","mid":"3436286398248030","can_edit":false,"text":"<a class='k' href='https:\/\/m.weibo.cn\/k\/%E7%BC%96%E8%BE%91%E6%AC%A2%E4%B9%90%E5%A4%9A?from=feed'>#\u7f16\u8f91\u6b22\u4e50\u591a#<\/a>\u5f88\u591a\u4eba\u90fd\u8ba4\u4e3a\uff0c\u9009\u62e9\u4ec0\u4e48\u8f66\u505a\u5a5a\u8f66\u5b8c\u5168\u5e94\u8be5\u51fa\u4e8e\u65b0\u4eba\u7684\u559c\u597d\u3002\u5176\u5b9e\u4e0d\u7136\uff0c\u6c7d\u8f66\u4e5f\u662f\u6709\u4e94\u884c\u5c5e\u6027\u7684\uff0c\u4e2d\u56fd\u672c\u571f\u751f\u4ea7\u7684\u56fd\u4ea7\u8f66\u4e94\u884c\u5c5e\u571f\uff0c\u7f8e\u56fd\u8f66\u4e94\u884c\u5c5e\u91d1\uff0c\u65e5\u672c\u8f66\u4e94\u884c\u5c5e\u6728\uff0c\u5fb7\u56fd\u8f66\u4e94\u884c\u5c5e\u706b\uff0c\u4e0d\u540c\u4e94\u884c\u5f52\u5c5e\u7684\u4eba\u9002\u5408\u4e0d\u540c\u4e94\u884c\u5c5e\u6027\u7684\u8f66\u3002 \u200b\u200b\u200b","source":"\u5fae\u535a weibo.com","favorited":false,"is_paid":false,"mblog_vip_type":0,"user":{"id":1405831044,"screen_name":"\u9f50\u79cb","profile_image_url":"https:\/\/tva1.sinaimg.cn\/crop.0.0.180.180.180\/53cb4784jw1e8qgp5bmzyj2050050aa8.jpg","profile_url":"https:\/\/m.weibo.cn\/u\/1405831044?uid=1405831044&luicode=10000011&lfid=1076031401527553","statuses_count":5256,"verified":false,"verified_type":-1,"close_blue_v":false,"description":"\u4e2d\u5e74\u5987\u5973","gender":"f","mbtype":12,"urank":46,"mbrank":6,"follow_me":false,"following":false,"followers_count":4593,"follow_count":161,"cover_image_phone":"https:\/\/tva3.sinaimg.cn\/crop.0.0.640.640.640\/6ce2240djw1e9oao0dwofj20hs0hsjxc.jpg","avatar_hd":"https:\/\/ww1.sinaimg.cn\/orj480\/53cb4784jw1e8qgp5bmzyj2050050aa8.jpg","like":false,"like_me":false,"badge":{"unread_pool":1,"vip_activity2":1,"unread_pool_ext":1,"dzwbqlx_2016":1,"follow_whitelist_video":1,"suishoupai_2017":1}},"reposts_count":57,"comments_count":22,"attitudes_count":0,"pending_approval_count":0,"isLongText":false,"visible":{"type":0,"list_id":0},"more_info_type":0,"content_auth":0,"edit_config":{"edited":false},"bid":"yfdYryBGK"},"reposts_count":12,"comments_count":7,"attitudes_count":0,"pending_approval_count":0,"isLongText":false,"visible":{"type":0,"list_id":0},"more_info_type":0,"content_auth":0,"edit_config":{"edited":false},"mblogtype":0,"obj_ext":"","raw_text":"\u4e2d\u56fd\u4e4b\u201c\u4e2d\u201d\uff0c\u4e94\u884c\u5c5e\u571f\uff1b\u7f8e\u5229\u575a\u7684\u201c\u5229\u575a\u201d\u4e8c\u5b57\uff0c\u90fd\u662f\u91d1\u76f8\uff1b\u65e5\u672c\u7684\u201c\u672c\u201d\u5b57\uff0c\u662f\u6728\u76f8\uff1b\u5fb7\u610f\u5fd7\u4e09\u4e2a\u5b57\u6709\u4e09\u4e2a\u5fc3\uff0c\u5fc3\u5c5e\u706b\u2026\u2026\u4eba\u5bb6\u8fd9\u89e3\u91ca\u5b8c\u5168\u5408\u7406[\u563b\u563b]\u3002\u6240\u4ee5\u5c5e\u6c34\u7684\u81ea\u7136\u662f\u6cd5\u56fd\u8f66\u3002\/\/@\u5b9d\u4e2d\u5802: \u54ea\u91cc\u7684\u8f66\u4e94\u884c\u5c5e\u6c34\u5462\uff1f","bid":"yfeyBupmd"},"show_type":0},{"card_type":9,"itemid":"1076031401527553_-_3436277833882575","scheme":"https:\/\/m.weibo.cn\/status\/yfdKDgi2b?mblogid=yfdKDgi2b&luicode=10000011&lfid=1076031401527553","mblog":{"created_at":"2012-04-18","id":"3436277833882575","idstr":"3436277833882575","mid":"3436277833882575","can_edit":false,"text":"\u8bed\u8a00\u6ca1\u7ec4\u7ec7\u597d\uff0c\u6897\u7684\u5473\u9053\u6ca1\u53d1\u51fa\u6765\u3002\u6700\u540e\u4e00\u53e5\u8bdd\u5e94\u6539\u6210\u201c\u5728\u4e2d\u56fd\uff0c\u6562\u516c\u5f00\u8bf4\u81ea\u5df1\u2018\u611f\u89c9\u826f\u597d\u2019\u7684\uff0c\u6050\u6015\u53ea\u6709\u6768\u5229\u4f1f\u3001\u7fdf\u5fd7\u521a\u4e8c\u4eba\u201d\u3002\/\/<a href='https:\/\/m.weibo.cn\/n\/sbilly'>@sbilly<\/a>: <span class=\"url-icon\"><img src=\"\/\/h5.sinaimg.cn\/m\/emoticon\/icon\/default\/d_haha-bdd6ceb619.png\" style=\"width:1em;height:1em;\" alt=\"[\u54c8\u54c8]\"><\/span>","source":"\u5fae\u535a weibo.com","favorited":false,"is_paid":false,"mblog_vip_type":0,"user":{"id":1401527553,"screen_name":"tombkeeper","profile_image_url":"https:\/\/tva2.sinaimg.cn\/crop.0.0.180.180.180\/53899d01jw8fcb9qpe7vbj2050050mx8.jpg","profile_url":"https:\/\/m.weibo.cn\/u\/1401527553?uid=1401527553&luicode=10000011&lfid=1076031401527553","statuses_count":15425,"verified":true,"verified_type":0,"verified_type_ext":1,"verified_reason":"\u77e5\u540d\u4e92\u8054\u7f51\u8d44\u8baf\u535a\u4e3b","close_blue_v":false,"description":"\u5fae\u535a\u672c\u5730\u8d44\u8baf\u535a\u4e3b\uff08\u521a\u679c\u5e03\u62c9\u67f4\u7ef4\u5c14\uff09","gender":"m","mbtype":12,"urank":48,"mbrank":6,"follow_me":false,"following":false,"followers_count":192533,"follow_count":277,"cover_image_phone":"https:\/\/tva1.sinaimg.cn\/crop.0.0.640.640.640\/549d0121tw1egm1kjly3jj20hs0hsq4f.jpg","avatar_hd":"https:\/\/ww2.sinaimg.cn\/orj480\/53899d01jw8fcb9qpe7vbj2050050mx8.jpg","like":false,"like_me":false,"badge":{"bind_taobao":1,"dzwbqlx_2016":1,"follow_whitelist_video":1,"hongbao_2018":1}},"pid":3436265913633249,"retweeted_status":{"created_at":"2012-04-18","id":"3436215409412414","idstr":"3436215409412414","mid":"3436215409412414","can_edit":false,"text":"\u4e0d\u6b62\u4e00\u6b21\u5728\u975e\u8bda\u52ff\u6270\u4e0a\u770b\u5230\u5973\u5609\u5bbe\u8ba4\u4e3a\u7537\u5609\u5bbe\u201c\u4e0d\u81ea\u4fe1\u201d\u3002\u4e5f\u4e0d\u6b62\u4e00\u6b21\u770b\u5230\u5973\u5609\u5bbe\u8ba4\u4e3a\u7537\u5609\u5bbe\u201c\u81ea\u6211\u611f\u89c9\u826f\u597d\u201d\uff0c\u7136\u540e\u8fde\u4e3b\u6301\u4eba\u90fd\u4f1a\u52a0\u5165\u8fdb\u6765\uff0c\u96c6\u4e2d\u706b\u529b\u5bf9\u5176\u8fdb\u884c\u653b\u51fb\u3002\u505a\u4eba\u771f\u96be\uff0c\u4e00\u65b9\u9762\u8981\u81ea\u4fe1\uff0c\u53e6\u4e00\u65b9\u9762\u53c8\u4e0d\u8bb8\u201c\u81ea\u6211\u611f\u89c9\u826f\u597d\u201d\u3002\u5728\u4e2d\u56fd\uff0c\u81ea\u6211\u611f\u89c9\u826f\u597d\uff0c\u800c\u5927\u5bb6\u4e00\u70b9\u4e0d\u53cd\u611f\u7684\uff0c\u6050\u6015\u53ea\u6709\u6768\u5229\u4f1f\u3001\u7fdf\u5fd7\u521a\u4e8c\u4eba\u4e86\u3002 \u200b\u200b\u200b","source":"\u5fae\u535a weibo.com","favorited":false,"thumbnail_pic":"http:\/\/ww4.sinaimg.cn\/thumbnail\/53899d01jw1ds3wz51nejj.jpg","bmiddle_pic":"http:\/\/ww4.sinaimg.cn\/bmiddle\/53899d01jw1ds3wz51nejj.jpg","original_pic":"http:\/\/ww4.sinaimg.cn\/large\/53899d01jw1ds3wz51nejj.jpg","is_paid":false,"mblog_vip_type":0,"user":{"id":1401527553,"screen_name":"tombkeeper","profile_image_url":"https:\/\/tva2.sinaimg.cn\/crop.0.0.180.180.180\/53899d01jw8fcb9qpe7vbj2050050mx8.jpg","profile_url":"https:\/\/m.weibo.cn\/u\/1401527553?uid=1401527553&luicode=10000011&lfid=1076031401527553","statuses_count":15425,"verified":true,"verified_type":0,"verified_type_ext":1,"verified_reason":"\u77e5\u540d\u4e92\u8054\u7f51\u8d44\u8baf\u535a\u4e3b","close_blue_v":false,"description":"\u5fae\u535a\u672c\u5730\u8d44\u8baf\u535a\u4e3b\uff08\u521a\u679c\u5e03\u62c9\u67f4\u7ef4\u5c14\uff09","gender":"m","mbtype":12,"urank":48,"mbrank":6,"follow_me":false,"following":false,"followers_count":192533,"follow_count":277,"cover_image_phone":"https:\/\/tva1.sinaimg.cn\/crop.0.0.640.640.640\/549d0121tw1egm1kjly3jj20hs0hsq4f.jpg","avatar_hd":"https:\/\/ww2.sinaimg.cn\/orj480\/53899d01jw8fcb9qpe7vbj2050050mx8.jpg","like":false,"like_me":false,"badge":{"bind_taobao":1,"dzwbqlx_2016":1,"follow_whitelist_video":1,"hongbao_2018":1}},"reposts_count":46,"comments_count":19,"attitudes_count":15,"pending_approval_count":0,"isLongText":false,"visible":{"type":0,"list_id":0},"more_info_type":0,"content_auth":0,"edit_config":{"edited":false},"bid":"yfc7WDuB8","pics":[{"pid":"53899d01jw1ds3wz51nejj","url":"https:\/\/ww4.sinaimg.cn\/orj360\/53899d01jw1ds3wz51nejj.jpg","size":"orj360","geo":false,"large":{"size":"large","url":"https:\/\/ww4.sinaimg.cn\/large\/53899d01jw1ds3wz51nejj.jpg","geo":false}}]},"reposts_count":3,"comments_count":2,"attitudes_count":0,"pending_approval_count":0,"isLongText":false,"visible":{"type":0,"list_id":0},"more_info_type":0,"content_auth":0,"edit_config":{"edited":false},"mblogtype":0,"obj_ext":"","raw_text":"\u8bed\u8a00\u6ca1\u7ec4\u7ec7\u597d\uff0c\u6897\u7684\u5473\u9053\u6ca1\u53d1\u51fa\u6765\u3002\u6700\u540e\u4e00\u53e5\u8bdd\u5e94\u6539\u6210\u201c\u5728\u4e2d\u56fd\uff0c\u6562\u516c\u5f00\u8bf4\u81ea\u5df1\u2018\u611f\u89c9\u826f\u597d\u2019\u7684\uff0c\u6050\u6015\u53ea\u6709\u6768\u5229\u4f1f\u3001\u7fdf\u5fd7\u521a\u4e8c\u4eba\u201d\u3002\/\/@sbilly: [\u54c8\u54c8]","bid":"yfdKDgi2b"},"show_type":0},{"card_type":9,"itemid":"1076031401527553_-_3436277003467350","scheme":"https:\/\/m.weibo.cn\/status\/yfdJiey10?mblogid=yfdJiey10&luicode=10000011&lfid=1076031401527553","mblog":{"created_at":"2012-04-18","id":"3436277003467350","idstr":"3436277003467350","mid":"3436277003467350","can_edit":false,"text":"\u6211\u4f30\u8ba1\u505a\u68a6\u4e5f\u4f1a\u7b11\u9192\u3002\u8fd9\u8d77\u7801\u5f97\u5931\u7720\u5230\u7aef\u5348\u8282\uff0c\u5403\u4e03\u4e2a\u516b\u4e2a\u8089\u7cbd\u5b50\u5fc3\u60c5\u624d\u80fd\u5e73\u590d\u3002\/\/<a href='https:\/\/m.weibo.cn\/n\/\u94b1\u8389\u82b3'>@\u94b1\u8389\u82b3<\/a>: \u70ed\u6cea\u76c8\u7736\uff01\uff01\uff01\uff01\uff01\u6211\u662f\u505a\u68a6\u5417\uff1f\uff01\uff01\uff01\uff01","source":"\u5fae\u535a weibo.com","favorited":false,"is_paid":false,"mblog_vip_type":0,"user":{"id":1401527553,"screen_name":"tombkeeper","profile_image_url":"https:\/\/tva2.sinaimg.cn\/crop.0.0.180.180.180\/53899d01jw8fcb9qpe7vbj2050050mx8.jpg","profile_url":"https:\/\/m.weibo.cn\/u\/1401527553?uid=1401527553&luicode=10000011&lfid=1076031401527553","statuses_count":15425,"verified":true,"verified_type":0,"verified_type_ext":1,"verified_reason":"\u77e5\u540d\u4e92\u8054\u7f51\u8d44\u8baf\u535a\u4e3b","close_blue_v":false,"description":"\u5fae\u535a\u672c\u5730\u8d44\u8baf\u535a\u4e3b\uff08\u521a\u679c\u5e03\u62c9\u67f4\u7ef4\u5c14\uff09","gender":"m","mbtype":12,"urank":48,"mbrank":6,"follow_me":false,"following":false,"followers_count":192533,"follow_count":277,"cover_image_phone":"https:\/\/tva1.sinaimg.cn\/crop.0.0.640.640.640\/549d0121tw1egm1kjly3jj20hs0hsq4f.jpg","avatar_hd":"https:\/\/ww2.sinaimg.cn\/orj480\/53899d01jw8fcb9qpe7vbj2050050mx8.jpg","like":false,"like_me":false,"badge":{"bind_taobao":1,"dzwbqlx_2016":1,"follow_whitelist_video":1,"hongbao_2018":1}},"pid":3436265695684690,"retweeted_status":{"created_at":"2012-04-18","id":"3436252227956919","idstr":"3436252227956919","mid":"3436252227956919","can_edit":false,"text":"\u5929\u610f\uff0c\u53ef\u7528\u4e00\u5207\u8b9a\u7f8e\u8a5e\u4f86\u5f62\u5bb9\u800c\u7686\u5b9c\u3002\u7528\u6700\u7c21\u55ae\u7684\u8a71\u4f86\u8aaa\uff1a\u662f\u6211\u8fc4\u4eca\u70ba\u6b62\uff0c\u770b\u904e\u7684\u6700\u597d\u770b\u7684\u5e7b\u60f3\u5c0f\u8aaa\uff0c\u592a\u597d\u770b\u4e86\uff0c\u4e2d\u570b\u5e7b\u60f3\u5c0f\u8aaa\u4f5c\u8005\uff08\u5305\u62ec\u5340\u5340\u5728\u4e0b\uff09\u5747\u4e0d\u53ca\uff0c\u516b\u5e74\u524d\u5df2\u51fa\u7248\uff0c\u5230\u73fe\u5728\u624d\u770b\u5230\uff0c\u771f\u6096\u6642\u4e4b\u81f3\u3002\u5168\u66f8\u6700\u5f8c\u4e00\u6bb5\uff0c\u6700\u70ba\u795e\u4f86\u4e4b\u7b46\uff0c\u4ee4\u4eba\u771f\u76f8\u4fe1\u4f5c\u8005\u5c31\u662f\u4f86\u81ea\u53e4\u4ee3\u7684\u90a3\u7cbe\u9748\u5973\u4ed4\uff01\u4f60\u82e5\u6709\u6a5f\u6703\uff0c\u8acb\u4ee3\u6211\u5411\u5979\u81f4\u610f\u3002\u502a\u5321 \u200b\u200b\u200b","source":"iPhone\u5ba2\u6237\u7aef","favorited":false,"is_paid":false,"mblog_vip_type":0,"user":{"id":1739340800,"screen_name":"\u65bd\u4ec1\u6bc5","profile_image_url":"https:\/\/tva3.sinaimg.cn\/crop.0.0.511.511.180\/67ac3c00jw8f0c4zu09iqj20e70e8dge.jpg","profile_url":"https:\/\/m.weibo.cn\/u\/1739340800?uid=1739340800&luicode=10000011&lfid=1076031401527553","statuses_count":6854,"verified":true,"verified_type":0,"verified_type_ext":0,"verified_reason":"\u667a\u50b2\u96c6\u5718\u8463\u4e8b\u9577\u3001\u9996\u5e2d\u57f7\u884c\u5b98\u9999\u6e2f\u904a\u6232\u7522\u696d\u5354\u6703\u4ee5\u53ca\u9999\u6e2f\u5c0f\u8aaa\u6703\u3001\u5275\u8fa6\u4eba ","close_blue_v":false,"description":"ACG\u72c2\u5f92\uff0c\u516c\u53f8\u7db2\u7ad9\uff1awww.gameone.com","gender":"m","mbtype":0,"urank":30,"mbrank":0,"follow_me":false,"following":false,"followers_count":104515,"follow_count":170,"cover_image_phone":"https:\/\/tva1.sinaimg.cn\/crop.0.0.640.640.640\/6cf8d7ebjw1ehfr4xa8psj20hs0hsgpg.jpg","avatar_hd":"https:\/\/ww3.sinaimg.cn\/orj480\/67ac3c00jw8f0c4zu09iqj20e70e8dge.jpg","like":false,"like_me":false,"badge":{"unread_pool":1,"unread_pool_ext":1}},"reposts_count":89,"comments_count":63,"attitudes_count":0,"pending_approval_count":0,"isLongText":false,"visible":{"type":0,"list_id":0},"more_info_type":0,"content_auth":0,"edit_config":{"edited":false},"bid":"yfd5kxnXp"},"reposts_count":0,"comments_count":6,"attitudes_count":0,"pending_approval_count":0,"isLongText":false,"visible":{"type":0,"list_id":0},"more_info_type":0,"content_auth":0,"edit_config":{"edited":false},"mblogtype":0,"obj_ext":"","raw_text":"\u6211\u4f30\u8ba1\u505a\u68a6\u4e5f\u4f1a\u7b11\u9192\u3002\u8fd9\u8d77\u7801\u5f97\u5931\u7720\u5230\u7aef\u5348\u8282\uff0c\u5403\u4e03\u4e2a\u516b\u4e2a\u8089\u7cbd\u5b50\u5fc3\u60c5\u624d\u80fd\u5e73\u590d\u3002\/\/@\u94b1\u8389\u82b3: \u70ed\u6cea\u76c8\u7736\uff01\uff01\uff01\uff01\uff01\u6211\u662f\u505a\u68a6\u5417\uff1f\uff01\uff01\uff01\uff01","bid":"yfdJiey10"},"show_type":0}],"showAppTips":0,"scheme":"sinaweibo:\/\/cardlist?containerid=1076031401527553&extparam=&luicode=10000011&lfid=&featurecode="}}