{"ok":1,"data":{"cardlistInfo":{"containerid":"1076031401527553","v_p":42,"show_style":1,"total":15518,"page":50},"cards":[{"card_type":9,"itemid":"1076031401527553_-_3435765734356248","scheme":"https:\/\/m.weibo.cn\/status\/yf0qFihg4?mblogid=yf0qFihg4&luicode=10000011&lfid=1076031401527553","mblog":{"created_at":"2012-04-17","id":"3435765734356248","idstr":"3435765734356248","mid":"3435765734356248","can_edit":false,"text":"<a class='k' href='https:\/\/m.weibo.cn\/k\/%E8%82%B2%E5%84%BF%E5%BF%83%E5%BE%97?from=feed'>#\u80b2\u513f\u5fc3\u5f97#<\/a> \u810a\u9ad3\u7070\u8d28\u708e\u75ab\u82d7\u6709\u7cd6\u4e38\u548c\u9488\u5242\u4e24\u79cd\u3002\u7cd6\u4e38\u662f\u51cf\u6bd2\u6d3b\u75ab\u82d7\uff0c\u9488\u5242\u662f\u706d\u6d3b\u75ab\u82d7\u3002\u51cf\u6bd2\u6d3b\u75ab\u82d7\u76f8\u5f53\u4e8e\u88ab\u9ebb\u9189\u7684\u86c7\uff1b\u706d\u6d3b\u75ab\u82d7\u76f8\u5f53\u4e8e\u86c7\u7684\u6807\u672c\u3002\u4e24\u8005\u90fd\u53ef\u4ee5\u8ba9\u5b69\u5b50\u8ba4\u8bc6\u4ec0\u4e48\u662f\u86c7\u3002\u4f46\u5728\u5f88\u5c0f\u7684\u6982\u7387\u4e0b\uff08\u767e\u4e07\u5206\u4e4b\u51e0\uff09\uff0c\u9ebb\u9189\u7684\u86c7\u4f1a\u9192\u6765\uff0c\u51cf\u6bd2\u6d3b\u75ab\u82d7\u53ef\u80fd\u81f4\u75c5\u3002\u5bb6\u957f\u9700\u8981\u4e86\u89e3\u8fd9\u4e00\u70b9\uff0c\u5e76\u8bc4\u4f30\u80fd\u5426\u627f\u53d7\u8fd9\u79cd\u98ce\u9669\u3002 \u200b\u200b\u200b","source":"\u5fae\u535a weibo.com","favorited":false,"thumbnail_pic":"http:\/\/ww2.sinaimg.cn\/thumbnail\/53899d01gw1ds2hcnarpug.gif","bmiddle_pic":"http:\/\/ww2.sinaimg.cn\/bmiddle\/53899d01gw1ds2hcnarpug.gif","original_pic":"http:\/\/ww2.sinaimg.cn\/large\/53899d01gw1ds2hcnarpug.gif","is_paid":false,"mblog_vip_type":0,"user":{"id":1401527553,"screen_name":"tombkeeper","profile_image_url":"https:\/\/tva2.sinaimg.cn\/crop.0.0.180.180.180\/53899d01jw8fcb9qpe7vbj2050050mx8.jpg","profile_url":"https:\/\/m.weibo.cn\/u\/1401527553?uid=1401527553&luicode=10000011&lfid=1076031401527553","statuses_count":15425,"verified":true,"verified_type":0,"verified_type_ext":1,"verified_reason":"\u77e5\u540d\u4e92\u8054\u7f51\u8d44\u8baf\u535a\u4e3b","close_blue_v":false,"description":"\u5fae\u535a\u672c\u5730\u8d44\u8baf\u535a\u4e3b\uff08\u521a\u679c\u5e03\u62c9\u67f4\u7ef4\u5c14\uff09","gender":"m","mbtype":12,"urank":48,"mbrank":6,"follow_me":false,"following":false,"followers_count":192533,"follow_count":277,"cover_image_phone":"https:\/\/tva1.sinaimg.cn\/crop.0.0.640.640.640\/549d0121tw1egm1kjly3jj20hs0hsq4f.jpg","avatar_hd":"https:\/\/ww2.sinaimg.cn\/orj480\/53899d01jw8fcb9qpe7vbj2050050mx8.jpg","like":false,"like_me":false,"badge":{"bind_taobao":1,"dzwbqlx_2016":1,"follow_whitelist_video":1,"hongbao_2018":1}},"reposts_count":310,"comments_count":59,"attitudes_count":2,"pending_approval_count":0,"isLongText":false,"visible":{"type":0,"list_id":0},"more_info_type":0,"content_auth":0,"edit_config":{"edited":false},"mblogtype":0,"page_info":{"page_pic":{"url":"https:\/\/wx4.sinaimg.cn\/thumbnail\/edda9fc4ly1fntvvzw0a6j20a90a9jsj.jpg"},"page_url":"https:\/\/m.weibo.cn\/p\/index?containerid=100808dcddc69a672b77cff6738646bbb154aa&extparam=%E8%82%B2%E5%84%BF%E5%BF%83%E5%BE%97&luicode=10000011&lfid=1076031401527553","page_title":"#\u80b2\u513f\u5fc3\u5f97#","content1":"\u6bcf\u4e2a\u5b69\u5b50\u90fd\u662f\u7236\u6bcd\u7684\u5fc3\u5934\u8089\uff0c\u4ece\u5b69\u5b50\u8bde\u751f\u7684\u90a3\u4e00\u523b\u8d77\uff0c\u8ba9\u6211\u4eec\u628a\u63e1\u6bcf\u4e00\u5929\uff0c\u5c3d\u60c5\u4eab\u53d7\u548c\u5b69\u5b50\u7684\u5e78\u798f\u5feb\u4e50\uff0c\u8bb0\u5f55\u4e0b\u517b\u80b2\u5b69\u5b50\u7684\u8fc7\u7a0b\u4e2d\u7684\u751c\u871c\u548c\u8f9b\u9178\u3002","content2":"138\u4eba\u5173\u6ce8","type":"topic"},"bid":"yf0qFihg4","pics":[{"pid":"53899d01gw1ds2hcnarpug","url":"https:\/\/ww2.sinaimg.cn\/orj360\/53899d01gw1ds2hcnarpug.gif","size":"orj360","geo":false,"large":{"size":"large","url":"https:\/\/ww2.sinaimg.cn\/large\/53899d01gw1ds2hcnarpug.gif","geo":false}}]},"show_type":0},{"card_type":9,"itemid":"1076031401527553_-_3435717764122687","scheme":"https:\/\/m.weibo.cn\/status\/yeZbihiuX?mblogid=yeZbihiuX&luicode=10000011&lfid=1076031401527553","mblog":{"created_at":"2012-04-17","id":"3435717764122687","idstr":"3435717764122687","mid":"3435717764122687","can_edit":false,"text":"\u56de\u590d<a href='https:\/\/m.weibo.cn\/n\/\u5434\u742a\u534e'>@\u5434\u742a\u534e<\/a>: \u90a3\u65f6\u5019\u7684120\uff0c\u7ea6\u76f8\u5f53\u4e8e2700\u4e07\u50cf\u7d20\uff1b8&quot;x10&quot;\uff0c\u7ea6\u76f8\u5f53\u4e8e5\u4ebf\u50cf\u7d20\u3002\/\/<a href='https:\/\/m.weibo.cn\/n\/\u5434\u742a\u534e'>@\u5434\u742a\u534e<\/a>: \u5c31\u5355\u5355\u8fd9\u5f20\u7167\u7247\u6765\u8bf4\uff0c\u611f\u89c9\u6709\u70b9\u5047~\u5f53\u5e74(1950\u5e74\u4ee3\u5de6\u53f3)\u7684\u76f8\u673a\u6392\u4e0d\u51fa\u8fd9\u79cd\u6e05\u6670\u5ea6 \/\/<a href='https:\/\/m.weibo.cn\/n\/tombkeeper'>@tombkeeper<\/a>: \u90a3\u65f6\u5019\uff0c\u8089\u6ca1\u6253\u8fc7\u8089\u6bd2\u7d20\uff0cPhoto\u6ca1\u8d70\u8fc7PhotoShop\u3002\u7edd\u4ee3\u82b3\u534e\u662f\u771f\u7684\u82b3\u534e\u7edd\u4ee3\u3002","source":"\u5fae\u535a weibo.com","favorited":false,"is_paid":false,"mblog_vip_type":0,"user":{"id":1401527553,"screen_name":"tombkeeper","profile_image_url":"https:\/\/tva2.sinaimg.cn\/crop.0.0.180.180.180\/53899d01jw8fcb9qpe7vbj2050050mx8.jpg","profile_url":"https:\/\/m.weibo.cn\/u\/1401527553?uid=1401527553&luicode=10000011&lfid=1076031401527553","statuses_count":15425,"verified":true,"verified_type":0,"verified_type_ext":1,"verified_reason":"\u77e5\u540d\u4e92\u8054\u7f51\u8d44\u8baf\u535a\u4e3b","close_blue_v":false,"description":"\u5fae\u535a\u672c\u5730\u8d44\u8baf\u535a\u4e3b\uff08\u521a\u679c\u5e03\u62c9\u67f4\u7ef4\u5c14\uff09","gender":"m","mbtype":12,"urank":48,"mbrank":6,"follow_me":false,"following":false,"followers_count":192533,"follow_count":277,"cover_image_phone":"https:\/\/tva1.sinaimg.cn\/crop.0.0.640.640.640\/549d0121tw1egm1kjly3jj20hs0hsq4f.jpg","avatar_hd":"https:\/\/ww2.sinaimg.cn\/orj480\/53899d01jw8fcb9qpe7vbj2050050mx8.jpg","like":false,"like_me":false,"badge":{"bind_taobao":1,"dzwbqlx_2016":1,"follow_whitelist_video":1,"hongbao_2018":1}},"pid":3435586633647484,"retweeted_status":{"created_at":"2012-04-16","id":"3435383562370443","idstr":"3435383562370443","mid":"3435383562370443","can_edit":false,"text":"\u5728\u5bb6\u627e\u5230\u4e86\u5916\u5a46\u5c11\u5973\u65f6\u4ee3\u7684\u7167\u7247\uff0c\u90a3\u65f6\u592a\u5916\u516c\u662f\u4e2d\u56fd\u94f6\u884c\u7684\u56fd\u5b57\u76d1\uff0c\u5916\u5a46\u4ece\u5c0f\u6c7d\u8f66\u4ee3\u6b65,\u7f8e\u670d\u534e\u8863\u88f9\u8eab\uff0c\u5982\u4eca\u5916\u5a46\u4e5d\u5341\u9ad8\u9f84\uff0c\u867d\u7f6e\u75c5\u69bb\uff0c\u7709\u773c\u95f4\u8fd8\u662f\u6709\u5f53\u5e74\u7684\u6c14\u5ea6\uff0c\u5973\u4eba\u7684\u4e00\u751f\uff0c\u4ece\u5c11\u4e0d\u7ecf\u4e8b\u5230\u5e74\u903e\u53e4\u7a00\uff0c\u6bcf\u6bcf\u90fd\u662f\u4e00\u90e8\u53f2\u8bd7\u3002 \u200b\u200b\u200b","source":"iPhone\u5ba2\u6237\u7aef","favorited":false,"thumbnail_pic":"http:\/\/ww2.sinaimg.cn\/thumbnail\/4fb56914jw1ds19goqx4hj.jpg","bmiddle_pic":"http:\/\/ww2.sinaimg.cn\/bmiddle\/4fb56914jw1ds19goqx4hj.jpg","original_pic":"http:\/\/ww2.sinaimg.cn\/large\/4fb56914jw1ds19goqx4hj.jpg","is_paid":false,"mblog_vip_type":0,"user":{"id":1337288980,"screen_name":"\u4e0d\u5403\u7cd6\u4e0d\u5403\u7cd6\u4e0d\u5403\u7cd6221","profile_image_url":"https:\/\/tvax2.sinaimg.cn\/crop.0.0.1242.1242.180\/4fb56914ly8fn8y4qkaj7j20yi0yitd2.jpg","profile_url":"https:\/\/m.weibo.cn\/u\/1337288980?uid=1337288980&luicode=10000011&lfid=1076031401527553","statuses_count":1300,"verified":false,"verified_type":-1,"close_blue_v":false,"description":"","gender":"f","mbtype":0,"urank":18,"mbrank":0,"follow_me":false,"following":false,"followers_count":2398,"follow_count":603,"cover_image_phone":"https:\/\/tva1.sinaimg.cn\/crop.0.0.640.640\/7c85468fjw1e8yq8nhrzwj20hs0hsac1.jpg","avatar_hd":"https:\/\/wx2.sinaimg.cn\/orj480\/4fb56914ly8fn8y4qkaj7j20yi0yitd2.jpg","like":false,"like_me":false,"badge":{"user_name_certificate":1}},"reposts_count":11966,"comments_count":2415,"attitudes_count":33,"pending_approval_count":0,"isLongText":false,"visible":{"type":0,"list_id":0},"more_info_type":0,"content_auth":0,"edit_config":{"edited":false},"bid":"yeQug9WEX","pics":[{"pid":"4fb56914jw1ds19goqx4hj","url":"https:\/\/ww2.sinaimg.cn\/orj360\/4fb56914jw1ds19goqx4hj.jpg","size":"orj360","geo":false,"large":{"size":"large","url":"https:\/\/ww2.sinaimg.cn\/large\/4fb56914jw1ds19goqx4hj.jpg","geo":false}}]},"reposts_count":12,"comments_count":6,"attitudes_count":0,"pending_approval_count":0,"isLongText":false,"visible":{"type":0,"list_id":0},"more_info_type":0,"content_auth":0,"edit_config":{"edited":false},"mblogtype":0,"obj_ext":"","raw_text":"\u56de\u590d@\u5434\u742a\u534e: \u90a3\u65f6\u5019\u7684120\uff0c\u7ea6\u76f8\u5f53\u4e8e2700\u4e07\u50cf\u7d20\uff1b8\"x10\"\uff0c\u7ea6\u76f8\u5f53\u4e8e5\u4ebf\u50cf\u7d20\u3002\/\/@\u5434\u742a\u534e: \u5c31\u5355\u5355\u8fd9\u5f20\u7167\u7247\u6765\u8bf4\uff0c\u611f\u89c9\u6709\u70b9\u5047~\u5f53\u5e74(1950\u5e74\u4ee3\u5de6\u53f3)\u7684\u76f8\u673a\u6392\u4e0d\u51fa\u8fd9\u79cd\u6e05\u6670\u5ea6 \/\/@tombkeeper: \u90a3\u65f6\u5019\uff0c\u8089\u6ca1\u6253\u8fc7\u8089\u6bd2\u7d20\uff0cPhoto\u6ca1\u8d70\u8fc7PhotoShop\u3002\u7edd\u4ee3\u82b3\u534e\u662f\u771f\u7684\u82b3\u534e\u7edd\u4ee3\u3002","bid":"yeZbihiuX"},"show_type":0},{"card_type":9,"itemid":"1076031401527553_-_3435586633647484","scheme":"https:\/\/m.weibo.cn\/status\/yeVLNfiSo?mblogid=yeVLNfiSo&luicode=10000011&lfid=1076031401527553","mblog":{"created_at":"2012-04-16","id":"3435586633647484","idstr":"3435586633647484","mid":"3435586633647484","can_edit":false,"text":"\u90a3\u65f6\u5019\uff0c\u8089\u6ca1\u6253\u8fc7\u8089\u6bd2\u7d20\uff0cPhoto\u6ca1\u8d70\u8fc7PhotoShop\u3002\u7edd\u4ee3\u82b3\u534e\u662f\u771f\u7684\u82b3\u534e\u7edd\u4ee3\u3002","source":"\u5fae\u535a weibo.com","favorited":false,"is_paid":false,"mblog_vip_type":0,"user":{"id":1401527553,"screen_name":"tombkeeper","profile_image_url":"https:\/\/tva2.sinaimg.cn\/crop.0.0.180.180.180\/53899d01jw8fcb9qpe7vbj2050050mx8.jpg","profile_url":"https:\/\/m.weibo.cn\/u\/1401527553?uid=1401527553&luicode=10000011&lfid=1076031401527553","statuses_count":15425,"verified":true,"verified_type":0,"verified_type_ext":1,"verified_reason":"\u77e5\u540d\u4e92\u8054\u7f51\u8d44\u8baf\u535a\u4e3b","close_blue_v":false,"description":"\u5fae\u535a\u672c\u5730\u8d44\u8baf\u535a\u4e3b\uff08\u521a\u679c\u5e03\u62c9\u67f4\u7ef4\u5c14\uff09","gender":"m","mbtype":12,"urank":48,"mbrank":6,"follow_me":false,"following":false,"followers_count":192533,"follow_count":277,"cover_image_phone":"https:\/\/tva1.sinaimg.cn\/crop.0.0.640.640.640\/549d0121tw1egm1kjly3jj20hs0hsq4f.jpg","avatar_hd":"https:\/\/ww2.sinaimg.cn\/orj480\/53899d01jw8fcb9qpe7vbj2050050mx8.jpg","like":false,"like_me":false,"badge":{"bind_taobao":1,"dzwbqlx_2016":1,"follow_whitelist_video":1,"hongbao_2018":1}},"pid":3435581134666938,"retweeted_status":{"created_at":"2012-04-16","id":"3435383562370443","idstr":"3435383562370443","mid":"3435383562370443","can_edit":false,"text":"\u5728\u5bb6\u627e\u5230\u4e86\u5916\u5a46\u5c11\u5973\u65f6\u4ee3\u7684\u7167\u7247\uff0c\u90a3\u65f6\u592a\u5916\u516c\u662f\u4e2d\u56fd\u94f6\u884c\u7684\u56fd\u5b57\u76d1\uff0c\u5916\u5a46\u4ece\u5c0f\u6c7d\u8f66\u4ee3\u6b65,\u7f8e\u670d\u534e\u8863\u88f9\u8eab\uff0c\u5982\u4eca\u5916\u5a46\u4e5d\u5341\u9ad8\u9f84\uff0c\u867d\u7f6e\u75c5\u69bb\uff0c\u7709\u773c\u95f4\u8fd8\u662f\u6709\u5f53\u5e74\u7684\u6c14\u5ea6\uff0c\u5973\u4eba\u7684\u4e00\u751f\uff0c\u4ece\u5c11\u4e0d\u7ecf\u4e8b\u5230\u5e74\u903e\u53e4\u7a00\uff0c\u6bcf\u6bcf\u90fd\u662f\u4e00\u90e8\u53f2\u8bd7\u3002 \u200b\u200b\u200b","source":"iPhone\u5ba2\u6237\u7aef","favorited":false,"thumbnail_pic":"http:\/\/ww2.sinaimg.cn\/thumbnail\/4fb56914jw1ds19goqx4hj.jpg","bmiddle_pic":"http:\/\/ww2.sinaimg.cn\/bmiddle\/4fb56914jw1ds19goqx4hj.jpg","original_pic":"http:\/\/ww2.sinaimg.cn\/large\/4fb56914jw1ds19goqx4hj.jpg","is_paid":false,"mblog_vip_type":0,"user":{"id":1337288980,"screen_name":"\u4e0d\u5403\u7cd6\u4e0d\u5403\u7cd6\u4e0d\u5403\u7cd6221","profile_image_url":"https:\/\/tvax2.sinaimg.cn\/crop.0.0.1242.1242.180\/4fb56914ly8fn8y4qkaj7j20yi0yitd2.jpg","profile_url":"https:\/\/m.weibo.cn\/u\/1337288980?uid=1337288980&luicode=10000011&lfid=1076031401527553","statuses_count":1300,"verified":false,"verified_type":-1,"close_blue_v":false,"description":"","gender":"f","mbtype":0,"urank":18,"mbrank":0,"follow_me":false,"following":false,"followers_count":2398,"follow_count":603,"cover_image_phone":"https:\/\/tva1.sinaimg.cn\/crop.0.0.640.640\/7c85468fjw1e8yq8nhrzwj20hs0hsac1.jpg","avatar_hd":"https:\/\/wx2.sinaimg.cn\/orj480\/4fb56914ly8fn8y4qkaj7j20yi0yitd2.jpg","like":false,"like_me":false,"badge":{"user_name_certificate":1}},"reposts_count":11966,"comments_count":2415,"attitudes_count":33,"pending_approval_count":0,"isLongText":false,"visible":{"type":0,"list_id":0},"more_info_type":0,"content_auth":0,"edit_config":{"edited":false},"bid":"yeQug9WEX","pics":[{"pid":"4fb56914jw1ds19goqx4hj","url":"https:\/\/ww2.sinaimg.cn\/orj360\/4fb56914jw1ds19goqx4hj.jpg","size":"orj360","geo":false,"large":{"size":"large","url":"https:\/\/ww2.sinaimg.cn\/large\/4fb56914jw1ds19goqx4hj.jpg","geo":false}}]},"reposts_count":26,"comments_count":16,"attitudes_count":0,"pending_approval_count":0,"isLongText":false,"visible":{"type":0,"list_id":0},"more_info_type":0,"content_auth":0,"edit_config":{"edited":false},"mblogtype":0,"obj_ext":"","raw_text":"\u90a3\u65f6\u5019\uff0c\u8089\u6ca1\u6253\u8fc7\u8089\u6bd2\u7d20\uff0cPhoto\u6ca1\u8d70\u8fc7PhotoShop\u3002\u7edd\u4ee3\u82b3\u534e\u662f\u771f\u7684\u82b3\u534e\u7edd\u4ee3\u3002","bid":"yeVLNfiSo"},"show_type":0},{"card_type":9,"itemid":"1076031401527553_-_3435569911012422","scheme":"https:\/\/m.weibo.cn\/status\/yeVkP4fno?mblogid=yeVkP4fno&luicode=10000011&lfid=1076031401527553","mblog":{"created_at":"2012-04-16","id":"3435569911012422","idstr":"3435569911012422","mid":"3435569911012422","can_edit":false,"text":"\u82f1\u5267\u300aDirk Gently\u300b\u503c\u5f97\u4e00\u770b\u3002\u867d\u7136\u548c\u300aSherlock\u300b\u540c\u5c5e\u4fa6\u63a2\u5267\uff0c\u4e14\u90fd\u662f\u4e00\u5bf9\u597d\u57fa\u53cb\u642d\u6863\uff0c\u4f46\u8be5\u5267\u8d70\u4e86\u82f1\u5f0f\u65e0\u5398\u5934\u8def\u7ebf\u3002\u4e0d\u8fc7\u914d\u4e50\u98ce\u683c\u5012\u633a\u76f8\u4f3c\u3002\u4e2a\u4eba\u611f\u89c9\uff0c\u82e5\u300aSherlock\u300b10\u5206\uff0c\u90a3\u4e48\u300aDirk Gently\u300b\u53ef\u5f978\u5206\u3002\u8be5\u5267\u7ec6\u8282\u505a\u7684\u4e5f\u5f88\u7528\u5fc3\uff0c\u4f8b\u5982\u8fd9\u4e2a\u5f88\u65e0\u5398\u5934\u7684\u9e2d\u68a8\u724c\u7b14\u8bb0\u672c\u7535\u8111\u3002 \u200b\u200b\u200b","source":"\u5fae\u535a weibo.com","favorited":false,"thumbnail_pic":"http:\/\/ww2.sinaimg.cn\/thumbnail\/53899d01gw1ds1uv0ai1ej.jpg","bmiddle_pic":"http:\/\/ww2.sinaimg.cn\/bmiddle\/53899d01gw1ds1uv0ai1ej.jpg","original_pic":"http:\/\/ww2.sinaimg.cn\/large\/53899d01gw1ds1uv0ai1ej.jpg","is_paid":false,"mblog_vip_type":0,"user":{"id":1401527553,"screen_name":"tombkeeper","profile_image_url":"https:\/\/tva2.sinaimg.cn\/crop.0.0.180.180.180\/53899d01jw8fcb9qpe7vbj2050050mx8.jpg","profile_url":"https:\/\/m.weibo.cn\/u\/1401527553?uid=1401527553&luicode=10000011&lfid=1076031401527553","statuses_count":15425,"verified":true,"verified_type":0,"verified_type_ext":1,"verified_reason":"\u77e5\u540d\u4e92\u8054\u7f51\u8d44\u8baf\u535a\u4e3b","close_blue_v":false,"description":"\u5fae\u535a\u672c\u5730\u8d44\u8baf\u535a\u4e3b\uff08\u521a\u679c\u5e03\u62c9\u67f4\u7ef4\u5c14\uff09","gender":"m","mbtype":12,"urank":48,"mbrank":6,"follow_me":false,"following":false,"followers_count":192533,"follow_count":277,"cover_image_phone":"https:\/\/tva1.sinaimg.cn\/crop.0.0.640.640.640\/549d0121tw1egm1kjly3jj20hs0hsq4f.jpg","avatar_hd":"https:\/\/ww2.sinaimg.cn\/orj480\/53899d01jw8fcb9qpe7vbj2050050mx8.jpg","like":false,"like_me":false,"badge":{"bind_taobao":1,"dzwbqlx_2016":1,"follow_whitelist_video":1,"hongbao_2018":1}},"reposts_count":9,"comments_count":4,"attitudes_count":0,"pending_approval_count":0,"isLongText":false,"visible":{"type":0,"list_id":0},"more_info_type":0,"content_auth":0,"edit_config":{"edited":false},"mblogtype":0,"bid":"yeVkP4fno","pics":[{"pid":"53899d01gw1ds1uv0ai1ej","url":"https:\/\/ww2.sinaimg.cn\/orj360\/53899d01gw1ds1uv0ai1ej.jpg","size":"orj360","geo":false,"large":{"size":"large","url":"https:\/\/ww2.sinaimg.cn\/large\/53899d01gw1ds1uv0ai1ej.jpg","geo":false}}]},"show_type":0},{"card_type":9,"itemid":"1076031401527553_-_3435557180658638","scheme":"https:\/\/m.weibo.cn\/status\/yeV0i2Llc?mblogid=yeV0i2Llc&luicode=10000011&lfid=1076031401527553","mblog":{"created_at":"2012-04-16","id":"3435557180658638","idstr":"3435557180658638","mid":"3435557180658638","can_edit":false,"text":"\u6cd5\u56fd\u56fd\u9645\u5e7f\u64ad\u7535\u53f0\uff1a\u622a\u81f3\u53bb\u5e74\u5e95\uff0c\u5171\u6709\u4e07\u4f59\u4e2d\u56fd\u5927\u9646\u516c\u6c11\u901a\u8fc7\u201c\u8d44\u672c\u6295\u8d44\u8005\u5165\u5883\u8ba1\u5212\u201d\u83b7\u5f97\u9999\u6e2f\u5c45\u4f4f\u6743\u3002\u5176\u4e2d\u56db\u5206\u4e4b\u4e09\u662f\u5148\u83b7\u5f97\u975e\u6d32\u5188\u6bd4\u4e9a\u3001\u51e0\u5185\u4e9a\u6bd4\u7ecd\u7b49\u56fd\u7684\u5c45\u7559\u6743\uff0c\u7136\u540e\u4ee5\u6b64\u4e3a\u8df3\u677f\u8fdb\u800c\u5b9e\u73b0\u76ee\u6807\u3002 \u200b\u200b\u200b","source":"\u5fae\u535a weibo.com","favorited":false,"is_paid":false,"mblog_vip_type":0,"user":{"id":1401527553,"screen_name":"tombkeeper","profile_image_url":"https:\/\/tva2.sinaimg.cn\/crop.0.0.180.180.180\/53899d01jw8fcb9qpe7vbj2050050mx8.jpg","profile_url":"https:\/\/m.weibo.cn\/u\/1401527553?uid=1401527553&luicode=10000011&lfid=1076031401527553","statuses_count":15425,"verified":true,"verified_type":0,"verified_type_ext":1,"verified_reason":"\u77e5\u540d\u4e92\u8054\u7f51\u8d44\u8baf\u535a\u4e3b","close_blue_v":false,"description":"\u5fae\u535a\u672c\u5730\u8d44\u8baf\u535a\u4e3b\uff08\u521a\u679c\u5e03\u62c9\u67f4\u7ef4\u5c14\uff09","gender":"m","mbtype":12,"urank":48,"mbrank":6,"follow_me":false,"following":false,"followers_count":192533,"follow_count":277,"cover_image_phone":"https:\/\/tva1.sinaimg.cn\/crop.0.0.640.640.640\/549d0121tw1egm1kjly3jj20hs0hsq4f.jpg","avatar_hd":"https:\/\/ww2.sinaimg.cn\/orj480\/53899d01jw8fcb9qpe7vbj2050050mx8.jpg","like":false,"like_me":false,"badge":{"bind_taobao":1,"dzwbqlx_2016":1,"follow_whitelist_video":1,"hongbao_2018":1}},"reposts_count":6,"comments_count":3,"attitudes_count":1,"pending_approval_count":0,"isLongText":false,"visible":{"type":0,"list_id":0},"more_info_type":0,"content_auth":0,"edit_config":{"edited":false},"mblogtype":0,"bid":"yeV0i2Llc"},"show_type":0},{"card_type":9,"itemid":"1076031401527553_-_3435550910485620","scheme":"https:\/\/m.weibo.cn\/status\/yeUQb22kA?mblogid=yeUQb22kA&luicode=10000011&lfid=1076031401527553","mblog":{"created_at":"2012-04-16","id":"3435550910485620","idstr":"3435550910485620","mid":"3435550910485620","can_edit":false,"text":"\u56de\u590d<a href='https:\/\/m.weibo.cn\/n\/\u8427\u79cb\u6c34'>@\u8427\u79cb\u6c34<\/a>: \u6ca1\u5199\u3002\u5c0f\u5b69\u7684\u60c5\u51b5\u592a\u590d\u6742\u3002\u513f\u79d1\u6709\u53e5\u8bdd\u53eb\u201c\u5c0f\u5b69\u662f\u4e00\u79cd\u4e0d\u540c\u4e8e\u4eba\u7c7b\u7684\u751f\u7269\u201d\u3002\u5f88\u591a\u63aa\u65bd\u5fc5\u987b\u57fa\u4e8e\u5bf9\u5b69\u5b50\u7684\u5b9e\u9645\u89c2\u5bdf\u548c\u5206\u6790\u6765\u533a\u5206\u5bf9\u5f85\u3002\u6211\u65e0\u8bba\u600e\u4e48\u63cf\u8ff0\uff0c\u90fd\u65e0\u6cd5\u7cbe\u786e\u4f20\u9012\u8fd9\u4e9b\u89c2\u5bdf\u548c\u5206\u6790\u7684\u601d\u8def\u3002\u8d38\u7136\u5199\u51fa\u6765\uff0c\u6015\u5bb3\u4e86\u4eba\u3002\u8fd8\u662f\u628a\u9002\u5408\u5206\u4eab\u7684\u5728\u5fae\u535a\u4e0a\u53d1\u53d1\u7b97\u4e86\u3002\/\/<a href='https:\/\/m.weibo.cn\/n\/\u8427\u79cb\u6c34'>@\u8427\u79cb\u6c34<\/a>:\u5230\u5e95\u697c\u4e3b\u5199\u5206\u4eab\u6587\u7ae0\u4e86\u6ca1\u6709\uff1f","source":"\u5fae\u535a weibo.com","favorited":false,"is_paid":false,"mblog_vip_type":0,"user":{"id":1401527553,"screen_name":"tombkeeper","profile_image_url":"https:\/\/tva2.sinaimg.cn\/crop.0.0.180.180.180\/53899d01jw8fcb9qpe7vbj2050050mx8.jpg","profile_url":"https:\/\/m.weibo.cn\/u\/1401527553?uid=1401527553&luicode=10000011&lfid=1076031401527553","statuses_count":15425,"verified":true,"verified_type":0,"verified_type_ext":1,"verified_reason":"\u77e5\u540d\u4e92\u8054\u7f51\u8d44\u8baf\u535a\u4e3b","close_blue_v":false,"description":"\u5fae\u535a\u672c\u5730\u8d44\u8baf\u535a\u4e3b\uff08\u521a\u679c\u5e03\u62c9\u67f4\u7ef4\u5c14\uff09","gender":"m","mbtype":12,"urank":48,"mbrank":6,"follow_me":false,"following":false,"followers_count":192533,"follow_count":277,"cover_image_phone":"https:\/\/tva1.sinaimg.cn\/crop.0.0.640.640.640\/549d0121tw1egm1kjly3jj20hs0hsq4f.jpg","avatar_hd":"https:\/\/ww2.sinaimg.cn\/orj480\/53899d01jw8fcb9qpe7vbj2050050mx8.jpg","like":false,"like_me":false,"badge":{"bind_taobao":1,"dzwbqlx_2016":1,"follow_whitelist_video":1,"hongbao_2018":1}},"retweeted_status":{"created_at":"2012-02-26","id":"3417450714966516","idstr":"3417450714966516","mid":"3417450714966516","can_edit":false,"text":"<a class='k' href='https:\/\/m.weibo.cn\/k\/%E8%82%B2%E5%84%BF%E5%BF%83%E5%BE%97?from=feed'>#\u80b2\u513f\u5fc3\u5f97#<\/a> \u5b69\u5b50\u51fa\u751f\u524d\u6211\u89c4\u5212\u4e86\u4e00\u4e0b\uff0c\u8ba4\u4e3a\u4e0d\u9700\u8981\u6708\u5ac2\u3002\u5ab3\u5987\u8bf4\u4e0d\u884c\uff0c\u6211\u7684\u540c\u4e8b\u4eec\u4e5f\u8bf4\u4e0d\u884c\u3002\u4f46\u4e8b\u5b9e\u8bc1\u660e\u786e\u5b9e\u4e0d\u9700\u8981\u3002\u6211\u4e00\u4e2a\u4eba\u7167\u987e\u5927\u4eba\u5c0f\u5b69\uff0c\u8fd8\u6709\u4e24\u53ea\u72d7\uff0c\u518d\u52a0\u4e0a\u6240\u6709\u7684\u5bb6\u52a1\uff0c\u4e5f\u6ca1\u89c9\u5f97\u591a\u5fd9\u3002\u671f\u95f4\u8ffd\u7684\u51e0\u90e8\u7f8e\u5267\u4e00\u96c6\u6ca1\u62c9\uff0c\u8bfb\u4e86\u51e0\u672c\u4e66\uff0c\u8fd8\u62bd\u7a7a\u5199\u4e86\u51e0\u7bc7\u6587\u7ae0\u3002\u91cd\u70b9\u4e00\u662f\u65f6\u95f4\u89c4\u5212\uff0c\u4e8c\u662f\u4e0d\u505a\u65e0\u7528\u529f\u3002 \u200b\u200b\u200b","source":"iPad\u5ba2\u6237\u7aef","favorited":false,"is_paid":false,"mblog_vip_type":0,"user":{"id":1401527553,"screen_name":"tombkeeper","profile_image_url":"https:\/\/tva2.sinaimg.cn\/crop.0.0.180.180.180\/53899d01jw8fcb9qpe7vbj2050050mx8.jpg","profile_url":"https:\/\/m.weibo.cn\/u\/1401527553?uid=1401527553&luicode=10000011&lfid=1076031401527553","statuses_count":15425,"verified":true,"verified_type":0,"verified_type_ext":1,"verified_reason":"\u77e5\u540d\u4e92\u8054\u7f51\u8d44\u8baf\u535a\u4e3b","close_blue_v":false,"description":"\u5fae\u535a\u672c\u5730\u8d44\u8baf\u535a\u4e3b\uff08\u521a\u679c\u5e03\u62c9\u67f4\u7ef4\u5c14\uff09","gender":"m","mbtype":12,"urank":48,"mbrank":6,"follow_me":false,"following":false,"followers_count":192533,"follow_count":277,"cover_image_phone":"https:\/\/tva1.sinaimg.cn\/crop.0.0.640.640.640\/549d0121tw1egm1kjly3jj20hs0hsq4f.jpg","avatar_hd":"https:\/\/ww2.sinaimg.cn\/orj480\/53899d01jw8fcb9qpe7vbj2050050mx8.jpg","like":false,"like_me":false,"badge":{"bind_taobao":1,"dzwbqlx_2016":1,"follow_whitelist_video":1,"hongbao_2018":1}},"reposts_count":166,"comments_count":95,"attitudes_count":2,"pending_approval_count":0,"isLongText":false,"visible":{"type":0,"list_id":0},"more_info_type":0,"content_auth":0,"edit_config":{"edited":false},"page_info":{"page_pic":{"url":"https:\/\/wx4.sinaimg.cn\/thumbnail\/edda9fc4ly1fntvvzw0a6j20a90a9jsj.jpg"},"page_url":"https:\/\/m.weibo.cn\/p\/index?containerid=100808dcddc69a672b77cff6738646bbb154aa&extparam=%E8%82%B2%E5%84%BF%E5%BF%83%E5%BE%97&luicode=10000011&lfid=1076031401527553","page_title":"#\u80b2\u513f\u5fc3\u5f97#","content1":"\u6bcf\u4e2a\u5b69\u5b50\u90fd\u662f\u7236\u6bcd\u7684\u5fc3\u5934\u8089\uff0c\u4ece\u5b69\u5b50\u8bde\u751f\u7684\u90a3\u4e00\u523b\u8d77\uff0c\u8ba9\u6211\u4eec\u628a\u63e1\u6bcf\u4e00\u5929\uff0c\u5c3d\u60c5\u4eab\u53d7\u548c\u5b69\u5b50\u7684\u5e78\u798f\u5feb\u4e50\uff0c\u8bb0\u5f55\u4e0b\u517b\u80b2\u5b69\u5b50\u7684\u8fc7\u7a0b\u4e2d\u7684\u751c\u871c\u548c\u8f9b\u9178\u3002","content2":"138\u4eba\u5173\u6ce8","type":"topic"},"bid":"y7jYjkQ16"},"reposts_count":1,"comments_count":4,"attitudes_count":0,"pending_approval_count":0,"isLongText":false,"visible":{"type":0,"list_id":0},"more_info_type":0,"content_auth":0,"edit_config":{"edited":false},"mblogtype":0,"obj_ext":"","raw_text":"\u56de\u590d@\u8427\u79cb\u6c34: \u6ca1\u5199\u3002\u5c0f\u5b69\u7684\u60c5\u51b5\u592a\u590d\u6742\u3002\u513f\u79d1\u6709\u53e5\u8bdd\u53eb\u201c\u5c0f\u5b69\u662f\u4e00\u79cd\u4e0d\u540c\u4e8e\u4eba\u7c7b\u7684\u751f\u7269\u201d\u3002\u5f88\u591a\u63aa\u65bd\u5fc5\u987b\u57fa\u4e8e\u5bf9\u5b69\u5b50\u7684\u5b9e\u9645\u89c2\u5bdf\u548c\u5206\u6790\u6765\u533a\u5206\u5bf9\u5f85\u3002\u6211\u65e0\u8bba\u600e\u4e48\u63cf\u8ff0\uff0c\u90fd\u65e0\u6cd5\u7cbe\u786e\u4f20\u9012\u8fd9\u4e9b\u89c2\u5bdf\u548c\u5206\u6790\u7684\u601d\u8def\u3002\u8d38\u7136\u5199\u51fa\u6765\uff0c\u6015\u5bb3\u4e86\u4eba\u3002\u8fd8\u662f\u628a\u9002\u5408\u5206\u4eab\u7684\u5728\u5fae\u535a\u4e0a\u53d1\u53d1\u7b97\u4e86\u3002\/\/@\u8427\u79cb\u6c34:\u5230\u5e95\u697c\u4e3b\u5199\u5206\u4eab\u6587\u7ae0\u4e86\u6ca1\u6709\uff1f","bid":"yeUQb22kA"},"show_type":0},{"card_type":9,"itemid":"1076031401527553_-_3435529884437965","scheme":"https:\/\/m.weibo.cn\/status\/yeUigiCw5?mblogid=yeUigiCw5&luicode=10000011&lfid=1076031401527553","mblog":{"created_at":"2012-04-16","id":"3435529884437965","idstr":"3435529884437965","mid":"3435529884437965","can_edit":false,"text":"A\u9762\u53ef\u80fd\u6362\u4e0d\u4e86\uff0c\u6211\u4f30\u8ba1\u81f3\u5c11C\u9762\u5979\u624d\u597d\u610f\u601d\u6362\u3002 \/\/<a href='https:\/\/m.weibo.cn\/n\/\u4e25\u4e5d\u9f0e'>@\u4e25\u4e5d\u9f0e<\/a>: \u652f\u6301\u60a8\uff01\u4f46\u662f\u5546\u91cf\u4e00\u4e0b\uff0c\u60a8\u80fd\u4e0d\u80fd\u6362\u5230A\u9762\u5462\uff1f<span class=\"url-icon\"><img src=\"\/\/h5.sinaimg.cn\/m\/emoticon\/icon\/others\/h_good-55854d01bb.png\" style=\"width:1em;height:1em;\" alt=\"[good]\"><\/span>","source":"\u5fae\u535a weibo.com","favorited":false,"is_paid":false,"mblog_vip_type":0,"user":{"id":1401527553,"screen_name":"tombkeeper","profile_image_url":"https:\/\/tva2.sinaimg.cn\/crop.0.0.180.180.180\/53899d01jw8fcb9qpe7vbj2050050mx8.jpg","profile_url":"https:\/\/m.weibo.cn\/u\/1401527553?uid=1401527553&luicode=10000011&lfid=1076031401527553","statuses_count":15425,"verified":true,"verified_type":0,"verified_type_ext":1,"verified_reason":"\u77e5\u540d\u4e92\u8054\u7f51\u8d44\u8baf\u535a\u4e3b","close_blue_v":false,"description":"\u5fae\u535a\u672c\u5730\u8d44\u8baf\u535a\u4e3b\uff08\u521a\u679c\u5e03\u62c9\u67f4\u7ef4\u5c14\uff09","gender":"m","mbtype":12,"urank":48,"mbrank":6,"follow_me":false,"following":false,"followers_count":192533,"follow_count":277,"cover_image_phone":"https:\/\/tva1.sinaimg.cn\/crop.0.0.640.640.640\/549d0121tw1egm1kjly3jj20hs0hsq4f.jpg","avatar_hd":"https:\/\/ww2.sinaimg.cn\/orj480\/53899d01jw8fcb9qpe7vbj2050050mx8.jpg","like":false,"like_me":false,"badge":{"bind_taobao":1,"dzwbqlx_2016":1,"follow_whitelist_video":1,"hongbao_2018":1}},"pid":3435529175699502,"retweeted_status":{"created_at":"2012-04-16","id":"3435501116020617","idstr":"3435501116020617","mid":"3435501116020617","can_edit":false,"text":"\u6740\u72d7\uff1f\u5148\u6740\u6211\uff01\u4e91\u5357\u6842\u6797\u2014\u6c6a\u65cf\u3001\u6c6a\u661f\u4eba\u7fa4\u5f3a\u70c8\u62b5\u5236\u54c8\u5c14\u6ee8\u7981\u72d7\u4ee4\uff01\u54c8\u5c14\u6ee8\u52a0\u6cb9\uff01 \u200b\u200b\u200b","source":"\u5fae\u535a\u684c\u9762","favorited":false,"thumbnail_pic":"http:\/\/ww1.sinaimg.cn\/thumbnail\/744e4d1ajw1ds1myptrebj.jpg","bmiddle_pic":"http:\/\/ww1.sinaimg.cn\/bmiddle\/744e4d1ajw1ds1myptrebj.jpg","original_pic":"http:\/\/ww1.sinaimg.cn\/large\/744e4d1ajw1ds1myptrebj.jpg","is_paid":false,"mblog_vip_type":0,"user":{"id":1951288602,"screen_name":"\u7231\u52a8\u7269\u7231\u5730\u7403SOS","profile_image_url":"https:\/\/tva2.sinaimg.cn\/crop.180.0.1112.1112.180\/744e4d1ajw1evmxwiejzpj215o0xcjwq.jpg","profile_url":"https:\/\/m.weibo.cn\/u\/1951288602?uid=1951288602&luicode=10000011&lfid=1076031401527553","statuses_count":16264,"verified":true,"verified_type":0,"verified_type_ext":0,"verified_reason":" \u4e2d\u56fd\u5c11\u5e74\u513f\u7ae5\u65b0\u95fb\u51fa\u7248\u603b\u793e  \u804c\u5458","close_blue_v":false,"description":"\u7d20\u7d20\u62a4\u751f\uff01\u63d0\u9ad8\u610f\u8bc6\uff0c\u671f\u5f85\u89c9\u9192\uff01","gender":"f","mbtype":2,"urank":31,"mbrank":4,"follow_me":false,"following":false,"followers_count":12299,"follow_count":921,"cover_image_phone":"https:\/\/tva4.sinaimg.cn\/crop.0.0.640.640.640\/6ce2240djw1e8iktk4ohij20hs0hsmz6.jpg","avatar_hd":"https:\/\/ww2.sinaimg.cn\/orj480\/744e4d1ajw1evmxwiejzpj215o0xcjwq.jpg","like":false,"like_me":false,"badge":{"gongyi_level":1,"unread_pool":1,"unread_pool_ext":1,"dzwbqlx_2016":1}},"reposts_count":1185,"comments_count":88,"attitudes_count":4,"pending_approval_count":0,"isLongText":false,"visible":{"type":0,"list_id":0},"more_info_type":0,"content_auth":0,"edit_config":{"edited":false},"bid":"yeTxRpgeJ","pics":[{"pid":"744e4d1ajw1ds1myptrebj","url":"https:\/\/ww1.sinaimg.cn\/orj360\/744e4d1ajw1ds1myptrebj.jpg","size":"orj360","geo":false,"large":{"size":"large","url":"https:\/\/ww1.sinaimg.cn\/large\/744e4d1ajw1ds1myptrebj.jpg","geo":false}}]},"reposts_count":5,"comments_count":6,"attitudes_count":0,"pending_approval_count":0,"isLongText":false,"visible":{"type":0,"list_id":0},"more_info_type":0,"content_auth":0,"edit_config":{"edited":false},"mblogtype":0,"obj_ext":"","raw_text":"A\u9762\u53ef\u80fd\u6362\u4e0d\u4e86\uff0c\u6211\u4f30\u8ba1\u81f3\u5c11C\u9762\u5979\u624d\u597d\u610f\u601d\u6362\u3002 \/\/@\u4e25\u4e5d\u9f0e: \u652f\u6301\u60a8\uff01\u4f46\u662f\u5546\u91cf\u4e00\u4e0b\uff0c\u60a8\u80fd\u4e0d\u80fd\u6362\u5230A\u9762\u5462\uff1f[good]","bid":"yeUigiCw5"},"show_type":0},{"card_type":9,"itemid":"1076031401527553_-_3435522465032442","scheme":"https:\/\/m.weibo.cn\/status\/yeU6il7aq?mblogid=yeU6il7aq&luicode=10000011&lfid=1076031401527553","mblog":{"created_at":"2012-04-16","id":"3435522465032442","idstr":"3435522465032442","mid":"3435522465032442","can_edit":false,"text":"\u4e0a\u4e00\u671f\u300a\u8d85\u597d\u770b\u300b\u4e0a\uff0c<a href='https:\/\/m.weibo.cn\/n\/\u5b9d\u4e2d\u5802'>@\u5b9d\u4e2d\u5802<\/a> \u90a3\u7bc7\u300a\u7279\u8d66\u5b9e\u9a8c\u300b\u660e\u663e\u5f71\u5c04\u7684\u5c31\u662f\u8fd9\u4f4d\u3002\u4f5c\u8005\u6076\u72e0\u72e0\u5730\u4f7f\u4ed6\u957f\u751f\u4e0d\u8001\uff0c\u597d\u670d\u4e0a2500\u5e74\u5f92\u5211\u3002","source":"\u5fae\u535a weibo.com","favorited":false,"is_paid":false,"mblog_vip_type":0,"user":{"id":1401527553,"screen_name":"tombkeeper","profile_image_url":"https:\/\/tva2.sinaimg.cn\/crop.0.0.180.180.180\/53899d01jw8fcb9qpe7vbj2050050mx8.jpg","profile_url":"https:\/\/m.weibo.cn\/u\/1401527553?uid=1401527553&luicode=10000011&lfid=1076031401527553","statuses_count":15425,"verified":true,"verified_type":0,"verified_type_ext":1,"verified_reason":"\u77e5\u540d\u4e92\u8054\u7f51\u8d44\u8baf\u535a\u4e3b","close_blue_v":false,"description":"\u5fae\u535a\u672c\u5730\u8d44\u8baf\u535a\u4e3b\uff08\u521a\u679c\u5e03\u62c9\u67f4\u7ef4\u5c14\uff09","gender":"m","mbtype":12,"urank":48,"mbrank":6,"follow_me":false,"following":false,"followers_count":192533,"follow_count":277,"cover_image_phone":"https:\/\/tva1.sinaimg.cn\/crop.0.0.640.640.640\/549d0121tw1egm1kjly3jj20hs0hsq4f.jpg","avatar_hd":"https:\/\/ww2.sinaimg.cn\/orj480\/53899d01jw8fcb9qpe7vbj2050050mx8.jpg","like":false,"like_me":false,"badge":{"bind_taobao":1,"dzwbqlx_2016":1,"follow_whitelist_video":1,"hongbao_2018":1}},"retweeted_status":{"created_at":"2012-04-16","id":"3435513397088612","idstr":"3435513397088612","mid":"3435513397088612","can_edit":false,"text":"\u3010\u632a\u5a01\u5c60\u6740\u6848\u5f00\u5ead \u5acc\u72af\u66fe\u79f0\u7cbe\u795e\u5206\u88c2\u9274\u5b9a\u662f\u83ab\u5927\u803b\u8fb1\u3011\u632a\u5a01\u68c0\u5bdf\u5b98\u4e00\u7eb8\u201c\u504f\u6267\u578b\u7cbe\u795e\u5206\u88c2\u75c7\u201d\u7ed3\u8bba\u4e3a\u5236\u9020\u4e86\u632a\u5a01\u5c60\u6740\u6848\u7684\u5acc\u72af\u5e03\u9c81\u7ef4\u514b\u7684\u5f8b\u5e08\u63d0\u4f9b\u4e86\u6709\u529b\u8bc1\u636e\uff0c\u5374\u62db\u81f4\u632a\u5a01\u793e\u4f1a\u5e7f\u6cdb\u6279\u8bc4\u3002\u610f\u5916\u7684\u662f\u5e03\u96f7\u7ef4\u514b\u672c\u4eba\u4e5f\u4e0d\u8ba4\u540c\u8fd9\u4e00\u9274\u5b9a\u3002\u4ed6\u4e3a\u591a\u5bb6\u62a5\u7eb8\u5199\u4e86\u4e00\u5c01\u957f\u4fe1\u5217\u4e3e\u8bc1\u660e\u81ea\u5df1\u6b63\u5e38\u5e76\u8ba4\u4e3a\u8fd9\u4e00\u9274\u5b9a\u7ed3\u679c\u662f\u5bf9\u81ea\u5df1\u7684\u83ab\u5927\u803b\u8fb1 \u200b\u200b\u200b","source":"\u5fae\u535a weibo.com","favorited":false,"thumbnail_pic":"http:\/\/ww4.sinaimg.cn\/thumbnail\/61d83ed4jw1ds1odg8sykj.jpg","bmiddle_pic":"http:\/\/ww4.sinaimg.cn\/bmiddle\/61d83ed4jw1ds1odg8sykj.jpg","original_pic":"http:\/\/ww4.sinaimg.cn\/large\/61d83ed4jw1ds1odg8sykj.jpg","is_paid":false,"mblog_vip_type":0,"user":{"id":1641561812,"screen_name":"\u7ecf\u6d4e\u89c2\u5bdf\u62a5","profile_image_url":"https:\/\/tvax1.sinaimg.cn\/crop.21.19.394.394.180\/61d83ed4ly8fe4pkbgj7rj20c10c1wf2.jpg","profile_url":"https:\/\/m.weibo.cn\/u\/1641561812?uid=1641561812&luicode=10000011&lfid=1076031401527553","statuses_count":83856,"verified":true,"verified_type":3,"verified_type_ext":0,"verified_reason":"\u7ecf\u6d4e\u89c2\u5bdf\u62a5\u5b98\u65b9\u5fae\u535a","close_blue_v":false,"description":"\u7ecf\u6d4e\u89c2\u5bdf\u62a5\u793e\u4e0b\u8f96\u7ecf\u6d4e\u89c2\u5bdf\u62a5\u3001\u7ecf\u6d4e\u89c2\u5bdf\u7f51\u3001\u7ecf\u6d4e\u89c2\u5bdf\u62a5IPAD\u7248\u7b49\u5b50\u5a92\u4f53\uff0c\u62e5\u6709\u4e13\u4e1a\u65b0\u95fb\u91c7\u7f16\u529b\u91cf\uff0c\u4e3a\u60a8\u63d0\u4f9b\u53ca\u65f6\u3001\u4fbf\u6377\u8d22\u7ecf\u4fe1\u606f\u670d\u52a1\u3002","gender":"m","mbtype":12,"urank":47,"mbrank":6,"follow_me":false,"following":false,"followers_count":22350061,"follow_count":737,"cover_image_phone":"https:\/\/tva2.sinaimg.cn\/crop.0.0.640.640.640\/a1d3feabjw1ecat8op0e1j20hs0hswgu.jpg","avatar_hd":"https:\/\/wx1.sinaimg.cn\/orj480\/61d83ed4ly8fe4pkbgj7rj20c10c1wf2.jpg","like":false,"like_me":false,"badge":{"bind_taobao":1,"zongyiji":1,"olympic_2016":1,"dzwbqlx_2016":1,"follow_whitelist_video":1,"video_attention":4,"hongbao_2018":1}},"reposts_count":65,"comments_count":31,"attitudes_count":0,"pending_approval_count":0,"isLongText":false,"visible":{"type":0,"list_id":0},"more_info_type":0,"content_auth":0,"edit_config":{"edited":false},"bid":"yeTRFtK4s","pics":[{"pid":"61d83ed4jw1ds1odg8sykj","url":"https:\/\/ww4.sinaimg.cn\/orj360\/61d83ed4jw1ds1odg8sykj.jpg","size":"orj360","geo":false,"large":{"size":"large","url":"https:\/\/ww4.sinaimg.cn\/large\/61d83ed4jw1ds1odg8sykj.jpg","geo":false}}]},"reposts_count":2,"comments_count":0,"attitudes_count":0,"pending_approval_count":0,"isLongText":false,"visible":{"type":0,"list_id":0},"more_info_type":0,"content_auth":0,"edit_config":{"edited":false},"mblogtype":0,"obj_ext":"","raw_text":"\u4e0a\u4e00\u671f\u300a\u8d85\u597d\u770b\u300b\u4e0a\uff0c@\u5b9d\u4e2d\u5802 \u90a3\u7bc7\u300a\u7279\u8d66\u5b9e\u9a8c\u300b\u660e\u663e\u5f71\u5c04\u7684\u5c31\u662f\u8fd9\u4f4d\u3002\u4f5c\u8005\u6076\u72e0\u72e0\u5730\u4f7f\u4ed6\u957f\u751f\u4e0d\u8001\uff0c\u597d\u670d\u4e0a2500\u5e74\u5f92\u5211\u3002","bid":"yeU6il7aq"},"show_type":0},{"card_type":9,"itemid":"1076031401527553_-_3435511413034567","scheme":"https:\/\/m.weibo.cn\/status\/yeTOtcJqD?mblogid=yeTOtcJqD&luicode=10000011&lfid=1076031401527553","mblog":{"created_at":"2012-04-16","id":"3435511413034567","idstr":"3435511413034567","mid":"3435511413034567","can_edit":false,"text":"\u5728\u5370\u5ea6\uff0c\u5982\u679c\u5973\u65b9\u7ed9\u7684\u5ac1\u5986\u8f83\u5c11\uff0c\u5ac1\u8fc7\u6765\u5c31\u53ef\u80fd\u88ab\u8650\u5f85\uff0c\u76f4\u81f3\u70e7\u6b7b\u3001\u6bd2\u6b7b\u3001\u997f\u6b7b\u3001\u6e34\u6b7b\u3001\u6df9\u6b7b\u3002\u4ee5\u81f3\u4e8e\u4ed6\u4eec\u641e\u4e86\u4e00\u90e8\u300a\u53cd\u5ac1\u5986\u6cd5\u300b\u3002\u4e0d\u8fc7\u65f6\u81f3\u4eca\u65e5\uff0c\u4ecd\u7136\u5e73\u5747\u7ea6\u6bcf\u5c0f\u65f6\u5c31\u6709\u4e00\u540d\u5987\u5973\u56e0\u5ac1\u5986\u4e0d\u8db3\u88ab\u6740\u3002","source":"\u8bdd\u9898","favorited":false,"is_paid":false,"mblog_vip_type":0,"user":{"id":1401527553,"screen_name":"tombkeeper","profile_image_url":"https:\/\/tva2.sinaimg.cn\/crop.0.0.180.180.180\/53899d01jw8fcb9qpe7vbj2050050mx8.jpg","profile_url":"https:\/\/m.weibo.cn\/u\/1401527553?uid=1401527553&luicode=10000011&lfid=1076031401527553","statuses_count":15425,"verified":true,"verified_type":0,"verified_type_ext":1,"verified_reason":"\u77e5\u540d\u4e92\u8054\u7f51\u8d44\u8baf\u535a\u4e3b","close_blue_v":false,"description":"\u5fae\u535a\u672c\u5730\u8d44\u8baf\u535a\u4e3b\uff08\u521a\u679c\u5e03\u62c9\u67f4\u7ef4\u5c14\uff09","gender":"m","mbtype":12,"urank":48,"mbrank":6,"follow_me":false,"following":false,"followers_count":192533,"follow_count":277,"cover_image_phone":"https:\/\/tva1.sinaimg.cn\/crop.0.0.640.640.640\/549d0121tw1egm1kjly3jj20hs0hsq4f.jpg","avatar_hd":"https:\/\/ww2.sinaimg.cn\/orj480\/53899d01jw8fcb9qpe7vbj2050050mx8.jpg","like":false,"like_me":false,"badge":{"bind_taobao":1,"dzwbqlx_2016":1,"follow_whitelist_video":1,"hongbao_2018":1}},"retweeted_status":{"created_at":"2012-04-16","id":"3435507659148354","idstr":"3435507659148354","mid":"3435507659148354","can_edit":false,"text":"\u3010\u65b0\u62a5\uff1a\u5c71\u4e1c\u8ba2\u5a5a\u949e\u7968\u4ee5\u65a4\u8bba\u3011\u300a\u8054\u5408\u65e9\u62a5\u300b\u79f0\uff0c\u5c71\u4e1c\u83cf\u6cfd\u9104\u57ce\u90e8\u5206\u5730\u65b9\u8ba2\u5a5a\u793c\u91d1\u9700\u4e09\u65a4\u4e09\u4e24(1.65\u516c\u65a4)\u767e\u5143\u4eba\u6c11\u5e01\uff0c\u76f8\u5f53\u4e8e13.6\u4e07\u5143\u3002\u6709\u4e13\u5bb6\u5206\u6790\uff0c\u793c\u91d1\u6c34\u6da8\u8239\u9ad8\u4e3b\u8981\u662f\u6500\u6bd4\u5fc3\u7406\u5728\u4f5c\u795f\uff0c\u8d8a\u662f\u7ecf\u6d4e\u843d\u540e\u7684\u5730\u65b9\u8d8a\u6709\u8fd9\u79cd\u98ce\u6c14\uff0c\u5973\u65b9\u60f3\u7528\u9ad8\u793c\u91d1\u6765\u6539\u5584\u5bb6\u5ead\u7ecf\u6d4e\u72b6\u51b5\uff0c\u4ece\u6839\u672c\u4e0a\u8fd8\u662f\u4e3a\u4e86\u6ee1\u8db3\u865a\u8363\u5fc3\u3002 \u200b\u200b\u200b","source":"\u4eab\u62cd\u5fae\u535a\u901a","favorited":false,"thumbnail_pic":"http:\/\/ww4.sinaimg.cn\/thumbnail\/8d90f0bbjw1ds1nps5cwqj.jpg","bmiddle_pic":"http:\/\/ww4.sinaimg.cn\/bmiddle\/8d90f0bbjw1ds1nps5cwqj.jpg","original_pic":"http:\/\/ww4.sinaimg.cn\/large\/8d90f0bbjw1ds1nps5cwqj.jpg","is_paid":false,"mblog_vip_type":0,"user":{"id":2375086267,"screen_name":"\u53c2\u8003\u6d88\u606f","profile_image_url":"https:\/\/tva3.sinaimg.cn\/crop.0.0.1022.1022.180\/8d90f0bbjw1ev7oijumy4j20sg0sg0v6.jpg","profile_url":"https:\/\/m.weibo.cn\/u\/2375086267?uid=2375086267&luicode=10000011&lfid=1076031401527553","statuses_count":35458,"verified":true,"verified_type":3,"verified_type_ext":0,"verified_reason":"\u300a\u53c2\u8003\u6d88\u606f\u300b\u5fae\u535a","close_blue_v":false,"description":"\u300a\u53c2\u8003\u6d88\u606f\u300b\u7531\u65b0\u534e\u901a\u8baf\u793e\u4e3b\u529e\u3001\u53c2\u8003\u6d88\u606f\u62a5\u793e\u7f16\u8f91\u51fa\u7248\uff0c\u521b\u520a\u4e8e1931\u5e74\uff0c\u662f\u4e2d\u56fd\u53d1\u884c\u91cf\u6700\u5927\u7684\u65e5\u62a5\u3002","gender":"m","mbtype":11,"urank":44,"mbrank":4,"follow_me":false,"following":false,"followers_count":6952791,"follow_count":131,"cover_image_phone":"https:\/\/tva1.sinaimg.cn\/crop.0.0.640.640.640\/549d0121tw1egm1kjly3jj20hs0hsq4f.jpg","avatar_hd":"https:\/\/ww3.sinaimg.cn\/orj480\/8d90f0bbjw1ev7oijumy4j20sg0sg0v6.jpg","like":false,"like_me":false,"badge":{"enterprise":1,"self_media":1,"olympic_2016":1,"dzwbqlx_2016":1,"follow_whitelist_video":1,"user_name_certificate":1}},"reposts_count":105,"comments_count":45,"attitudes_count":0,"pending_approval_count":0,"isLongText":false,"visible":{"type":0,"list_id":0},"more_info_type":0,"content_auth":0,"edit_config":{"edited":false},"bid":"yeTIpCnU6","pics":[{"pid":"8d90f0bbjw1ds1nps5cwqj","url":"https:\/\/ww4.sinaimg.cn\/orj360\/8d90f0bbjw1ds1nps5cwqj.jpg","size":"orj360","geo":false,"large":{"size":"large","url":"https:\/\/ww4.sinaimg.cn\/large\/8d90f0bbjw1ds1nps5cwqj.jpg","geo":false}}]},"reposts_count":15,"comments_count":14,"attitudes_count":0,"pending_approval_count":0,"isLongText":false,"visible":{"type":0,"list_id":0},"more_info_type":0,"content_auth":0,"edit_config":{"edited":false},"mblogtype":0,"obj_ext":"","raw_text":"\u5728\u5370\u5ea6\uff0c\u5982\u679c\u5973\u65b9\u7ed9\u7684\u5ac1\u5986\u8f83\u5c11\uff0c\u5ac1\u8fc7\u6765\u5c31\u53ef\u80fd\u88ab\u8650\u5f85\uff0c\u76f4\u81f3\u70e7\u6b7b\u3001\u6bd2\u6b7b\u3001\u997f\u6b7b\u3001\u6e34\u6b7b\u3001\u6df9\u6b7b\u3002\u4ee5\u81f3\u4e8e\u4ed6\u4eec\u641e\u4e86\u4e00\u90e8\u300a\u53cd\u5ac1\u5986\u6cd5\u300b\u3002\u4e0d\u8fc7\u65f6\u81f3\u4eca\u65e5\uff0c\u4ecd\u7136\u5e73\u5747\u7ea6\u6bcf\u5c0f\u65f6\u5c31\u6709\u4e00\u540d\u5987\u5973\u56e0\u5ac1\u5986\u4e0d\u8db3\u88ab\u6740\u3002","bid":"yeTOtcJqD"},"show_type":0},{"card_type":9,"itemid":"1076031401527553_-_3435495562599909","scheme":"https:\/\/m.weibo.cn\/status\/yeToUaUm1?mblogid=yeToUaUm1&luicode=10000011&lfid=1076031401527553","mblog":{"created_at":"2012-04-16","id":"3435495562599909","idstr":"3435495562599909","mid":"3435495562599909","can_edit":false,"text":"\u8fd9\u57282011\u5e74BlackHat\u8bb2\u8fc7\uff0c\u672c\u8d28\u4e0a\u5c31\u662fSCADA\u5b89\u5168\u95ee\u9898\uff0c\u4e0d\u8fc7\u843d\u5b9e\u5230\u4eba\u547d\u4e0a\uff0c\u6bd4\u8f83\u5bb9\u6613\u89e6\u52a8\u89c2\u4f17\u3002\u6211\u770b\u8fc7\u7684\u4fe1\u606f\u5b89\u5168\u5728\u533b\u7597\u65b9\u9762\u7684\u6700\u65e9\u6848\u4f8b\u662f1985\u5e74\uff0c\u52a0\u62ff\u5927\u533b\u9662\u7684Therac-25\u653e\u5c04\u6cbb\u7597\u4eea\u7a0b\u5e8f\u7531\u4e8e\u7ade\u4e89\u6761\u4ef6\u95ee\u9898\uff0c\u5bfc\u81f4\u6b7b\u4ea1\u4e09\u4eba\uff0c\u91cd\u4f24\u4e09\u4eba\u3002","source":"\u5fae\u535a weibo.com","favorited":false,"is_paid":false,"mblog_vip_type":0,"user":{"id":1401527553,"screen_name":"tombkeeper","profile_image_url":"https:\/\/tva2.sinaimg.cn\/crop.0.0.180.180.180\/53899d01jw8fcb9qpe7vbj2050050mx8.jpg","profile_url":"https:\/\/m.weibo.cn\/u\/1401527553?uid=1401527553&luicode=10000011&lfid=1076031401527553","statuses_count":15425,"verified":true,"verified_type":0,"verified_type_ext":1,"verified_reason":"\u77e5\u540d\u4e92\u8054\u7f51\u8d44\u8baf\u535a\u4e3b","close_blue_v":false,"description":"\u5fae\u535a\u672c\u5730\u8d44\u8baf\u535a\u4e3b\uff08\u521a\u679c\u5e03\u62c9\u67f4\u7ef4\u5c14\uff09","gender":"m","mbtype":12,"urank":48,"mbrank":6,"follow_me":false,"following":false,"followers_count":192533,"follow_count":277,"cover_image_phone":"https:\/\/tva1.sinaimg.cn\/crop.0.0.640.640.640\/549d0121tw1egm1kjly3jj20hs0hsq4f.jpg","avatar_hd":"https:\/\/ww2.sinaimg.cn\/orj480\/53899d01jw8fcb9qpe7vbj2050050mx8.jpg","like":false,"like_me":false,"badge":{"bind_taobao":1,"dzwbqlx_2016":1,"follow_whitelist_video":1,"hongbao_2018":1}},"retweeted_status":{"created_at":"2012-04-11","id":"3433573241414171","idstr":"3433573241414171","mid":"3433573241414171","can_edit":false,"text":"\u9ed1\u5ba2\u80fd\u64cd\u63a7\u533b\u7597\u8bbe\u5907\u6740\u4eba \u5b89\u5168\u7814\u7a76\u5458\u6f14\u793a\u4e86\u5982\u4f55\u8fdc\u7a0b\u64cd\u63a7\u533b\u7597\u8bbe\u5907\uff0c\u4ed6\u8f7b\u800c\u6613\u4e3e\u5730\u5c31\u6539\u53d8\u4e86\u8bbe\u5907\u7684\u5b89\u5168\u53c2\u6570\uff0c\u63a7\u5236\u6ce8\u5c04\u6cf5\u7ed9\u75c5\u4eba\u6ce8\u5c04\u836f\u7269\u3002\u5982\u679c\u8fd9\u4e9b\u64cd\u63a7\u884c\u4e3a\u662f\u9ed1\u5ba2\u548c\u6050\u6016\u5206\u5b50\u6240\u4e3a\uff0c\u90a3\u4e48\u88ab\u6ce8\u5c04\u4e86\u836f\u7269\u7684\u75c5\u4eba\u6027\u547d\u96be\u4fdd\u3002<a data-url=\"http:\/\/t.cn\/zOCm2Vf\" target=\"_blank\" href=\"https:\/\/weibo.cn\/sinaurl\/blockedd8862451?luicode=10000011&lfid=1076031401527553&u=http%3A%2F%2Froll.sohu.com%2F20120411%2Fn340245007.shtml&ep=ye5oo5VTd%252C2610198153%252Cye5oo5VTd%252C2610198153\" class=\"\"><span class=\"url-icon\"><img src=\"\/\/h5.sinaimg.cn\/upload\/2015\/09\/25\/3\/timeline_card_small_web_default.png\"><\/span><\/i><span class=\"surl-text\">\u7f51\u9875\u94fe\u63a5<\/a> \u200b\u200b\u200b","source":"\u5fae\u535a weibo.com","favorited":false,"is_paid":false,"mblog_vip_type":0,"user":{"id":2610198153,"screen_name":"\u7eff\u76df\u79d1\u6280\u5a01\u80c1\u54cd\u5e94\u4e2d\u5fc3","profile_image_url":"https:\/\/tva1.sinaimg.cn\/crop.0.0.180.180.180\/9b947689jw1e8qgp5bmzyj2050050aa8.jpg","profile_url":"https:\/\/m.weibo.cn\/u\/2610198153?uid=2610198153&luicode=10000011&lfid=1076031401527553","statuses_count":368,"verified":true,"verified_type":2,"verified_type_ext":0,"verified_reason":"\u5317\u4eac\u795e\u5dde\u7eff\u76df\u79d1\u6280\u6709\u9650\u516c\u53f8","close_blue_v":false,"description":"","gender":"m","mbtype":0,"urank":9,"mbrank":0,"follow_me":false,"following":false,"followers_count":2548,"follow_count":44,"cover_image_phone":"https:\/\/tva1.sinaimg.cn\/crop.0.0.640.640.640\/549d0121tw1egm1kjly3jj20hs0hsq4f.jpg","avatar_hd":"https:\/\/ww1.sinaimg.cn\/orj480\/9b947689jw1e8qgp5bmzyj2050050aa8.jpg","like":false,"like_me":false},"reposts_count":37,"comments_count":5,"attitudes_count":0,"pending_approval_count":0,"isLongText":false,"visible":{"type":0,"list_id":0},"more_info_type":0,"content_auth":0,"edit_config":{"edited":false},"bid":"ye5oo5VTd"},"reposts_count":15,"comments_count":5,"attitudes_count":0,"pending_approval_count":0,"isLongText":false,"visible":{"type":0,"list_id":0},"more_info_type":0,"content_auth":0,"edit_config":{"edited":false},"mblogtype":0,"obj_ext":"","raw_text":"\u8fd9\u57282011\u5e74BlackHat\u8bb2\u8fc7\uff0c\u672c\u8d28\u4e0a\u5c31\u662fSCADA\u5b89\u5168\u95ee\u9898\uff0c\u4e0d\u8fc7\u843d\u5b9e\u5230\u4eba\u547d\u4e0a\uff0c\u6bd4\u8f83\u5bb9\u6613\u89e6\u52a8\u89c2\u4f17\u3002\u6211\u770b\u8fc7\u7684\u4fe1\u606f\u5b89\u5168\u5728\u533b\u7597\u65b9\u9762\u7684\u6700\u65e9\u6848\u4f8b\u662f1985\u5e74\uff0c\u52a0\u62ff\u5927\u533b\u9662\u7684Therac-25\u653e\u5c04\u6cbb\u7597\u4eea\u7a0b\u5e8f\u7531\u4e8e\u7ade\u4e89\u6761\u4ef6\u95ee\u9898\uff0c\u5bfc\u81f4\u6b7b\u4ea1\u4e09\u4eba\uff0c\u91cd\u4f24\u4e09\u4eba\u3002","bid":"yeToUaUm1"},"show_type":0}],"showAppTips":0,"scheme":"sinaweibo:\/\/cardlist?containerid=1076031401527553&extparam=&luicode=10000011&lfid=&featurecode="}}