{"ok":1,"data":{"cardlistInfo":{"containerid":"1076031401527553","v_p":42,"show_style":1,"total":15518,"page":50},"cards":[{"card_type":9,"itemid":"1076031401527553_-_3435380051543629","scheme":"https:\/\/m.weibo.cn\/status\/yeQoB6tzf?mblogid=yeQoB6tzf&luicode=10000011&lfid=1076031401527553","mblog":{"created_at":"2012-04-16","id":"3435380051543629","idstr":"3435380051543629","mid":"3435380051543629","can_edit":false,"text":"4\u670815\u65e5\u300a\u6bcf\u5468\u8d28\u91cf\u62a5\u544a\u300b\u62ab\u9732\u4e86\u8bb0\u8005\u524d\u540e8\u4e2a\u6708\u5bf9\u660e\u80f6\u884c\u4e1a\u7684\u8c03\u67e5\u7ed3\u679c\uff1a<a data-url=\"http:\/\/t.cn\/zOp0SXW\" href=\"http:\/\/news.sina.com.cn\/c\/sd\/p\/2012-04-15\/135324275218.shtml?luicode=10000011&lfid=1076031401527553&ep=yeQoB6tzf%252C1401527553%252CyeQoB6tzf%252C1401527553\" data-hide=\"\"><span class=\"url-icon\"><img src=\"\/\/h5.sinaimg.cn\/upload\/2015\/09\/25\/3\/timeline_card_small_web_default.png\"><\/span><\/i><span class=\"surl-text\">\u7f51\u9875\u94fe\u63a5<\/a>\u3002\u524d\u9635\u5b50\u8bf4\u201c\u5185\u5e55\u5f88\u53ef\u6015\u201d\u7684\u90a3\u4e2a\u592e\u89c6\u4e3b\u64ad\uff0c\u4ed6\u7684\u6d88\u606f\u6765\u6e90\u53ef\u80fd\u5c31\u662f\u6b64\u8c03\u67e5\u3002\u672c\u6b21\u62ab\u9732\u7684\u4fe1\u606f\u4e3b\u8981\u9488\u5bf9\u80f6\u56ca\uff0c\u80f6\u56ca\u6bd5\u7adf\u8d28\u8f7b\uff0c\u4e00\u5929\u4e5f\u5403\u4e0d\u4e86\u591a\u5c11\uff0c\u98df\u54c1\u4e2d\u7684\u624d\u66f4\u53ef\u6015\u3002\u6211\u4e0d\u77e5\u9053\u4ed6\u4eec\u4e3a\u4ec0\u4e48\u6ca1\u8c03\u67e5\u98df\u54c1\u4f01\u4e1a\u2014\u2014\u53c8\u6216\u8005\u8c03\u67e5\u4e86\uff1f \u200b\u200b\u200b","source":"\u5fae\u535a weibo.com","favorited":false,"thumbnail_pic":"http:\/\/ww1.sinaimg.cn\/thumbnail\/53899d01gw1ds191v8zoxj.jpg","bmiddle_pic":"http:\/\/ww1.sinaimg.cn\/bmiddle\/53899d01gw1ds191v8zoxj.jpg","original_pic":"http:\/\/ww1.sinaimg.cn\/large\/53899d01gw1ds191v8zoxj.jpg","is_paid":false,"mblog_vip_type":0,"user":{"id":1401527553,"screen_name":"tombkeeper","profile_image_url":"https:\/\/tva2.sinaimg.cn\/crop.0.0.180.180.180\/53899d01jw8fcb9qpe7vbj2050050mx8.jpg","profile_url":"https:\/\/m.weibo.cn\/u\/1401527553?uid=1401527553&luicode=10000011&lfid=1076031401527553","statuses_count":15425,"verified":true,"verified_type":0,"verified_type_ext":1,"verified_reason":"\u77e5\u540d\u4e92\u8054\u7f51\u8d44\u8baf\u535a\u4e3b","close_blue_v":false,"description":"\u5fae\u535a\u672c\u5730\u8d44\u8baf\u535a\u4e3b\uff08\u521a\u679c\u5e03\u62c9\u67f4\u7ef4\u5c14\uff09","gender":"m","mbtype":12,"urank":48,"mbrank":6,"follow_me":false,"following":false,"followers_count":192533,"follow_count":277,"cover_image_phone":"https:\/\/tva1.sinaimg.cn\/crop.0.0.640.640.640\/549d0121tw1egm1kjly3jj20hs0hsq4f.jpg","avatar_hd":"https:\/\/ww2.sinaimg.cn\/orj480\/53899d01jw8fcb9qpe7vbj2050050mx8.jpg","like":false,"like_me":false,"badge":{"bind_taobao":1,"dzwbqlx_2016":1,"follow_whitelist_video":1,"hongbao_2018":1}},"reposts_count":51,"comments_count":7,"attitudes_count":0,"pending_approval_count":0,"isLongText":false,"visible":{"type":0,"list_id":0},"more_info_type":0,"content_auth":0,"edit_config":{"edited":false},"mblogtype":0,"bid":"yeQoB6tzf","pics":[{"pid":"53899d01gw1ds191v8zoxj","url":"https:\/\/ww1.sinaimg.cn\/orj360\/53899d01gw1ds191v8zoxj.jpg","size":"orj360","geo":false,"large":{"size":"large","url":"https:\/\/ww1.sinaimg.cn\/large\/53899d01gw1ds191v8zoxj.jpg","geo":false}}]},"show_type":0},{"card_type":9,"itemid":"1076031401527553_-_3435369096281409","scheme":"https:\/\/m.weibo.cn\/status\/yeQ6Vqm53?mblogid=yeQ6Vqm53&luicode=10000011&lfid=1076031401527553","mblog":{"created_at":"2012-04-16","id":"3435369096281409","idstr":"3435369096281409","mid":"3435369096281409","can_edit":false,"text":"\u91d1\u5eb8\u7684\u6bcd\u4eb2\u662f\u5f90\u5fd7\u6469\u7236\u4eb2\u7684\u5802\u59b9\u3002\u7b97\u4e00\u7b97\uff0c\u4e24\u4eba\u6709\u51e0\u5206\u4e4b\u4e00\u7684\u8840\u7f18\u5173\u7cfb\uff1f \u200b\u200b\u200b","source":"\u5fae\u535a weibo.com","favorited":false,"is_paid":false,"mblog_vip_type":0,"user":{"id":1401527553,"screen_name":"tombkeeper","profile_image_url":"https:\/\/tva2.sinaimg.cn\/crop.0.0.180.180.180\/53899d01jw8fcb9qpe7vbj2050050mx8.jpg","profile_url":"https:\/\/m.weibo.cn\/u\/1401527553?uid=1401527553&luicode=10000011&lfid=1076031401527553","statuses_count":15425,"verified":true,"verified_type":0,"verified_type_ext":1,"verified_reason":"\u77e5\u540d\u4e92\u8054\u7f51\u8d44\u8baf\u535a\u4e3b","close_blue_v":false,"description":"\u5fae\u535a\u672c\u5730\u8d44\u8baf\u535a\u4e3b\uff08\u521a\u679c\u5e03\u62c9\u67f4\u7ef4\u5c14\uff09","gender":"m","mbtype":12,"urank":48,"mbrank":6,"follow_me":false,"following":false,"followers_count":192533,"follow_count":277,"cover_image_phone":"https:\/\/tva1.sinaimg.cn\/crop.0.0.640.640.640\/549d0121tw1egm1kjly3jj20hs0hsq4f.jpg","avatar_hd":"https:\/\/ww2.sinaimg.cn\/orj480\/53899d01jw8fcb9qpe7vbj2050050mx8.jpg","like":false,"like_me":false,"badge":{"bind_taobao":1,"dzwbqlx_2016":1,"follow_whitelist_video":1,"hongbao_2018":1}},"reposts_count":0,"comments_count":6,"attitudes_count":0,"pending_approval_count":0,"isLongText":false,"visible":{"type":0,"list_id":0},"more_info_type":0,"content_auth":0,"edit_config":{"edited":false},"mblogtype":0,"bid":"yeQ6Vqm53"},"show_type":0},{"card_type":9,"itemid":"1076031401527553_-_3435119316672098","scheme":"https:\/\/m.weibo.cn\/status\/yeJC3rZIu?mblogid=yeJC3rZIu&luicode=10000011&lfid=1076031401527553","mblog":{"created_at":"2012-04-15","id":"3435119316672098","idstr":"3435119316672098","mid":"3435119316672098","can_edit":false,"text":"\u6211\u8fd9\u6761\u5fae\u535a\u4e2d\u5217\u4e3e\u4e86\u53ef\u80fd\u6dfb\u52a0\u660e\u80f6\u6216\u5236\u9020\u8fc7\u7a0b\u4e2d\u53ef\u80fd\u4f7f\u7528\u660e\u80f6\u7684\u98df\u54c1\uff1a<a data-url=\"http:\/\/weibo.com\/1401527553\/xrDMXcx8K\" href=\"http:\/\/weibo.com\/1401527553\/xrDMXcx8K?luicode=10000011&lfid=1076031401527553&ep=yeJC3rZIu%252C1401527553%252CyeJxIhSpz%252C1401527553\" data-hide=\"\"><span class=\"url-icon\"><img src=\"\/\/h5.sinaimg.cn\/upload\/2015\/09\/25\/3\/timeline_card_small_web_default.png\"><\/span><\/i><span class=\"surl-text\">\u7f51\u9875\u94fe\u63a5<\/a> \/\/<a href='https:\/\/m.weibo.cn\/n\/tombkeeper'>@tombkeeper<\/a>: \u4ee5\u6211\u6076\u6bd2\u7684\u5fc3\u7075\u63e3\u6d4b\uff0c\u98df\u54c1\u4f01\u4e1a\u4ed6\u4eec\u4e5f\u8c03\u67e5\u4e86\uff0c\u4e5f\u660e\u767d\u98df\u54c1\u4f7f\u7528\u5de5\u4e1a\u660e\u80f6\u6bd4\u80f6\u56ca\u4e2d\u4f7f\u7528\u53ef\u6015\u7684\u591a\u3002\u6240\u4ee5\u201c\u5185\u5e55\u5f88\u53ef\u6015\u201d\u63d0\u4e86\u98df\u54c1\uff0c\u6839\u672c\u6ca1\u63d0\u80f6\u56ca\u3002","source":"\u5fae\u535a weibo.com","favorited":false,"is_paid":false,"mblog_vip_type":0,"user":{"id":1401527553,"screen_name":"tombkeeper","profile_image_url":"https:\/\/tva2.sinaimg.cn\/crop.0.0.180.180.180\/53899d01jw8fcb9qpe7vbj2050050mx8.jpg","profile_url":"https:\/\/m.weibo.cn\/u\/1401527553?uid=1401527553&luicode=10000011&lfid=1076031401527553","statuses_count":15425,"verified":true,"verified_type":0,"verified_type_ext":1,"verified_reason":"\u77e5\u540d\u4e92\u8054\u7f51\u8d44\u8baf\u535a\u4e3b","close_blue_v":false,"description":"\u5fae\u535a\u672c\u5730\u8d44\u8baf\u535a\u4e3b\uff08\u521a\u679c\u5e03\u62c9\u67f4\u7ef4\u5c14\uff09","gender":"m","mbtype":12,"urank":48,"mbrank":6,"follow_me":false,"following":false,"followers_count":192533,"follow_count":277,"cover_image_phone":"https:\/\/tva1.sinaimg.cn\/crop.0.0.640.640.640\/549d0121tw1egm1kjly3jj20hs0hsq4f.jpg","avatar_hd":"https:\/\/ww2.sinaimg.cn\/orj480\/53899d01jw8fcb9qpe7vbj2050050mx8.jpg","like":false,"like_me":false,"badge":{"bind_taobao":1,"dzwbqlx_2016":1,"follow_whitelist_video":1,"hongbao_2018":1}},"pid":3435117744087791,"retweeted_status":{"created_at":"2012-04-15","id":"3435116624260737","idstr":"3435116624260737","mid":"3435116624260737","can_edit":false,"text":"\u4eca\u5929\u300a\u6bcf\u5468\u8d28\u91cf\u62a5\u544a\u300b\u62ab\u9732\u4e86\u8bb0\u8005\u524d\u540e8\u4e2a\u6708\u5bf9\u660e\u80f6\u884c\u4e1a\u7684\u8c03\u67e5\u7ed3\u679c\uff1a<a data-url=\"http:\/\/t.cn\/zOp0x5U\" target=\"_blank\" href=\"https:\/\/weibo.cn\/sinaurl\/blocked43d8588b?luicode=10000011&lfid=1076031401527553&u=http%3A%2F%2Fnews.cntv.cn%2Fchina%2F20120415%2F111049.shtml&ep=yeJxIhSpz%252C1401527553%252CyeJxIhSpz%252C1401527553\" class=\"\"><span class=\"url-icon\"><img src=\"\/\/h5.sinaimg.cn\/upload\/2015\/09\/25\/3\/timeline_card_small_web_default.png\"><\/span><\/i><span class=\"surl-text\">\u7f51\u9875\u94fe\u63a5<\/a>\u3002\u524d\u9635\u5b50\u8bf4\u201c\u5185\u5e55\u5f88\u53ef\u6015\u201d\u7684\u90a3\u4e2a\u592e\u89c6\u4e3b\u64ad\uff0c\u4ed6\u7684\u6d88\u606f\u6765\u6e90\u53ef\u80fd\u5c31\u662f\u6b64\u8c03\u67e5\u3002\u672c\u6b21\u62ab\u9732\u7684\u4fe1\u606f\u4e3b\u8981\u9488\u5bf9\u80f6\u56ca\uff0c\u80f6\u56ca\u6bd5\u7adf\u8d28\u8f7b\uff0c\u4e00\u5929\u4e5f\u5403\u4e0d\u4e86\u591a\u5c11\uff0c\u98df\u54c1\u4e2d\u7684\u624d\u66f4\u53ef\u6015\u3002\u6211\u4e0d\u77e5\u9053\u4ed6\u4eec\u4e3a\u4ec0\u4e48\u6ca1\u8c03\u67e5\u98df\u54c1\u4f01\u4e1a\u2014\u2014\u53c8\u6216\u8005\u8c03\u67e5\u4e86\uff1f \u200b\u200b\u200b","source":"\u5fae\u535a\u684c\u9762","favorited":false,"thumbnail_pic":"http:\/\/ww3.sinaimg.cn\/thumbnail\/53899d01jw1ds0et0x55tj.jpg","bmiddle_pic":"http:\/\/ww3.sinaimg.cn\/bmiddle\/53899d01jw1ds0et0x55tj.jpg","original_pic":"http:\/\/ww3.sinaimg.cn\/large\/53899d01jw1ds0et0x55tj.jpg","is_paid":false,"mblog_vip_type":0,"user":{"id":1401527553,"screen_name":"tombkeeper","profile_image_url":"https:\/\/tva2.sinaimg.cn\/crop.0.0.180.180.180\/53899d01jw8fcb9qpe7vbj2050050mx8.jpg","profile_url":"https:\/\/m.weibo.cn\/u\/1401527553?uid=1401527553&luicode=10000011&lfid=1076031401527553","statuses_count":15425,"verified":true,"verified_type":0,"verified_type_ext":1,"verified_reason":"\u77e5\u540d\u4e92\u8054\u7f51\u8d44\u8baf\u535a\u4e3b","close_blue_v":false,"description":"\u5fae\u535a\u672c\u5730\u8d44\u8baf\u535a\u4e3b\uff08\u521a\u679c\u5e03\u62c9\u67f4\u7ef4\u5c14\uff09","gender":"m","mbtype":12,"urank":48,"mbrank":6,"follow_me":false,"following":false,"followers_count":192533,"follow_count":277,"cover_image_phone":"https:\/\/tva1.sinaimg.cn\/crop.0.0.640.640.640\/549d0121tw1egm1kjly3jj20hs0hsq4f.jpg","avatar_hd":"https:\/\/ww2.sinaimg.cn\/orj480\/53899d01jw8fcb9qpe7vbj2050050mx8.jpg","like":false,"like_me":false,"badge":{"bind_taobao":1,"dzwbqlx_2016":1,"follow_whitelist_video":1,"hongbao_2018":1}},"reposts_count":15,"comments_count":1,"attitudes_count":0,"pending_approval_count":0,"isLongText":false,"visible":{"type":0,"list_id":0},"more_info_type":0,"content_auth":0,"edit_config":{"edited":false},"bid":"yeJxIhSpz","pics":[{"pid":"53899d01jw1ds0et0x55tj","url":"https:\/\/ww3.sinaimg.cn\/orj360\/53899d01jw1ds0et0x55tj.jpg","size":"orj360","geo":false,"large":{"size":"large","url":"https:\/\/ww3.sinaimg.cn\/large\/53899d01jw1ds0et0x55tj.jpg","geo":false}}]},"reposts_count":6,"comments_count":3,"attitudes_count":0,"pending_approval_count":0,"isLongText":false,"visible":{"type":0,"list_id":0},"more_info_type":0,"content_auth":0,"edit_config":{"edited":false},"mblogtype":0,"obj_ext":"","raw_text":"\u6211\u8fd9\u6761\u5fae\u535a\u4e2d\u5217\u4e3e\u4e86\u53ef\u80fd\u6dfb\u52a0\u660e\u80f6\u6216\u5236\u9020\u8fc7\u7a0b\u4e2d\u53ef\u80fd\u4f7f\u7528\u660e\u80f6\u7684\u98df\u54c1\uff1ahttp:\/\/weibo.com\/1401527553\/xrDMXcx8K \/\/@tombkeeper: \u4ee5\u6211\u6076\u6bd2\u7684\u5fc3\u7075\u63e3\u6d4b\uff0c\u98df\u54c1\u4f01\u4e1a\u4ed6\u4eec\u4e5f\u8c03\u67e5\u4e86\uff0c\u4e5f\u660e\u767d\u98df\u54c1\u4f7f\u7528\u5de5\u4e1a\u660e\u80f6\u6bd4\u80f6\u56ca\u4e2d\u4f7f\u7528\u53ef\u6015\u7684\u591a\u3002\u6240\u4ee5\u201c\u5185\u5e55\u5f88\u53ef\u6015\u201d\u63d0\u4e86\u98df\u54c1\uff0c\u6839\u672c\u6ca1\u63d0\u80f6\u56ca\u3002","bid":"yeJC3rZIu"},"show_type":0},{"card_type":9,"itemid":"1076031401527553_-_3435117744087791","scheme":"https:\/\/m.weibo.cn\/status\/yeJzwh9q7?mblogid=yeJzwh9q7&luicode=10000011&lfid=1076031401527553","mblog":{"created_at":"2012-04-15","id":"3435117744087791","idstr":"3435117744087791","mid":"3435117744087791","can_edit":false,"text":"\u4ee5\u6211\u6076\u6bd2\u7684\u5fc3\u7075\u63e3\u6d4b\uff0c\u98df\u54c1\u4f01\u4e1a\u4ed6\u4eec\u4e5f\u8c03\u67e5\u4e86\uff0c\u4e5f\u660e\u767d\u98df\u54c1\u4f7f\u7528\u5de5\u4e1a\u660e\u80f6\u6bd4\u80f6\u56ca\u4e2d\u4f7f\u7528\u53ef\u6015\u7684\u591a\u3002\u6240\u4ee5\u201c\u5185\u5e55\u5f88\u53ef\u6015\u201d\u63d0\u4e86\u98df\u54c1\uff0c\u6839\u672c\u6ca1\u63d0\u80f6\u56ca\u3002","source":"\u5fae\u535a weibo.com","favorited":false,"is_paid":false,"mblog_vip_type":0,"user":{"id":1401527553,"screen_name":"tombkeeper","profile_image_url":"https:\/\/tva2.sinaimg.cn\/crop.0.0.180.180.180\/53899d01jw8fcb9qpe7vbj2050050mx8.jpg","profile_url":"https:\/\/m.weibo.cn\/u\/1401527553?uid=1401527553&luicode=10000011&lfid=1076031401527553","statuses_count":15425,"verified":true,"verified_type":0,"verified_type_ext":1,"verified_reason":"\u77e5\u540d\u4e92\u8054\u7f51\u8d44\u8baf\u535a\u4e3b","close_blue_v":false,"description":"\u5fae\u535a\u672c\u5730\u8d44\u8baf\u535a\u4e3b\uff08\u521a\u679c\u5e03\u62c9\u67f4\u7ef4\u5c14\uff09","gender":"m","mbtype":12,"urank":48,"mbrank":6,"follow_me":false,"following":false,"followers_count":192533,"follow_count":277,"cover_image_phone":"https:\/\/tva1.sinaimg.cn\/crop.0.0.640.640.640\/549d0121tw1egm1kjly3jj20hs0hsq4f.jpg","avatar_hd":"https:\/\/ww2.sinaimg.cn\/orj480\/53899d01jw8fcb9qpe7vbj2050050mx8.jpg","like":false,"like_me":false,"badge":{"bind_taobao":1,"dzwbqlx_2016":1,"follow_whitelist_video":1,"hongbao_2018":1}},"retweeted_status":{"created_at":"2012-04-15","id":"3435116624260737","idstr":"3435116624260737","mid":"3435116624260737","can_edit":false,"text":"\u4eca\u5929\u300a\u6bcf\u5468\u8d28\u91cf\u62a5\u544a\u300b\u62ab\u9732\u4e86\u8bb0\u8005\u524d\u540e8\u4e2a\u6708\u5bf9\u660e\u80f6\u884c\u4e1a\u7684\u8c03\u67e5\u7ed3\u679c\uff1a<a data-url=\"http:\/\/t.cn\/zOp0x5U\" target=\"_blank\" href=\"https:\/\/weibo.cn\/sinaurl\/blocked43d8588b?luicode=10000011&lfid=1076031401527553&u=http%3A%2F%2Fnews.cntv.cn%2Fchina%2F20120415%2F111049.shtml&ep=yeJxIhSpz%252C1401527553%252CyeJxIhSpz%252C1401527553\" class=\"\"><span class=\"url-icon\"><img src=\"\/\/h5.sinaimg.cn\/upload\/2015\/09\/25\/3\/timeline_card_small_web_default.png\"><\/span><\/i><span class=\"surl-text\">\u7f51\u9875\u94fe\u63a5<\/a>\u3002\u524d\u9635\u5b50\u8bf4\u201c\u5185\u5e55\u5f88\u53ef\u6015\u201d\u7684\u90a3\u4e2a\u592e\u89c6\u4e3b\u64ad\uff0c\u4ed6\u7684\u6d88\u606f\u6765\u6e90\u53ef\u80fd\u5c31\u662f\u6b64\u8c03\u67e5\u3002\u672c\u6b21\u62ab\u9732\u7684\u4fe1\u606f\u4e3b\u8981\u9488\u5bf9\u80f6\u56ca\uff0c\u80f6\u56ca\u6bd5\u7adf\u8d28\u8f7b\uff0c\u4e00\u5929\u4e5f\u5403\u4e0d\u4e86\u591a\u5c11\uff0c\u98df\u54c1\u4e2d\u7684\u624d\u66f4\u53ef\u6015\u3002\u6211\u4e0d\u77e5\u9053\u4ed6\u4eec\u4e3a\u4ec0\u4e48\u6ca1\u8c03\u67e5\u98df\u54c1\u4f01\u4e1a\u2014\u2014\u53c8\u6216\u8005\u8c03\u67e5\u4e86\uff1f \u200b\u200b\u200b","source":"\u5fae\u535a\u684c\u9762","favorited":false,"thumbnail_pic":"http:\/\/ww3.sinaimg.cn\/thumbnail\/53899d01jw1ds0et0x55tj.jpg","bmiddle_pic":"http:\/\/ww3.sinaimg.cn\/bmiddle\/53899d01jw1ds0et0x55tj.jpg","original_pic":"http:\/\/ww3.sinaimg.cn\/large\/53899d01jw1ds0et0x55tj.jpg","is_paid":false,"mblog_vip_type":0,"user":{"id":1401527553,"screen_name":"tombkeeper","profile_image_url":"https:\/\/tva2.sinaimg.cn\/crop.0.0.180.180.180\/53899d01jw8fcb9qpe7vbj2050050mx8.jpg","profile_url":"https:\/\/m.weibo.cn\/u\/1401527553?uid=1401527553&luicode=10000011&lfid=1076031401527553","statuses_count":15425,"verified":true,"verified_type":0,"verified_type_ext":1,"verified_reason":"\u77e5\u540d\u4e92\u8054\u7f51\u8d44\u8baf\u535a\u4e3b","close_blue_v":false,"description":"\u5fae\u535a\u672c\u5730\u8d44\u8baf\u535a\u4e3b\uff08\u521a\u679c\u5e03\u62c9\u67f4\u7ef4\u5c14\uff09","gender":"m","mbtype":12,"urank":48,"mbrank":6,"follow_me":false,"following":false,"followers_count":192533,"follow_count":277,"cover_image_phone":"https:\/\/tva1.sinaimg.cn\/crop.0.0.640.640.640\/549d0121tw1egm1kjly3jj20hs0hsq4f.jpg","avatar_hd":"https:\/\/ww2.sinaimg.cn\/orj480\/53899d01jw8fcb9qpe7vbj2050050mx8.jpg","like":false,"like_me":false,"badge":{"bind_taobao":1,"dzwbqlx_2016":1,"follow_whitelist_video":1,"hongbao_2018":1}},"reposts_count":15,"comments_count":1,"attitudes_count":0,"pending_approval_count":0,"isLongText":false,"visible":{"type":0,"list_id":0},"more_info_type":0,"content_auth":0,"edit_config":{"edited":false},"bid":"yeJxIhSpz","pics":[{"pid":"53899d01jw1ds0et0x55tj","url":"https:\/\/ww3.sinaimg.cn\/orj360\/53899d01jw1ds0et0x55tj.jpg","size":"orj360","geo":false,"large":{"size":"large","url":"https:\/\/ww3.sinaimg.cn\/large\/53899d01jw1ds0et0x55tj.jpg","geo":false}}]},"reposts_count":2,"comments_count":0,"attitudes_count":0,"pending_approval_count":0,"isLongText":false,"visible":{"type":0,"list_id":0},"more_info_type":0,"content_auth":0,"edit_config":{"edited":false},"mblogtype":0,"obj_ext":"","raw_text":"\u4ee5\u6211\u6076\u6bd2\u7684\u5fc3\u7075\u63e3\u6d4b\uff0c\u98df\u54c1\u4f01\u4e1a\u4ed6\u4eec\u4e5f\u8c03\u67e5\u4e86\uff0c\u4e5f\u660e\u767d\u98df\u54c1\u4f7f\u7528\u5de5\u4e1a\u660e\u80f6\u6bd4\u80f6\u56ca\u4e2d\u4f7f\u7528\u53ef\u6015\u7684\u591a\u3002\u6240\u4ee5\u201c\u5185\u5e55\u5f88\u53ef\u6015\u201d\u63d0\u4e86\u98df\u54c1\uff0c\u6839\u672c\u6ca1\u63d0\u80f6\u56ca\u3002","bid":"yeJzwh9q7"},"show_type":0},{"card_type":9,"itemid":"1076031401527553_-_3435116624260737","scheme":"https:\/\/m.weibo.cn\/status\/yeJxIhSpz?mblogid=yeJxIhSpz&luicode=10000011&lfid=1076031401527553","mblog":{"created_at":"2012-04-15","id":"3435116624260737","idstr":"3435116624260737","mid":"3435116624260737","can_edit":false,"text":"\u4eca\u5929\u300a\u6bcf\u5468\u8d28\u91cf\u62a5\u544a\u300b\u62ab\u9732\u4e86\u8bb0\u8005\u524d\u540e8\u4e2a\u6708\u5bf9\u660e\u80f6\u884c\u4e1a\u7684\u8c03\u67e5\u7ed3\u679c\uff1a<a data-url=\"http:\/\/t.cn\/zOp0x5U\" target=\"_blank\" href=\"https:\/\/weibo.cn\/sinaurl\/blocked43d8588b?luicode=10000011&lfid=1076031401527553&u=http%3A%2F%2Fnews.cntv.cn%2Fchina%2F20120415%2F111049.shtml&ep=yeJxIhSpz%252C1401527553%252CyeJxIhSpz%252C1401527553\" class=\"\"><span class=\"url-icon\"><img src=\"\/\/h5.sinaimg.cn\/upload\/2015\/09\/25\/3\/timeline_card_small_web_default.png\"><\/span><\/i><span class=\"surl-text\">\u7f51\u9875\u94fe\u63a5<\/a>\u3002\u524d\u9635\u5b50\u8bf4\u201c\u5185\u5e55\u5f88\u53ef\u6015\u201d\u7684\u90a3\u4e2a\u592e\u89c6\u4e3b\u64ad\uff0c\u4ed6\u7684\u6d88\u606f\u6765\u6e90\u53ef\u80fd\u5c31\u662f\u6b64\u8c03\u67e5\u3002\u672c\u6b21\u62ab\u9732\u7684\u4fe1\u606f\u4e3b\u8981\u9488\u5bf9\u80f6\u56ca\uff0c\u80f6\u56ca\u6bd5\u7adf\u8d28\u8f7b\uff0c\u4e00\u5929\u4e5f\u5403\u4e0d\u4e86\u591a\u5c11\uff0c\u98df\u54c1\u4e2d\u7684\u624d\u66f4\u53ef\u6015\u3002\u6211\u4e0d\u77e5\u9053\u4ed6\u4eec\u4e3a\u4ec0\u4e48\u6ca1\u8c03\u67e5\u98df\u54c1\u4f01\u4e1a\u2014\u2014\u53c8\u6216\u8005\u8c03\u67e5\u4e86\uff1f \u200b\u200b\u200b","source":"\u5fae\u535a\u684c\u9762","favorited":false,"thumbnail_pic":"http:\/\/ww3.sinaimg.cn\/thumbnail\/53899d01jw1ds0et0x55tj.jpg","bmiddle_pic":"http:\/\/ww3.sinaimg.cn\/bmiddle\/53899d01jw1ds0et0x55tj.jpg","original_pic":"http:\/\/ww3.sinaimg.cn\/large\/53899d01jw1ds0et0x55tj.jpg","is_paid":false,"mblog_vip_type":0,"user":{"id":1401527553,"screen_name":"tombkeeper","profile_image_url":"https:\/\/tva2.sinaimg.cn\/crop.0.0.180.180.180\/53899d01jw8fcb9qpe7vbj2050050mx8.jpg","profile_url":"https:\/\/m.weibo.cn\/u\/1401527553?uid=1401527553&luicode=10000011&lfid=1076031401527553","statuses_count":15425,"verified":true,"verified_type":0,"verified_type_ext":1,"verified_reason":"\u77e5\u540d\u4e92\u8054\u7f51\u8d44\u8baf\u535a\u4e3b","close_blue_v":false,"description":"\u5fae\u535a\u672c\u5730\u8d44\u8baf\u535a\u4e3b\uff08\u521a\u679c\u5e03\u62c9\u67f4\u7ef4\u5c14\uff09","gender":"m","mbtype":12,"urank":48,"mbrank":6,"follow_me":false,"following":false,"followers_count":192533,"follow_count":277,"cover_image_phone":"https:\/\/tva1.sinaimg.cn\/crop.0.0.640.640.640\/549d0121tw1egm1kjly3jj20hs0hsq4f.jpg","avatar_hd":"https:\/\/ww2.sinaimg.cn\/orj480\/53899d01jw8fcb9qpe7vbj2050050mx8.jpg","like":false,"like_me":false,"badge":{"bind_taobao":1,"dzwbqlx_2016":1,"follow_whitelist_video":1,"hongbao_2018":1}},"reposts_count":15,"comments_count":1,"attitudes_count":0,"pending_approval_count":0,"isLongText":false,"visible":{"type":0,"list_id":0},"more_info_type":0,"content_auth":0,"edit_config":{"edited":false},"mblogtype":0,"bid":"yeJxIhSpz","pics":[{"pid":"53899d01jw1ds0et0x55tj","url":"https:\/\/ww3.sinaimg.cn\/orj360\/53899d01jw1ds0et0x55tj.jpg","size":"orj360","geo":false,"large":{"size":"large","url":"https:\/\/ww3.sinaimg.cn\/large\/53899d01jw1ds0et0x55tj.jpg","geo":false}}]},"show_type":0},{"card_type":9,"itemid":"1076031401527553_-_3435098693423425","scheme":"https:\/\/m.weibo.cn\/status\/yeJ4NemAx?mblogid=yeJ4NemAx&luicode=10000011&lfid=1076031401527553","mblog":{"created_at":"2012-04-15","id":"3435098693423425","idstr":"3435098693423425","mid":"3435098693423425","can_edit":false,"text":"\u6628\u5929\u95ee\u4e86\u4e00\u4e2a\u524d\u51e0\u5e74\u5728\u5fb7\u56fd\u8bfb\u4e66\u7684\u4eba\uff0c\u8bf4\u6ca1\u8fd9\u4e8b\u3002\u4e0d\u8fc7\u6587\u4e2d\u63d0\u5230\u7684\u8d27\u5e01\u5355\u4f4d\u662f\u9a6c\u514b\uff0c\u6240\u4ee5\u6b64\u4e8b\u4e00\u5b9a\u57282002\u5e74\u524d\u3002\u4e5f\u53ef\u80fd\u8fd9\u89c4\u77e9\u73b0\u5728\u5e9f\u6b62\u4e86\uff0c\u6216\u8005\u662f\u4e2a\u5730\u65b9\u6027\u6cd5\u89c4\u3002 \/\/<a href='https:\/\/m.weibo.cn\/n\/\u7834\u7834\u7684\u6865'>@\u7834\u7834\u7684\u6865<\/a>: \u6211\u8ba4\u4e3a\u8fd9\u7bc7\u6587\u7ae0\u6240\u8ff0\u60c5\u51b5\u662f\u5047\u7684\u3002\u5403\u4e0d\u5b8c\u5f00\u7f5a\u5355\uff0c\u600e\u4e48\u53ef\u80fd\u6709\u8fd9\u79cd\u4e8b\u3002\/\/<a href='https:\/\/m.weibo.cn\/n\/\u859b\u86ee\u5b50'>@\u859b\u86ee\u5b50<\/a>: \u8f6c\u53d1\u5fae\u535a","source":"iPad\u5ba2\u6237\u7aef","favorited":false,"is_paid":false,"mblog_vip_type":0,"user":{"id":1401527553,"screen_name":"tombkeeper","profile_image_url":"https:\/\/tva2.sinaimg.cn\/crop.0.0.180.180.180\/53899d01jw8fcb9qpe7vbj2050050mx8.jpg","profile_url":"https:\/\/m.weibo.cn\/u\/1401527553?uid=1401527553&luicode=10000011&lfid=1076031401527553","statuses_count":15425,"verified":true,"verified_type":0,"verified_type_ext":1,"verified_reason":"\u77e5\u540d\u4e92\u8054\u7f51\u8d44\u8baf\u535a\u4e3b","close_blue_v":false,"description":"\u5fae\u535a\u672c\u5730\u8d44\u8baf\u535a\u4e3b\uff08\u521a\u679c\u5e03\u62c9\u67f4\u7ef4\u5c14\uff09","gender":"m","mbtype":12,"urank":48,"mbrank":6,"follow_me":false,"following":false,"followers_count":192533,"follow_count":277,"cover_image_phone":"https:\/\/tva1.sinaimg.cn\/crop.0.0.640.640.640\/549d0121tw1egm1kjly3jj20hs0hsq4f.jpg","avatar_hd":"https:\/\/ww2.sinaimg.cn\/orj480\/53899d01jw8fcb9qpe7vbj2050050mx8.jpg","like":false,"like_me":false,"badge":{"bind_taobao":1,"dzwbqlx_2016":1,"follow_whitelist_video":1,"hongbao_2018":1}},"pid":3435091974247375,"retweeted_status":{"created_at":"2012-04-12","id":"3434079603255584","idstr":"3434079603255584","mid":"3434079603255584","can_edit":false,"text":"\u3010\u4e2d\u56fd\u4eba\u5728\u5fb7\u56fd\u88ab\u8bad\u65a5\uff1a\u94b1\u662f\u60a8\u7684\uff0c\u8d44\u6e90\u662f\u5927\u5bb6\u7684\uff01\u3011 \u200b\u200b\u200b","source":"\u5fae\u535a weibo.com","favorited":false,"thumbnail_pic":"http:\/\/ww4.sinaimg.cn\/thumbnail\/7178d69bgw1drx3p5hxv0j.jpg","bmiddle_pic":"http:\/\/ww4.sinaimg.cn\/bmiddle\/7178d69bgw1drx3p5hxv0j.jpg","original_pic":"http:\/\/ww4.sinaimg.cn\/large\/7178d69bgw1drx3p5hxv0j.jpg","is_paid":false,"mblog_vip_type":0,"user":{"id":1903744667,"screen_name":"\u674e\u6b63\u8c1a","profile_image_url":"https:\/\/tva4.sinaimg.cn\/crop.0.0.180.180.180\/7178d69bjw1e8qgp5bmzyj2050050aa8.jpg","profile_url":"https:\/\/m.weibo.cn\/u\/1903744667?uid=1903744667&luicode=10000011&lfid=1076031401527553","statuses_count":3609,"verified":false,"verified_type":-1,"close_blue_v":false,"description":"\u5411\u4e0a\uff0c\u5411\u5584\u3002","gender":"m","mbtype":0,"urank":27,"mbrank":0,"follow_me":false,"following":false,"followers_count":11363,"follow_count":1229,"cover_image_phone":"https:\/\/tva1.sinaimg.cn\/crop.0.0.640.640.640\/a1d3feabjw1ecat4uqw77j20hs0hsacp.jpg","avatar_hd":"https:\/\/ww4.sinaimg.cn\/orj480\/7178d69bjw1e8qgp5bmzyj2050050aa8.jpg","like":false,"like_me":false,"badge":{"gongyi_level":1,"dzwbqlx_2016":1}},"reposts_count":23395,"comments_count":4852,"attitudes_count":1,"pending_approval_count":0,"isLongText":false,"visible":{"type":0,"list_id":0},"more_info_type":0,"content_auth":0,"edit_config":{"edited":false},"bid":"yeiz6dEVq","pics":[{"pid":"7178d69bgw1drx3p5hxv0j","url":"https:\/\/ww4.sinaimg.cn\/orj360\/7178d69bgw1drx3p5hxv0j.jpg","size":"orj360","geo":false,"large":{"size":"large","url":"https:\/\/ww4.sinaimg.cn\/large\/7178d69bgw1drx3p5hxv0j.jpg","geo":false}}]},"reposts_count":3,"comments_count":4,"attitudes_count":0,"pending_approval_count":0,"isLongText":false,"visible":{"type":0,"list_id":0},"more_info_type":0,"content_auth":0,"edit_config":{"edited":false},"mblogtype":0,"obj_ext":"","raw_text":"\u6628\u5929\u95ee\u4e86\u4e00\u4e2a\u524d\u51e0\u5e74\u5728\u5fb7\u56fd\u8bfb\u4e66\u7684\u4eba\uff0c\u8bf4\u6ca1\u8fd9\u4e8b\u3002\u4e0d\u8fc7\u6587\u4e2d\u63d0\u5230\u7684\u8d27\u5e01\u5355\u4f4d\u662f\u9a6c\u514b\uff0c\u6240\u4ee5\u6b64\u4e8b\u4e00\u5b9a\u57282002\u5e74\u524d\u3002\u4e5f\u53ef\u80fd\u8fd9\u89c4\u77e9\u73b0\u5728\u5e9f\u6b62\u4e86\uff0c\u6216\u8005\u662f\u4e2a\u5730\u65b9\u6027\u6cd5\u89c4\u3002 \/\/@\u7834\u7834\u7684\u6865: \u6211\u8ba4\u4e3a\u8fd9\u7bc7\u6587\u7ae0\u6240\u8ff0\u60c5\u51b5\u662f\u5047\u7684\u3002\u5403\u4e0d\u5b8c\u5f00\u7f5a\u5355\uff0c\u600e\u4e48\u53ef\u80fd\u6709\u8fd9\u79cd\u4e8b\u3002\/\/@\u859b\u86ee\u5b50: \u8f6c\u53d1\u5fae\u535a","bid":"yeJ4NemAx"},"show_type":0},{"card_type":9,"itemid":"1076031401527553_-_3435092171417560","scheme":"https:\/\/m.weibo.cn\/status\/yeIUh5WLS?mblogid=yeIUh5WLS&luicode=10000011&lfid=1076031401527553","mblog":{"created_at":"2012-04-15","id":"3435092171417560","idstr":"3435092171417560","mid":"3435092171417560","can_edit":false,"text":"\u597d\u5947\u602a \/\/<a href='https:\/\/m.weibo.cn\/n\/\u8881\u8389wsj'>@\u8881\u8389wsj<\/a>: \u201c\u5982\u679c\u4f60\u4e0d\u80fd\u67e5\u51fa\u4f60\u5b66\u751f\u662f\u6284\u6765\u7684\uff0c\u4f60\u5c31\u4e0d\u80fd\u8bf4\u4ed6\u662f\u6284\u6765\u7684\u3002\u4f60\u7684\u5b66\u751f\u5e76\u6ca1\u6709\u4e49\u52a1\u53bb\u8bc1\u660e\u4ed6\u4e0d\u662f\u6284\u6765\u7684\uff0c\u8fd9\u662f\u7f57\u9a6c\u6cd5\u7684\u7cbe\u795e\uff1b\u6587\u660e\u4e0e\u91ce\u86ee\u7684\u5206\u9645\uff0c\u5c31\u5728\u8fd9\u4e48\u7ec6\u5fae\u7684\u5dee\u522b\u4e0a\u3002\u6211\u89c9\u5f97\u8fd9\u662f\u5e38\u8bc6\uff0c\u4f60\u5374\u89c9\u5f97\u8fd9\u662f\u4e2a\u95ee\u9898\uff0c\u597d\u5947\u602a\uff01\u201d","source":"iPad\u5ba2\u6237\u7aef","favorited":false,"is_paid":false,"mblog_vip_type":0,"user":{"id":1401527553,"screen_name":"tombkeeper","profile_image_url":"https:\/\/tva2.sinaimg.cn\/crop.0.0.180.180.180\/53899d01jw8fcb9qpe7vbj2050050mx8.jpg","profile_url":"https:\/\/m.weibo.cn\/u\/1401527553?uid=1401527553&luicode=10000011&lfid=1076031401527553","statuses_count":15425,"verified":true,"verified_type":0,"verified_type_ext":1,"verified_reason":"\u77e5\u540d\u4e92\u8054\u7f51\u8d44\u8baf\u535a\u4e3b","close_blue_v":false,"description":"\u5fae\u535a\u672c\u5730\u8d44\u8baf\u535a\u4e3b\uff08\u521a\u679c\u5e03\u62c9\u67f4\u7ef4\u5c14\uff09","gender":"m","mbtype":12,"urank":48,"mbrank":6,"follow_me":false,"following":false,"followers_count":192533,"follow_count":277,"cover_image_phone":"https:\/\/tva1.sinaimg.cn\/crop.0.0.640.640.640\/549d0121tw1egm1kjly3jj20hs0hsq4f.jpg","avatar_hd":"https:\/\/ww2.sinaimg.cn\/orj480\/53899d01jw8fcb9qpe7vbj2050050mx8.jpg","like":false,"like_me":false,"badge":{"bind_taobao":1,"dzwbqlx_2016":1,"follow_whitelist_video":1,"hongbao_2018":1}},"pid":3435050064639660,"retweeted_status":{"created_at":"2012-04-15","id":"3435030846148341","idstr":"3435030846148341","mid":"3435030846148341","can_edit":false,"text":"\u3010\u83ab\u987b\u6709\u4e0e\u60f3\u5f53\u7136\u3011\u9648\u4e4b\u85e9\u8bfb\u5c0f\u5b66\uff0c\u67d0\u6b21\u4f5c\u6587\u81ea\u5df1\u751a\u662f\u5f97\u610f\uff0c\u5c45\u7136\u6392\u540d\u672b\u4f4d\u3002\u4ed6\u95ee\u56fd\u6587\u8001\u5e08\uff0c\u8001\u5e08\u8bf4\uff1a\u4f60\u4e00\u4e2a\u5c0f\u5b66\u751f\uff0c\u7edd\u4e0d\u53ef\u80fd\u505a\u51fa\u90a3\u6837\u7684\u4f5c\u6587\uff0c\u4e00\u5b9a\u662f\u4ece\u6742\u5fd7\u4e0a\u6284\u88ad\u800c\u6765\u3002\u9648\u8bf4\u7edd\u65e0\u6b64\u4e8b\u3002\u8001\u5e08\u7b54\uff1a\u4f60\u5982\u679c\u8bf4\u4f60\u4e0d\u662f\u6284\u7684\uff0c\u62ff\u51fa\u8bc1\u660e\u6765\u3002\u8bc1\u660e\u81ea\u7136\u662f\u62ff\u4e0d\u51fa\u4e86\u7684\u3002\u4ed6\u65e2\u59d4\u5c48\uff0c\u53c8\u65e0\u5948\u2026\u2026<a data-url=\"http:\/\/t.cn\/zOp9gSm\" href=\"http:\/\/blog.sina.com.cn\/s\/blog_488663200102dx5x.html?ref=weibocard&sinainternalbrowser=topnav&share_menu=1&luicode=10000011&lfid=1076031401527553&ep=yeHjmpNsN%252C1216766752%252CyeHjmpNsN%252C1216766752\" data-hide=\"\"><span class=\"url-icon\"><img src=\"https:\/\/h5.sinaimg.cn\/upload\/2015\/09\/25\/3\/timeline_card_small_web_default.png\"><\/span><\/i><span class=\"surl-text\">\u83ab\u987b\u6709\u4e0e\u60f3\u5f53\u7136<\/a> \u200b\u200b\u200b","source":"\u5fae\u535a weibo.com","favorited":false,"is_paid":false,"mblog_vip_type":0,"user":{"id":1216766752,"screen_name":"\u8d3a\u536b\u65b9","profile_image_url":"https:\/\/tva2.sinaimg.cn\/crop.51.45.283.283.180\/48866320jw1e7cqal55vlj20d409b3z2.jpg","profile_url":"https:\/\/m.weibo.cn\/u\/1216766752?uid=1216766752&luicode=10000011&lfid=1076031401527553","statuses_count":4631,"verified":false,"verified_type":-1,"close_blue_v":false,"description":"\u5317\u4eac\u5927\u5b66\u6cd5\u5b66\u9662\u6559\u6388 \u7535\u5b50\u90ae\u4ef6\uff1ahalacha78@126.com","gender":"m","mbtype":11,"urank":36,"mbrank":5,"follow_me":false,"following":false,"followers_count":1875845,"follow_count":1749,"cover_image_phone":"https:\/\/tva4.sinaimg.cn\/crop.0.0.640.640.640\/6ce2240djw1e8iktk4ohij20hs0hsmz6.jpg","avatar_hd":"https:\/\/ww2.sinaimg.cn\/orj480\/48866320jw1e7cqal55vlj20d409b3z2.jpg","like":false,"like_me":false,"badge":{"unread_pool":1,"unread_pool_ext":1,"follow_whitelist_video":1}},"reposts_count":5299,"comments_count":5463,"attitudes_count":2,"pending_approval_count":0,"isLongText":false,"visible":{"type":0,"list_id":0},"more_info_type":0,"content_auth":0,"edit_config":{"edited":false},"page_info":{"page_pic":{"url":"https:\/\/s6.sinaimg.cn\/thumb180\/6c0c0bb3tdf7bdeae9c65"},"page_url":"http:\/\/blog.sina.com.cn\/s\/blog_488663200102dx5x.html?ref=weibocard&sinainternalbrowser=topnav&share_menu=1&luicode=10000011&lfid=1076031401527553","page_title":"\u83ab\u987b\u6709\u4e0e\u60f3\u5f53\u7136","content1":"\u83ab\u987b\u6709\u4e0e\u60f3\u5f53\u7136","content2":"\u83ab\u987b\u6709\u4e0e\u60f3\u5f53\u7136\u8d3a\u536b\u65b9\u9648\u4e4b\u85e9\u5148\u751f\u7684\u6587\u96c6\u300a\u65f6\u7a7a\u4e4b\u6d77 \u6563\u6b65 \u770b\u4e91\u542c\u96e8\u300b\uff08\u5929\u4e0b\u6587\u53162006\u7248\uff09\u4e2d\u6709\u4e00\u6587\uff0c\u9898\u4e3a\u201c\u83ab\u987b\u6709\u4e0e\u60f3\u5f53\u7136\u201d\uff0c\u63d0\u5230\u4ed6\u8bfb\u5c0f\u5b66\u65f6\u67d0\u6b21\u4f5c\u6587\u81ea\u5df1\u751a\u662f\u5f97\u610f\uff0c\u7136\u800c\u5c45\u7136\u6392\u540d\u672b\u4f4d\u3002\u4ed6\u95ee\u56fd","icon":"https:\/\/h5.sinaimg.cn\/upload\/2016\/12\/28\/14\/feed_headlines_icon_flash20161228_2.png","type":"article"},"bid":"yeHjmpNsN"},"reposts_count":7,"comments_count":5,"attitudes_count":0,"pending_approval_count":0,"isLongText":false,"visible":{"type":0,"list_id":0},"more_info_type":0,"content_auth":0,"edit_config":{"edited":false},"mblogtype":0,"obj_ext":"","raw_text":"\u597d\u5947\u602a \/\/@\u8881\u8389wsj: \u201c\u5982\u679c\u4f60\u4e0d\u80fd\u67e5\u51fa\u4f60\u5b66\u751f\u662f\u6284\u6765\u7684\uff0c\u4f60\u5c31\u4e0d\u80fd\u8bf4\u4ed6\u662f\u6284\u6765\u7684\u3002\u4f60\u7684\u5b66\u751f\u5e76\u6ca1\u6709\u4e49\u52a1\u53bb\u8bc1\u660e\u4ed6\u4e0d\u662f\u6284\u6765\u7684\uff0c\u8fd9\u662f\u7f57\u9a6c\u6cd5\u7684\u7cbe\u795e\uff1b\u6587\u660e\u4e0e\u91ce\u86ee\u7684\u5206\u9645\uff0c\u5c31\u5728\u8fd9\u4e48\u7ec6\u5fae\u7684\u5dee\u522b\u4e0a\u3002\u6211\u89c9\u5f97\u8fd9\u662f\u5e38\u8bc6\uff0c\u4f60\u5374\u89c9\u5f97\u8fd9\u662f\u4e2a\u95ee\u9898\uff0c\u597d\u5947\u602a\uff01\u201d","bid":"yeIUh5WLS"},"show_type":0},{"card_type":9,"itemid":"1076031401527553_-_3435047212457287","scheme":"https:\/\/m.weibo.cn\/status\/yeHJLajfF?mblogid=yeHJLajfF&luicode=10000011&lfid=1076031401527553","mblog":{"created_at":"2012-04-15","id":"3435047212457287","idstr":"3435047212457287","mid":"3435047212457287","can_edit":false,"text":"\u4eca\u5e74\u52a0\u62ff\u5927\u9b41\u5317\u514b\u5168\u5e742700\u4e2a\u6295\u8d44\u79fb\u6c11\u6307\u68079\u5929\u5c31\u88ab\u4e2d\u56fd\u4eba\u62a2\u5b8c\u4e86\uff1a<a data-url=\"http:\/\/t.cn\/zOp58tG\" href=\"http:\/\/news.sina.com.cn\/w\/2012-04-14\/163724272524.shtml?luicode=10000011&lfid=1076031401527553&ep=yeHJLajfF%252C1401527553%252CyeHJLajfF%252C1401527553\" data-hide=\"\"><span class=\"url-icon\"><img src=\"\/\/h5.sinaimg.cn\/upload\/2015\/09\/25\/3\/timeline_card_small_web_default.png\"><\/span><\/i><span class=\"surl-text\">\u7f51\u9875\u94fe\u63a5<\/a>\u3002\u54e6\uff0c\u4e0d\u597d\u610f\u601d\uff0c\u6211\u4e0d\u591f\u4e25\u8c28\uff0c\u5e94\u8be5\u8bf4\u662f\u5927\u90e8\u5206\u88ab\u4e2d\u56fd\u4eba\u62a2\u5b8c\u4e86\uff0c\u591a\u5c11\u6709\u51e0\u4e2a\u662f\u5916\u56fd\u4eba\u62a2\u7684\u3002\u53bb\u5e74\u52a0\u62ff\u5927\u8054\u90a6\u7684\u51e0\u767e\u4e2a\u6307\u6807\u662f1\u5c0f\u65f6\u5c31\u62a2\u5b8c\u4e86\u3002\u4eca\u5e74\u53ef\u80fd\u53d7\u6da8\u4ef7\u5f71\u54cd\uff0c\u62a2\u7684\u6162\u4e86\u70b9\u3002 \u200b\u200b\u200b","source":"iPad\u5ba2\u6237\u7aef","favorited":false,"is_paid":false,"mblog_vip_type":0,"user":{"id":1401527553,"screen_name":"tombkeeper","profile_image_url":"https:\/\/tva2.sinaimg.cn\/crop.0.0.180.180.180\/53899d01jw8fcb9qpe7vbj2050050mx8.jpg","profile_url":"https:\/\/m.weibo.cn\/u\/1401527553?uid=1401527553&luicode=10000011&lfid=1076031401527553","statuses_count":15425,"verified":true,"verified_type":0,"verified_type_ext":1,"verified_reason":"\u77e5\u540d\u4e92\u8054\u7f51\u8d44\u8baf\u535a\u4e3b","close_blue_v":false,"description":"\u5fae\u535a\u672c\u5730\u8d44\u8baf\u535a\u4e3b\uff08\u521a\u679c\u5e03\u62c9\u67f4\u7ef4\u5c14\uff09","gender":"m","mbtype":12,"urank":48,"mbrank":6,"follow_me":false,"following":false,"followers_count":192533,"follow_count":277,"cover_image_phone":"https:\/\/tva1.sinaimg.cn\/crop.0.0.640.640.640\/549d0121tw1egm1kjly3jj20hs0hsq4f.jpg","avatar_hd":"https:\/\/ww2.sinaimg.cn\/orj480\/53899d01jw8fcb9qpe7vbj2050050mx8.jpg","like":false,"like_me":false,"badge":{"bind_taobao":1,"dzwbqlx_2016":1,"follow_whitelist_video":1,"hongbao_2018":1}},"reposts_count":26,"comments_count":10,"attitudes_count":0,"pending_approval_count":0,"isLongText":false,"visible":{"type":0,"list_id":0},"more_info_type":0,"content_auth":0,"edit_config":{"edited":false},"mblogtype":0,"bid":"yeHJLajfF"},"show_type":0},{"card_type":9,"itemid":"1076031401527553_-_3435034541659316","scheme":"https:\/\/m.weibo.cn\/status\/yeHpk6XFa?mblogid=yeHpk6XFa&luicode=10000011&lfid=1076031401527553","mblog":{"created_at":"2012-04-15","id":"3435034541659316","idstr":"3435034541659316","mid":"3435034541659316","can_edit":false,"text":"\u5fae\u535a\u4e0a\u53f3\u6d3e\u76ee\u524d\u7684\u6700\u5927\u7684\u654c\u4eba\uff0c\u4e0d\u662f\u5de6\u6d3e\uff0c\u800c\u662f\u8425\u9500\u8d26\u53f7\u3002\u8425\u9500\u8d26\u53f7\u5f04\u51fa\u6765\u7684\u90a3\u4e9b\u8c8c\u4f3c\u53f3\u6d3e\u89c6\u89d2\u7684\u8c23\u8a00\u6bb5\u5b50\uff0c\u88ab\u4e0d\u660e\u771f\u76f8\u7684\u53f3\u6d3e\u7fa4\u4f17\u4eec\u8f6c\u53d1\uff0c\u518d\u88ab\u5c0f\u79d8\u4e66\u8f9f\u8c23\uff0c\u5ba2\u89c2\u4e0a\u5b9e\u73b0\u4e86\u5f3a\u70c8\u7684\u628a\u6c34\u6405\u6d51\u7684\u6548\u679c\u3002\u8425\u9500\u8d26\u53f7\u8fd9\u79cd\u73a9\u610f\uff0c\u771f\u662f\u7ecf\u6d4e\u6548\u76ca\u793e\u4f1a\u6548\u76ca\u53cc\u4e30\u6536\uff0c\u66f2\u7ebf\u6551\u56fd\u7684\u5178\u8303\u3002 \u200b\u200b\u200b","source":"\u5fae\u535a weibo.com","favorited":false,"is_paid":false,"mblog_vip_type":0,"user":{"id":1401527553,"screen_name":"tombkeeper","profile_image_url":"https:\/\/tva2.sinaimg.cn\/crop.0.0.180.180.180\/53899d01jw8fcb9qpe7vbj2050050mx8.jpg","profile_url":"https:\/\/m.weibo.cn\/u\/1401527553?uid=1401527553&luicode=10000011&lfid=1076031401527553","statuses_count":15425,"verified":true,"verified_type":0,"verified_type_ext":1,"verified_reason":"\u77e5\u540d\u4e92\u8054\u7f51\u8d44\u8baf\u535a\u4e3b","close_blue_v":false,"description":"\u5fae\u535a\u672c\u5730\u8d44\u8baf\u535a\u4e3b\uff08\u521a\u679c\u5e03\u62c9\u67f4\u7ef4\u5c14\uff09","gender":"m","mbtype":12,"urank":48,"mbrank":6,"follow_me":false,"following":false,"followers_count":192533,"follow_count":277,"cover_image_phone":"https:\/\/tva1.sinaimg.cn\/crop.0.0.640.640.640\/549d0121tw1egm1kjly3jj20hs0hsq4f.jpg","avatar_hd":"https:\/\/ww2.sinaimg.cn\/orj480\/53899d01jw8fcb9qpe7vbj2050050mx8.jpg","like":false,"like_me":false,"badge":{"bind_taobao":1,"dzwbqlx_2016":1,"follow_whitelist_video":1,"hongbao_2018":1}},"reposts_count":47,"comments_count":6,"attitudes_count":1,"pending_approval_count":0,"isLongText":false,"visible":{"type":0,"list_id":0},"more_info_type":0,"content_auth":0,"edit_config":{"edited":false},"mblogtype":0,"bid":"yeHpk6XFa"},"show_type":0},{"card_type":9,"itemid":"1076031401527553_-_3434721541499558","scheme":"https:\/\/m.weibo.cn\/status\/yezgu6i6q?mblogid=yezgu6i6q&luicode=10000011&lfid=1076031401527553","mblog":{"created_at":"2012-04-14","id":"3434721541499558","idstr":"3434721541499558","mid":"3434721541499558","can_edit":false,"text":"\u6211\u53d1\u73b0\u4e0d\u5c11\u4eba\u7279\u522b\u7231\u5bbd\u6055\uff0c\u6bd4\u4fe1\u516b\u5341\u5e74\u5929\u4e3b\u6559\u7684\u8fd8\u80fd\u5bbd\u6055\u4eba\uff0c\u5c24\u5176\u662f\u5bb3\u4e86\u522b\u4eba\u7684\u90a3\u4e9b\u4eba\u3002\u81ea\u5df1\u4e0a\u516c\u4ea4\u6328\u4e00\u4e0b\u8e29\u80fd\u9a82\u534a\u5c0f\u65f6\uff0c\u5f00\u8f66\u88ab\u522b\u4e00\u4e0b\u6068\u4e0d\u5f97\u6709\u628a\u67aa\u628a\u4eba\u7a81\u7a81\u4e86\u3002\u4f46\u5bf9\u5751\u8499\u62d0\u9a97\u5077\u4e86\u522b\u4eba\uff0c\u5978\u6deb\u63b3\u63a0\u6740\u4e86\u522b\u4eba\u7684\uff0c\u5219\u6ee1\u6000\u6148\u60b2\uff0c\u6ee1\u53e3\u5bbd\u6055\uff0c\u6ee1\u815a\u6e29\u60c5\u3002\u522b\u4eba\u8bf4\u4e24\u53e5\uff0c\u5b83\u5c31\u80fd\u55b7\u51fa\u4e00\u5927\u80a0\u5173\u4e8e\u5bbd\u6055\u7684\u9053\u7406\u6765\u3002 \u200b\u200b\u200b","source":"\u5fae\u535a weibo.com","favorited":false,"is_paid":false,"mblog_vip_type":0,"user":{"id":1401527553,"screen_name":"tombkeeper","profile_image_url":"https:\/\/tva2.sinaimg.cn\/crop.0.0.180.180.180\/53899d01jw8fcb9qpe7vbj2050050mx8.jpg","profile_url":"https:\/\/m.weibo.cn\/u\/1401527553?uid=1401527553&luicode=10000011&lfid=1076031401527553","statuses_count":15425,"verified":true,"verified_type":0,"verified_type_ext":1,"verified_reason":"\u77e5\u540d\u4e92\u8054\u7f51\u8d44\u8baf\u535a\u4e3b","close_blue_v":false,"description":"\u5fae\u535a\u672c\u5730\u8d44\u8baf\u535a\u4e3b\uff08\u521a\u679c\u5e03\u62c9\u67f4\u7ef4\u5c14\uff09","gender":"m","mbtype":12,"urank":48,"mbrank":6,"follow_me":false,"following":false,"followers_count":192533,"follow_count":277,"cover_image_phone":"https:\/\/tva1.sinaimg.cn\/crop.0.0.640.640.640\/549d0121tw1egm1kjly3jj20hs0hsq4f.jpg","avatar_hd":"https:\/\/ww2.sinaimg.cn\/orj480\/53899d01jw8fcb9qpe7vbj2050050mx8.jpg","like":false,"like_me":false,"badge":{"bind_taobao":1,"dzwbqlx_2016":1,"follow_whitelist_video":1,"hongbao_2018":1}},"reposts_count":808,"comments_count":73,"attitudes_count":167,"pending_approval_count":0,"isLongText":false,"visible":{"type":0,"list_id":0},"more_info_type":0,"content_auth":0,"edit_config":{"edited":false},"mblogtype":0,"bid":"yezgu6i6q"},"show_type":0}],"showAppTips":0,"scheme":"sinaweibo:\/\/cardlist?containerid=1076031401527553&extparam=&luicode=10000011&lfid=&featurecode="}}