{"ok":1,"data":{"cardlistInfo":{"containerid":"1076031401527553","v_p":42,"show_style":1,"total":15518,"page":50},"cards":[{"card_type":9,"itemid":"1076031401527553_-_3434687039170142","scheme":"https:\/\/m.weibo.cn\/status\/yeymPCtzw?mblogid=yeymPCtzw&luicode=10000011&lfid=1076031401527553","mblog":{"created_at":"2012-04-14","id":"3434687039170142","idstr":"3434687039170142","mid":"3434687039170142","can_edit":false,"text":"<a href='https:\/\/m.weibo.cn\/n\/cuteify'>@cuteify<\/a>\uff0c\u8fd9\u4e8b\uff0c\u65e0\u8bba\u8bc1\u660e\u591a\u5c11\u6b21\uff0c\u90a3\u4e9b\u8001\u9f20\u90fd\u4f1a\u7ef5\u7ef5\u4e0d\u7edd\u524d\u8d74\u540e\u7ee7\u51fa\u6765\u91cd\u590d\u8c0e\u8a00\uff0c\u800c\u4e14\u4e00\u70b9\u65b0\u610f\u90fd\u6ca1\u6709\u3002\u6700\u597d\u662f\u5212\u6c5f\u800c\u6cbb\uff0c\u5efa\u4e00\u4e2a\u4e4c\u6709\u56db\u6708\u56fd\uff0c\u4e00\u4e2a\u4e09\u4fd7\u4e8c\u903c\u56fd\u3002\u81ea\u5df1\u9009\uff0c\u60f3\u4f4f\u54ea\u8fb9\u4f4f\u54ea\u8fb9\u3002\u4e94\u5341\u5e74\u540e\u89c1\u5206\u6653\u3002 \u200b\u200b\u200b","source":"S60\u5ba2\u6237\u7aef","favorited":false,"is_paid":false,"mblog_vip_type":0,"user":{"id":1401527553,"screen_name":"tombkeeper","profile_image_url":"https:\/\/tva2.sinaimg.cn\/crop.0.0.180.180.180\/53899d01jw8fcb9qpe7vbj2050050mx8.jpg","profile_url":"https:\/\/m.weibo.cn\/u\/1401527553?uid=1401527553&luicode=10000011&lfid=1076031401527553","statuses_count":15425,"verified":true,"verified_type":0,"verified_type_ext":1,"verified_reason":"\u77e5\u540d\u4e92\u8054\u7f51\u8d44\u8baf\u535a\u4e3b","close_blue_v":false,"description":"\u5fae\u535a\u672c\u5730\u8d44\u8baf\u535a\u4e3b\uff08\u521a\u679c\u5e03\u62c9\u67f4\u7ef4\u5c14\uff09","gender":"m","mbtype":12,"urank":48,"mbrank":6,"follow_me":false,"following":false,"followers_count":192533,"follow_count":277,"cover_image_phone":"https:\/\/tva1.sinaimg.cn\/crop.0.0.640.640.640\/549d0121tw1egm1kjly3jj20hs0hsq4f.jpg","avatar_hd":"https:\/\/ww2.sinaimg.cn\/orj480\/53899d01jw8fcb9qpe7vbj2050050mx8.jpg","like":false,"like_me":false,"badge":{"bind_taobao":1,"dzwbqlx_2016":1,"follow_whitelist_video":1,"hongbao_2018":1}},"reposts_count":2,"comments_count":1,"attitudes_count":0,"pending_approval_count":0,"isLongText":false,"visible":{"type":0,"list_id":0},"more_info_type":0,"content_auth":0,"edit_config":{"edited":false},"mblogtype":0,"bid":"yeymPCtzw"},"show_type":0},{"card_type":9,"itemid":"1076031401527553_-_3434602339519110","scheme":"https:\/\/m.weibo.cn\/status\/yewadDWm2?mblogid=yewadDWm2&luicode=10000011&lfid=1076031401527553","mblog":{"created_at":"2012-04-14","id":"3434602339519110","idstr":"3434602339519110","mid":"3434602339519110","can_edit":false,"text":"\u53d6\u6d88\u5173\u6ce8\uff01","source":"\u5fae\u535a weibo.com","favorited":false,"is_paid":false,"mblog_vip_type":0,"user":{"id":1401527553,"screen_name":"tombkeeper","profile_image_url":"https:\/\/tva2.sinaimg.cn\/crop.0.0.180.180.180\/53899d01jw8fcb9qpe7vbj2050050mx8.jpg","profile_url":"https:\/\/m.weibo.cn\/u\/1401527553?uid=1401527553&luicode=10000011&lfid=1076031401527553","statuses_count":15425,"verified":true,"verified_type":0,"verified_type_ext":1,"verified_reason":"\u77e5\u540d\u4e92\u8054\u7f51\u8d44\u8baf\u535a\u4e3b","close_blue_v":false,"description":"\u5fae\u535a\u672c\u5730\u8d44\u8baf\u535a\u4e3b\uff08\u521a\u679c\u5e03\u62c9\u67f4\u7ef4\u5c14\uff09","gender":"m","mbtype":12,"urank":48,"mbrank":6,"follow_me":false,"following":false,"followers_count":192533,"follow_count":277,"cover_image_phone":"https:\/\/tva1.sinaimg.cn\/crop.0.0.640.640.640\/549d0121tw1egm1kjly3jj20hs0hsq4f.jpg","avatar_hd":"https:\/\/ww2.sinaimg.cn\/orj480\/53899d01jw8fcb9qpe7vbj2050050mx8.jpg","like":false,"like_me":false,"badge":{"bind_taobao":1,"dzwbqlx_2016":1,"follow_whitelist_video":1,"hongbao_2018":1}},"retweeted_status":{"created_at":"2012-04-14","id":"3434550938405473","idstr":"3434550938405473","mid":"3434550938405473","can_edit":false,"text":"\u4eca\u5929\u53d1\u4e86\u5f20\u88f8\u5973\u56fe\u7ed9\u7ecf\u7eaa\u4eba\u795d\u5bff\u5f15\u8d77\u4e0d\u5c11\u975e\u8bae\u3002\u5176\u5b9e\u60a8\u613f\u610f\u770b\u5c31\u770b\uff0c\u4e0d\u613f\u610f\u770b\u5927\u53ef\u4e0d\u770b\u3002\u6216\u770b\u5b8c\u9a82\u4e24\u53e5\u4ee5\u663e\u793a\u60a8\u7684\u6e05\u7eaf\u548c\u6b63\u76f4\u8fd9\u6211\u90fd\u80fd\u7406\u89e3\u3002\u53ef\u8bf4\u6211\u53d8\u6001\u6211\u4e0d\u7406\u89e3\u3002\u4f5c\u4e3a\u4e00\u4e2a\u7537\u4eba\u8fd9\u518d\u6b63\u5e38\u4e0d\u8fc7\u4e86\uff1f\u8fd8\u53d1\u73b0\u4e00\u4e2a\u8da3\u4e8b\uff0c\u6709\u5f88\u591a\u4ece\u6ca1\u5173\u6ce8\u8fc7\u6211\u7684\u4eba\u7279\u610f\u8dd1\u8fc7\u6765\uff0c\u770b\u5b8c\u540e\u8bf4\u53d6\u6d88\u5bf9\u6211\u7684\u5173\u6ce8\uff0c\u8fd9\u8ba9\u6211\u62c9\u9ed1\u4e5f\u4e0d\u662f\u4e0d\u62c9\u9ed1\u4e5f\u4e0d\u662f\uff0c\u96be\uff01 \u200b\u200b\u200b","source":"iPhone\u5ba2\u6237\u7aef","favorited":false,"thumbnail_pic":"http:\/\/ww2.sinaimg.cn\/thumbnail\/6e617873jw1drylu60dpsj.jpg","bmiddle_pic":"http:\/\/ww2.sinaimg.cn\/bmiddle\/6e617873jw1drylu60dpsj.jpg","original_pic":"http:\/\/ww2.sinaimg.cn\/large\/6e617873jw1drylu60dpsj.jpg","is_paid":false,"mblog_vip_type":0,"user":{"id":1851881587,"screen_name":"\u4e8e\u8c26","profile_image_url":"https:\/\/tva4.sinaimg.cn\/crop.0.0.180.180.180\/6e617873jw1e8qgp5bmzyj2050050aa8.jpg","profile_url":"https:\/\/m.weibo.cn\/u\/1851881587?uid=1851881587&luicode=10000011&lfid=1076031401527553","statuses_count":1485,"verified":true,"verified_type":0,"verified_type_ext":0,"verified_reason":"\u5fb7\u4e91\u793e\u6210\u5458\u4e8e\u8c26\uff0c\u90ed\u5fb7\u7eb2\u642d\u6863","close_blue_v":false,"description":"","gender":"m","mbtype":12,"urank":32,"mbrank":5,"follow_me":false,"following":false,"followers_count":5813382,"follow_count":97,"cover_image_phone":"https:\/\/tva1.sinaimg.cn\/crop.0.0.640.640.640\/549d0121tw1egm1kjly3jj20hs0hsq4f.jpg","avatar_hd":"https:\/\/ww4.sinaimg.cn\/orj480\/6e617873jw1e8qgp5bmzyj2050050aa8.jpg","like":false,"like_me":false,"badge":{"olympic_2016":1,"dzwbqlx_2016":1,"follow_whitelist_video":1,"hongbao_2018":1}},"reposts_count":1662,"comments_count":3879,"attitudes_count":16,"pending_approval_count":0,"isLongText":false,"visible":{"type":0,"list_id":0},"more_info_type":0,"content_auth":0,"edit_config":{"edited":false},"bid":"yeuPjzgE9","pics":[{"pid":"6e617873jw1drylu60dpsj","url":"https:\/\/ww2.sinaimg.cn\/orj360\/6e617873jw1drylu60dpsj.jpg","size":"orj360","geo":false,"large":{"size":"large","url":"https:\/\/ww2.sinaimg.cn\/large\/6e617873jw1drylu60dpsj.jpg","geo":false}}]},"reposts_count":5,"comments_count":7,"attitudes_count":0,"pending_approval_count":0,"isLongText":false,"visible":{"type":0,"list_id":0},"more_info_type":0,"content_auth":0,"edit_config":{"edited":false},"mblogtype":0,"obj_ext":"","raw_text":"\u53d6\u6d88\u5173\u6ce8\uff01","bid":"yewadDWm2"},"show_type":0},{"card_type":9,"itemid":"1076031401527553_-_3434482134808865","scheme":"https:\/\/m.weibo.cn\/status\/yet2lkb0l?mblogid=yet2lkb0l&luicode=10000011&lfid=1076031401527553","mblog":{"created_at":"2012-04-13","id":"3434482134808865","idstr":"3434482134808865","mid":"3434482134808865","can_edit":false,"text":"\u6211\u5c31\u662f\u597d\u5947\u95ee\u4e00\u4e0b\uff0c\u8981\u662f\u6709\u4eba\u77e5\u9053\u8bf7\u7559\u8a00\u544a\u8bc9\u6211\u3002\u4f46\u5343\u4e07\u522b\u4e71\u8bd5\u3002\u4e0d\u8981\u53bb\u5e72\u6270\u90a3\u4e9b\u5e2e\u52a9\u522b\u4eba\u7684\u4eba\u3002","source":"\u5fae\u535a weibo.com","favorited":false,"is_paid":false,"mblog_vip_type":0,"user":{"id":1401527553,"screen_name":"tombkeeper","profile_image_url":"https:\/\/tva2.sinaimg.cn\/crop.0.0.180.180.180\/53899d01jw8fcb9qpe7vbj2050050mx8.jpg","profile_url":"https:\/\/m.weibo.cn\/u\/1401527553?uid=1401527553&luicode=10000011&lfid=1076031401527553","statuses_count":15425,"verified":true,"verified_type":0,"verified_type_ext":1,"verified_reason":"\u77e5\u540d\u4e92\u8054\u7f51\u8d44\u8baf\u535a\u4e3b","close_blue_v":false,"description":"\u5fae\u535a\u672c\u5730\u8d44\u8baf\u535a\u4e3b\uff08\u521a\u679c\u5e03\u62c9\u67f4\u7ef4\u5c14\uff09","gender":"m","mbtype":12,"urank":48,"mbrank":6,"follow_me":false,"following":false,"followers_count":192533,"follow_count":277,"cover_image_phone":"https:\/\/tva1.sinaimg.cn\/crop.0.0.640.640.640\/549d0121tw1egm1kjly3jj20hs0hsq4f.jpg","avatar_hd":"https:\/\/ww2.sinaimg.cn\/orj480\/53899d01jw8fcb9qpe7vbj2050050mx8.jpg","like":false,"like_me":false,"badge":{"bind_taobao":1,"dzwbqlx_2016":1,"follow_whitelist_video":1,"hongbao_2018":1}},"retweeted_status":{"created_at":"2012-04-13","id":"3434479291238098","idstr":"3434479291238098","mid":"3434479291238098","can_edit":false,"text":"\u56fd\u9645\u957f\u9014\u62e8911\u80fd\u63a5\u901a\u4e48\uff1f\u8b6c\u5982\u6253001202911\u80fd\u63a5\u5230\u534e\u76db\u987f\u7684911\u4e48\uff1f \u200b\u200b\u200b","source":"\u5fae\u535a weibo.com","favorited":false,"is_paid":false,"mblog_vip_type":0,"user":{"id":1401527553,"screen_name":"tombkeeper","profile_image_url":"https:\/\/tva2.sinaimg.cn\/crop.0.0.180.180.180\/53899d01jw8fcb9qpe7vbj2050050mx8.jpg","profile_url":"https:\/\/m.weibo.cn\/u\/1401527553?uid=1401527553&luicode=10000011&lfid=1076031401527553","statuses_count":15425,"verified":true,"verified_type":0,"verified_type_ext":1,"verified_reason":"\u77e5\u540d\u4e92\u8054\u7f51\u8d44\u8baf\u535a\u4e3b","close_blue_v":false,"description":"\u5fae\u535a\u672c\u5730\u8d44\u8baf\u535a\u4e3b\uff08\u521a\u679c\u5e03\u62c9\u67f4\u7ef4\u5c14\uff09","gender":"m","mbtype":12,"urank":48,"mbrank":6,"follow_me":false,"following":false,"followers_count":192533,"follow_count":277,"cover_image_phone":"https:\/\/tva1.sinaimg.cn\/crop.0.0.640.640.640\/549d0121tw1egm1kjly3jj20hs0hsq4f.jpg","avatar_hd":"https:\/\/ww2.sinaimg.cn\/orj480\/53899d01jw8fcb9qpe7vbj2050050mx8.jpg","like":false,"like_me":false,"badge":{"bind_taobao":1,"dzwbqlx_2016":1,"follow_whitelist_video":1,"hongbao_2018":1}},"reposts_count":4,"comments_count":12,"attitudes_count":0,"pending_approval_count":0,"isLongText":false,"visible":{"type":0,"list_id":0},"more_info_type":0,"content_auth":0,"edit_config":{"edited":false},"bid":"yesXL5c5k"},"reposts_count":1,"comments_count":1,"attitudes_count":0,"pending_approval_count":0,"isLongText":false,"visible":{"type":0,"list_id":0},"more_info_type":0,"content_auth":0,"edit_config":{"edited":false},"mblogtype":0,"obj_ext":"","raw_text":"\u6211\u5c31\u662f\u597d\u5947\u95ee\u4e00\u4e0b\uff0c\u8981\u662f\u6709\u4eba\u77e5\u9053\u8bf7\u7559\u8a00\u544a\u8bc9\u6211\u3002\u4f46\u5343\u4e07\u522b\u4e71\u8bd5\u3002\u4e0d\u8981\u53bb\u5e72\u6270\u90a3\u4e9b\u5e2e\u52a9\u522b\u4eba\u7684\u4eba\u3002","bid":"yet2lkb0l"},"show_type":0},{"card_type":9,"itemid":"1076031401527553_-_3434479291238098","scheme":"https:\/\/m.weibo.cn\/status\/yesXL5c5k?mblogid=yesXL5c5k&luicode=10000011&lfid=1076031401527553","mblog":{"created_at":"2012-04-13","id":"3434479291238098","idstr":"3434479291238098","mid":"3434479291238098","can_edit":false,"text":"\u56fd\u9645\u957f\u9014\u62e8911\u80fd\u63a5\u901a\u4e48\uff1f\u8b6c\u5982\u6253001202911\u80fd\u63a5\u5230\u534e\u76db\u987f\u7684911\u4e48\uff1f \u200b\u200b\u200b","source":"\u5fae\u535a weibo.com","favorited":false,"is_paid":false,"mblog_vip_type":0,"user":{"id":1401527553,"screen_name":"tombkeeper","profile_image_url":"https:\/\/tva2.sinaimg.cn\/crop.0.0.180.180.180\/53899d01jw8fcb9qpe7vbj2050050mx8.jpg","profile_url":"https:\/\/m.weibo.cn\/u\/1401527553?uid=1401527553&luicode=10000011&lfid=1076031401527553","statuses_count":15425,"verified":true,"verified_type":0,"verified_type_ext":1,"verified_reason":"\u77e5\u540d\u4e92\u8054\u7f51\u8d44\u8baf\u535a\u4e3b","close_blue_v":false,"description":"\u5fae\u535a\u672c\u5730\u8d44\u8baf\u535a\u4e3b\uff08\u521a\u679c\u5e03\u62c9\u67f4\u7ef4\u5c14\uff09","gender":"m","mbtype":12,"urank":48,"mbrank":6,"follow_me":false,"following":false,"followers_count":192533,"follow_count":277,"cover_image_phone":"https:\/\/tva1.sinaimg.cn\/crop.0.0.640.640.640\/549d0121tw1egm1kjly3jj20hs0hsq4f.jpg","avatar_hd":"https:\/\/ww2.sinaimg.cn\/orj480\/53899d01jw8fcb9qpe7vbj2050050mx8.jpg","like":false,"like_me":false,"badge":{"bind_taobao":1,"dzwbqlx_2016":1,"follow_whitelist_video":1,"hongbao_2018":1}},"reposts_count":4,"comments_count":12,"attitudes_count":0,"pending_approval_count":0,"isLongText":false,"visible":{"type":0,"list_id":0},"more_info_type":0,"content_auth":0,"edit_config":{"edited":false},"mblogtype":0,"bid":"yesXL5c5k"},"show_type":0},{"card_type":9,"itemid":"1076031401527553_-_3434406063091817","scheme":"https:\/\/m.weibo.cn\/status\/yer3EcYk1?mblogid=yer3EcYk1&luicode=10000011&lfid=1076031401527553","mblog":{"created_at":"2012-04-13","id":"3434406063091817","idstr":"3434406063091817","mid":"3434406063091817","can_edit":false,"text":"\u6709\u5174\u8da3\u521b\u4e1a\u7684\u53ef\u4ee5\u770b\u770b\u3002\u4e92\u8054\u7f51\u9879\u76ee\u6211\u4e0d\u61c2\uff0c\u4e0d\u8fc7\u8fd9\u4eba\u770b\u8d77\u6765\u81f3\u5c11\u8fd0\u6c14\u4e0d\u9519\u3002\u5728\u6cf0\u56fd\u4e00\u4e2a\u6708\u90fd\u6ca1\u4e8b\uff0c\u521a\u4e00\u4ece\u666e\u5409\u5c9b\u56de\u6765\uff0c\u90a3\u8fb9\u5c31\u6d77\u5578\u4e86\u3002","source":"\u5fae\u535a weibo.com","favorited":false,"is_paid":false,"mblog_vip_type":0,"user":{"id":1401527553,"screen_name":"tombkeeper","profile_image_url":"https:\/\/tva2.sinaimg.cn\/crop.0.0.180.180.180\/53899d01jw8fcb9qpe7vbj2050050mx8.jpg","profile_url":"https:\/\/m.weibo.cn\/u\/1401527553?uid=1401527553&luicode=10000011&lfid=1076031401527553","statuses_count":15425,"verified":true,"verified_type":0,"verified_type_ext":1,"verified_reason":"\u77e5\u540d\u4e92\u8054\u7f51\u8d44\u8baf\u535a\u4e3b","close_blue_v":false,"description":"\u5fae\u535a\u672c\u5730\u8d44\u8baf\u535a\u4e3b\uff08\u521a\u679c\u5e03\u62c9\u67f4\u7ef4\u5c14\uff09","gender":"m","mbtype":12,"urank":48,"mbrank":6,"follow_me":false,"following":false,"followers_count":192533,"follow_count":277,"cover_image_phone":"https:\/\/tva1.sinaimg.cn\/crop.0.0.640.640.640\/549d0121tw1egm1kjly3jj20hs0hsq4f.jpg","avatar_hd":"https:\/\/ww2.sinaimg.cn\/orj480\/53899d01jw8fcb9qpe7vbj2050050mx8.jpg","like":false,"like_me":false,"badge":{"bind_taobao":1,"dzwbqlx_2016":1,"follow_whitelist_video":1,"hongbao_2018":1}},"retweeted_status":{"created_at":"2012-04-13","id":"3434394075762349","idstr":"3434394075762349","mid":"3434394075762349","can_edit":false,"text":"\u6211\u7684\u521b\u4e1a\u65c5\u7a0b\u5373\u5c06\u5f00\u59cb\uff0c\u8fd9\u662f\u4e00\u7bc7\u62db\u4eba\u5e16\uff0c\u4ecb\u7ecd\u6211\u81ea\u5df1\u3001\u521b\u4e1a\u9879\u76ee\u4ee5\u53ca\u62db\u8058\u5c97\u4f4d\u3002\u5bf9\u65c5\u884c\uff0c\u5bf9\u521b\u4e1a\u611f\u5174\u8da3\u7684\u670b\u53cb\u4e0d\u59a8\u770b\u770b\uff0c\u81f3\u5c11\u4e0d\u540c\u4e8e\u4f60\u89c1\u8fc7\u7684\u4efb\u4f55\u4e00\u7bc7\u62db\u4eba\u5e16\u3002\u53e6\u5916\uff0c\u8fd9\u4e5f\u662f\u6211\u7b2c\u4e00\u6b21\u516c\u5f00\u8bf7\u6c42\u5404\u4f4d\u8f6c\u53d1\u3002\u6512\u4e86\u8fd9\u4e48\u591a\u5e74\u7684\u4eba\u54c1\uff0c\u653e\u5927\u62db\u7684\u65f6\u5019\u5230\u4e86\uff01\u300a\u9080\u8bf7\u521b\u4e1a\u65c5\u4f34\u00b7\u7cbe\u88c5\u7248\u300b <a data-url=\"http:\/\/t.cn\/zON3B9G\" target=\"_blank\" href=\"https:\/\/weibo.cn\/sinaurl\/blocked51edd5ff?luicode=10000011&lfid=1076031401527553&u=http%3A%2F%2Ffirecacada.blog.163.com%2Fblog%2Fstatic%2F707437620123134240710%2F&ep=yeqKjob37%252C1134424202%252CyeqKjob37%252C1134424202\" class=\"\"><span class=\"url-icon\"><img src=\"\/\/h5.sinaimg.cn\/upload\/2015\/09\/25\/3\/timeline_card_small_web_default.png\"><\/span><\/i><span class=\"surl-text\">\u7f51\u9875\u94fe\u63a5<\/a> \u200b\u200b\u200b","source":"\u5fae\u535a weibo.com","favorited":false,"is_paid":false,"mblog_vip_type":0,"user":{"id":1134424202,"screen_name":"\u7eaf\u94f6V","profile_image_url":"https:\/\/tva4.sinaimg.cn\/crop.1.0.748.748.180\/439df08ajw8f0im5qsv00j20ku0ks0w7.jpg","profile_url":"https:\/\/m.weibo.cn\/u\/1134424202?uid=1134424202&luicode=10000011&lfid=1076031401527553","statuses_count":10979,"verified":false,"verified_type":-1,"close_blue_v":false,"description":"shock\u7684\u722c\u884c\u754c\u66b4\u8e81\u7537\u5b50","gender":"m","mbtype":12,"urank":48,"mbrank":6,"follow_me":false,"following":false,"followers_count":147991,"follow_count":331,"cover_image_phone":"https:\/\/wx1.sinaimg.cn\/crop.0.0.640.640.640\/439df08agy1fizeley4zsj20ku0ktmz5.jpg","avatar_hd":"https:\/\/ww4.sinaimg.cn\/orj480\/439df08ajw8f0im5qsv00j20ku0ks0w7.jpg","like":false,"like_me":false,"badge":{"bind_taobao":1,"unread_pool":1,"unread_pool_ext":1,"dzwbqlx_2016":1,"follow_whitelist_video":1,"hongbao_2018":1}},"reposts_count":1068,"comments_count":443,"attitudes_count":0,"pending_approval_count":0,"isLongText":false,"visible":{"type":0,"list_id":0},"more_info_type":0,"content_auth":0,"edit_config":{"edited":false},"bid":"yeqKjob37"},"reposts_count":10,"comments_count":13,"attitudes_count":0,"pending_approval_count":0,"isLongText":false,"visible":{"type":0,"list_id":0},"more_info_type":0,"content_auth":0,"edit_config":{"edited":false},"mblogtype":0,"obj_ext":"","raw_text":"\u6709\u5174\u8da3\u521b\u4e1a\u7684\u53ef\u4ee5\u770b\u770b\u3002\u4e92\u8054\u7f51\u9879\u76ee\u6211\u4e0d\u61c2\uff0c\u4e0d\u8fc7\u8fd9\u4eba\u770b\u8d77\u6765\u81f3\u5c11\u8fd0\u6c14\u4e0d\u9519\u3002\u5728\u6cf0\u56fd\u4e00\u4e2a\u6708\u90fd\u6ca1\u4e8b\uff0c\u521a\u4e00\u4ece\u666e\u5409\u5c9b\u56de\u6765\uff0c\u90a3\u8fb9\u5c31\u6d77\u5578\u4e86\u3002","bid":"yer3EcYk1"},"show_type":0},{"card_type":9,"itemid":"1076031401527553_-_3434373640847954","scheme":"https:\/\/m.weibo.cn\/status\/yeqdm3yAG?mblogid=yeqdm3yAG&luicode=10000011&lfid=1076031401527553","mblog":{"created_at":"2012-04-13","id":"3434373640847954","idstr":"3434373640847954","mid":"3434373640847954","can_edit":false,"text":"\u65b0\u6d6a\u5fae\u535aXMPP\u670d\u52a1\u5668\u7528\u7684\u8bc1\u4e66\u4f3c\u4e4e\u5c31\u662fOpenfire\u81ea\u5e26\u7684\u6d4b\u8bd5\u8bc1\u4e66\u3002\u5efa\u8bae\u8fd8\u662f\u53bb\u5f04\u4e2a\u771f\u7684\u3002 \u200b\u200b\u200b","source":"\u5fae\u535a weibo.com","favorited":false,"thumbnail_pic":"http:\/\/ww1.sinaimg.cn\/thumbnail\/53899d01gw1dry1989ce4g.gif","bmiddle_pic":"http:\/\/ww1.sinaimg.cn\/bmiddle\/53899d01gw1dry1989ce4g.gif","original_pic":"http:\/\/ww1.sinaimg.cn\/large\/53899d01gw1dry1989ce4g.gif","is_paid":false,"mblog_vip_type":0,"user":{"id":1401527553,"screen_name":"tombkeeper","profile_image_url":"https:\/\/tva2.sinaimg.cn\/crop.0.0.180.180.180\/53899d01jw8fcb9qpe7vbj2050050mx8.jpg","profile_url":"https:\/\/m.weibo.cn\/u\/1401527553?uid=1401527553&luicode=10000011&lfid=1076031401527553","statuses_count":15425,"verified":true,"verified_type":0,"verified_type_ext":1,"verified_reason":"\u77e5\u540d\u4e92\u8054\u7f51\u8d44\u8baf\u535a\u4e3b","close_blue_v":false,"description":"\u5fae\u535a\u672c\u5730\u8d44\u8baf\u535a\u4e3b\uff08\u521a\u679c\u5e03\u62c9\u67f4\u7ef4\u5c14\uff09","gender":"m","mbtype":12,"urank":48,"mbrank":6,"follow_me":false,"following":false,"followers_count":192533,"follow_count":277,"cover_image_phone":"https:\/\/tva1.sinaimg.cn\/crop.0.0.640.640.640\/549d0121tw1egm1kjly3jj20hs0hsq4f.jpg","avatar_hd":"https:\/\/ww2.sinaimg.cn\/orj480\/53899d01jw8fcb9qpe7vbj2050050mx8.jpg","like":false,"like_me":false,"badge":{"bind_taobao":1,"dzwbqlx_2016":1,"follow_whitelist_video":1,"hongbao_2018":1}},"reposts_count":8,"comments_count":4,"attitudes_count":1,"pending_approval_count":0,"isLongText":false,"visible":{"type":0,"list_id":0},"more_info_type":0,"content_auth":0,"edit_config":{"edited":false},"mblogtype":0,"bid":"yeqdm3yAG","pics":[{"pid":"53899d01gw1dry1989ce4g","url":"https:\/\/ww1.sinaimg.cn\/orj360\/53899d01gw1dry1989ce4g.gif","size":"orj360","geo":false,"large":{"size":"large","url":"https:\/\/ww1.sinaimg.cn\/large\/53899d01gw1dry1989ce4g.gif","geo":false}}]},"show_type":0},{"card_type":9,"itemid":"1076031401527553_-_3434356876231004","scheme":"https:\/\/m.weibo.cn\/status\/yepMjq8Y4?mblogid=yepMjq8Y4&luicode=10000011&lfid=1076031401527553","mblog":{"created_at":"2012-04-13","id":"3434356876231004","idstr":"3434356876231004","mid":"3434356876231004","can_edit":false,"text":"\u67d0\u56fd\u5185\u6700\u5927\u7684\u836f\u6750\u5e02\u573a\u91cc\uff0c\u80fd\u89c1\u5230\u5927\u91cf10\u51431\u65a4\u7684\u5ddd\u8721\u3002\u5b9e\u9645\u4e0a\u5ddd\u8721\u6536\u8d2d\u4ef7\u81f3\u5c1130\u51431\u65a4\u3002\u80fd\u5192\u5145\u5ddd\u8721\u7684\u4e1c\u897f\u91cc\uff0c\u7b26\u5408\u8fd9\u4e2a\u4ef7\u94b1\u7684\u5c31\u662f\u5de5\u4e1a\u77f3\u8721\u548c\u5de5\u4e1a\u786c\u8102\u9178\u4e4b\u7c7b\u3002 \/\/<a href='https:\/\/m.weibo.cn\/n\/oztiger'>@oztiger<\/a>: \u8f6c\u53d1\u5fae\u535a","source":"\u5fae\u535a weibo.com","favorited":false,"is_paid":false,"mblog_vip_type":0,"user":{"id":1401527553,"screen_name":"tombkeeper","profile_image_url":"https:\/\/tva2.sinaimg.cn\/crop.0.0.180.180.180\/53899d01jw8fcb9qpe7vbj2050050mx8.jpg","profile_url":"https:\/\/m.weibo.cn\/u\/1401527553?uid=1401527553&luicode=10000011&lfid=1076031401527553","statuses_count":15425,"verified":true,"verified_type":0,"verified_type_ext":1,"verified_reason":"\u77e5\u540d\u4e92\u8054\u7f51\u8d44\u8baf\u535a\u4e3b","close_blue_v":false,"description":"\u5fae\u535a\u672c\u5730\u8d44\u8baf\u535a\u4e3b\uff08\u521a\u679c\u5e03\u62c9\u67f4\u7ef4\u5c14\uff09","gender":"m","mbtype":12,"urank":48,"mbrank":6,"follow_me":false,"following":false,"followers_count":192533,"follow_count":277,"cover_image_phone":"https:\/\/tva1.sinaimg.cn\/crop.0.0.640.640.640\/549d0121tw1egm1kjly3jj20hs0hsq4f.jpg","avatar_hd":"https:\/\/ww2.sinaimg.cn\/orj480\/53899d01jw8fcb9qpe7vbj2050050mx8.jpg","like":false,"like_me":false,"badge":{"bind_taobao":1,"dzwbqlx_2016":1,"follow_whitelist_video":1,"hongbao_2018":1}},"pid":3434355437663691,"retweeted_status":{"created_at":"2012-04-13","id":"3434312789282537","idstr":"3434312789282537","mid":"3434312789282537","can_edit":false,"text":"\u4e2d\u836f\u7684\u79d8\u5bc6\u5728\u73b0\u4ee3\u79d1\u5b66\u7684\u68c0\u9a8c\u4e0b\u73b0\u4e86\u539f\u5f62\u3002\u636e\u300a\u79d1\u5b66\u300b\u6742\u5fd7\u62a5\u9053\uff0c\u6fb3\u5927\u5229\u4e9a\u79d1\u5b66\u5bb6\u7528DNA\u5e8f\u5217\u5206\u6790\u7684\u529e\u6cd5\u68c0\u9a8c\u4e86\u51fa\u53e3\u5230\u6fb3\u5927\u5229\u4e9a\u7684\u4e2d\u6210\u836f\uff0c\u53d1\u73b0\u5f88\u591a\u732b\u817b\u3002\u6bd4\u5982\u53f7\u79f0100%\u7f9a\u7f8a\u89d2\u7684\u67d0\u79cd\u836f\u91cc\u627e\u5230\u4e86\u5927\u91cf\u5c71\u7f8a\u548c\u7ef5\u7f8a\u7684DNA\uff0c\u4e00\u4e9b\u8349\u836f\u4e2d\u4ecd\u7136\u542b\u6709\u56fd\u5bb6\u6cd5\u5f8b\u660e\u4ee4\u7981\u6b62\u4f7f\u7528\u7684\u9a6c\u515c\u94c3\u79d1\u690d\u7269\uff0c\u9a6c\u515c\u94c3\u9178\u53ef\u81f4\u764c\u3002<a data-url=\"http:\/\/t.cn\/zONQQId\" target=\"_blank\" href=\"https:\/\/weibo.cn\/sinaurl\/blocked3d936dfb?luicode=10000011&lfid=1076031401527553&u=http%3A%2F%2Fnews.sciencemag.org%2Fsciencenow%2F2012%2F04%2Fdangers-of-chinese-medicine.html&ep=yeoDcCWOl%252C1737847545%252CyeoDcCWOl%252C1737847545\" class=\"\"><span class=\"url-icon\"><img src=\"\/\/h5.sinaimg.cn\/upload\/2015\/09\/25\/3\/timeline_card_small_web_default.png\"><\/span><\/i><span class=\"surl-text\">\u7f51\u9875\u94fe\u63a5<\/a> \u200b\u200b\u200b","source":"\u5fae\u535a weibo.com","favorited":false,"is_paid":false,"mblog_vip_type":0,"user":{"id":1737847545,"screen_name":"\u571f\u6469\u6258","profile_image_url":"https:\/\/tva2.sinaimg.cn\/crop.0.0.180.180.180\/679572f9jw1e8qgp5bmzyj2050050aa8.jpg","profile_url":"https:\/\/m.weibo.cn\/u\/1737847545?uid=1737847545&luicode=10000011&lfid=1076031401527553","statuses_count":16006,"verified":true,"verified_type":0,"verified_type_ext":0,"verified_reason":"\u5a92\u4f53\u4eba\uff0c\u300a\u4e09\u8054\u751f\u6d3b\u5468\u520a\u300b\u7279\u7ea6\u64b0\u7a3f \u5fae\u535a\u7b7e\u7ea6\u81ea\u5a92\u4f53","close_blue_v":false,"description":"\u6ee1\u8154\u70ed\u60c5\u5730\u6cfc\u51b7\u6c34","gender":"m","mbtype":2,"urank":42,"mbrank":4,"follow_me":false,"following":false,"followers_count":868405,"follow_count":131,"cover_image_phone":"https:\/\/tva1.sinaimg.cn\/crop.0.0.640.640.640\/9d44112bjw1f1xl1c10tuj20hs0hs0tw.jpg","avatar_hd":"https:\/\/ww2.sinaimg.cn\/orj480\/679572f9jw1e8qgp5bmzyj2050050aa8.jpg","like":false,"like_me":false,"badge":{"bind_taobao":1,"self_media":1,"olympic_2016":1,"dzwbqlx_2016":1,"follow_whitelist_video":1}},"reposts_count":962,"comments_count":100,"attitudes_count":0,"pending_approval_count":0,"isLongText":false,"visible":{"type":0,"list_id":0},"more_info_type":0,"content_auth":0,"edit_config":{"edited":false},"bid":"yeoDcCWOl"},"reposts_count":3,"comments_count":0,"attitudes_count":0,"pending_approval_count":0,"isLongText":false,"visible":{"type":0,"list_id":0},"more_info_type":0,"content_auth":0,"edit_config":{"edited":false},"mblogtype":0,"obj_ext":"","raw_text":"\u67d0\u56fd\u5185\u6700\u5927\u7684\u836f\u6750\u5e02\u573a\u91cc\uff0c\u80fd\u89c1\u5230\u5927\u91cf10\u51431\u65a4\u7684\u5ddd\u8721\u3002\u5b9e\u9645\u4e0a\u5ddd\u8721\u6536\u8d2d\u4ef7\u81f3\u5c1130\u51431\u65a4\u3002\u80fd\u5192\u5145\u5ddd\u8721\u7684\u4e1c\u897f\u91cc\uff0c\u7b26\u5408\u8fd9\u4e2a\u4ef7\u94b1\u7684\u5c31\u662f\u5de5\u4e1a\u77f3\u8721\u548c\u5de5\u4e1a\u786c\u8102\u9178\u4e4b\u7c7b\u3002 \/\/@oztiger: \u8f6c\u53d1\u5fae\u535a","bid":"yepMjq8Y4"},"show_type":0},{"card_type":9,"itemid":"1076031401527553_-_3434352363407727","scheme":"https:\/\/m.weibo.cn\/status\/yepF2eivl?mblogid=yepF2eivl&luicode=10000011&lfid=1076031401527553","mblog":{"created_at":"2012-04-13","id":"3434352363407727","idstr":"3434352363407727","mid":"3434352363407727","can_edit":false,"text":"\u6709\u4e9b\u4eba\u4e00\u770b\u5230\u201c\u666e\u4e16\u4ef7\u503c\u201d\u8fd9\u7c7b\u8bcd\u513f\uff0c\u5c31\u65e0\u540d\u706b\u8d77\uff0c\u987f\u65f6\u5206\u6ccc\u51fa\u56db\u4e24\u80be\u4e0a\u817a\u7d20\u3002\u5728\u4ed6\u4eec\u770b\u6765\uff0c\u8fd9\u90fd\u662f\u6d0b\u4eba\u8f93\u51fa\u7684\u4ef7\u503c\u89c2\uff0c\u4fe1\u8fd9\u4e9b\u662f\u88ab\u6d0b\u4eba\u5ffd\u60a0\u7684\u8868\u73b0\u3002\u5bf9\u8fd9\u4e9b\u4eba\u8bf4\u8bdd\u7684\u65f6\u5019\uff0c\u4e0d\u59a8\u6362\u6362\u8bcd\u513f\u3002\u63d0\u5951\u7ea6\u7cbe\u795e\uff0c\u53ef\u8bf4\u300a\u8bba\u8bed\u300b\u4e2d\u7684\u201c\u8a00\u800c\u6709\u4fe1\u201d\uff1b\u8bb2\u666e\u4e16\u4ef7\u503c\uff0c\u53ef\u6539\u8c08\u65e7\u5112\u9646\u4e5d\u6e0a\u3001\u65b0\u5112\u51af\u53cb\u5170\u7684\u201c\u4e1c\u5723\u897f\u5723\uff0c\u5fc3\u540c\u7406\u540c\u201d\u3002 \u200b\u200b\u200b","source":"\u5fae\u535a weibo.com","favorited":false,"is_paid":false,"mblog_vip_type":0,"user":{"id":1401527553,"screen_name":"tombkeeper","profile_image_url":"https:\/\/tva2.sinaimg.cn\/crop.0.0.180.180.180\/53899d01jw8fcb9qpe7vbj2050050mx8.jpg","profile_url":"https:\/\/m.weibo.cn\/u\/1401527553?uid=1401527553&luicode=10000011&lfid=1076031401527553","statuses_count":15425,"verified":true,"verified_type":0,"verified_type_ext":1,"verified_reason":"\u77e5\u540d\u4e92\u8054\u7f51\u8d44\u8baf\u535a\u4e3b","close_blue_v":false,"description":"\u5fae\u535a\u672c\u5730\u8d44\u8baf\u535a\u4e3b\uff08\u521a\u679c\u5e03\u62c9\u67f4\u7ef4\u5c14\uff09","gender":"m","mbtype":12,"urank":48,"mbrank":6,"follow_me":false,"following":false,"followers_count":192533,"follow_count":277,"cover_image_phone":"https:\/\/tva1.sinaimg.cn\/crop.0.0.640.640.640\/549d0121tw1egm1kjly3jj20hs0hsq4f.jpg","avatar_hd":"https:\/\/ww2.sinaimg.cn\/orj480\/53899d01jw8fcb9qpe7vbj2050050mx8.jpg","like":false,"like_me":false,"badge":{"bind_taobao":1,"dzwbqlx_2016":1,"follow_whitelist_video":1,"hongbao_2018":1}},"reposts_count":7,"comments_count":4,"attitudes_count":0,"pending_approval_count":0,"isLongText":false,"visible":{"type":0,"list_id":0},"more_info_type":0,"content_auth":0,"edit_config":{"edited":false},"mblogtype":0,"bid":"yepF2eivl"},"show_type":0},{"card_type":9,"itemid":"1076031401527553_-_3434334860551731","scheme":"https:\/\/m.weibo.cn\/status\/yepcO2jwT?mblogid=yepcO2jwT&luicode=10000011&lfid=1076031401527553","mblog":{"created_at":"2012-04-13","id":"3434334860551731","idstr":"3434334860551731","mid":"3434334860551731","can_edit":false,"text":"\u6709\u4e00\u90e8\u5c0f\u8bf4\uff1a\u7537\u4e3b\u5c55\u793a\u79d1\u5b66\u4e4b\u529b\uff0c\u4ece\u4e00\u7fa4\u611a\u6c11\u624b\u4e2d\u6551\u4e0b\u8981\u70e7\u4e86\u796d\u795e\u7684\u5c11\u5973\u3002\u4e8e\u662f\u521a\u624d\u5411\u706b\u5806\u78d5\u5934\u9ad8\u558a\u201c\u795e\uff01\u795e\uff01\u201d\u7684\u611a\u6c11\u4eec\u8f6c\u5411\u7537\u4e3b\u78d5\u5934\u9ad8\u558a\u201c\u79d1\u5b66\uff01\u79d1\u5b66\uff01\u201d \/\/<a href='https:\/\/m.weibo.cn\/n\/\u5965\u5361\u59c6\u5243\u5200'>@\u5965\u5361\u59c6\u5243\u5200<\/a>: \u4ffa\u9664\u4e86\u7b11\uff0c\u786e\u5b9e\u65e0\u8bdd\u53ef\u8bf4<span class=\"url-icon\"><img src=\"\/\/h5.sinaimg.cn\/m\/emoticon\/icon\/default\/d_touxiao-3458a765a2.png\" style=\"width:1em;height:1em;\" alt=\"[\u5077\u7b11]\"><\/span>\/\/<a href='https:\/\/m.weibo.cn\/n\/\u6c34\u6bcd-\u5356\u840c\u5c0f\u86cf\u5b50'>@\u6c34\u6bcd-\u5356\u840c\u5c0f\u86cf\u5b50<\/a>:\u7b11\u4e86\uff0c\u8d28\u7591\u65b9\u821f\u5b50\u8fd8\u597d\u610f\u601d\u53f7\u79f0\u81ea\u5df1\u6709\u79d1\u5b66\u7cbe\u795e\uff0c\u4f60\u4eec\u8fd9\u4e9b\u8111\u6b8b\u7c89\u8fd8\u771f\u662f\u8ba9\u4eba\u7269\u8bdd\u53ef\u8bf4","source":"\u5fae\u535a weibo.com","favorited":false,"is_paid":false,"mblog_vip_type":0,"user":{"id":1401527553,"screen_name":"tombkeeper","profile_image_url":"https:\/\/tva2.sinaimg.cn\/crop.0.0.180.180.180\/53899d01jw8fcb9qpe7vbj2050050mx8.jpg","profile_url":"https:\/\/m.weibo.cn\/u\/1401527553?uid=1401527553&luicode=10000011&lfid=1076031401527553","statuses_count":15425,"verified":true,"verified_type":0,"verified_type_ext":1,"verified_reason":"\u77e5\u540d\u4e92\u8054\u7f51\u8d44\u8baf\u535a\u4e3b","close_blue_v":false,"description":"\u5fae\u535a\u672c\u5730\u8d44\u8baf\u535a\u4e3b\uff08\u521a\u679c\u5e03\u62c9\u67f4\u7ef4\u5c14\uff09","gender":"m","mbtype":12,"urank":48,"mbrank":6,"follow_me":false,"following":false,"followers_count":192533,"follow_count":277,"cover_image_phone":"https:\/\/tva1.sinaimg.cn\/crop.0.0.640.640.640\/549d0121tw1egm1kjly3jj20hs0hsq4f.jpg","avatar_hd":"https:\/\/ww2.sinaimg.cn\/orj480\/53899d01jw8fcb9qpe7vbj2050050mx8.jpg","like":false,"like_me":false,"badge":{"bind_taobao":1,"dzwbqlx_2016":1,"follow_whitelist_video":1,"hongbao_2018":1}},"pid":3434330720578701,"retweeted_status":{"created_at":"2012-04-13","id":"3434313914187602","idstr":"3434313914187602","mid":"3434313914187602","can_edit":false,"text":"\u4e16\u754c\u4e0a\u672c\u6ca1\u6709\u53f3\uff0c\u73a9\u4e2d\u7acb\u7684\u4eba\u591a\u4e86\uff0c\u4e5f\u5c31\u6709\u4e86\u53f3\u3002 \u200b\u200b\u200b","source":"\u5fae\u535a weibo.com","favorited":false,"is_paid":false,"mblog_vip_type":0,"user":{"id":1869595615,"screen_name":"\u80fd\u9760\u70b9\u513f\u8c31\u5417","profile_image_url":"https:\/\/tva1.sinaimg.cn\/crop.0.0.180.180.180\/6f6fc3dfjw8f05686u574j2050050jrt.jpg","profile_url":"https:\/\/m.weibo.cn\/u\/1869595615?uid=1869595615&luicode=10000011&lfid=1076031401527553","statuses_count":14643,"verified":true,"verified_type":0,"verified_type_ext":0,"verified_reason":"\u5934\u6761\u6587\u7ae0\u4f5c\u8005 \u5fae\u535a\u7b7e\u7ea6\u81ea\u5a92\u4f53","close_blue_v":false,"description":"\u4e13\u6ce8\u6389\u7c89\u4e8c\u5341\u5e74\u3002","gender":"m","mbtype":12,"urank":44,"mbrank":6,"follow_me":false,"following":false,"followers_count":224913,"follow_count":550,"cover_image_phone":"https:\/\/tva1.sinaimg.cn\/crop.0.0.640.640.640\/549d0121tw1egm1kjly3jj20hs0hsq4f.jpg","avatar_hd":"https:\/\/ww1.sinaimg.cn\/orj480\/6f6fc3dfjw8f05686u574j2050050jrt.jpg","like":false,"like_me":false,"badge":{"bind_taobao":1,"dzwbqlx_2016":1,"follow_whitelist_video":1}},"reposts_count":101,"comments_count":22,"attitudes_count":0,"pending_approval_count":0,"isLongText":false,"visible":{"type":0,"list_id":0},"more_info_type":0,"content_auth":0,"edit_config":{"edited":false},"bid":"yeoF1hznY"},"reposts_count":5,"comments_count":9,"attitudes_count":0,"pending_approval_count":0,"isLongText":false,"visible":{"type":0,"list_id":0},"more_info_type":0,"content_auth":0,"edit_config":{"edited":false},"mblogtype":0,"obj_ext":"","raw_text":"\u6709\u4e00\u90e8\u5c0f\u8bf4\uff1a\u7537\u4e3b\u5c55\u793a\u79d1\u5b66\u4e4b\u529b\uff0c\u4ece\u4e00\u7fa4\u611a\u6c11\u624b\u4e2d\u6551\u4e0b\u8981\u70e7\u4e86\u796d\u795e\u7684\u5c11\u5973\u3002\u4e8e\u662f\u521a\u624d\u5411\u706b\u5806\u78d5\u5934\u9ad8\u558a\u201c\u795e\uff01\u795e\uff01\u201d\u7684\u611a\u6c11\u4eec\u8f6c\u5411\u7537\u4e3b\u78d5\u5934\u9ad8\u558a\u201c\u79d1\u5b66\uff01\u79d1\u5b66\uff01\u201d \/\/@\u5965\u5361\u59c6\u5243\u5200: \u4ffa\u9664\u4e86\u7b11\uff0c\u786e\u5b9e\u65e0\u8bdd\u53ef\u8bf4[\u5077\u7b11]\/\/@\u6c34\u6bcd-\u5356\u840c\u5c0f\u86cf\u5b50:\u7b11\u4e86\uff0c\u8d28\u7591\u65b9\u821f\u5b50\u8fd8\u597d\u610f\u601d\u53f7\u79f0\u81ea\u5df1\u6709\u79d1\u5b66\u7cbe\u795e\uff0c\u4f60\u4eec\u8fd9\u4e9b\u8111\u6b8b\u7c89\u8fd8\u771f\u662f\u8ba9\u4eba\u7269\u8bdd\u53ef\u8bf4","bid":"yepcO2jwT"},"show_type":0}],"showAppTips":0,"scheme":"sinaweibo:\/\/cardlist?containerid=1076031401527553&extparam=&luicode=10000011&lfid=&featurecode="}}