{"ok":1,"data":{"cardlistInfo":{"containerid":"1076031401527553","v_p":42,"show_style":1,"total":15518,"page":13},"cards":[{"card_type":9,"itemid":"1076031401527553_-_4207304095919815","scheme":"https:\/\/m.weibo.cn\/status\/G340NoQ0T?mblogid=G340NoQ0T&luicode=10000011&lfid=1076031401527553","mblog":{"created_at":"02-14","id":"4207304095919815","idstr":"4207304095919815","mid":"4207304095919815","can_edit":false,"text":"\u201c\u5c0f\u660e\uff0c\u4f60\u88ab\u4ed6\u4eec\u5229\u7528\u4e86\u3002\u201d<br\/>\u201c\u554a\uff1f\u90a3\u4f60\u4e5f\u88ab\u5229\u7528\u4e86\u5417\uff1f\u201d<br\/>\u201c\u6ca1\u6709\u3002\u6211\u6ca1\u6709\u5229\u7528\u4ef7\u503c\u3002\u201d \u200b\u200b\u200b","textLength":80,"source":"XiaoMiPhone\u5ba2\u6237\u7aef","favorited":false,"is_paid":false,"mblog_vip_type":0,"user":{"id":1401527553,"screen_name":"tombkeeper","profile_image_url":"https:\/\/tva2.sinaimg.cn\/crop.0.0.180.180.180\/53899d01jw8fcb9qpe7vbj2050050mx8.jpg","profile_url":"https:\/\/m.weibo.cn\/u\/1401527553?uid=1401527553&luicode=10000011&lfid=1076031401527553","statuses_count":15425,"verified":true,"verified_type":0,"verified_type_ext":1,"verified_reason":"\u77e5\u540d\u4e92\u8054\u7f51\u8d44\u8baf\u535a\u4e3b","close_blue_v":false,"description":"\u5fae\u535a\u672c\u5730\u8d44\u8baf\u535a\u4e3b\uff08\u521a\u679c\u5e03\u62c9\u67f4\u7ef4\u5c14\uff09","gender":"m","mbtype":12,"urank":48,"mbrank":6,"follow_me":false,"following":false,"followers_count":192533,"follow_count":277,"cover_image_phone":"https:\/\/tva1.sinaimg.cn\/crop.0.0.640.640.640\/549d0121tw1egm1kjly3jj20hs0hsq4f.jpg","avatar_hd":"https:\/\/ww2.sinaimg.cn\/orj480\/53899d01jw8fcb9qpe7vbj2050050mx8.jpg","like":false,"like_me":false,"badge":{"bind_taobao":1,"dzwbqlx_2016":1,"follow_whitelist_video":1,"hongbao_2018":1}},"reposts_count":26,"comments_count":13,"attitudes_count":156,"pending_approval_count":0,"isLongText":false,"visible":{"type":0,"list_id":0},"more_info_type":0,"content_auth":0,"edit_config":{"edited":false},"mblogtype":0,"bid":"G340NoQ0T"},"show_type":0},{"card_type":9,"itemid":"1076031401527553_-_4207274916813623","scheme":"https:\/\/m.weibo.cn\/status\/G33fJsAx9?mblogid=G33fJsAx9&luicode=10000011&lfid=1076031401527553","mblog":{"created_at":"02-14","id":"4207274916813623","idstr":"4207274916813623","mid":"4207274916813623","can_edit":false,"text":"\u6211\u56de\u7b54\u4e86 <a href='https:\/\/m.weibo.cn\/n\/\u6545\u4e61\u91cc\u7684\u5c18\u57c3'>@\u6545\u4e61\u91cc\u7684\u5c18\u57c3<\/a> \u7684\u95ee\u9898\uff0c\u95ee\u9898\u4ef7\u503c\uffe542.00\uff0c\u5927\u5bb6\u5feb\u6765\u82b11\u5143\u56f4\u89c2~ <a data-url=\"http:\/\/t.cn\/RRVJHSk\" href=\"http:\/\/media.weibo.cn\/wenda?object_id=1022%3A2310684206483171630251&luicode=10000011&lfid=1076031401527553&id=2310684206483171630251&ep=G33fJsAx9%252C1401527553%252CG33fJsAx9%252C1401527553\" data-hide=\"\"><span class=\"url-icon\"><img src=\"https:\/\/h5.sinaimg.cn\/upload\/2016\/11\/23\/433\/wenda_icon_default.png\"><\/span><\/i><span class=\"surl-text\">\u5fae\u535a\u95ee\u7b54<\/a> \u200b\u200b\u200b","textLength":86,"source":"\u5fae\u535a weibo.com","favorited":false,"is_paid":false,"mblog_vip_type":0,"user":{"id":1401527553,"screen_name":"tombkeeper","profile_image_url":"https:\/\/tva2.sinaimg.cn\/crop.0.0.180.180.180\/53899d01jw8fcb9qpe7vbj2050050mx8.jpg","profile_url":"https:\/\/m.weibo.cn\/u\/1401527553?uid=1401527553&luicode=10000011&lfid=1076031401527553","statuses_count":15425,"verified":true,"verified_type":0,"verified_type_ext":1,"verified_reason":"\u77e5\u540d\u4e92\u8054\u7f51\u8d44\u8baf\u535a\u4e3b","close_blue_v":false,"description":"\u5fae\u535a\u672c\u5730\u8d44\u8baf\u535a\u4e3b\uff08\u521a\u679c\u5e03\u62c9\u67f4\u7ef4\u5c14\uff09","gender":"m","mbtype":12,"urank":48,"mbrank":6,"follow_me":false,"following":false,"followers_count":192533,"follow_count":277,"cover_image_phone":"https:\/\/tva1.sinaimg.cn\/crop.0.0.640.640.640\/549d0121tw1egm1kjly3jj20hs0hsq4f.jpg","avatar_hd":"https:\/\/ww2.sinaimg.cn\/orj480\/53899d01jw8fcb9qpe7vbj2050050mx8.jpg","like":false,"like_me":false,"badge":{"bind_taobao":1,"dzwbqlx_2016":1,"follow_whitelist_video":1,"hongbao_2018":1}},"reposts_count":16,"comments_count":9,"attitudes_count":33,"pending_approval_count":0,"isLongText":false,"visible":{"type":0,"list_id":0},"expire_time":1518739197,"more_info_type":0,"content_auth":0,"edit_config":{"edited":false},"mblogtype":1,"mark":"followtopweibo","page_info":{"page_pic":{"url":"https:\/\/wx2.sinaimg.cn\/large\/006APylAly1fod913l83rj318g0qotdi.jpg"},"page_url":"http:\/\/media.weibo.cn\/wenda?object_id=1022%3A2310684206483171630251&luicode=10000011&lfid=1076031401527553&id=2310684206483171630251","page_title":"tombkeeper \u5df2\u56de\u7b54","content1":"\u6559\u4e3b\u60a8\u597d\uff0c\u5728\u5f53\u4eca\u7684\u5927\u6570\u636e\u65f6\u4ee3\uff0c\u60a8\u6700\u770b\u597d\u54ea\u4e9b\u884c\u4e1a\uff1f\u60f3\u8bf7\u60a8\u5927\u80c6\u9884\u6d4b\u672a\u676510\u5e74\u54ea\u4e9b\u884c\u4e1a\u6700\u6323\u94b1\uff1f\u90fd\u77e5\u9053\u5f53\u4eca\u4eba\u53e3\u7ea2\u5229\u5df2\u8fc7\uff0c\u7ecf\u6d4e\u4e0b\u884c\uff0c\u4eff\u4f5b\u505a\u4ec0\u4e48\u90fd\u4e0d\u6323\u94b1\u3002\u800c\u53cd\u89c2\u4ee5\u524d\uff0c\u7269\u8d28\u532e\u4e4f","content2":"593\u4eba\u5df2\u56f4\u89c2\uff0c\u95ee\u9898\u4ef7\u503c\uffe542.00","icon":"https:\/\/h5.sinaimg.cn\/upload\/2016\/12\/01\/433\/feed_questions_icon.png","type":"wenda"},"readtimetype":"adMblog","bid":"G33fJsAx9"},"show_type":0},{"card_type":9,"itemid":"1076031401527553_-_4207261293320376","scheme":"https:\/\/m.weibo.cn\/status\/G32TLdVMs?mblogid=G32TLdVMs&luicode=10000011&lfid=1076031401527553","mblog":{"created_at":"02-14","id":"4207261293320376","idstr":"4207261293320376","mid":"4207261293320376","can_edit":false,"text":"\u6211\u8fd9\u4e2a\u4eba\u4e00\u5411\u4f4e\u8c03\uff0c\u4ece\u4e0d\u663e\u6446\u81ea\u5df1\u7684\u8eab\u4efd\u5730\u4f4d\uff0c\u6240\u4ee5\u8fd9\u4e8b\u513f\u8bf4\u51fa\u6765\u4f60\u4eec\u53ef\u80fd\u4e5f\u4e0d\u4fe1\uff1a\u521a\u624d\u5317\u4eac\u5e02\u59d4\u3001\u5e02\u653f\u5e9c\u7ed9\u6211\u53d1\u77ed\u4fe1\u62dc\u5e74\u4e86\uff01\u8fd8\u987a\u4fbf\u63d0\u9192\u6211\u4e0d\u8981\u5728\u4e94\u73af\u5185\u653e\u7206\u7af9\u3002 \u200b\u200b\u200b","textLength":144,"source":"\u5fae\u535a weibo.com","favorited":false,"is_paid":false,"mblog_vip_type":0,"user":{"id":1401527553,"screen_name":"tombkeeper","profile_image_url":"https:\/\/tva2.sinaimg.cn\/crop.0.0.180.180.180\/53899d01jw8fcb9qpe7vbj2050050mx8.jpg","profile_url":"https:\/\/m.weibo.cn\/u\/1401527553?uid=1401527553&luicode=10000011&lfid=1076031401527553","statuses_count":15425,"verified":true,"verified_type":0,"verified_type_ext":1,"verified_reason":"\u77e5\u540d\u4e92\u8054\u7f51\u8d44\u8baf\u535a\u4e3b","close_blue_v":false,"description":"\u5fae\u535a\u672c\u5730\u8d44\u8baf\u535a\u4e3b\uff08\u521a\u679c\u5e03\u62c9\u67f4\u7ef4\u5c14\uff09","gender":"m","mbtype":12,"urank":48,"mbrank":6,"follow_me":false,"following":false,"followers_count":192533,"follow_count":277,"cover_image_phone":"https:\/\/tva1.sinaimg.cn\/crop.0.0.640.640.640\/549d0121tw1egm1kjly3jj20hs0hsq4f.jpg","avatar_hd":"https:\/\/ww2.sinaimg.cn\/orj480\/53899d01jw8fcb9qpe7vbj2050050mx8.jpg","like":false,"like_me":false,"badge":{"bind_taobao":1,"dzwbqlx_2016":1,"follow_whitelist_video":1,"hongbao_2018":1}},"reposts_count":152,"comments_count":71,"attitudes_count":479,"pending_approval_count":0,"isLongText":false,"visible":{"type":0,"list_id":0},"more_info_type":0,"content_auth":0,"edit_config":{"edited":false},"mblogtype":0,"bid":"G32TLdVMs"},"show_type":0},{"card_type":9,"itemid":"1076031401527553_-_4207063158952517","scheme":"https:\/\/m.weibo.cn\/status\/G2XKbByXr?mblogid=G2XKbByXr&luicode=10000011&lfid=1076031401527553","mblog":{"created_at":"02-13","id":"4207063158952517","idstr":"4207063158952517","mid":"4207063158952517","can_edit":false,"text":"\u4e1a\u5185\u6709\u4e24\u5bb6\u516c\u53f8\u90fd\u88ab\u8ba4\u4e3a\u601d\u60f3\u540c\u5316\u80fd\u529b\u5f3a\u3002\u4f46\u5176\u5b9e\u8fd8\u662f\u6709\u533a\u522b\u3002\u5176\u4e2d\u4e00\u5bb6\u624b\u6bb5\u6bd4\u8f83\u843d\u540e\uff0c\u5927\u6709\u4e94\u516d\u5341\u5e74\u4ee3\u601d\u60f3\u653f\u6cbb\u5de5\u4f5c\u7684\u75d5\u8ff9\u3002\u6240\u4ee5\u591a\u6570\u4eba\u5634\u4e0a\u4e07\u5c81\u4e07\u5c81\u4e07\u4e07\u5c81\uff0c\u4f46\u5fc3\u91cc\u6e05\u695a\u5f97\u5f88\u3002\u8fd8\u6709\u4e00\u5bb6\u5219\u5b8c\u5168\u4e0d\u540c\uff0c\u628a\u5e94\u7528\u5fc3\u7406\u5b66\u548c\u7ba1\u7406\u5b66\u7528\u4e09\u5473\u771f\u706b\u953b\u6210\u4e00\u5757\uff0c\u6f5c\u79fb\u9ed8\u5316\uff0c\u6da6\u7269\u65e0\u58f0\u3002\u4e22\u4e00\u4e2a\u65e0\u653f\u5e9c\u4e3b\u4e49\u8fdb\u53bb\uff0c\u534a\u5e74\u4e0b\u6765\u5c31\u662f\u4e2a\u653f\u59d4\u3002 \u200b\u200b\u200b","textLength":280,"source":"\u5fae\u535a weibo.com","favorited":false,"is_paid":false,"mblog_vip_type":0,"user":{"id":1401527553,"screen_name":"tombkeeper","profile_image_url":"https:\/\/tva2.sinaimg.cn\/crop.0.0.180.180.180\/53899d01jw8fcb9qpe7vbj2050050mx8.jpg","profile_url":"https:\/\/m.weibo.cn\/u\/1401527553?uid=1401527553&luicode=10000011&lfid=1076031401527553","statuses_count":15425,"verified":true,"verified_type":0,"verified_type_ext":1,"verified_reason":"\u77e5\u540d\u4e92\u8054\u7f51\u8d44\u8baf\u535a\u4e3b","close_blue_v":false,"description":"\u5fae\u535a\u672c\u5730\u8d44\u8baf\u535a\u4e3b\uff08\u521a\u679c\u5e03\u62c9\u67f4\u7ef4\u5c14\uff09","gender":"m","mbtype":12,"urank":48,"mbrank":6,"follow_me":false,"following":false,"followers_count":192533,"follow_count":277,"cover_image_phone":"https:\/\/tva1.sinaimg.cn\/crop.0.0.640.640.640\/549d0121tw1egm1kjly3jj20hs0hsq4f.jpg","avatar_hd":"https:\/\/ww2.sinaimg.cn\/orj480\/53899d01jw8fcb9qpe7vbj2050050mx8.jpg","like":false,"like_me":false,"badge":{"bind_taobao":1,"dzwbqlx_2016":1,"follow_whitelist_video":1,"hongbao_2018":1}},"reposts_count":40,"comments_count":51,"attitudes_count":92,"pending_approval_count":0,"isLongText":false,"visible":{"type":0,"list_id":0},"more_info_type":0,"content_auth":0,"edit_config":{"edited":false},"mblogtype":0,"bid":"G2XKbByXr"},"show_type":0},{"card_type":9,"itemid":"1076031401527553_-_4206845801869316","scheme":"https:\/\/m.weibo.cn\/status\/G2S5C7Qig?mblogid=G2S5C7Qig&luicode=10000011&lfid=1076031401527553","mblog":{"created_at":"02-13","id":"4206845801869316","idstr":"4206845801869316","mid":"4206845801869316","can_edit":false,"text":"\u201c\u7687\u53d4\uff0c\u6211\u4eec\u81ea\u62cd\u8fd8\u9700\u8981\u6bd4\u5fc3\u201d \u200b\u200b\u200b","textLength":28,"source":"XiaoMiPhone\u5ba2\u6237\u7aef","favorited":false,"thumbnail_pic":"http:\/\/wx2.sinaimg.cn\/thumbnail\/53899d01ly1foeemhlpl6j20c808gaay.jpg","bmiddle_pic":"http:\/\/wx2.sinaimg.cn\/bmiddle\/53899d01ly1foeemhlpl6j20c808gaay.jpg","original_pic":"http:\/\/wx2.sinaimg.cn\/large\/53899d01ly1foeemhlpl6j20c808gaay.jpg","is_paid":false,"mblog_vip_type":0,"user":{"id":1401527553,"screen_name":"tombkeeper","profile_image_url":"https:\/\/tva2.sinaimg.cn\/crop.0.0.180.180.180\/53899d01jw8fcb9qpe7vbj2050050mx8.jpg","profile_url":"https:\/\/m.weibo.cn\/u\/1401527553?uid=1401527553&luicode=10000011&lfid=1076031401527553","statuses_count":15425,"verified":true,"verified_type":0,"verified_type_ext":1,"verified_reason":"\u77e5\u540d\u4e92\u8054\u7f51\u8d44\u8baf\u535a\u4e3b","close_blue_v":false,"description":"\u5fae\u535a\u672c\u5730\u8d44\u8baf\u535a\u4e3b\uff08\u521a\u679c\u5e03\u62c9\u67f4\u7ef4\u5c14\uff09","gender":"m","mbtype":12,"urank":48,"mbrank":6,"follow_me":false,"following":false,"followers_count":192533,"follow_count":277,"cover_image_phone":"https:\/\/tva1.sinaimg.cn\/crop.0.0.640.640.640\/549d0121tw1egm1kjly3jj20hs0hsq4f.jpg","avatar_hd":"https:\/\/ww2.sinaimg.cn\/orj480\/53899d01jw8fcb9qpe7vbj2050050mx8.jpg","like":false,"like_me":false,"badge":{"bind_taobao":1,"dzwbqlx_2016":1,"follow_whitelist_video":1,"hongbao_2018":1}},"reposts_count":7,"comments_count":28,"attitudes_count":83,"pending_approval_count":0,"isLongText":false,"visible":{"type":0,"list_id":0},"more_info_type":0,"content_auth":0,"edit_config":{"edited":false},"mblogtype":0,"bid":"G2S5C7Qig","pics":[{"pid":"53899d01ly1foeemhlpl6j20c808gaay","url":"https:\/\/wx2.sinaimg.cn\/orj360\/53899d01ly1foeemhlpl6j20c808gaay.jpg","size":"orj360","geo":{"width":390,"height":270,"croped":false},"large":{"size":"large","url":"https:\/\/wx2.sinaimg.cn\/large\/53899d01ly1foeemhlpl6j20c808gaay.jpg","geo":{"width":"440","height":"304","croped":false}}}]},"show_type":0},{"card_type":9,"itemid":"1076031401527553_-_4206739752490576","scheme":"https:\/\/m.weibo.cn\/status\/G2PkzarUA?mblogid=G2PkzarUA&luicode=10000011&lfid=1076031401527553","mblog":{"created_at":"02-12","id":"4206739752490576","idstr":"4206739752490576","mid":"4206739752490576","can_edit":false,"text":"\u5927\u5bb6\u5410\u69fd\u5404\u81ea\u516c\u53f8\u5e74\u4f1a\u7684\u6c61\u3002\u4e00\u4e2a\u4eba\u8bf4\uff1a\u201c\u6211\u8001\u5a46\u4e00\u76f4\u4e0d\u77e5\u9053\u5979\u7684 iPhone 6\uff0c\u662f\u6211\u8db4\u5728\u5973\u540c\u4e8b\u8eab\u4e0a\u505a\u4e86 10 \u4e2a\u4fef\u5367\u6491\u6362\u6765\u7684\u201d\u3002 \u200b\u200b\u200b","textLength":113,"source":"XiaoMiPhone\u5ba2\u6237\u7aef","favorited":false,"is_paid":false,"mblog_vip_type":0,"user":{"id":1401527553,"screen_name":"tombkeeper","profile_image_url":"https:\/\/tva2.sinaimg.cn\/crop.0.0.180.180.180\/53899d01jw8fcb9qpe7vbj2050050mx8.jpg","profile_url":"https:\/\/m.weibo.cn\/u\/1401527553?uid=1401527553&luicode=10000011&lfid=1076031401527553","statuses_count":15425,"verified":true,"verified_type":0,"verified_type_ext":1,"verified_reason":"\u77e5\u540d\u4e92\u8054\u7f51\u8d44\u8baf\u535a\u4e3b","close_blue_v":false,"description":"\u5fae\u535a\u672c\u5730\u8d44\u8baf\u535a\u4e3b\uff08\u521a\u679c\u5e03\u62c9\u67f4\u7ef4\u5c14\uff09","gender":"m","mbtype":12,"urank":48,"mbrank":6,"follow_me":false,"following":false,"followers_count":192533,"follow_count":277,"cover_image_phone":"https:\/\/tva1.sinaimg.cn\/crop.0.0.640.640.640\/549d0121tw1egm1kjly3jj20hs0hsq4f.jpg","avatar_hd":"https:\/\/ww2.sinaimg.cn\/orj480\/53899d01jw8fcb9qpe7vbj2050050mx8.jpg","like":false,"like_me":false,"badge":{"bind_taobao":1,"dzwbqlx_2016":1,"follow_whitelist_video":1,"hongbao_2018":1}},"reposts_count":54,"comments_count":62,"attitudes_count":162,"pending_approval_count":0,"isLongText":false,"visible":{"type":0,"list_id":0},"more_info_type":0,"content_auth":0,"edit_config":{"edited":false},"mblogtype":0,"bid":"G2PkzarUA"},"show_type":0},{"card_type":9,"itemid":"1076031401527553_-_4206696606238162","scheme":"https:\/\/m.weibo.cn\/status\/G2OcYqaPw?mblogid=G2OcYqaPw&luicode=10000011&lfid=1076031401527553","mblog":{"created_at":"02-12","id":"4206696606238162","idstr":"4206696606238162","mid":"4206696606238162","can_edit":false,"text":"\u201c\u5c0f\u732a\u541b\u201d\u7ed8\u5236\u7684\u6625\u8282\u6c11\u4fd7\u63d2\u753b\uff1a<a data-url=\"http:\/\/t.cn\/RRIn9vm\" target=\"_blank\" href=\"https:\/\/weibo.cn\/sinaurl\/blocked3700abcb?luicode=10000011&lfid=1076031401527553&u=https%3A%2F%2Fshijue.me%2Fcommunity%2Fphoto-details%2F45046a520f8d41ca975004d16d3c71cd_d&ep=G2OcYqaPw%252C1401527553%252CG2OcYqaPw%252C1401527553\" class=\"\"><span class=\"url-icon\"><img src=\"\/\/h5.sinaimg.cn\/upload\/2015\/09\/25\/3\/timeline_card_small_web_default.png\"><\/span><\/i><span class=\"surl-text\">\u7f51\u9875\u94fe\u63a5<\/a> <a data-url=\"http:\/\/t.cn\/RRMOSPX\" target=\"_blank\" href=\"https:\/\/weibo.cn\/sinaurl\/blocked0b86149b?luicode=10000011&lfid=1076031401527553&u=https%3A%2F%2Fshijue.me%2Fcommunity%2Fphoto-details%2F6a465a4fc24043308dda0051384722c8_d&ep=G2OcYqaPw%252C1401527553%252CG2OcYqaPw%252C1401527553\" class=\"\"><span class=\"url-icon\"><img src=\"\/\/h5.sinaimg.cn\/upload\/2015\/09\/25\/3\/timeline_card_small_web_default.png\"><\/span><\/i><span class=\"surl-text\">\u7f51\u9875\u94fe\u63a5<\/a> <a data-url=\"http:\/\/t.cn\/RRMOSP6\" target=\"_blank\" href=\"https:\/\/weibo.cn\/sinaurl\/blocked5cd993cd?luicode=10000011&lfid=1076031401527553&u=https%3A%2F%2Fshijue.me%2Fcommunity%2Fphoto-details%2F1dcca317c4d049d6bc9321124abd4109_d&ep=G2OcYqaPw%252C1401527553%252CG2OcYqaPw%252C1401527553\" class=\"\"><span class=\"url-icon\"><img src=\"\/\/h5.sinaimg.cn\/upload\/2015\/09\/25\/3\/timeline_card_small_web_default.png\"><\/span><\/i><span class=\"surl-text\">\u7f51\u9875\u94fe\u63a5<\/a> \u200b\u200b\u200b","textLength":89,"source":"\u5fae\u535a weibo.com","favorited":false,"thumbnail_pic":"http:\/\/wx3.sinaimg.cn\/thumbnail\/53899d01ly1fodxfm1afij20m80q6n2y.jpg","bmiddle_pic":"http:\/\/wx3.sinaimg.cn\/bmiddle\/53899d01ly1fodxfm1afij20m80q6n2y.jpg","original_pic":"http:\/\/wx3.sinaimg.cn\/large\/53899d01ly1fodxfm1afij20m80q6n2y.jpg","is_paid":false,"mblog_vip_type":0,"user":{"id":1401527553,"screen_name":"tombkeeper","profile_image_url":"https:\/\/tva2.sinaimg.cn\/crop.0.0.180.180.180\/53899d01jw8fcb9qpe7vbj2050050mx8.jpg","profile_url":"https:\/\/m.weibo.cn\/u\/1401527553?uid=1401527553&luicode=10000011&lfid=1076031401527553","statuses_count":15425,"verified":true,"verified_type":0,"verified_type_ext":1,"verified_reason":"\u77e5\u540d\u4e92\u8054\u7f51\u8d44\u8baf\u535a\u4e3b","close_blue_v":false,"description":"\u5fae\u535a\u672c\u5730\u8d44\u8baf\u535a\u4e3b\uff08\u521a\u679c\u5e03\u62c9\u67f4\u7ef4\u5c14\uff09","gender":"m","mbtype":12,"urank":48,"mbrank":6,"follow_me":false,"following":false,"followers_count":192533,"follow_count":277,"cover_image_phone":"https:\/\/tva1.sinaimg.cn\/crop.0.0.640.640.640\/549d0121tw1egm1kjly3jj20hs0hsq4f.jpg","avatar_hd":"https:\/\/ww2.sinaimg.cn\/orj480\/53899d01jw8fcb9qpe7vbj2050050mx8.jpg","like":false,"like_me":false,"badge":{"bind_taobao":1,"dzwbqlx_2016":1,"follow_whitelist_video":1,"hongbao_2018":1}},"reposts_count":53,"comments_count":9,"attitudes_count":60,"pending_approval_count":0,"isLongText":false,"visible":{"type":0,"list_id":0},"more_info_type":0,"content_auth":0,"edit_config":{"edited":false},"mblogtype":0,"bid":"G2OcYqaPw","pics":[{"pid":"53899d01ly1fodxfm1afij20m80q6n2y","url":"https:\/\/wx3.sinaimg.cn\/orj360\/53899d01ly1fodxfm1afij20m80q6n2y.jpg","size":"orj360","geo":{"width":360,"height":423,"croped":false},"large":{"size":"large","url":"https:\/\/wx3.sinaimg.cn\/large\/53899d01ly1fodxfm1afij20m80q6n2y.jpg","geo":{"width":"800","height":"942","croped":false}}},{"pid":"53899d01ly1fodxfnx6h2j20m80q6grc","url":"https:\/\/wx2.sinaimg.cn\/orj360\/53899d01ly1fodxfnx6h2j20m80q6grc.jpg","size":"orj360","geo":{"width":360,"height":423,"croped":false},"large":{"size":"large","url":"https:\/\/wx2.sinaimg.cn\/large\/53899d01ly1fodxfnx6h2j20m80q6grc.jpg","geo":{"width":"800","height":"942","croped":false}}},{"pid":"53899d01ly1fodxfp3gcvj20m80q679b","url":"https:\/\/wx1.sinaimg.cn\/orj360\/53899d01ly1fodxfp3gcvj20m80q679b.jpg","size":"orj360","geo":{"width":360,"height":423,"croped":false},"large":{"size":"large","url":"https:\/\/wx1.sinaimg.cn\/large\/53899d01ly1fodxfp3gcvj20m80q679b.jpg","geo":{"width":"800","height":"942","croped":false}}},{"pid":"53899d01ly1fodxfqo6ucj20m80q6n3w","url":"https:\/\/wx2.sinaimg.cn\/orj360\/53899d01ly1fodxfqo6ucj20m80q6n3w.jpg","size":"orj360","geo":{"width":360,"height":423,"croped":false},"large":{"size":"large","url":"https:\/\/wx2.sinaimg.cn\/large\/53899d01ly1fodxfqo6ucj20m80q6n3w.jpg","geo":{"width":"800","height":"942","croped":false}}},{"pid":"53899d01ly1fodxft6hdnj20m80q6dlp","url":"https:\/\/wx1.sinaimg.cn\/orj360\/53899d01ly1fodxft6hdnj20m80q6dlp.jpg","size":"orj360","geo":{"width":360,"height":423,"croped":false},"large":{"size":"large","url":"https:\/\/wx1.sinaimg.cn\/large\/53899d01ly1fodxft6hdnj20m80q6dlp.jpg","geo":{"width":"800","height":"942","croped":false}}},{"pid":"53899d01ly1fodxfrszqjj20m80q6n2f","url":"https:\/\/wx1.sinaimg.cn\/orj360\/53899d01ly1fodxfrszqjj20m80q6n2f.jpg","size":"orj360","geo":{"width":360,"height":423,"croped":false},"large":{"size":"large","url":"https:\/\/wx1.sinaimg.cn\/large\/53899d01ly1fodxfrszqjj20m80q6n2f.jpg","geo":{"width":"800","height":"942","croped":false}}},{"pid":"53899d01ly1fodxfv2weuj20m80q6tdx","url":"https:\/\/wx4.sinaimg.cn\/orj360\/53899d01ly1fodxfv2weuj20m80q6tdx.jpg","size":"orj360","geo":{"width":360,"height":423,"croped":false},"large":{"size":"large","url":"https:\/\/wx4.sinaimg.cn\/large\/53899d01ly1fodxfv2weuj20m80q6tdx.jpg","geo":{"width":"800","height":"942","croped":false}}},{"pid":"53899d01ly1fodxfw779oj20m80q67an","url":"https:\/\/wx3.sinaimg.cn\/orj360\/53899d01ly1fodxfw779oj20m80q67an.jpg","size":"orj360","geo":{"width":360,"height":423,"croped":false},"large":{"size":"large","url":"https:\/\/wx3.sinaimg.cn\/large\/53899d01ly1fodxfw779oj20m80q67an.jpg","geo":{"width":"800","height":"942","croped":false}}},{"pid":"53899d01ly1fodxfxae85j20m80q6q8b","url":"https:\/\/wx1.sinaimg.cn\/orj360\/53899d01ly1fodxfxae85j20m80q6q8b.jpg","size":"orj360","geo":{"width":360,"height":423,"croped":false},"large":{"size":"large","url":"https:\/\/wx1.sinaimg.cn\/large\/53899d01ly1fodxfxae85j20m80q6q8b.jpg","geo":{"width":"800","height":"942","croped":false}}}]},"show_type":0},{"card_type":9,"itemid":"1076031401527553_-_4206592218092057","scheme":"https:\/\/m.weibo.cn\/status\/G2LuBxX73?mblogid=G2LuBxX73&luicode=10000011&lfid=1076031401527553","mblog":{"created_at":"02-12","id":"4206592218092057","idstr":"4206592218092057","mid":"4206592218092057","can_edit":false,"text":"\u201c\u9664\u519c\u6c11\u8d77\u4e49\u5916\uff0c\u4eba\u7c7b\u53f2\u4e0a\u4ece\u6ca1\u5728\u672a\u589e\u8fdb\u52b3\u52a8\u751f\u4ea7\u7387\u3001\u672a\u521b\u9020\u65b0\u8d22\u5bcc\u7684\u60c5\u51b5\u4e0b\uff0c\u4ec5\u4ec5\u901a\u8fc7\u5b58\u91cf\u8d22\u5bcc\u7684\u8f6c\u79fb\uff0c\u800c\u5b9e\u73b0\u6574\u4e2a\u793e\u4f1a\u9636\u5c42\u5728\u5982\u6b64\u77ed\u65f6\u95f4\u5185\u3001\u5982\u6b64\u5927\u89c4\u6a21\u7684\u7ed3\u6784\u8f6c\u6362\u3002\u201d \u200b\u200b\u200b","textLength":152,"source":"XiaoMiPhone\u5ba2\u6237\u7aef","favorited":false,"is_paid":false,"mblog_vip_type":0,"user":{"id":1401527553,"screen_name":"tombkeeper","profile_image_url":"https:\/\/tva2.sinaimg.cn\/crop.0.0.180.180.180\/53899d01jw8fcb9qpe7vbj2050050mx8.jpg","profile_url":"https:\/\/m.weibo.cn\/u\/1401527553?uid=1401527553&luicode=10000011&lfid=1076031401527553","statuses_count":15425,"verified":true,"verified_type":0,"verified_type_ext":1,"verified_reason":"\u77e5\u540d\u4e92\u8054\u7f51\u8d44\u8baf\u535a\u4e3b","close_blue_v":false,"description":"\u5fae\u535a\u672c\u5730\u8d44\u8baf\u535a\u4e3b\uff08\u521a\u679c\u5e03\u62c9\u67f4\u7ef4\u5c14\uff09","gender":"m","mbtype":12,"urank":48,"mbrank":6,"follow_me":false,"following":false,"followers_count":192533,"follow_count":277,"cover_image_phone":"https:\/\/tva1.sinaimg.cn\/crop.0.0.640.640.640\/549d0121tw1egm1kjly3jj20hs0hsq4f.jpg","avatar_hd":"https:\/\/ww2.sinaimg.cn\/orj480\/53899d01jw8fcb9qpe7vbj2050050mx8.jpg","like":false,"like_me":false,"badge":{"bind_taobao":1,"dzwbqlx_2016":1,"follow_whitelist_video":1,"hongbao_2018":1}},"reposts_count":41,"comments_count":35,"attitudes_count":97,"pending_approval_count":0,"isLongText":false,"visible":{"type":0,"list_id":0},"more_info_type":0,"content_auth":0,"edit_config":{"edited":false},"mblogtype":0,"bid":"G2LuBxX73"},"show_type":0},{"card_type":9,"itemid":"1076031401527553_-_4206329071770290","scheme":"https:\/\/m.weibo.cn\/status\/G2EEb7qx4?mblogid=G2EEb7qx4&luicode=10000011&lfid=1076031401527553","mblog":{"created_at":"02-11","id":"4206329071770290","idstr":"4206329071770290","mid":"4206329071770290","can_edit":false,"text":"\u6b66\u4fa0\u5c0f\u8bf4\u8d4b\u4e88\u6211\u4eec\u7684\u5e7b\u60f3\uff0c\u4e0d\u6b62\u5f71\u54cd\u4e86\u683c\u6597\u754c\uff0c\u4e5f\u5f71\u54cd\u4e86\u5b89\u5168\u6280\u672f\u754c\u3002\u5f88\u591a\u4eba\u5185\u5fc3\u6df1\u5904\u90fd\u5e0c\u671b\u5b58\u5728\u6c89\u9ed8\u4f4e\u8c03\u6de1\u6cca\u540d\u5229\u9690\u8ff9\u6f5c\u8e2a\u7684\u4e16\u5916\u9ad8\u4eba\u3002\u6240\u4ee5\uff0c\u5047\u626e\u6c89\u9ed8\u4f4e\u8c03\u6de1\u6cca\u540d\u5229\u9690\u8ff9\u6f5c\u8e2a\u7684\u4e16\u5916\u9ad8\u4eba\u5c31\u5f88\u5bb9\u6613\u8ba9\u8fd9\u4e9b\u6b66\u4fa0\u7231\u597d\u8005\u4eec\u4e0a\u5f53\u3002\u4f60\u7422\u78e8\u7422\u78e8\uff1a\u8fd9\u4e48\u6c89\u9ed8\u4f4e\u8c03\u6de1\u6cca\u540d\u5229\u9690\u8ff9\u6f5c\u8e2a\u7684\u4eba\uff0c\u600e\u4e48\u5c31\u8ba9\u4f60\u9047\u5230\u4e86\u5462\uff1f \u200b\u200b\u200b","textLength":264,"source":"\u5fae\u535a weibo.com","favorited":false,"is_paid":false,"mblog_vip_type":0,"user":{"id":1401527553,"screen_name":"tombkeeper","profile_image_url":"https:\/\/tva2.sinaimg.cn\/crop.0.0.180.180.180\/53899d01jw8fcb9qpe7vbj2050050mx8.jpg","profile_url":"https:\/\/m.weibo.cn\/u\/1401527553?uid=1401527553&luicode=10000011&lfid=1076031401527553","statuses_count":15425,"verified":true,"verified_type":0,"verified_type_ext":1,"verified_reason":"\u77e5\u540d\u4e92\u8054\u7f51\u8d44\u8baf\u535a\u4e3b","close_blue_v":false,"description":"\u5fae\u535a\u672c\u5730\u8d44\u8baf\u535a\u4e3b\uff08\u521a\u679c\u5e03\u62c9\u67f4\u7ef4\u5c14\uff09","gender":"m","mbtype":12,"urank":48,"mbrank":6,"follow_me":false,"following":false,"followers_count":192533,"follow_count":277,"cover_image_phone":"https:\/\/tva1.sinaimg.cn\/crop.0.0.640.640.640\/549d0121tw1egm1kjly3jj20hs0hsq4f.jpg","avatar_hd":"https:\/\/ww2.sinaimg.cn\/orj480\/53899d01jw8fcb9qpe7vbj2050050mx8.jpg","like":false,"like_me":false,"badge":{"bind_taobao":1,"dzwbqlx_2016":1,"follow_whitelist_video":1,"hongbao_2018":1}},"reposts_count":35,"comments_count":39,"attitudes_count":136,"pending_approval_count":0,"isLongText":false,"visible":{"type":0,"list_id":0},"more_info_type":0,"content_auth":0,"edit_config":{"edited":false},"mblogtype":0,"bid":"G2EEb7qx4"},"show_type":0},{"card_type":9,"itemid":"1076031401527553_-_4206274327891191","scheme":"https:\/\/m.weibo.cn\/status\/G2DdSx6Rh?mblogid=G2DdSx6Rh&luicode=10000011&lfid=1076031401527553","mblog":{"created_at":"02-11","id":"4206274327891191","idstr":"4206274327891191","mid":"4206274327891191","can_edit":false,"text":"\u53ef\u80fd\u4e0d\u662f\u94b1\u7684\u4e8b\u513f\u2026\u2026\u7f8e\u56fd\u6709\u4eba\u7edf\u8ba1\u8fc7\uff1a\u521d\u7ea7\u8857\u5934\u6bd2\u8d29\u7684\u6536\u5165\u6bd4\u5f53\u5730\u6700\u4f4e\u5de5\u8d44\u6807\u51c6\u8fd8\u8981\u4f4e\u5f88\u591a\u3002","source":"\u5fae\u535a weibo.com","favorited":false,"is_paid":false,"mblog_vip_type":0,"user":{"id":1401527553,"screen_name":"tombkeeper","profile_image_url":"https:\/\/tva2.sinaimg.cn\/crop.0.0.180.180.180\/53899d01jw8fcb9qpe7vbj2050050mx8.jpg","profile_url":"https:\/\/m.weibo.cn\/u\/1401527553?uid=1401527553&luicode=10000011&lfid=1076031401527553","statuses_count":15425,"verified":true,"verified_type":0,"verified_type_ext":1,"verified_reason":"\u77e5\u540d\u4e92\u8054\u7f51\u8d44\u8baf\u535a\u4e3b","close_blue_v":false,"description":"\u5fae\u535a\u672c\u5730\u8d44\u8baf\u535a\u4e3b\uff08\u521a\u679c\u5e03\u62c9\u67f4\u7ef4\u5c14\uff09","gender":"m","mbtype":12,"urank":48,"mbrank":6,"follow_me":false,"following":false,"followers_count":192533,"follow_count":277,"cover_image_phone":"https:\/\/tva1.sinaimg.cn\/crop.0.0.640.640.640\/549d0121tw1egm1kjly3jj20hs0hsq4f.jpg","avatar_hd":"https:\/\/ww2.sinaimg.cn\/orj480\/53899d01jw8fcb9qpe7vbj2050050mx8.jpg","like":false,"like_me":false,"badge":{"bind_taobao":1,"dzwbqlx_2016":1,"follow_whitelist_video":1,"hongbao_2018":1}},"retweeted_status":{"created_at":"02-11","id":"4206273106828518","idstr":"4206273106828518","mid":"4206273106828518","can_edit":false,"text":"\u5c71\u4e1c\u626b\u9ed1\u9664\u6076\u6253\u6389\u6d89\u9ed1\u6d89\u6076\u56e2\u4f19 597 \u4e2a\uff0c\u51bb\u7ed3\u6d89\u6848\u6b3e 1000 \u4f59\u4e07\u5143\u3002<br\/><br\/>\u8bf4\u660e\u5565\uff1f\u4e00\u4e2a\u56e2\u4f19\u5e73\u5747\u8fd8\u4e0d\u5230 2 \u4e07\u5757\uff0c\u6bd4\u6211\u4eec\u8fd9\u4e9b\u521b\u4e1a\u516c\u53f8\u8fd8\u60e8\u3002\u9ed1\u793e\u4f1a\u4e0d\u597d\u6df7\uff0c\u82e6\u6d77\u65e0\u8fb9\uff0c\u56de\u5934\u662f\u5cb8\u3002\u6709\u8fd9\u4e2a\u4f53\u529b\uff0c\u8fd8\u4e0d\u5982\u53bb\u9001\u5feb\u9012\u3002 \u200b\u200b\u200b","textLength":184,"source":"\u5fae\u535a weibo.com","favorited":false,"is_paid":false,"mblog_vip_type":0,"user":{"id":1577826897,"screen_name":"Fenng","profile_image_url":"https:\/\/tva3.sinaimg.cn\/crop.0.0.750.750.180\/5e0bba51jw8eznr420aofj20ku0kudgf.jpg","profile_url":"https:\/\/m.weibo.cn\/u\/1577826897?uid=1577826897&luicode=10000011&lfid=1076031401527553","statuses_count":25422,"verified":true,"verified_type":0,"verified_type_ext":1,"verified_reason":"\u300c\u5c0f\u9053\u6d88\u606f\u300d\u51fa\u54c1\u4eba","close_blue_v":false,"description":"\u624b\u827a\u4eba\uff0c\u5199\u5b57\u513f\u7684\u3002\u505a\u8fc7\u4e0d\u4f1a\u5199\u4ee3\u7801\u7684\u6c34\u8d27 CTO\u3002\u73b0\u5728\u6b63\u5728\u521b\u4e1a\u3002","gender":"m","mbtype":12,"urank":48,"mbrank":7,"follow_me":false,"following":false,"followers_count":1825690,"follow_count":3629,"cover_image_phone":"https:\/\/tva1.sinaimg.cn\/crop.0.0.640.640.640\/9d44112bjw1f1xl1c10tuj20hs0hs0tw.jpg","avatar_hd":"https:\/\/ww3.sinaimg.cn\/orj480\/5e0bba51jw8eznr420aofj20ku0kudgf.jpg","like":false,"like_me":false,"badge":{"bind_taobao":1,"self_media":1,"dzwbqlx_2016":1,"follow_whitelist_video":1,"hongbao_2018":1,"user_name_certificate":1}},"reposts_count":266,"comments_count":74,"attitudes_count":249,"pending_approval_count":0,"isLongText":false,"visible":{"type":0,"list_id":0},"more_info_type":0,"cardid":"vip_010","content_auth":0,"edit_config":{"edited":false},"bid":"G2DbUsEpo"},"reposts_count":59,"comments_count":45,"attitudes_count":77,"pending_approval_count":0,"isLongText":false,"visible":{"type":0,"list_id":0},"more_info_type":0,"content_auth":0,"edit_config":{"edited":false},"mblogtype":0,"obj_ext":"","raw_text":"\u53ef\u80fd\u4e0d\u662f\u94b1\u7684\u4e8b\u513f\u2026\u2026\u7f8e\u56fd\u6709\u4eba\u7edf\u8ba1\u8fc7\uff1a\u521d\u7ea7\u8857\u5934\u6bd2\u8d29\u7684\u6536\u5165\u6bd4\u5f53\u5730\u6700\u4f4e\u5de5\u8d44\u6807\u51c6\u8fd8\u8981\u4f4e\u5f88\u591a\u3002","bid":"G2DdSx6Rh"},"show_type":0}],"showAppTips":0,"scheme":"sinaweibo:\/\/cardlist?containerid=1076031401527553&extparam=&luicode=10000011&lfid=&featurecode="}}