{"ok":1,"data":{"cardlistInfo":{"containerid":"1076031401527553","v_p":42,"show_style":1,"total":15518,"page":50},"cards":[{"card_type":9,"itemid":"1076031401527553_-_3426465343489532","scheme":"https:\/\/m.weibo.cn\/status\/yb6u2eDMM?mblogid=yb6u2eDMM&luicode=10000011&lfid=1076031401527553","mblog":{"created_at":"2012-03-22","id":"3426465343489532","idstr":"3426465343489532","mid":"3426465343489532","can_edit":false,"text":"\u8001\u5a46\u8bf4\u7f51\u4e0a\u6709\u96c5\u57f9\u5976\u7c89\u5403\u51fa\u907f\u5b55\u5957\u7684\u6d88\u606f\u3002\u6211\u8ba9\u5979\u53bbgoogle\u641c\u7d22\u201c\u5976\u7c89 \u866b\u201d\u3002\u5979\u770b\u4e86\u641c\u7d22\u7ed3\u679c\u5927\u5403\u4e00\u60ca\uff1a\u539f\u6765\u7f8e\u7d20\u3001\u60e0\u6c0f\u3001\u591a\u7f8e\u6ecb\u3001\u660e\u6cbb\u2026\u2026\u6240\u6709\u8fdb\u53e3\u5976\u7c89\u90fd\u6709\u866b\u554a\uff01\u56fd\u4ea7\u5976\u7c89\u4e00\u6761\u8fd9\u6837\u7684\u6d88\u606f\u90fd\u6ca1\u6709\u554a\uff01\u4f60\u731c\uff1a\u8fd9\u662f\u56e0\u4e3a\u6240\u6709\u5916\u56fd\u5976\u7c89\u4f01\u4e1a\u6ee1\u751f\u4ea7\u7ebf\u90fd\u722c\u866b\u5b50\uff0c\u8fd8\u662f\u56e0\u4e3a\u6211\u671d\u5976\u7c89\u4f01\u4e1a\u516c\u5173\u90e8\u95e8\u667a\u6167\u8d85\u5353\uff1f \u200b\u200b\u200b","source":"\u5fae\u535a\u684c\u9762","favorited":false,"thumbnail_pic":"http:\/\/ww3.sinaimg.cn\/thumbnail\/53899d01jw1dr8t7xq5wtg.gif","bmiddle_pic":"http:\/\/ww3.sinaimg.cn\/bmiddle\/53899d01jw1dr8t7xq5wtg.gif","original_pic":"http:\/\/ww3.sinaimg.cn\/large\/53899d01jw1dr8t7xq5wtg.gif","is_paid":false,"mblog_vip_type":0,"user":{"id":1401527553,"screen_name":"tombkeeper","profile_image_url":"https:\/\/tva2.sinaimg.cn\/crop.0.0.180.180.180\/53899d01jw8fcb9qpe7vbj2050050mx8.jpg","profile_url":"https:\/\/m.weibo.cn\/u\/1401527553?uid=1401527553&luicode=10000011&lfid=1076031401527553","statuses_count":15425,"verified":true,"verified_type":0,"verified_type_ext":1,"verified_reason":"\u77e5\u540d\u4e92\u8054\u7f51\u8d44\u8baf\u535a\u4e3b","close_blue_v":false,"description":"\u5fae\u535a\u672c\u5730\u8d44\u8baf\u535a\u4e3b\uff08\u521a\u679c\u5e03\u62c9\u67f4\u7ef4\u5c14\uff09","gender":"m","mbtype":12,"urank":48,"mbrank":6,"follow_me":false,"following":false,"followers_count":192533,"follow_count":277,"cover_image_phone":"https:\/\/tva1.sinaimg.cn\/crop.0.0.640.640.640\/549d0121tw1egm1kjly3jj20hs0hsq4f.jpg","avatar_hd":"https:\/\/ww2.sinaimg.cn\/orj480\/53899d01jw8fcb9qpe7vbj2050050mx8.jpg","like":false,"like_me":false,"badge":{"bind_taobao":1,"dzwbqlx_2016":1,"follow_whitelist_video":1,"hongbao_2018":1}},"reposts_count":316,"comments_count":45,"attitudes_count":8,"pending_approval_count":0,"isLongText":false,"visible":{"type":0,"list_id":0},"more_info_type":0,"content_auth":0,"edit_config":{"edited":false},"mblogtype":0,"bid":"yb6u2eDMM","pics":[{"pid":"53899d01jw1dr8t7xq5wtg","url":"https:\/\/ww3.sinaimg.cn\/orj360\/53899d01jw1dr8t7xq5wtg.gif","size":"orj360","geo":false,"large":{"size":"large","url":"https:\/\/ww3.sinaimg.cn\/large\/53899d01jw1dr8t7xq5wtg.gif","geo":false}}]},"show_type":0},{"card_type":9,"itemid":"1076031401527553_-_3426445139706647","scheme":"https:\/\/m.weibo.cn\/status\/yb5XrEJ8P?mblogid=yb5XrEJ8P&luicode=10000011&lfid=1076031401527553","mblog":{"created_at":"2012-03-22","id":"3426445139706647","idstr":"3426445139706647","mid":"3426445139706647","can_edit":false,"text":"\u82f1\u56fd\u300a\u6bcf\u65e5\u90ae\u62a5\u300b\u6d88\u606f\uff1a\u201cWoman, 39, accused of breaking into house and raping man\u201d <a data-url=\"http:\/\/t.cn\/zOiaKsB\" target=\"_blank\" href=\"https:\/\/weibo.cn\/sinaurl\/blockeda177ad2c?luicode=10000011&lfid=1076031401527553&u=http%3A%2F%2Fwww.dailymail.co.uk%2Fnews%2Farticle-2118300%2FRebecca-Helen-Elder-accused-raping-man-breaking-house-stand-trial.html&ep=yb5XrEJ8P%252C1401527553%252Cyb5XrEJ8P%252C1401527553\" class=\"\"><span class=\"url-icon\"><img src=\"\/\/h5.sinaimg.cn\/upload\/2015\/09\/25\/3\/timeline_card_small_web_default.png\"><\/span><\/i><span class=\"surl-text\">\u7f51\u9875\u94fe\u63a5<\/a> \u200b\u200b\u200b","source":"\u5fae\u535a weibo.com","favorited":false,"is_paid":false,"mblog_vip_type":0,"user":{"id":1401527553,"screen_name":"tombkeeper","profile_image_url":"https:\/\/tva2.sinaimg.cn\/crop.0.0.180.180.180\/53899d01jw8fcb9qpe7vbj2050050mx8.jpg","profile_url":"https:\/\/m.weibo.cn\/u\/1401527553?uid=1401527553&luicode=10000011&lfid=1076031401527553","statuses_count":15425,"verified":true,"verified_type":0,"verified_type_ext":1,"verified_reason":"\u77e5\u540d\u4e92\u8054\u7f51\u8d44\u8baf\u535a\u4e3b","close_blue_v":false,"description":"\u5fae\u535a\u672c\u5730\u8d44\u8baf\u535a\u4e3b\uff08\u521a\u679c\u5e03\u62c9\u67f4\u7ef4\u5c14\uff09","gender":"m","mbtype":12,"urank":48,"mbrank":6,"follow_me":false,"following":false,"followers_count":192533,"follow_count":277,"cover_image_phone":"https:\/\/tva1.sinaimg.cn\/crop.0.0.640.640.640\/549d0121tw1egm1kjly3jj20hs0hsq4f.jpg","avatar_hd":"https:\/\/ww2.sinaimg.cn\/orj480\/53899d01jw8fcb9qpe7vbj2050050mx8.jpg","like":false,"like_me":false,"badge":{"bind_taobao":1,"dzwbqlx_2016":1,"follow_whitelist_video":1,"hongbao_2018":1}},"reposts_count":7,"comments_count":7,"attitudes_count":0,"pending_approval_count":0,"isLongText":false,"visible":{"type":0,"list_id":0},"more_info_type":0,"content_auth":0,"edit_config":{"edited":false},"mblogtype":0,"bid":"yb5XrEJ8P"},"show_type":0},{"card_type":9,"itemid":"1076031401527553_-_3426428203283965","scheme":"https:\/\/m.weibo.cn\/status\/yb5w8dMjb?mblogid=yb5w8dMjb&luicode=10000011&lfid=1076031401527553","mblog":{"created_at":"2012-03-22","id":"3426428203283965","idstr":"3426428203283965","mid":"3426428203283965","can_edit":false,"text":"\u540c\u610f<a href='https:\/\/m.weibo.cn\/n\/\u5927\u9c7c\u8bf4\u6f2b\u753b'>@\u5927\u9c7c\u8bf4\u6f2b\u753b<\/a> \u7684\u89c2\u70b9\u3002\u4f20\u7edf\u76f8\u58f0\u300a\u5173\u516c\u6218\u79e6\u743c\u300b\u3001\u300a\u7f57\u6210\u620f\u8c82\u8749\u300b\u3001\u300a\u5f20\u98de\u6253\u4e25\u5d69\u300b\u5c31\u662f\u4e00\u4e2a\u74f6\u4e09\u6837\u9152\u3002\u901a\u8fc7\u65e7\u74f6\u88c5\u65b0\u9152\u7684\u65b9\u5f0f\uff0c\u53ef\u4ee5\u521b\u4f5c\u9762\u5411\u5165\u95e8\u7ea7\u89c2\u4f17\u7684\u65b0\u6bb5\u5b50\uff0c\u8b6c\u5982\u300a\u7f57\u5bc6\u6b27\u5927\u6218\u6b27\u9633\u514b\u300b\u3002\u4f46\u539f\u6c41\u539f\u5473\u7684\u8001\u6bb5\u5b50\u4ecd\u5e94\u4e3a\u8d44\u6df1\u89c2\u4f17\u4fdd\u7559\u3002 \/\/<a href='https:\/\/m.weibo.cn\/n\/\u5927\u9c7c\u8bf4\u6f2b\u753b'>@\u5927\u9c7c\u8bf4\u6f2b\u753b<\/a>: \u5982\u679c\u5e0c\u671b\u73b0\u5728\u7684\u89c2\u4f17\u80fd\u542c\u61c2\uff0c\u90a3\u4e48\u521b\u4f5c\u65b0\u6bb5\u5b50\u5373\u53ef\uff0c","source":"\u5fae\u535a weibo.com","favorited":false,"is_paid":false,"mblog_vip_type":0,"user":{"id":1401527553,"screen_name":"tombkeeper","profile_image_url":"https:\/\/tva2.sinaimg.cn\/crop.0.0.180.180.180\/53899d01jw8fcb9qpe7vbj2050050mx8.jpg","profile_url":"https:\/\/m.weibo.cn\/u\/1401527553?uid=1401527553&luicode=10000011&lfid=1076031401527553","statuses_count":15425,"verified":true,"verified_type":0,"verified_type_ext":1,"verified_reason":"\u77e5\u540d\u4e92\u8054\u7f51\u8d44\u8baf\u535a\u4e3b","close_blue_v":false,"description":"\u5fae\u535a\u672c\u5730\u8d44\u8baf\u535a\u4e3b\uff08\u521a\u679c\u5e03\u62c9\u67f4\u7ef4\u5c14\uff09","gender":"m","mbtype":12,"urank":48,"mbrank":6,"follow_me":false,"following":false,"followers_count":192533,"follow_count":277,"cover_image_phone":"https:\/\/tva1.sinaimg.cn\/crop.0.0.640.640.640\/549d0121tw1egm1kjly3jj20hs0hsq4f.jpg","avatar_hd":"https:\/\/ww2.sinaimg.cn\/orj480\/53899d01jw8fcb9qpe7vbj2050050mx8.jpg","like":false,"like_me":false,"badge":{"bind_taobao":1,"dzwbqlx_2016":1,"follow_whitelist_video":1,"hongbao_2018":1}},"pid":3426420666131612,"retweeted_status":{"created_at":"2012-03-22","id":"3426419084034980","idstr":"3426419084034980","mid":"3426419084034980","can_edit":false,"text":"\u6211\u4e0d\u662f\u6b63\u7ecf\u66f2\u827a\u7231\u597d\u8005\uff0c\u4f46\u76f8\u58f0\u91cc\u7684\u5927\u6d3b\u771f\u5e94\u8be5\u6539\u4e00\u6539\u4e86\u3002\u5f53\u5e02\u9762\u4e0a\u5df2\u7ecf\u6ca1\u6709\u4eba\u90a3\u4e48\u6709\u8154\u6709\u8c03\u7684\u53eb\u5356\u65f6\uff0c\u5356\u5e03\u5934\u8fd9\u7c7b\u6bb5\u5b50\u5176\u5b9e\u5df2\u7ecf\u5931\u53bb\u4e86\u751f\u6d3b\u571f\u58e4\uff0c\u4e0d\u53ef\u4e50\u4e86\u3002\u56de\u56de\u8bb2\u5927\u4fdd\u9556\u7684\u65f6\u5019\uff0c\u8981\u7279\u610f\u89e3\u91ca\u4e00\u4e0b\u201c\u864e\u5cad\u201d\uff0c\u5176\u5b9e\u4e5f\u4e00\u6837\uff0c\u5f53\u5e74\u8bf4\u8d77\u864e\u5cad\u80af\u5b9a\u5f53\u573a\u5305\u88b1\u5c31\u5f00\u4e86\uff0c\u73b0\u5728\u4e5f\u662f\u6ca1\u751f\u6d3b\u571f\u58e4\uff0c\u8981\u8865\u8bdd\u3002 \u200b\u200b\u200b","source":"\u5fae\u535a weibo.com","favorited":false,"is_paid":false,"mblog_vip_type":0,"user":{"id":1678335165,"screen_name":"\u91cc\u516b\u795e","profile_image_url":"https:\/\/tvax3.sinaimg.cn\/crop.400.10.1058.1058.180\/64095cbdly8fky7xfdd7ij21hc0u07l9.jpg","profile_url":"https:\/\/m.weibo.cn\/u\/1678335165?uid=1678335165&luicode=10000011&lfid=1076031401527553","statuses_count":8279,"verified":true,"verified_type":0,"verified_type_ext":0,"verified_reason":"\u7f51\u7edc\u7384\u5e7b\u4f5c\u5bb6\uff0c\u4ee3\u8868\u4f5c\u300a\u767d\u8863\u738b\u8fa9\u4e0e\u72d0\u72f8\u300b","close_blue_v":false,"description":"\u6d6e\u4e16\u8270\u8f9b\u554a~","gender":"m","mbtype":2,"urank":43,"mbrank":6,"follow_me":false,"following":false,"followers_count":1972395,"follow_count":370,"cover_image_phone":"https:\/\/tva1.sinaimg.cn\/crop.0.0.640.640.640\/549d0121tw1egm1kjly3jj20hs0hsq4f.jpg","avatar_hd":"https:\/\/wx3.sinaimg.cn\/orj480\/64095cbdly8fky7xfdd7ij21hc0u07l9.jpg","like":false,"like_me":false,"badge":{"bind_taobao":1,"zongyiji":1,"dzwbqlx_2016":1,"follow_whitelist_video":1}},"reposts_count":28,"comments_count":36,"attitudes_count":0,"pending_approval_count":0,"isLongText":false,"visible":{"type":0,"list_id":0},"more_info_type":0,"content_auth":0,"edit_config":{"edited":false},"bid":"yb5hqgVGk"},"reposts_count":3,"comments_count":4,"attitudes_count":0,"pending_approval_count":0,"isLongText":false,"visible":{"type":0,"list_id":0},"more_info_type":0,"content_auth":0,"edit_config":{"edited":false},"mblogtype":0,"obj_ext":"","raw_text":"\u540c\u610f@\u5927\u9c7c\u8bf4\u6f2b\u753b \u7684\u89c2\u70b9\u3002\u4f20\u7edf\u76f8\u58f0\u300a\u5173\u516c\u6218\u79e6\u743c\u300b\u3001\u300a\u7f57\u6210\u620f\u8c82\u8749\u300b\u3001\u300a\u5f20\u98de\u6253\u4e25\u5d69\u300b\u5c31\u662f\u4e00\u4e2a\u74f6\u4e09\u6837\u9152\u3002\u901a\u8fc7\u65e7\u74f6\u88c5\u65b0\u9152\u7684\u65b9\u5f0f\uff0c\u53ef\u4ee5\u521b\u4f5c\u9762\u5411\u5165\u95e8\u7ea7\u89c2\u4f17\u7684\u65b0\u6bb5\u5b50\uff0c\u8b6c\u5982\u300a\u7f57\u5bc6\u6b27\u5927\u6218\u6b27\u9633\u514b\u300b\u3002\u4f46\u539f\u6c41\u539f\u5473\u7684\u8001\u6bb5\u5b50\u4ecd\u5e94\u4e3a\u8d44\u6df1\u89c2\u4f17\u4fdd\u7559\u3002 \/\/@\u5927\u9c7c\u8bf4\u6f2b\u753b: \u5982\u679c\u5e0c\u671b\u73b0\u5728\u7684\u89c2\u4f17\u80fd\u542c\u61c2\uff0c\u90a3\u4e48\u521b\u4f5c\u65b0\u6bb5\u5b50\u5373\u53ef\uff0c","bid":"yb5w8dMjb"},"show_type":0},{"card_type":9,"itemid":"1076031401527553_-_3426398377568190","scheme":"https:\/\/m.weibo.cn\/status\/yb4K1vKPA?mblogid=yb4K1vKPA&luicode=10000011&lfid=1076031401527553","mblog":{"created_at":"2012-03-22","id":"3426398377568190","idstr":"3426398377568190","mid":"3426398377568190","can_edit":false,"text":"\u542c\u4e86\u8096\u65b0\u5149\u5173\u4e8e\u667a\u80fd\u7ec8\u7aef\u548c\u9690\u79c1\u4fdd\u62a4\u7684\u6f14\u8bb2\uff0c\u5f88\u4e0d\u9519\u3002\u4ed6\u662f\u5916\u5f62\u548c\u5185\u5fc3\u4e0d\u5339\u914d\u7684\u5178\u578b\u3002\u6709\u7740\u674e\u9035\u5916\u8868\u7684\u5c0f\u6e05\u65b0\uff0c\u7528\u6587\u827a\u7684\u8bed\u8a00\u8bb2\u6280\u672f\u3002 \u200b\u200b\u200b","source":"S60\u5ba2\u6237\u7aef","favorited":false,"is_paid":false,"mblog_vip_type":0,"user":{"id":1401527553,"screen_name":"tombkeeper","profile_image_url":"https:\/\/tva2.sinaimg.cn\/crop.0.0.180.180.180\/53899d01jw8fcb9qpe7vbj2050050mx8.jpg","profile_url":"https:\/\/m.weibo.cn\/u\/1401527553?uid=1401527553&luicode=10000011&lfid=1076031401527553","statuses_count":15425,"verified":true,"verified_type":0,"verified_type_ext":1,"verified_reason":"\u77e5\u540d\u4e92\u8054\u7f51\u8d44\u8baf\u535a\u4e3b","close_blue_v":false,"description":"\u5fae\u535a\u672c\u5730\u8d44\u8baf\u535a\u4e3b\uff08\u521a\u679c\u5e03\u62c9\u67f4\u7ef4\u5c14\uff09","gender":"m","mbtype":12,"urank":48,"mbrank":6,"follow_me":false,"following":false,"followers_count":192533,"follow_count":277,"cover_image_phone":"https:\/\/tva1.sinaimg.cn\/crop.0.0.640.640.640\/549d0121tw1egm1kjly3jj20hs0hsq4f.jpg","avatar_hd":"https:\/\/ww2.sinaimg.cn\/orj480\/53899d01jw8fcb9qpe7vbj2050050mx8.jpg","like":false,"like_me":false,"badge":{"bind_taobao":1,"dzwbqlx_2016":1,"follow_whitelist_video":1,"hongbao_2018":1}},"reposts_count":22,"comments_count":15,"attitudes_count":1,"pending_approval_count":0,"isLongText":false,"visible":{"type":0,"list_id":0},"more_info_type":0,"content_auth":0,"edit_config":{"edited":false},"mblogtype":0,"bid":"yb4K1vKPA"},"show_type":0},{"card_type":9,"itemid":"1076031401527553_-_3426388680082015","scheme":"https:\/\/m.weibo.cn\/status\/yb4uo0lkP?mblogid=yb4uo0lkP&luicode=10000011&lfid=1076031401527553","mblog":{"created_at":"2012-03-22","id":"3426388680082015","idstr":"3426388680082015","mid":"3426388680082015","can_edit":false,"text":"\u8fd9\u662f\u53e6\u4e00\u79cd\u7acb\u5a01\u65b9\u5f0f\u3002","source":"S60\u5ba2\u6237\u7aef","favorited":false,"is_paid":false,"mblog_vip_type":0,"user":{"id":1401527553,"screen_name":"tombkeeper","profile_image_url":"https:\/\/tva2.sinaimg.cn\/crop.0.0.180.180.180\/53899d01jw8fcb9qpe7vbj2050050mx8.jpg","profile_url":"https:\/\/m.weibo.cn\/u\/1401527553?uid=1401527553&luicode=10000011&lfid=1076031401527553","statuses_count":15425,"verified":true,"verified_type":0,"verified_type_ext":1,"verified_reason":"\u77e5\u540d\u4e92\u8054\u7f51\u8d44\u8baf\u535a\u4e3b","close_blue_v":false,"description":"\u5fae\u535a\u672c\u5730\u8d44\u8baf\u535a\u4e3b\uff08\u521a\u679c\u5e03\u62c9\u67f4\u7ef4\u5c14\uff09","gender":"m","mbtype":12,"urank":48,"mbrank":6,"follow_me":false,"following":false,"followers_count":192533,"follow_count":277,"cover_image_phone":"https:\/\/tva1.sinaimg.cn\/crop.0.0.640.640.640\/549d0121tw1egm1kjly3jj20hs0hsq4f.jpg","avatar_hd":"https:\/\/ww2.sinaimg.cn\/orj480\/53899d01jw8fcb9qpe7vbj2050050mx8.jpg","like":false,"like_me":false,"badge":{"bind_taobao":1,"dzwbqlx_2016":1,"follow_whitelist_video":1,"hongbao_2018":1}},"pid":3426386432216939,"retweeted_status":{"created_at":"2012-03-22","id":"3426359735447456","idstr":"3426359735447456","mid":"3426359735447456","can_edit":false,"text":"\u3010\u7f8e\u519b\u51fa\u52a8\u56db\u67b6\u98de\u673a\u6551\u52a9\u4e24\u540d\u4e2d\u56fd\u6e14\u6c11\u3011\u7f8e\u56fd\u56fd\u52a1\u9662\u4e0b\u5c5e\u300a\u7f8e\u56fd\u53c2\u8003\u300b\u62a5\u9053\uff0c3\u67089\u65e5\uff0c\u4e00\u8258\u4e2d\u56fd\u6e14\u8239\u5728\u58a8\u897f\u54e5\u5916\u6d77\u7a81\u53d1\u706b\u707e\uff0c\u4e24\u540d\u6e14\u6c11\u4e25\u91cd\u70e7\u4f24\u3002\u63a5\u6d88\u606f\u540e\uff0c\u52a0\u5dde\u7a7a\u519b\u56fd\u6c11\u8b66\u536b\u961f\u51fa\u52a8\u4e86\u4e24\u67b6\u7a7a\u4e2d\u8fd0\u8f93\u52a0\u6cb9\u673a\u548c\u4e24\u67b6\u76f4\u5347\u673a\uff0c\u5c06\u56db\u5343\u591a\u516c\u91cc\u5916\u7684\u4e2d\u56fd\u8239\u5458\u8fd0\u5230\u7f8e\u56fd\u62a2\u6551\u3002\u8d1f\u8d23\u6551\u6cbb\u7684\u533b\u9662\u662f\u5168\u7f8e\u6c34\u5e73\u6700\u9ad8\u7684\u70e7\u4f24\u533b\u7597\u4e2d\u5fc3\u4e4b\u4e00\u3002 \u200b\u200b\u200b","source":"\u5fae\u535a weibo.com","favorited":false,"thumbnail_pic":"http:\/\/ww3.sinaimg.cn\/thumbnail\/624c6377gw1dr8h2xwevvj.jpg","bmiddle_pic":"http:\/\/ww3.sinaimg.cn\/bmiddle\/624c6377gw1dr8h2xwevvj.jpg","original_pic":"http:\/\/ww3.sinaimg.cn\/large\/624c6377gw1dr8h2xwevvj.jpg","is_paid":false,"mblog_vip_type":0,"user":{"id":1649173367,"screen_name":"\u6bcf\u65e5\u7ecf\u6d4e\u65b0\u95fb","profile_image_url":"https:\/\/tva1.sinaimg.cn\/crop.17.13.195.195.180\/624c6377gw1f2o7dkri5nj206d05vq38.jpg","profile_url":"https:\/\/m.weibo.cn\/u\/1649173367?uid=1649173367&luicode=10000011&lfid=1076031401527553","statuses_count":155379,"verified":true,"verified_type":3,"verified_type_ext":0,"verified_reason":"\u300a\u6bcf\u65e5\u7ecf\u6d4e\u65b0\u95fb\u300b\u5b98\u65b9\u5fae\u535a","close_blue_v":false,"description":"\u4e2d\u56fd\u4e3b\u6d41\u8d22\u7ecf\u5168\u5a92\u4f53\u3002\u6bcf\u7ecf\u7f51nbd.com.cn","gender":"m","mbtype":11,"urank":46,"mbrank":5,"follow_me":false,"following":false,"followers_count":30317623,"follow_count":2481,"cover_image_phone":"https:\/\/tva2.sinaimg.cn\/crop.0.0.0.0\/624c6377jw1ew5dltzh5gj20e60e83ys.jpg","avatar_hd":"https:\/\/ww1.sinaimg.cn\/orj480\/624c6377gw1f2o7dkri5nj206d05vq38.jpg","like":false,"like_me":false,"badge":{"enterprise":1,"self_media":1,"olympic_2016":1,"dzwbqlx_2016":1,"follow_whitelist_video":1,"suishoupai_2017":1,"super_star_2017":1,"hongbao_2018":1}},"reposts_count":834,"comments_count":374,"attitudes_count":0,"pending_approval_count":0,"isLongText":false,"visible":{"type":0,"list_id":0},"more_info_type":0,"content_auth":0,"edit_config":{"edited":false},"bid":"yb3JHmR8c","pics":[{"pid":"624c6377gw1dr8h2xwevvj","url":"https:\/\/ww3.sinaimg.cn\/orj360\/624c6377gw1dr8h2xwevvj.jpg","size":"orj360","geo":false,"large":{"size":"large","url":"https:\/\/ww3.sinaimg.cn\/large\/624c6377gw1dr8h2xwevvj.jpg","geo":false}}]},"reposts_count":15,"comments_count":5,"attitudes_count":0,"pending_approval_count":0,"isLongText":false,"visible":{"type":0,"list_id":0},"more_info_type":0,"content_auth":0,"edit_config":{"edited":false},"mblogtype":0,"obj_ext":"","raw_text":"\u8fd9\u662f\u53e6\u4e00\u79cd\u7acb\u5a01\u65b9\u5f0f\u3002","bid":"yb4uo0lkP"},"show_type":0},{"card_type":9,"itemid":"1076031401527553_-_3426356325514467","scheme":"https:\/\/m.weibo.cn\/status\/yb3Ecn8z1?mblogid=yb3Ecn8z1&luicode=10000011&lfid=1076031401527553","mblog":{"created_at":"2012-03-22","id":"3426356325514467","idstr":"3426356325514467","mid":"3426356325514467","can_edit":false,"text":"\u6211\u7814\u7a76\u4e86\u4e00\u4e0b\uff0c\u5fae\u8f6f\u90a3\u4e2a\u724c\u6597\u5730\u4e3b\u5176\u5b9e\u4e5f\u884c\u3002\u770b\u8fd9\u4e00\u624bDoS\u987a\u5b50\uff0c\u6015\u4e0d\u6015\uff01 \u200b\u200b\u200b","source":"S60\u5ba2\u6237\u7aef","favorited":false,"thumbnail_pic":"http:\/\/ww2.sinaimg.cn\/thumbnail\/53899d01jw1dr8gp6gofgj.jpg","bmiddle_pic":"http:\/\/ww2.sinaimg.cn\/bmiddle\/53899d01jw1dr8gp6gofgj.jpg","original_pic":"http:\/\/ww2.sinaimg.cn\/large\/53899d01jw1dr8gp6gofgj.jpg","is_paid":false,"mblog_vip_type":0,"user":{"id":1401527553,"screen_name":"tombkeeper","profile_image_url":"https:\/\/tva2.sinaimg.cn\/crop.0.0.180.180.180\/53899d01jw8fcb9qpe7vbj2050050mx8.jpg","profile_url":"https:\/\/m.weibo.cn\/u\/1401527553?uid=1401527553&luicode=10000011&lfid=1076031401527553","statuses_count":15425,"verified":true,"verified_type":0,"verified_type_ext":1,"verified_reason":"\u77e5\u540d\u4e92\u8054\u7f51\u8d44\u8baf\u535a\u4e3b","close_blue_v":false,"description":"\u5fae\u535a\u672c\u5730\u8d44\u8baf\u535a\u4e3b\uff08\u521a\u679c\u5e03\u62c9\u67f4\u7ef4\u5c14\uff09","gender":"m","mbtype":12,"urank":48,"mbrank":6,"follow_me":false,"following":false,"followers_count":192533,"follow_count":277,"cover_image_phone":"https:\/\/tva1.sinaimg.cn\/crop.0.0.640.640.640\/549d0121tw1egm1kjly3jj20hs0hsq4f.jpg","avatar_hd":"https:\/\/ww2.sinaimg.cn\/orj480\/53899d01jw8fcb9qpe7vbj2050050mx8.jpg","like":false,"like_me":false,"badge":{"bind_taobao":1,"dzwbqlx_2016":1,"follow_whitelist_video":1,"hongbao_2018":1}},"reposts_count":7,"comments_count":6,"attitudes_count":0,"pending_approval_count":0,"isLongText":false,"visible":{"type":0,"list_id":0},"more_info_type":0,"content_auth":0,"edit_config":{"edited":false},"mblogtype":0,"bid":"yb3Ecn8z1","pics":[{"pid":"53899d01jw1dr8gp6gofgj","url":"https:\/\/ww2.sinaimg.cn\/orj360\/53899d01jw1dr8gp6gofgj.jpg","size":"orj360","geo":false,"large":{"size":"large","url":"https:\/\/ww2.sinaimg.cn\/large\/53899d01jw1dr8gp6gofgj.jpg","geo":false}}]},"show_type":0},{"card_type":9,"itemid":"1076031401527553_-_3426339925673355","scheme":"https:\/\/m.weibo.cn\/status\/yb3dKnNTJ?mblogid=yb3dKnNTJ&luicode=10000011&lfid=1076031401527553","mblog":{"created_at":"2012-03-22","id":"3426339925673355","idstr":"3426339925673355","mid":"3426339925673355","can_edit":false,"text":"\u5148\u770b\u6210\u201c\u62db\u5904\u5973\u505a\u8fd0\u8425\u201d\uff0c\u4e00\u60ca\uff1b\u4ed4\u7ec6\u770b\uff0c\u5927\u60ca\u3002\u6211\u53c8\u60f3\u8d77\u5357\u65b9\u67d0\u7f51\u7edc\u516c\u53f8\u8001\u677f\u62db\u4eba\u3001\u63d0\u62d4\u7686\u8981\u770b\u516b\u5b57\u8ddf\u81ea\u5df1\u5408\u4e0d\u5408\u3002\u4f30\u8ba1\u4ed6\u4eecHR\u91cc\u6709\u4e00\u4e2a\u4e13\u95e8\u7684\u804c\u4f4d\u3002 \/\/<a href='https:\/\/m.weibo.cn\/n\/\u738b\u7ea2\u9633'>@\u738b\u7ea2\u9633<\/a>:[\u840c\u840c\u77f3\u5316]","source":"S60\u5ba2\u6237\u7aef","favorited":false,"is_paid":false,"mblog_vip_type":0,"user":{"id":1401527553,"screen_name":"tombkeeper","profile_image_url":"https:\/\/tva2.sinaimg.cn\/crop.0.0.180.180.180\/53899d01jw8fcb9qpe7vbj2050050mx8.jpg","profile_url":"https:\/\/m.weibo.cn\/u\/1401527553?uid=1401527553&luicode=10000011&lfid=1076031401527553","statuses_count":15425,"verified":true,"verified_type":0,"verified_type_ext":1,"verified_reason":"\u77e5\u540d\u4e92\u8054\u7f51\u8d44\u8baf\u535a\u4e3b","close_blue_v":false,"description":"\u5fae\u535a\u672c\u5730\u8d44\u8baf\u535a\u4e3b\uff08\u521a\u679c\u5e03\u62c9\u67f4\u7ef4\u5c14\uff09","gender":"m","mbtype":12,"urank":48,"mbrank":6,"follow_me":false,"following":false,"followers_count":192533,"follow_count":277,"cover_image_phone":"https:\/\/tva1.sinaimg.cn\/crop.0.0.640.640.640\/549d0121tw1egm1kjly3jj20hs0hsq4f.jpg","avatar_hd":"https:\/\/ww2.sinaimg.cn\/orj480\/53899d01jw8fcb9qpe7vbj2050050mx8.jpg","like":false,"like_me":false,"badge":{"bind_taobao":1,"dzwbqlx_2016":1,"follow_whitelist_video":1,"hongbao_2018":1}},"pid":3426332778373141,"retweeted_status":{"created_at":"2012-03-22","id":"3426331733977465","idstr":"3426331733977465","mid":"3426331733977465","can_edit":false,"text":"<a class='k' href='https:\/\/m.weibo.cn\/k\/%E6%99%BA%E5%BA%93%E8%AE%BA%E5%9D%9B?from=feed'>#\u667a\u5e93\u8bba\u575b#<\/a>\u738b\u5229\u6770\u8ba4\u4e3a\u8fd0\u8425\u4e3a\u738b\uff0c\u6700\u597d\u62db\u5904\u5973\u5ea7\u505a\u8fd0\u8425\uff0c\u751a\u81f3\u53ef\u4ee5\u62dbGAY\u8fdb\u5165\u516c\u53f8\uff0c\u4ed6\u4eec\u53ef\u4ee5\u589e\u52a0\u516c\u53f8\u591a\u6837\u5316\u5143\u7d20\u3002<a href='https:\/\/m.weibo.cn\/n\/\u521b\u65b0\u4e2d\u56fdDemoChina'>@\u521b\u65b0\u4e2d\u56fdDemoChina<\/a> \u200b\u200b\u200b","source":"\u5fae\u535a weibo.com","favorited":false,"is_paid":false,"mblog_vip_type":0,"user":{"id":1649252577,"screen_name":"\u521b\u4e1a\u90a6\u6742\u5fd7","profile_image_url":"https:\/\/tvax3.sinaimg.cn\/crop.66.38.891.891.180\/624d98e1ly8ff03xvpazaj20rs0rsaaj.jpg","profile_url":"https:\/\/m.weibo.cn\/u\/1649252577?uid=1649252577&luicode=10000011&lfid=1076031401527553","statuses_count":57637,"verified":true,"verified_type":3,"verified_type_ext":0,"verified_reason":"\u300a\u521b\u4e1a\u90a6\u300b\u6742\u5fd7\u5b98\u65b9\u5fae\u535a","close_blue_v":false,"description":"\u7cbe\u9009\u5173\u4e8e\u521b\u65b0\u3001\u79d1\u6280\u3001\u8d44\u672c\u3001\u7ba1\u7406\u7684\u6700\u65b0\u8d44\u8baf\u4e0e\u89c2\u70b9\u3002 \u5b98\u7f51\uff1awww.cyzone.cn \u5fae\u4fe1\u516c\u4f17\u53f7\uff1aichuangyebang \u5546\u4e1a\u5408\u4f5c\u8bf7\u52a0\u5fae\u4fe1\uff1abangcbd\uff0c13810169549","gender":"m","mbtype":2,"urank":48,"mbrank":6,"follow_me":false,"following":false,"followers_count":1299784,"follow_count":1820,"cover_image_phone":"https:\/\/tva1.sinaimg.cn\/crop.0.0.640.640.640\/549d0121tw1egm1kjly3jj20hs0hsq4f.jpg","avatar_hd":"https:\/\/wx3.sinaimg.cn\/orj480\/624d98e1ly8ff03xvpazaj20rs0rsaaj.jpg","like":false,"like_me":false,"badge":{"olympic_2016":1,"dzwbqlx_2016":1,"follow_whitelist_video":1,"hongbao_2018":1}},"reposts_count":78,"comments_count":38,"attitudes_count":0,"pending_approval_count":0,"isLongText":false,"visible":{"type":0,"list_id":0},"more_info_type":0,"content_auth":0,"edit_config":{"edited":false},"page_info":{"page_pic":{"url":"https:\/\/ww4.sinaimg.cn\/thumb180\/62c13fbagw1ethpg4e429j20c80963z9.jpg"},"page_url":"https:\/\/m.weibo.cn\/p\/index?containerid=10080876bb6c9e35d82e7b7c8ea5be87a9cfd3&extparam=%E6%99%BA%E5%BA%93%E8%AE%BA%E5%9D%9B&luicode=10000011&lfid=1076031401527553","page_title":"#\u667a\u5e93\u8bba\u575b#","content1":"","content2":"4\u4eba\u5173\u6ce8","type":"topic"},"bid":"yb30xgGIF"},"reposts_count":2,"comments_count":4,"attitudes_count":0,"pending_approval_count":0,"isLongText":false,"visible":{"type":0,"list_id":0},"more_info_type":0,"content_auth":0,"edit_config":{"edited":false},"mblogtype":0,"obj_ext":"","raw_text":"\u5148\u770b\u6210\u201c\u62db\u5904\u5973\u505a\u8fd0\u8425\u201d\uff0c\u4e00\u60ca\uff1b\u4ed4\u7ec6\u770b\uff0c\u5927\u60ca\u3002\u6211\u53c8\u60f3\u8d77\u5357\u65b9\u67d0\u7f51\u7edc\u516c\u53f8\u8001\u677f\u62db\u4eba\u3001\u63d0\u62d4\u7686\u8981\u770b\u516b\u5b57\u8ddf\u81ea\u5df1\u5408\u4e0d\u5408\u3002\u4f30\u8ba1\u4ed6\u4eecHR\u91cc\u6709\u4e00\u4e2a\u4e13\u95e8\u7684\u804c\u4f4d\u3002 \/\/@\u738b\u7ea2\u9633:[\u840c\u840c\u77f3\u5316]","bid":"yb3dKnNTJ"},"show_type":0},{"card_type":9,"itemid":"1076031401527553_-_3426326423896329","scheme":"https:\/\/m.weibo.cn\/status\/yb2RYglC1?mblogid=yb2RYglC1&luicode=10000011&lfid=1076031401527553","mblog":{"created_at":"2012-03-22","id":"3426326423896329","idstr":"3426326423896329","mid":"3426326423896329","can_edit":false,"text":"\u8c08\u4e0d\u4e0a\u6c34\u5e73\u9ad8\u4f4e\uff0c\u4e0d\u540c\u7684\u4eba\u505a\u4e0d\u540c\u7684\u4e8b\u800c\u5df2\u3002\u5f53\u5e74\u5fae\u8f6f\u62db\u5b89\u7684LSD\u7b49\u4e00\u7968\u4eba\u90fd\u5728john\u624b\u4e0b\uff0c\u800c\u5f88\u96be\u60f3\u8c61\u4ed6\u4eec\u4f1a\u670dtim\u7684\u7ba1\u7406\u3002 \/\/<a href='https:\/\/m.weibo.cn\/n\/Xaaaavior'>@Xaaaavior<\/a>:\u4e0a\u6b21\u53bb\u53c2\u52a0\u67d0\u4f01\u4e1a\u5ba3\u8bb2\u4f1a\u7684\u65f6\u5019\u4e5f\u6709\u9047\u5230\u6b63\u53cd\u4f8b\u5b50\u3002\u3002\u5f53\u65f6\u6df1\u5207\u611f\u53d7\u5230\uff0c\u6c34\u5e73\u679c\u7136\u662f\u9760\u8fd9\u4e2a\u4f53\u73b0\u51fa\u6765\u7684\u2026\u2026","source":"S60\u5ba2\u6237\u7aef","favorited":false,"is_paid":false,"mblog_vip_type":0,"user":{"id":1401527553,"screen_name":"tombkeeper","profile_image_url":"https:\/\/tva2.sinaimg.cn\/crop.0.0.180.180.180\/53899d01jw8fcb9qpe7vbj2050050mx8.jpg","profile_url":"https:\/\/m.weibo.cn\/u\/1401527553?uid=1401527553&luicode=10000011&lfid=1076031401527553","statuses_count":15425,"verified":true,"verified_type":0,"verified_type_ext":1,"verified_reason":"\u77e5\u540d\u4e92\u8054\u7f51\u8d44\u8baf\u535a\u4e3b","close_blue_v":false,"description":"\u5fae\u535a\u672c\u5730\u8d44\u8baf\u535a\u4e3b\uff08\u521a\u679c\u5e03\u62c9\u67f4\u7ef4\u5c14\uff09","gender":"m","mbtype":12,"urank":48,"mbrank":6,"follow_me":false,"following":false,"followers_count":192533,"follow_count":277,"cover_image_phone":"https:\/\/tva1.sinaimg.cn\/crop.0.0.640.640.640\/549d0121tw1egm1kjly3jj20hs0hsq4f.jpg","avatar_hd":"https:\/\/ww2.sinaimg.cn\/orj480\/53899d01jw8fcb9qpe7vbj2050050mx8.jpg","like":false,"like_me":false,"badge":{"bind_taobao":1,"dzwbqlx_2016":1,"follow_whitelist_video":1,"hongbao_2018":1}},"pid":3426323370440274,"retweeted_status":{"created_at":"2012-03-22","id":"3426322733213709","idstr":"3426322733213709","mid":"3426322733213709","can_edit":false,"text":"\u4e0a\u5348\u6709\u4e24\u4e2a\u5fae\u8f6f\u7684\u6f14\u8bb2\uff0c\u5f8b\u5e08\u51fa\u8eab\u7684tim\u548c\u6280\u672f\u51fa\u8eab\u7684john\u3002\u5f88\u660e\u663etim\u7279\u522b\u6ce8\u610f\u53f0\u4e0b\u4eba\u7684\u53cd\u5e94\uff0c\u4f1a\u76f8\u5e94\u8c03\u6574\u8bed\u901f\u548c\u91cd\u97f3\uff0c\u4e5f\u8ba9\u540c\u4f20\u80fd\u8ddf\u4e0a\u3002john\u5219\u5177\u6709\u6211\u4eec\u6280\u672f\u4eba\u5458\u7684\u4e00\u6839\u7b4b\uff0c\u8bb2\u8d77\u6765\u6ed4\u6ed4\u4e0d\u7edd\u3002\u4e0d\u8fc7\u8fd8\u597d\u4ed6\u6ca1\u4ec0\u4e48\u53e3\u97f3\uff0c\u5410\u5b57\u4e5f\u6e05\u6670\u3002 \u200b\u200b\u200b","source":"S60\u5ba2\u6237\u7aef","favorited":false,"is_paid":false,"mblog_vip_type":0,"user":{"id":1401527553,"screen_name":"tombkeeper","profile_image_url":"https:\/\/tva2.sinaimg.cn\/crop.0.0.180.180.180\/53899d01jw8fcb9qpe7vbj2050050mx8.jpg","profile_url":"https:\/\/m.weibo.cn\/u\/1401527553?uid=1401527553&luicode=10000011&lfid=1076031401527553","statuses_count":15425,"verified":true,"verified_type":0,"verified_type_ext":1,"verified_reason":"\u77e5\u540d\u4e92\u8054\u7f51\u8d44\u8baf\u535a\u4e3b","close_blue_v":false,"description":"\u5fae\u535a\u672c\u5730\u8d44\u8baf\u535a\u4e3b\uff08\u521a\u679c\u5e03\u62c9\u67f4\u7ef4\u5c14\uff09","gender":"m","mbtype":12,"urank":48,"mbrank":6,"follow_me":false,"following":false,"followers_count":192533,"follow_count":277,"cover_image_phone":"https:\/\/tva1.sinaimg.cn\/crop.0.0.640.640.640\/549d0121tw1egm1kjly3jj20hs0hsq4f.jpg","avatar_hd":"https:\/\/ww2.sinaimg.cn\/orj480\/53899d01jw8fcb9qpe7vbj2050050mx8.jpg","like":false,"like_me":false,"badge":{"bind_taobao":1,"dzwbqlx_2016":1,"follow_whitelist_video":1,"hongbao_2018":1}},"reposts_count":5,"comments_count":0,"attitudes_count":0,"pending_approval_count":0,"isLongText":false,"visible":{"type":0,"list_id":0},"more_info_type":0,"content_auth":0,"edit_config":{"edited":false},"bid":"yb2M1du21"},"reposts_count":2,"comments_count":1,"attitudes_count":0,"pending_approval_count":0,"isLongText":false,"visible":{"type":0,"list_id":0},"more_info_type":0,"content_auth":0,"edit_config":{"edited":false},"mblogtype":0,"obj_ext":"","raw_text":"\u8c08\u4e0d\u4e0a\u6c34\u5e73\u9ad8\u4f4e\uff0c\u4e0d\u540c\u7684\u4eba\u505a\u4e0d\u540c\u7684\u4e8b\u800c\u5df2\u3002\u5f53\u5e74\u5fae\u8f6f\u62db\u5b89\u7684LSD\u7b49\u4e00\u7968\u4eba\u90fd\u5728john\u624b\u4e0b\uff0c\u800c\u5f88\u96be\u60f3\u8c61\u4ed6\u4eec\u4f1a\u670dtim\u7684\u7ba1\u7406\u3002 \/\/@Xaaaavior:\u4e0a\u6b21\u53bb\u53c2\u52a0\u67d0\u4f01\u4e1a\u5ba3\u8bb2\u4f1a\u7684\u65f6\u5019\u4e5f\u6709\u9047\u5230\u6b63\u53cd\u4f8b\u5b50\u3002\u3002\u5f53\u65f6\u6df1\u5207\u611f\u53d7\u5230\uff0c\u6c34\u5e73\u679c\u7136\u662f\u9760\u8fd9\u4e2a\u4f53\u73b0\u51fa\u6765\u7684\u2026\u2026","bid":"yb2RYglC1"},"show_type":0}],"showAppTips":0,"scheme":"sinaweibo:\/\/cardlist?containerid=1076031401527553&extparam=&luicode=10000011&lfid=&featurecode="}}