{"ok":1,"data":{"cardlistInfo":{"containerid":"1076031401527553","v_p":42,"show_style":1,"total":15518,"page":50},"cards":[{"card_type":9,"itemid":"1076031401527553_-_3423900077839474","scheme":"https:\/\/m.weibo.cn\/status\/ya1KvwTp8?mblogid=ya1KvwTp8&luicode=10000011&lfid=1076031401527553","mblog":{"created_at":"2012-03-15","id":"3423900077839474","idstr":"3423900077839474","mid":"3423900077839474","can_edit":false,"text":"\u6e29\u67d4\u6df1\u60c5\u53ef\u53bb\u6e29\u6696\u674e\u83ab\u6101\uff0c\u82b1\u82b1\u516c\u5b50\u9700\u4e2a\u88d8\u5343\u5c3a\u6765\u7ba1\u3002","source":"\u5fae\u535a weibo.com","favorited":false,"is_paid":false,"mblog_vip_type":0,"user":{"id":1401527553,"screen_name":"tombkeeper","profile_image_url":"https:\/\/tva2.sinaimg.cn\/crop.0.0.180.180.180\/53899d01jw8fcb9qpe7vbj2050050mx8.jpg","profile_url":"https:\/\/m.weibo.cn\/u\/1401527553?uid=1401527553&luicode=10000011&lfid=1076031401527553","statuses_count":15425,"verified":true,"verified_type":0,"verified_type_ext":1,"verified_reason":"\u77e5\u540d\u4e92\u8054\u7f51\u8d44\u8baf\u535a\u4e3b","close_blue_v":false,"description":"\u5fae\u535a\u672c\u5730\u8d44\u8baf\u535a\u4e3b\uff08\u521a\u679c\u5e03\u62c9\u67f4\u7ef4\u5c14\uff09","gender":"m","mbtype":12,"urank":48,"mbrank":6,"follow_me":false,"following":false,"followers_count":192533,"follow_count":277,"cover_image_phone":"https:\/\/tva1.sinaimg.cn\/crop.0.0.640.640.640\/549d0121tw1egm1kjly3jj20hs0hsq4f.jpg","avatar_hd":"https:\/\/ww2.sinaimg.cn\/orj480\/53899d01jw8fcb9qpe7vbj2050050mx8.jpg","like":false,"like_me":false,"badge":{"bind_taobao":1,"dzwbqlx_2016":1,"follow_whitelist_video":1,"hongbao_2018":1}},"retweeted_status":{"created_at":"2012-03-15","id":"3423887494587397","idstr":"3423887494587397","mid":"3423887494587397","can_edit":false,"text":"<a href='https:\/\/m.weibo.cn\/n\/\u5415\u5c0f\u9053\u513f'>@\u5415\u5c0f\u9053\u513f<\/a> \u8bf4\u6ee1\u6ee1\u5f53\u5f53\uff0c\u4e00\u4e2a\u6e29\u67d4\u6df1\u60c5\u578b\u4e00\u4e2a\u82b1\u82b1\u516c\u5b50\u578b\u3002\u5176\u5b9e\u6211\u6628\u5929\u8d70\u5728\u8def\u4e0a\u521a\u60f3\u8fc7\u8fd9\u4e2a\uff0c\u6211\u89c9\u5f97\u6ee1\u6ee1\u957f\u5927\u4e86\u9002\u5408\u5a36\u8d75\u654f\uff0c\u5f53\u5f53\u9002\u5408\u5a36\u5c0f\u662d\u90a3\u79cd\u7c7b\u578b\u7684\u3002 \u200b\u200b\u200b","source":"\u5fae\u535a weibo.com","favorited":false,"is_paid":false,"mblog_vip_type":0,"user":{"id":1750472575,"screen_name":"\u68e0\u68e3\u878d\u878d","profile_image_url":"https:\/\/tva1.sinaimg.cn\/crop.0.0.1080.1080.180\/6856177fjw8eh3lnvkl07j20u00u0759.jpg","profile_url":"https:\/\/m.weibo.cn\/u\/1750472575?uid=1750472575&luicode=10000011&lfid=1076031401527553","statuses_count":3090,"verified":false,"verified_type":-1,"close_blue_v":false,"description":"\u8349\u8349\u676f\u76d8\u4f9b\u7b11\u8bed\uff0c\u660f\u660f\u706f\u706b\u8bdd\u5e73\u751f\u3002","gender":"m","mbtype":0,"urank":37,"mbrank":0,"follow_me":false,"following":false,"followers_count":3461,"follow_count":574,"cover_image_phone":"https:\/\/tva1.sinaimg.cn\/crop.0.0.640.640.640\/549d0121tw1egm1kjly3jj20hs0hsq4f.jpg","avatar_hd":"https:\/\/ww1.sinaimg.cn\/orj480\/6856177fjw8eh3lnvkl07j20u00u0759.jpg","like":false,"like_me":false,"badge":{"vip_activity2":1,"dzwbqlx_2016":1,"follow_whitelist_video":1}},"reposts_count":1,"comments_count":1,"attitudes_count":0,"pending_approval_count":0,"isLongText":false,"visible":{"type":0,"list_id":0},"more_info_type":0,"content_auth":0,"edit_config":{"edited":false},"bid":"ya1qdjfoh"},"reposts_count":0,"comments_count":1,"attitudes_count":0,"pending_approval_count":0,"isLongText":false,"visible":{"type":0,"list_id":0},"more_info_type":0,"content_auth":0,"edit_config":{"edited":false},"mblogtype":0,"obj_ext":"","raw_text":"\u6e29\u67d4\u6df1\u60c5\u53ef\u53bb\u6e29\u6696\u674e\u83ab\u6101\uff0c\u82b1\u82b1\u516c\u5b50\u9700\u4e2a\u88d8\u5343\u5c3a\u6765\u7ba1\u3002","bid":"ya1KvwTp8"},"show_type":0},{"card_type":9,"itemid":"1076031401527553_-_3423899167498474","scheme":"https:\/\/m.weibo.cn\/status\/ya1J2vsH8?mblogid=ya1J2vsH8&luicode=10000011&lfid=1076031401527553","mblog":{"created_at":"2012-03-15","id":"3423899167498474","idstr":"3423899167498474","mid":"3423899167498474","can_edit":false,"text":"\u770b\u4e86\u8fd9\u4e2a\uff0c\u6211\u9996\u5148\u60f3\u5230\u7684\u662f\u90a3\u5e74<a href='https:\/\/m.weibo.cn\/n\/ibanmm'>@ibanmm<\/a> \u5531\u6b4c\u5f97\u4e00\u7b49\u5956\u7684\u4e8b\u3002\u7f6a\u8fc7\uff0c\u7f6a\u8fc7\u3002\/\/<a href='https:\/\/m.weibo.cn\/n\/\u53d8\u6001\u8fa3\u69122012'>@\u53d8\u6001\u8fa3\u69122012<\/a>: \u5eb7\u8273\u8273\u5728\u65b0\u7f51\u5740\u4e2d\u5df2\u7ecf\u98d9\u5347\u52308000\u591a\u7968\uff0c\u5c06\u7ade\u4e89\u8005\u8fdc\u8fdc\u629b\u5728\u8eab\u540e\uff0c\u8fd9\u4e00\u6b21\uff0c\u4e3b\u529e\u65b9\u8be5\u5982\u4f55\u5e94\u5bf9\u5462\u3002\u3002\u3002<span class=\"url-icon\"><img src=\"\/\/h5.sinaimg.cn\/m\/emoticon\/icon\/default\/d_sikao-7f3b022e72.png\" style=\"width:1em;height:1em;\" alt=\"[\u601d\u8003]\"><\/span>\/\/<a href='https:\/\/m.weibo.cn\/n\/\u674e\u94c1\u6839'>@\u674e\u94c1\u6839<\/a>: \u4ee5\u524d\u7684\u6295\u7968\u5730\u5740\u5df2\u7ecf\u762b\u75ea\uff0c\u6700\u65b0\u5730\u5740\uff1a<a data-url=\"http:\/\/t.cn\/zOMyhTb\" target=\"_blank\" href=\"https:\/\/weibo.cn\/sinaurl\/blocked93790140?luicode=10000011&lfid=1076031401527553&u=http%3A%2F%2Fwww2.lyd.com.cn%3A8080%2Fph.asp&ep=ya1J2vsH8%252C1401527553%252Cy9ZarqaHo%252C1680241201\" class=\"\"><span class=\"url-icon\"><img src=\"\/\/h5.sinaimg.cn\/upload\/2015\/09\/25\/3\/timeline_card_small_web_default.png\"><\/span><\/i><span class=\"surl-text\">\u7f51\u9875\u94fe\u63a5<\/a>","source":"\u5fae\u535a weibo.com","favorited":false,"is_paid":false,"mblog_vip_type":0,"user":{"id":1401527553,"screen_name":"tombkeeper","profile_image_url":"https:\/\/tva2.sinaimg.cn\/crop.0.0.180.180.180\/53899d01jw8fcb9qpe7vbj2050050mx8.jpg","profile_url":"https:\/\/m.weibo.cn\/u\/1401527553?uid=1401527553&luicode=10000011&lfid=1076031401527553","statuses_count":15425,"verified":true,"verified_type":0,"verified_type_ext":1,"verified_reason":"\u77e5\u540d\u4e92\u8054\u7f51\u8d44\u8baf\u535a\u4e3b","close_blue_v":false,"description":"\u5fae\u535a\u672c\u5730\u8d44\u8baf\u535a\u4e3b\uff08\u521a\u679c\u5e03\u62c9\u67f4\u7ef4\u5c14\uff09","gender":"m","mbtype":12,"urank":48,"mbrank":6,"follow_me":false,"following":false,"followers_count":192533,"follow_count":277,"cover_image_phone":"https:\/\/tva1.sinaimg.cn\/crop.0.0.640.640.640\/549d0121tw1egm1kjly3jj20hs0hsq4f.jpg","avatar_hd":"https:\/\/ww2.sinaimg.cn\/orj480\/53899d01jw8fcb9qpe7vbj2050050mx8.jpg","like":false,"like_me":false,"badge":{"bind_taobao":1,"dzwbqlx_2016":1,"follow_whitelist_video":1,"hongbao_2018":1}},"pid":3423892251214994,"retweeted_status":{"created_at":"2012-03-15","id":"3423800836237658","idstr":"3423800836237658","mid":"3423800836237658","can_edit":false,"text":"\u8d8a\u662f\u8eab\u5904\u55a7\u56a3\u8ff7\u4e71\u7684\u5c18\u4e16\uff0c\u8d8a\u8981\u575a\u6301\u771f\u5b9e\u7684\u81ea\u5df1\u3002\u5728\u8fd9\u4e2a\u53bb\u4f2a\u5b58\u771f\u7684\u65e5\u5b50\uff0c\u4f38\u51fa\u4f60\u6709\u7231\u7684\u53cc\u624b\uff0c\u5e2e\u5fd9\u5728\u6d1b\u9633\u9996\u5c4a\u80f8\u6a21\u5927\u8d5b\u4e2d\u6295\u5eb7\u8273\u8273\u4e00\u7968\u5427\u3002<a data-url=\"http:\/\/t.cn\/zOIWgJk\" target=\"_blank\" href=\"https:\/\/weibo.cn\/sinaurl\/blocked211809ce?luicode=10000011&lfid=1076031401527553&u=http%3A%2F%2Fwww2.lyd.com.cn%2F20120302xhxm%2Fph.asp&ep=y9ZarqaHo%252C1680241201%252Cy9ZarqaHo%252C1680241201\" class=\"\"><span class=\"url-icon\"><img src=\"\/\/h5.sinaimg.cn\/upload\/2015\/09\/25\/3\/timeline_card_small_web_default.png\"><\/span><\/i><span class=\"surl-text\">\u7f51\u9875\u94fe\u63a5<\/a> \u200b\u200b\u200b","source":"\u5fae\u535a weibo.com","favorited":false,"thumbnail_pic":"http:\/\/ww2.sinaimg.cn\/thumbnail\/64267231jw1dr0b1kgh60j.jpg","bmiddle_pic":"http:\/\/ww2.sinaimg.cn\/bmiddle\/64267231jw1dr0b1kgh60j.jpg","original_pic":"http:\/\/ww2.sinaimg.cn\/large\/64267231jw1dr0b1kgh60j.jpg","is_paid":false,"mblog_vip_type":0,"user":{"id":1680241201,"screen_name":"\u674e\u94c1\u6839","profile_image_url":"https:\/\/tva2.sinaimg.cn\/crop.0.0.512.512.180\/64267231jw8esl86g2i6jj20e80e874z.jpg","profile_url":"https:\/\/m.weibo.cn\/u\/1680241201?uid=1680241201&luicode=10000011&lfid=1076031401527553","statuses_count":6042,"verified":true,"verified_type":0,"verified_type_ext":1,"verified_reason":"\u6625\u79cb\u5927\u68a6 \u8463\u4e8b\u957f\u79d8\u4e66","close_blue_v":false,"description":"\u6d2a\u5174\u7f69\u6211\u53bb\u6218\u6597\u3002","gender":"m","mbtype":12,"urank":48,"mbrank":7,"follow_me":false,"following":false,"followers_count":5126341,"follow_count":717,"cover_image_phone":"https:\/\/tva3.sinaimg.cn\/crop.0.0.640.640.640\/a1d3feabjw1ecatd6m582j20hs0hsdka.jpg","avatar_hd":"https:\/\/ww2.sinaimg.cn\/orj480\/64267231jw8esl86g2i6jj20e80e874z.jpg","like":false,"like_me":false,"badge":{"bind_taobao":1,"zongyiji":1,"dzwbqlx_2016":1,"follow_whitelist_video":1,"super_star_2017":1,"hongbao_2018":1}},"reposts_count":1557,"comments_count":661,"attitudes_count":11,"pending_approval_count":0,"isLongText":false,"visible":{"type":0,"list_id":0},"more_info_type":0,"content_auth":0,"edit_config":{"edited":false},"bid":"y9ZarqaHo","pics":[{"pid":"64267231jw1dr0b1kgh60j","url":"https:\/\/ww2.sinaimg.cn\/orj360\/64267231jw1dr0b1kgh60j.jpg","size":"orj360","geo":false,"large":{"size":"large","url":"https:\/\/ww2.sinaimg.cn\/large\/64267231jw1dr0b1kgh60j.jpg","geo":false}}]},"reposts_count":3,"comments_count":4,"attitudes_count":0,"pending_approval_count":0,"isLongText":false,"visible":{"type":0,"list_id":0},"more_info_type":0,"content_auth":0,"edit_config":{"edited":false},"mblogtype":0,"obj_ext":"","raw_text":"\u770b\u4e86\u8fd9\u4e2a\uff0c\u6211\u9996\u5148\u60f3\u5230\u7684\u662f\u90a3\u5e74@ibanmm \u5531\u6b4c\u5f97\u4e00\u7b49\u5956\u7684\u4e8b\u3002\u7f6a\u8fc7\uff0c\u7f6a\u8fc7\u3002\/\/@\u53d8\u6001\u8fa3\u69122012: \u5eb7\u8273\u8273\u5728\u65b0\u7f51\u5740\u4e2d\u5df2\u7ecf\u98d9\u5347\u52308000\u591a\u7968\uff0c\u5c06\u7ade\u4e89\u8005\u8fdc\u8fdc\u629b\u5728\u8eab\u540e\uff0c\u8fd9\u4e00\u6b21\uff0c\u4e3b\u529e\u65b9\u8be5\u5982\u4f55\u5e94\u5bf9\u5462\u3002\u3002\u3002[\u601d\u8003]\/\/@\u674e\u94c1\u6839: \u4ee5\u524d\u7684\u6295\u7968\u5730\u5740\u5df2\u7ecf\u762b\u75ea\uff0c\u6700\u65b0\u5730\u5740\uff1ahttp:\/\/t.cn\/zOMyhTb","bid":"ya1J2vsH8"},"show_type":0},{"card_type":9,"itemid":"1076031401527553_-_3423755890150890","scheme":"https:\/\/m.weibo.cn\/status\/y9XZX0DfI?mblogid=y9XZX0DfI&luicode=10000011&lfid=1076031401527553","mblog":{"created_at":"2012-03-15","id":"3423755890150890","idstr":"3423755890150890","mid":"3423755890150890","can_edit":false,"text":"\u4e3a\u4e00\u4e2a\u6f0f\u6d1e\u5229\u7528\u4ee3\u7801\uff0c\u90fd\u5f00\u59cb\u6512\u5956\u52b1\u57fa\u91d1\u4e86\u2026\u2026\u6211\u89c9\u5f97\u8fd9\u53ef\u4ee5\u7b97\u5b89\u5168\u53f2\u4e0a\u4e00\u4e2a\u91cc\u7a0b\u7891\uff0c\u6807\u5fd7\u7740\u5229\u7528\u6280\u672f\u7684\u610f\u4e49\u5df2\u7ecf\u81f3\u5c11\u548c\u6f0f\u6d1e\u672c\u8eab\u540c\u6837\u91cd\u8981\u3002","source":"\u5fae\u535a weibo.com","favorited":false,"is_paid":false,"mblog_vip_type":0,"user":{"id":1401527553,"screen_name":"tombkeeper","profile_image_url":"https:\/\/tva2.sinaimg.cn\/crop.0.0.180.180.180\/53899d01jw8fcb9qpe7vbj2050050mx8.jpg","profile_url":"https:\/\/m.weibo.cn\/u\/1401527553?uid=1401527553&luicode=10000011&lfid=1076031401527553","statuses_count":15425,"verified":true,"verified_type":0,"verified_type_ext":1,"verified_reason":"\u77e5\u540d\u4e92\u8054\u7f51\u8d44\u8baf\u535a\u4e3b","close_blue_v":false,"description":"\u5fae\u535a\u672c\u5730\u8d44\u8baf\u535a\u4e3b\uff08\u521a\u679c\u5e03\u62c9\u67f4\u7ef4\u5c14\uff09","gender":"m","mbtype":12,"urank":48,"mbrank":6,"follow_me":false,"following":false,"followers_count":192533,"follow_count":277,"cover_image_phone":"https:\/\/tva1.sinaimg.cn\/crop.0.0.640.640.640\/549d0121tw1egm1kjly3jj20hs0hsq4f.jpg","avatar_hd":"https:\/\/ww2.sinaimg.cn\/orj480\/53899d01jw8fcb9qpe7vbj2050050mx8.jpg","like":false,"like_me":false,"badge":{"bind_taobao":1,"dzwbqlx_2016":1,"follow_whitelist_video":1,"hongbao_2018":1}},"retweeted_status":{"created_at":"2012-03-15","id":"3423754166337952","idstr":"3423754166337952","mid":"3423754166337952","can_edit":false,"text":"\u67d0\u4eba\u8bf4\uff1a\u98a4\u6296\u5427 \u2026\u2026 <a data-url=\"http:\/\/t.cn\/zOIDK49\" target=\"_blank\" href=\"https:\/\/weibo.cn\/sinaurl\/blockedb73367c3?luicode=10000011&lfid=1076031401527553&u=http%3A%2F%2Fgun.io%2Fopen%2F48%2Fmetasploit-module-for-cve-2012-002&ep=y9XXaqAN2%252C1619185424%252Cy9XXaqAN2%252C1619185424\" class=\"\"><span class=\"url-icon\"><img src=\"\/\/h5.sinaimg.cn\/upload\/2015\/09\/25\/3\/timeline_card_small_web_default.png\"><\/span><\/i><span class=\"surl-text\">\u7f51\u9875\u94fe\u63a5<\/a> CVE2012-002 \u7684\u6f0f\u6d1e exploit \u51fa\u53d1\u4e86\u3002 \u200b\u200b\u200b","source":"\u5fae\u535a weibo.com","favorited":false,"is_paid":false,"mblog_vip_type":0,"user":{"id":1619185424,"screen_name":"sbilly","profile_image_url":"https:\/\/tva2.sinaimg.cn\/crop.0.0.249.249.180\/6082cf10gw1ei68nkvopuj206y06yaaf.jpg","profile_url":"https:\/\/m.weibo.cn\/u\/1619185424?uid=1619185424&luicode=10000011&lfid=1076031401527553","statuses_count":5143,"verified":false,"verified_type":-1,"close_blue_v":false,"description":"\u6000\u63e3\u68a6\u60f3\u7684\u5b9e\u7528\u4e3b\u4e49\u8005&lt;br\/&gt; \u50bb\u903c\u4e4b\u5904\u591a\u6279\u8bc4\uff0c\u725b\u903c\u4e4b\u5904\u591a\u8868\u626c\uff0c\u7edd\u4e0d\u88c5\u903c\u3002&lt;br\/&gt;","gender":"m","mbtype":0,"urank":28,"mbrank":0,"follow_me":false,"following":false,"followers_count":4087,"follow_count":1411,"cover_image_phone":"https:\/\/tva1.sinaimg.cn\/crop.0.0.640.640\/7c85468fjw1e8yqchu1r6j20hs0hs40q.jpg","avatar_hd":"https:\/\/ww2.sinaimg.cn\/orj480\/6082cf10gw1ei68nkvopuj206y06yaaf.jpg","like":false,"like_me":false},"reposts_count":58,"comments_count":8,"attitudes_count":0,"pending_approval_count":0,"isLongText":false,"visible":{"type":0,"list_id":0},"more_info_type":0,"content_auth":0,"edit_config":{"edited":false},"bid":"y9XXaqAN2"},"reposts_count":4,"comments_count":1,"attitudes_count":0,"pending_approval_count":0,"isLongText":false,"visible":{"type":0,"list_id":0},"more_info_type":0,"content_auth":0,"edit_config":{"edited":false},"mblogtype":0,"obj_ext":"","raw_text":"\u4e3a\u4e00\u4e2a\u6f0f\u6d1e\u5229\u7528\u4ee3\u7801\uff0c\u90fd\u5f00\u59cb\u6512\u5956\u52b1\u57fa\u91d1\u4e86\u2026\u2026\u6211\u89c9\u5f97\u8fd9\u53ef\u4ee5\u7b97\u5b89\u5168\u53f2\u4e0a\u4e00\u4e2a\u91cc\u7a0b\u7891\uff0c\u6807\u5fd7\u7740\u5229\u7528\u6280\u672f\u7684\u610f\u4e49\u5df2\u7ecf\u81f3\u5c11\u548c\u6f0f\u6d1e\u672c\u8eab\u540c\u6837\u91cd\u8981\u3002","bid":"y9XZX0DfI"},"show_type":0},{"card_type":9,"itemid":"1076031401527553_-_3423618954485506","scheme":"https:\/\/m.weibo.cn\/status\/y9Ur5iOSS?mblogid=y9Ur5iOSS&luicode=10000011&lfid=1076031401527553","mblog":{"created_at":"2012-03-14","id":"3423618954485506","idstr":"3423618954485506","mid":"3423618954485506","can_edit":false,"text":"\u6362\u5c3f\u7247\u770b\u4f3c\u7b80\u5355\uff0c\u5e38\u4eba\u96be\u8bc6\u5176\u4e2d\u5965\u4e49\u3002\u4e24\u811a\u8981\u4e0d\u4e01\u4e0d\u516b\uff0c\u5de6\u811a\u8e0f\u826e\u4f4d\uff0c\u53f3\u811a\u8e0f\u5764\u4f4d\u3002\u5207\u4e0d\u53ef\u9519\u8e0f\u574e\u4f4d\u3002\u574e\u4e3a\u6c34\uff0c\u8e0f\u4e0a\u6709\u5c3f\u4e00\u8eab\u4e4b\u865e\u3002\u624b\u5fc3\u865a\u63e1\uff0c\u62ac\u817f\u6258\u81c0\uff0c\u4e00\u7ffb\u4e00\u8986\u4e2d\u542b\u9634\u9633\u4e24\u4eea\u4e4b\u5a01\uff1b\u5c3f\u7247\u4e00\u6396\u4e00\u585e\uff0c\u624b\u6cd5\u6697\u5408\u4f11\u3001\u751f\u3001\u4f24\u3001\u675c\u3001\u666f\u3001\u6b7b\u3001\u60ca\u3001\u5f00\u516b\u95e8\u4e4b\u5999\u3002\u6362\u6bd5\uff0c\u4e3e\u5934\u56db\u987e\uff0c\u95ee\u4e00\u58f0\uff1a\u5929\u4e0b\u8c01\u662f\u82f1\u96c4\uff1f\u632f\u8863\u800c\u53bb\u3002 \u200b\u200b\u200b","source":"\u5fae\u535a weibo.com","favorited":false,"thumbnail_pic":"http:\/\/ww3.sinaimg.cn\/thumbnail\/53899d01jw1dqzq9e2og1j.jpg","bmiddle_pic":"http:\/\/ww3.sinaimg.cn\/bmiddle\/53899d01jw1dqzq9e2og1j.jpg","original_pic":"http:\/\/ww3.sinaimg.cn\/large\/53899d01jw1dqzq9e2og1j.jpg","is_paid":false,"mblog_vip_type":0,"user":{"id":1401527553,"screen_name":"tombkeeper","profile_image_url":"https:\/\/tva2.sinaimg.cn\/crop.0.0.180.180.180\/53899d01jw8fcb9qpe7vbj2050050mx8.jpg","profile_url":"https:\/\/m.weibo.cn\/u\/1401527553?uid=1401527553&luicode=10000011&lfid=1076031401527553","statuses_count":15425,"verified":true,"verified_type":0,"verified_type_ext":1,"verified_reason":"\u77e5\u540d\u4e92\u8054\u7f51\u8d44\u8baf\u535a\u4e3b","close_blue_v":false,"description":"\u5fae\u535a\u672c\u5730\u8d44\u8baf\u535a\u4e3b\uff08\u521a\u679c\u5e03\u62c9\u67f4\u7ef4\u5c14\uff09","gender":"m","mbtype":12,"urank":48,"mbrank":6,"follow_me":false,"following":false,"followers_count":192533,"follow_count":277,"cover_image_phone":"https:\/\/tva1.sinaimg.cn\/crop.0.0.640.640.640\/549d0121tw1egm1kjly3jj20hs0hsq4f.jpg","avatar_hd":"https:\/\/ww2.sinaimg.cn\/orj480\/53899d01jw8fcb9qpe7vbj2050050mx8.jpg","like":false,"like_me":false,"badge":{"bind_taobao":1,"dzwbqlx_2016":1,"follow_whitelist_video":1,"hongbao_2018":1}},"reposts_count":94,"comments_count":40,"attitudes_count":0,"pending_approval_count":0,"isLongText":false,"visible":{"type":0,"list_id":0},"more_info_type":0,"content_auth":0,"edit_config":{"edited":false},"mblogtype":0,"bid":"y9Ur5iOSS","pics":[{"pid":"53899d01jw1dqzq9e2og1j","url":"https:\/\/ww3.sinaimg.cn\/orj360\/53899d01jw1dqzq9e2og1j.jpg","size":"orj360","geo":false,"large":{"size":"large","url":"https:\/\/ww3.sinaimg.cn\/large\/53899d01jw1dqzq9e2og1j.jpg","geo":false}}]},"show_type":0},{"card_type":9,"itemid":"1076031401527553_-_3423609547095270","scheme":"https:\/\/m.weibo.cn\/status\/y9UbUtLNQ?mblogid=y9UbUtLNQ&luicode=10000011&lfid=1076031401527553","mblog":{"created_at":"2012-03-14","id":"3423609547095270","idstr":"3423609547095270","mid":"3423609547095270","can_edit":false,"text":"\u8001\u5a46\u8bf4\u5979\u4e00\u4e2a\u95fa\u871c\u8981\u53bb\u770b\u67d0\u5927\u5e08\uff0c\u6c42\u6307\u70b9\u59fb\u7f18\u3002\u6211\u8bf4\u770b\u90a3\u4e2a\u5927\u5e08\u662f\u51cc\u6668\u5c31\u8981\u53bb\u6392\u53f7\u7684\u5427\uff1f\u8001\u5a46\u8bf4\u8fd9\u6b21\u4e0d\u7528\uff0c\u5979\u4eec\u53c2\u52a0\u4e86\u4e00\u4e2a\u56e2\u8d2d\u3002\u56e2\u8d2d\u2026\u2026\u56e2\u8d2d\u2026\u2026\u56e2\u8d2d\u2026\u2026\u56e2\u8d2d\u2026\u2026\u56e2\u8d2d\u2026\u2026 \u200b\u200b\u200b","source":"\u5fae\u535a weibo.com","favorited":false,"is_paid":false,"mblog_vip_type":0,"user":{"id":1401527553,"screen_name":"tombkeeper","profile_image_url":"https:\/\/tva2.sinaimg.cn\/crop.0.0.180.180.180\/53899d01jw8fcb9qpe7vbj2050050mx8.jpg","profile_url":"https:\/\/m.weibo.cn\/u\/1401527553?uid=1401527553&luicode=10000011&lfid=1076031401527553","statuses_count":15425,"verified":true,"verified_type":0,"verified_type_ext":1,"verified_reason":"\u77e5\u540d\u4e92\u8054\u7f51\u8d44\u8baf\u535a\u4e3b","close_blue_v":false,"description":"\u5fae\u535a\u672c\u5730\u8d44\u8baf\u535a\u4e3b\uff08\u521a\u679c\u5e03\u62c9\u67f4\u7ef4\u5c14\uff09","gender":"m","mbtype":12,"urank":48,"mbrank":6,"follow_me":false,"following":false,"followers_count":192533,"follow_count":277,"cover_image_phone":"https:\/\/tva1.sinaimg.cn\/crop.0.0.640.640.640\/549d0121tw1egm1kjly3jj20hs0hsq4f.jpg","avatar_hd":"https:\/\/ww2.sinaimg.cn\/orj480\/53899d01jw8fcb9qpe7vbj2050050mx8.jpg","like":false,"like_me":false,"badge":{"bind_taobao":1,"dzwbqlx_2016":1,"follow_whitelist_video":1,"hongbao_2018":1}},"reposts_count":40,"comments_count":20,"attitudes_count":0,"pending_approval_count":0,"isLongText":false,"visible":{"type":0,"list_id":0},"more_info_type":0,"content_auth":0,"edit_config":{"edited":false},"mblogtype":0,"bid":"y9UbUtLNQ"},"show_type":0},{"card_type":9,"itemid":"1076031401527553_-_3423580736001280","scheme":"https:\/\/m.weibo.cn\/status\/y9TrrpbcQ?mblogid=y9TrrpbcQ&luicode=10000011&lfid=1076031401527553","mblog":{"created_at":"2012-03-14","id":"3423580736001280","idstr":"3423580736001280","mid":"3423580736001280","can_edit":false,"text":"Discovery\u540e\u6765\u5f04\u4e86\u597d\u51e0\u4e2a\u7c7b\u4f3c\u9898\u6750\u7684\uff0c\u6240\u4ee5\u4e5f\u4e0d\u6015\u4ed6\u95f9\uff0c\u8bf4\u63b0\u5c31\u63b0\u4e86\u3002\u8b6c\u5982\u4e07\u91cc\u72ec\u884c\u7684Survivorman\uff1b\u4e00\u8138\u4e25\u8083\u7684\u5927\u8001\u7c97\u548c\u56db\u5b63\u4e0d\u7a7f\u88e4\u5b50\u7684\u5b09\u76ae\u58eb\u7ec4\u5408\u7684\u201cDual Survivor\u201d\uff0c\u8fd8\u6709\u957f\u8138\u5e05\u54e5\u548c\u4ed6\u82f1\u56fd\u53e3\u97f3\u5ab3\u5987\u7ec4\u5408\u7684\u201cMan, Woman, Wild\u201d\u3002","source":"\u5fae\u535a weibo.com","favorited":false,"is_paid":false,"mblog_vip_type":0,"user":{"id":1401527553,"screen_name":"tombkeeper","profile_image_url":"https:\/\/tva2.sinaimg.cn\/crop.0.0.180.180.180\/53899d01jw8fcb9qpe7vbj2050050mx8.jpg","profile_url":"https:\/\/m.weibo.cn\/u\/1401527553?uid=1401527553&luicode=10000011&lfid=1076031401527553","statuses_count":15425,"verified":true,"verified_type":0,"verified_type_ext":1,"verified_reason":"\u77e5\u540d\u4e92\u8054\u7f51\u8d44\u8baf\u535a\u4e3b","close_blue_v":false,"description":"\u5fae\u535a\u672c\u5730\u8d44\u8baf\u535a\u4e3b\uff08\u521a\u679c\u5e03\u62c9\u67f4\u7ef4\u5c14\uff09","gender":"m","mbtype":12,"urank":48,"mbrank":6,"follow_me":false,"following":false,"followers_count":192533,"follow_count":277,"cover_image_phone":"https:\/\/tva1.sinaimg.cn\/crop.0.0.640.640.640\/549d0121tw1egm1kjly3jj20hs0hsq4f.jpg","avatar_hd":"https:\/\/ww2.sinaimg.cn\/orj480\/53899d01jw8fcb9qpe7vbj2050050mx8.jpg","like":false,"like_me":false,"badge":{"bind_taobao":1,"dzwbqlx_2016":1,"follow_whitelist_video":1,"hongbao_2018":1}},"retweeted_status":{"created_at":"2012-03-14","id":"3423579608085176","idstr":"3423579608085176","mid":"3423579608085176","can_edit":false,"text":"<a data-url=\"http:\/\/t.cn\/zOInKYK\" target=\"_blank\" href=\"https:\/\/weibo.cn\/sinaurl\/blockedeb4ac11b?luicode=10000011&lfid=1076031401527553&u=http%3A%2F%2Fwww.tmz.com%2F2012%2F03%2F13%2Fman-vs-wild-bear-grylls-fired-discovery-channel%2F&ep=y9TpCxVk4%252C1401527553%252Cy9TpCxVk4%252C1401527553\" class=\"\"><span class=\"url-icon\"><img src=\"\/\/h5.sinaimg.cn\/upload\/2015\/09\/25\/3\/timeline_card_small_web_default.png\"><\/span><\/i><span class=\"surl-text\">\u7f51\u9875\u94fe\u63a5<\/a> \u5c0f\u9053\u6d88\u606f\uff1aBear Grylls\u548cDiscovery Channel\u5e72\u8d77\u6765\u4e86\uff0c\u6240\u4ee5\u8457\u540d\u7684Man vs. Wild\u4f30\u8ba1\u8981\u505c\u64ad\u3002\u4e0d\u8fc7\u6211\u4e2a\u4eba\u89c9\u5f97\u65e0\u6240\u8c13\uff0c\u4ed6\u90a3\u8282\u76ee\u770b\u591a\u4e86\u5c31\u6ca1\u52b2\u4e86\u3002 \u200b\u200b\u200b","source":"\u5fae\u535a weibo.com","favorited":false,"thumbnail_pic":"http:\/\/ww1.sinaimg.cn\/thumbnail\/53899d01jw1dqzl8m5b6jj.jpg","bmiddle_pic":"http:\/\/ww1.sinaimg.cn\/bmiddle\/53899d01jw1dqzl8m5b6jj.jpg","original_pic":"http:\/\/ww1.sinaimg.cn\/large\/53899d01jw1dqzl8m5b6jj.jpg","is_paid":false,"mblog_vip_type":0,"user":{"id":1401527553,"screen_name":"tombkeeper","profile_image_url":"https:\/\/tva2.sinaimg.cn\/crop.0.0.180.180.180\/53899d01jw8fcb9qpe7vbj2050050mx8.jpg","profile_url":"https:\/\/m.weibo.cn\/u\/1401527553?uid=1401527553&luicode=10000011&lfid=1076031401527553","statuses_count":15425,"verified":true,"verified_type":0,"verified_type_ext":1,"verified_reason":"\u77e5\u540d\u4e92\u8054\u7f51\u8d44\u8baf\u535a\u4e3b","close_blue_v":false,"description":"\u5fae\u535a\u672c\u5730\u8d44\u8baf\u535a\u4e3b\uff08\u521a\u679c\u5e03\u62c9\u67f4\u7ef4\u5c14\uff09","gender":"m","mbtype":12,"urank":48,"mbrank":6,"follow_me":false,"following":false,"followers_count":192533,"follow_count":277,"cover_image_phone":"https:\/\/tva1.sinaimg.cn\/crop.0.0.640.640.640\/549d0121tw1egm1kjly3jj20hs0hsq4f.jpg","avatar_hd":"https:\/\/ww2.sinaimg.cn\/orj480\/53899d01jw8fcb9qpe7vbj2050050mx8.jpg","like":false,"like_me":false,"badge":{"bind_taobao":1,"dzwbqlx_2016":1,"follow_whitelist_video":1,"hongbao_2018":1}},"reposts_count":10,"comments_count":12,"attitudes_count":0,"pending_approval_count":0,"isLongText":false,"visible":{"type":0,"list_id":0},"more_info_type":0,"content_auth":0,"edit_config":{"edited":false},"bid":"y9TpCxVk4","pics":[{"pid":"53899d01jw1dqzl8m5b6jj","url":"https:\/\/ww1.sinaimg.cn\/orj360\/53899d01jw1dqzl8m5b6jj.jpg","size":"orj360","geo":false,"large":{"size":"large","url":"https:\/\/ww1.sinaimg.cn\/large\/53899d01jw1dqzl8m5b6jj.jpg","geo":false}}]},"reposts_count":1,"comments_count":1,"attitudes_count":0,"pending_approval_count":0,"isLongText":false,"visible":{"type":0,"list_id":0},"more_info_type":0,"content_auth":0,"edit_config":{"edited":false},"mblogtype":0,"obj_ext":"","raw_text":"Discovery\u540e\u6765\u5f04\u4e86\u597d\u51e0\u4e2a\u7c7b\u4f3c\u9898\u6750\u7684\uff0c\u6240\u4ee5\u4e5f\u4e0d\u6015\u4ed6\u95f9\uff0c\u8bf4\u63b0\u5c31\u63b0\u4e86\u3002\u8b6c\u5982\u4e07\u91cc\u72ec\u884c\u7684Survivorman\uff1b\u4e00\u8138\u4e25\u8083\u7684\u5927\u8001\u7c97\u548c\u56db\u5b63\u4e0d\u7a7f\u88e4\u5b50\u7684\u5b09\u76ae\u58eb\u7ec4\u5408\u7684\u201cDual Survivor\u201d\uff0c\u8fd8\u6709\u957f\u8138\u5e05\u54e5\u548c\u4ed6\u82f1\u56fd\u53e3\u97f3\u5ab3\u5987\u7ec4\u5408\u7684\u201cMan, Woman, Wild\u201d\u3002","bid":"y9TrrpbcQ"},"show_type":0},{"card_type":9,"itemid":"1076031401527553_-_3423579608085176","scheme":"https:\/\/m.weibo.cn\/status\/y9TpCxVk4?mblogid=y9TpCxVk4&luicode=10000011&lfid=1076031401527553","mblog":{"created_at":"2012-03-14","id":"3423579608085176","idstr":"3423579608085176","mid":"3423579608085176","can_edit":false,"text":"<a data-url=\"http:\/\/t.cn\/zOInKYK\" target=\"_blank\" href=\"https:\/\/weibo.cn\/sinaurl\/blockedeb4ac11b?luicode=10000011&lfid=1076031401527553&u=http%3A%2F%2Fwww.tmz.com%2F2012%2F03%2F13%2Fman-vs-wild-bear-grylls-fired-discovery-channel%2F&ep=y9TpCxVk4%252C1401527553%252Cy9TpCxVk4%252C1401527553\" class=\"\"><span class=\"url-icon\"><img src=\"\/\/h5.sinaimg.cn\/upload\/2015\/09\/25\/3\/timeline_card_small_web_default.png\"><\/span><\/i><span class=\"surl-text\">\u7f51\u9875\u94fe\u63a5<\/a> \u5c0f\u9053\u6d88\u606f\uff1aBear Grylls\u548cDiscovery Channel\u5e72\u8d77\u6765\u4e86\uff0c\u6240\u4ee5\u8457\u540d\u7684Man vs. Wild\u4f30\u8ba1\u8981\u505c\u64ad\u3002\u4e0d\u8fc7\u6211\u4e2a\u4eba\u89c9\u5f97\u65e0\u6240\u8c13\uff0c\u4ed6\u90a3\u8282\u76ee\u770b\u591a\u4e86\u5c31\u6ca1\u52b2\u4e86\u3002 \u200b\u200b\u200b","source":"\u5fae\u535a weibo.com","favorited":false,"thumbnail_pic":"http:\/\/ww1.sinaimg.cn\/thumbnail\/53899d01jw1dqzl8m5b6jj.jpg","bmiddle_pic":"http:\/\/ww1.sinaimg.cn\/bmiddle\/53899d01jw1dqzl8m5b6jj.jpg","original_pic":"http:\/\/ww1.sinaimg.cn\/large\/53899d01jw1dqzl8m5b6jj.jpg","is_paid":false,"mblog_vip_type":0,"user":{"id":1401527553,"screen_name":"tombkeeper","profile_image_url":"https:\/\/tva2.sinaimg.cn\/crop.0.0.180.180.180\/53899d01jw8fcb9qpe7vbj2050050mx8.jpg","profile_url":"https:\/\/m.weibo.cn\/u\/1401527553?uid=1401527553&luicode=10000011&lfid=1076031401527553","statuses_count":15425,"verified":true,"verified_type":0,"verified_type_ext":1,"verified_reason":"\u77e5\u540d\u4e92\u8054\u7f51\u8d44\u8baf\u535a\u4e3b","close_blue_v":false,"description":"\u5fae\u535a\u672c\u5730\u8d44\u8baf\u535a\u4e3b\uff08\u521a\u679c\u5e03\u62c9\u67f4\u7ef4\u5c14\uff09","gender":"m","mbtype":12,"urank":48,"mbrank":6,"follow_me":false,"following":false,"followers_count":192533,"follow_count":277,"cover_image_phone":"https:\/\/tva1.sinaimg.cn\/crop.0.0.640.640.640\/549d0121tw1egm1kjly3jj20hs0hsq4f.jpg","avatar_hd":"https:\/\/ww2.sinaimg.cn\/orj480\/53899d01jw8fcb9qpe7vbj2050050mx8.jpg","like":false,"like_me":false,"badge":{"bind_taobao":1,"dzwbqlx_2016":1,"follow_whitelist_video":1,"hongbao_2018":1}},"reposts_count":10,"comments_count":12,"attitudes_count":0,"pending_approval_count":0,"isLongText":false,"visible":{"type":0,"list_id":0},"more_info_type":0,"content_auth":0,"edit_config":{"edited":false},"mblogtype":0,"bid":"y9TpCxVk4","pics":[{"pid":"53899d01jw1dqzl8m5b6jj","url":"https:\/\/ww1.sinaimg.cn\/orj360\/53899d01jw1dqzl8m5b6jj.jpg","size":"orj360","geo":false,"large":{"size":"large","url":"https:\/\/ww1.sinaimg.cn\/large\/53899d01jw1dqzl8m5b6jj.jpg","geo":false}}]},"show_type":0},{"card_type":9,"itemid":"1076031401527553_-_3423565749999739","scheme":"https:\/\/m.weibo.cn\/status\/y9T3gFXo7?mblogid=y9T3gFXo7&luicode=10000011&lfid=1076031401527553","mblog":{"created_at":"2012-03-14","id":"3423565749999739","idstr":"3423565749999739","mid":"3423565749999739","can_edit":false,"text":"\u5176\u5b9e\u65e0\u8bba\u662f\u771f\u4e3a\u8815\u866b\u641e\u4e86\u4e00\u4e2a\u8bed\u8a00\uff0c\u8fd8\u662f\u81ea\u5df1\u641e\u4e86\u4e00\u4e2a\u8bed\u8a00\u5199\u8815\u866b\u65f6\u987a\u4fbf\u7528\u7528\uff0c\u518d\u6216\u8005\u7528\u4e86\u4e00\u4e2a\u5c0f\u4f17\u51b7\u95e8\u7684\u5f00\u53d1\u5de5\u5177\uff0c\u5bf9\u5199\u8fd9\u7c7b\u8815\u866b\u6765\u8bf4\uff0c\u5e76\u4e0d\u7279\u522b\u6070\u5f53\u3002\u56e0\u4e3a\u5199\u4e2a\u8815\u866b\uff0c\u5e76\u6ca1\u590d\u6742\u5230\u901a\u7528\u5f00\u53d1\u5de5\u5177\u6ee1\u8db3\u4e0d\u4e86\u7684\u5730\u6b65\uff0c\u800c\u8fd9\u6837\u505a\u53ef\u80fd\u6bd4\u7528\u901a\u7528\u8bed\u8a00\u66f4\u5bb9\u6613\u8fdb\u884c\u540c\u6e90\u6027\u5224\u5b9a\uff0c\u4ee5\u53ca\u8ffd\u67e5\u6e90\u5934\u3002","source":"\u5fae\u535a weibo.com","favorited":false,"is_paid":false,"mblog_vip_type":0,"user":{"id":1401527553,"screen_name":"tombkeeper","profile_image_url":"https:\/\/tva2.sinaimg.cn\/crop.0.0.180.180.180\/53899d01jw8fcb9qpe7vbj2050050mx8.jpg","profile_url":"https:\/\/m.weibo.cn\/u\/1401527553?uid=1401527553&luicode=10000011&lfid=1076031401527553","statuses_count":15425,"verified":true,"verified_type":0,"verified_type_ext":1,"verified_reason":"\u77e5\u540d\u4e92\u8054\u7f51\u8d44\u8baf\u535a\u4e3b","close_blue_v":false,"description":"\u5fae\u535a\u672c\u5730\u8d44\u8baf\u535a\u4e3b\uff08\u521a\u679c\u5e03\u62c9\u67f4\u7ef4\u5c14\uff09","gender":"m","mbtype":12,"urank":48,"mbrank":6,"follow_me":false,"following":false,"followers_count":192533,"follow_count":277,"cover_image_phone":"https:\/\/tva1.sinaimg.cn\/crop.0.0.640.640.640\/549d0121tw1egm1kjly3jj20hs0hsq4f.jpg","avatar_hd":"https:\/\/ww2.sinaimg.cn\/orj480\/53899d01jw8fcb9qpe7vbj2050050mx8.jpg","like":false,"like_me":false,"badge":{"bind_taobao":1,"dzwbqlx_2016":1,"follow_whitelist_video":1,"hongbao_2018":1}},"retweeted_status":{"created_at":"2012-03-14","id":"3423530408922178","idstr":"3423530408922178","mid":"3423530408922178","can_edit":false,"text":"\u641e\u6280\u672f\u7684\u6709\u7a7a\u53ef\u4ee5\u8bfb\u4e00\u8bfb\u8fd9\u7bc7\uff1a <a data-url=\"http:\/\/t.cn\/zOcePPm\" target=\"_blank\" href=\"https:\/\/weibo.cn\/sinaurl\/blockedfae42025?luicode=10000011&lfid=1076031401527553&u=http%3A%2F%2Fwww.securelist.com%2Fen%2Fblog%2F667%2FThe_Mystery_of_the_Duqu_Framework&ep=y9S8gBr46%252C1401527553%252Cy9S8gBr46%252C1401527553\" class=\"\"><span class=\"url-icon\"><img src=\"\/\/h5.sinaimg.cn\/upload\/2015\/09\/25\/3\/timeline_card_small_web_default.png\"><\/span><\/i><span class=\"surl-text\">\u7f51\u9875\u94fe\u63a5<\/a>\u3002\u4f5c\u8005\u8ba4\u4e3aDuqu\u8815\u866b\u4e0d\u662f\u7528\u4efb\u4f55\u5df2\u77e5\u7f16\u7a0b\u8bed\u8a00\u5199\u7684\uff0c\u50cf\u662f\u4f5c\u8005\u81ea\u5df1\u8bbe\u8ba1\u4e86\u4e00\u79cd\u65b0\u7684\u9762\u5411\u5bf9\u8c61\u7684\u8bed\u8a00\uff0c\u81f3\u5c11\u662f\u4e00\u79cd\u53ef\u751f\u6210C\u4ee3\u7801\u7684\u6846\u67b6\u3002\u4e3a\u5199\u4e2a\u8815\u866b\uff0c\u7adf\u7136\u641e\u4e86\u4e00\u79cd\u65b0\u7f16\u7a0b\u8bed\u8a00\u3002\u5f53\u7136\u8fd9\u5e76\u4e0d\u662f\u5fc5\u8981\u7684\u505a\u6cd5\uff0c\u4f46\u4ece\u4fa7\u9762\u53cd\u6620\u51faAPT\u9632\u5fa1\u4e00\u65b9\u7684\u5f62\u52bf\u6709\u591a\u4e25\u5cfb\u3002 \u200b\u200b\u200b","source":"\u5fae\u535a weibo.com","favorited":false,"is_paid":false,"mblog_vip_type":0,"user":{"id":1401527553,"screen_name":"tombkeeper","profile_image_url":"https:\/\/tva2.sinaimg.cn\/crop.0.0.180.180.180\/53899d01jw8fcb9qpe7vbj2050050mx8.jpg","profile_url":"https:\/\/m.weibo.cn\/u\/1401527553?uid=1401527553&luicode=10000011&lfid=1076031401527553","statuses_count":15425,"verified":true,"verified_type":0,"verified_type_ext":1,"verified_reason":"\u77e5\u540d\u4e92\u8054\u7f51\u8d44\u8baf\u535a\u4e3b","close_blue_v":false,"description":"\u5fae\u535a\u672c\u5730\u8d44\u8baf\u535a\u4e3b\uff08\u521a\u679c\u5e03\u62c9\u67f4\u7ef4\u5c14\uff09","gender":"m","mbtype":12,"urank":48,"mbrank":6,"follow_me":false,"following":false,"followers_count":192533,"follow_count":277,"cover_image_phone":"https:\/\/tva1.sinaimg.cn\/crop.0.0.640.640.640\/549d0121tw1egm1kjly3jj20hs0hsq4f.jpg","avatar_hd":"https:\/\/ww2.sinaimg.cn\/orj480\/53899d01jw8fcb9qpe7vbj2050050mx8.jpg","like":false,"like_me":false,"badge":{"bind_taobao":1,"dzwbqlx_2016":1,"follow_whitelist_video":1,"hongbao_2018":1}},"reposts_count":41,"comments_count":15,"attitudes_count":0,"pending_approval_count":0,"isLongText":false,"visible":{"type":0,"list_id":0},"more_info_type":0,"content_auth":0,"edit_config":{"edited":false},"bid":"y9S8gBr46"},"reposts_count":9,"comments_count":7,"attitudes_count":0,"pending_approval_count":0,"isLongText":false,"visible":{"type":0,"list_id":0},"more_info_type":0,"content_auth":0,"edit_config":{"edited":false},"mblogtype":0,"obj_ext":"","raw_text":"\u5176\u5b9e\u65e0\u8bba\u662f\u771f\u4e3a\u8815\u866b\u641e\u4e86\u4e00\u4e2a\u8bed\u8a00\uff0c\u8fd8\u662f\u81ea\u5df1\u641e\u4e86\u4e00\u4e2a\u8bed\u8a00\u5199\u8815\u866b\u65f6\u987a\u4fbf\u7528\u7528\uff0c\u518d\u6216\u8005\u7528\u4e86\u4e00\u4e2a\u5c0f\u4f17\u51b7\u95e8\u7684\u5f00\u53d1\u5de5\u5177\uff0c\u5bf9\u5199\u8fd9\u7c7b\u8815\u866b\u6765\u8bf4\uff0c\u5e76\u4e0d\u7279\u522b\u6070\u5f53\u3002\u56e0\u4e3a\u5199\u4e2a\u8815\u866b\uff0c\u5e76\u6ca1\u590d\u6742\u5230\u901a\u7528\u5f00\u53d1\u5de5\u5177\u6ee1\u8db3\u4e0d\u4e86\u7684\u5730\u6b65\uff0c\u800c\u8fd9\u6837\u505a\u53ef\u80fd\u6bd4\u7528\u901a\u7528\u8bed\u8a00\u66f4\u5bb9\u6613\u8fdb\u884c\u540c\u6e90\u6027\u5224\u5b9a\uff0c\u4ee5\u53ca\u8ffd\u67e5\u6e90\u5934\u3002","bid":"y9T3gFXo7"},"show_type":0}],"showAppTips":0,"scheme":"sinaweibo:\/\/cardlist?containerid=1076031401527553&extparam=&luicode=10000011&lfid=&featurecode="}}