{"ok":1,"data":{"cardlistInfo":{"containerid":"1076031401527553","v_p":42,"show_style":1,"total":15518,"page":50},"cards":[{"card_type":9,"itemid":"1076031401527553_-_3403632357789898","scheme":"https:\/\/m.weibo.cn\/status\/y1wuDwGvw?mblogid=y1wuDwGvw&luicode=10000011&lfid=1076031401527553","mblog":{"created_at":"2012-01-19","id":"3403632357789898","idstr":"3403632357789898","mid":"3403632357789898","can_edit":false,"text":"\u8fd9\u6848\u4f8b\u8bb2\u7684\u662f\u600e\u4e48\u89e3\u51b3WiFi\u5165\u4fb5\u4e2d\u6700\u5173\u952e\u7684\u90a3\u4e2a\u8ddd\u79bb\u95ee\u9898\u3002\u7834\u89e3\u52a0\u5bc6\u662f\u53e6\u4e00\u4e2a\u95ee\u9898\u3002\u5c31\u50cf\u8c08\u5230\u62d6\u5e93\u7684\u5371\u5bb3\u4f60\u4e5f\u4e00\u6837\u53ef\u4ee5\u95ee\uff1a\u4e07\u4e00\u4eba\u5bb6\u6570\u636e\u5e93\u52a0\u5bc6\u4e86\u600e\u4e48\u529e\uff1f\u662f\u4e2a\u597d\u95ee\u9898\uff0c\u4f46\u8fd9\u91cc\u8c08\u7684\u4e0d\u662f\u8fd9\u4e2a\u3002 \/\/<a href='https:\/\/m.weibo.cn\/n\/\u5434\u7433\u51491972'>@\u5434\u7433\u51491972<\/a>: \u5927\u6982\u7684\u610f\u601d\u77e5\u9053\u4e86\uff0c\u7528\u667a\u80fd\u673a\u505a\u8df3\u677f\uff0c\u4f46\u4e07\u4e00\u4f01\u4e1a\u5185\u7f51\u7684wifi\u6709\u63a5\u5165\u5bc6\u7801\u600e\u4e48\u529e\uff1f","source":"\u5fae\u535a weibo.com","favorited":false,"is_paid":false,"mblog_vip_type":0,"user":{"id":1401527553,"screen_name":"tombkeeper","profile_image_url":"https:\/\/tva2.sinaimg.cn\/crop.0.0.180.180.180\/53899d01jw8fcb9qpe7vbj2050050mx8.jpg","profile_url":"https:\/\/m.weibo.cn\/u\/1401527553?uid=1401527553&luicode=10000011&lfid=1076031401527553","statuses_count":15425,"verified":true,"verified_type":0,"verified_type_ext":1,"verified_reason":"\u77e5\u540d\u4e92\u8054\u7f51\u8d44\u8baf\u535a\u4e3b","close_blue_v":false,"description":"\u5fae\u535a\u672c\u5730\u8d44\u8baf\u535a\u4e3b\uff08\u521a\u679c\u5e03\u62c9\u67f4\u7ef4\u5c14\uff09","gender":"m","mbtype":12,"urank":48,"mbrank":6,"follow_me":false,"following":false,"followers_count":192533,"follow_count":277,"cover_image_phone":"https:\/\/tva1.sinaimg.cn\/crop.0.0.640.640.640\/549d0121tw1egm1kjly3jj20hs0hsq4f.jpg","avatar_hd":"https:\/\/ww2.sinaimg.cn\/orj480\/53899d01jw8fcb9qpe7vbj2050050mx8.jpg","like":false,"like_me":false,"badge":{"bind_taobao":1,"dzwbqlx_2016":1,"follow_whitelist_video":1,"hongbao_2018":1}},"pid":3403631283484595,"retweeted_status":{"created_at":"2012-01-19","id":"3403627169737746","idstr":"3403627169737746","mid":"3403627169737746","can_edit":false,"text":"\u524d\u9762\u8bf4\u4e86\u7528\u5feb\u9012\u53d1\u624b\u673a\u5165\u4fb5\u4f01\u4e1a\u5185\u7f51\u7684\u4e8b\uff0c\u6709\u670b\u53cb\u63d0\u51fa\u51e0\u70b9\u7591\u95ee\uff0c\u8fd9\u91cc\u4e00\u5e76\u89e3\u7b54\u30021\u3001\u8fde\u63a5\u65b9\u5f0f\u662f[\u7535\u8111]-(3G)&gt;[\u624b\u673a]-(WiFi)&gt;[\u5185\u7f51]\u30022\u3001\u56fd\u5916\u540c\u57ce\u9650\u65f6\u5feb\u9012\u51e0\u4e2a\u5c0f\u65f6\u5373\u53ef\u9001\u8fbe\u3002\u901a\u8fc7GPS\u8ffd\u8e2a\u624b\u673a\u7684\u4f4d\u7f6e\uff0c\u53ef\u7cbe\u786e\u77e5\u9053\u624b\u673a\u5230\u8fbe\u76ee\u6807\u7684\u65f6\u95f4\uff0c\u53ca\u65f6\u5c55\u5f00\u653b\u51fb\u3002\u5373\u4f7f\u4e0d\u8003\u8651\u5916\u63a5\u7535\u6c60\uff0c\u4e5f\u81f3\u5c11\u6709\u6570\u5c0f\u65f6\u7684\u53ef\u7528\u65f6\u95f4\u3002 \u200b\u200b\u200b","source":"\u5fae\u535a weibo.com","favorited":false,"is_paid":false,"mblog_vip_type":0,"user":{"id":1401527553,"screen_name":"tombkeeper","profile_image_url":"https:\/\/tva2.sinaimg.cn\/crop.0.0.180.180.180\/53899d01jw8fcb9qpe7vbj2050050mx8.jpg","profile_url":"https:\/\/m.weibo.cn\/u\/1401527553?uid=1401527553&luicode=10000011&lfid=1076031401527553","statuses_count":15425,"verified":true,"verified_type":0,"verified_type_ext":1,"verified_reason":"\u77e5\u540d\u4e92\u8054\u7f51\u8d44\u8baf\u535a\u4e3b","close_blue_v":false,"description":"\u5fae\u535a\u672c\u5730\u8d44\u8baf\u535a\u4e3b\uff08\u521a\u679c\u5e03\u62c9\u67f4\u7ef4\u5c14\uff09","gender":"m","mbtype":12,"urank":48,"mbrank":6,"follow_me":false,"following":false,"followers_count":192533,"follow_count":277,"cover_image_phone":"https:\/\/tva1.sinaimg.cn\/crop.0.0.640.640.640\/549d0121tw1egm1kjly3jj20hs0hsq4f.jpg","avatar_hd":"https:\/\/ww2.sinaimg.cn\/orj480\/53899d01jw8fcb9qpe7vbj2050050mx8.jpg","like":false,"like_me":false,"badge":{"bind_taobao":1,"dzwbqlx_2016":1,"follow_whitelist_video":1,"hongbao_2018":1}},"reposts_count":32,"comments_count":13,"attitudes_count":0,"pending_approval_count":0,"isLongText":false,"visible":{"type":0,"list_id":0},"more_info_type":0,"content_auth":0,"edit_config":{"edited":false},"bid":"y1wmgEReq"},"reposts_count":0,"comments_count":6,"attitudes_count":0,"pending_approval_count":0,"isLongText":false,"visible":{"type":0,"list_id":0},"more_info_type":0,"content_auth":0,"edit_config":{"edited":false},"mblogtype":0,"obj_ext":"","raw_text":"\u8fd9\u6848\u4f8b\u8bb2\u7684\u662f\u600e\u4e48\u89e3\u51b3WiFi\u5165\u4fb5\u4e2d\u6700\u5173\u952e\u7684\u90a3\u4e2a\u8ddd\u79bb\u95ee\u9898\u3002\u7834\u89e3\u52a0\u5bc6\u662f\u53e6\u4e00\u4e2a\u95ee\u9898\u3002\u5c31\u50cf\u8c08\u5230\u62d6\u5e93\u7684\u5371\u5bb3\u4f60\u4e5f\u4e00\u6837\u53ef\u4ee5\u95ee\uff1a\u4e07\u4e00\u4eba\u5bb6\u6570\u636e\u5e93\u52a0\u5bc6\u4e86\u600e\u4e48\u529e\uff1f\u662f\u4e2a\u597d\u95ee\u9898\uff0c\u4f46\u8fd9\u91cc\u8c08\u7684\u4e0d\u662f\u8fd9\u4e2a\u3002 \/\/@\u5434\u7433\u51491972: \u5927\u6982\u7684\u610f\u601d\u77e5\u9053\u4e86\uff0c\u7528\u667a\u80fd\u673a\u505a\u8df3\u677f\uff0c\u4f46\u4e07\u4e00\u4f01\u4e1a\u5185\u7f51\u7684wifi\u6709\u63a5\u5165\u5bc6\u7801\u600e\u4e48\u529e\uff1f","bid":"y1wuDwGvw"},"show_type":0},{"card_type":9,"itemid":"1076031401527553_-_3403630835651276","scheme":"https:\/\/m.weibo.cn\/status\/y1wsbnI9C?mblogid=y1wsbnI9C&luicode=10000011&lfid=1076031401527553","mblog":{"created_at":"2012-01-19","id":"3403630835651276","idstr":"3403630835651276","mid":"3403630835651276","can_edit":false,"text":"\u6211\u4ee5\u524d\u8fd8\u6784\u60f3\u8fc7\u4e00\u79cd\u4e13\u7528\u5185\u7f51\u6e17\u900f\u7ec8\u7aef\uff1a\u5d4c\u5165\u5f0fLinux+\u81ea\u884c\u7cfb\u7edf+\u6444\u50cf\u5934+\u673a\u68b0\u81c2+GPS\u30013G\u3001WiFi\u3001\u84dd\u7259\u3001\u7ea2\u5916\u3001\u7f51\u53e3\u3002\u901a\u8fc7\u5feb\u9012\u90ae\u5bc4\u5230\u76ee\u6807\u5730\u5740\uff0c\u7b49\u665a\u4e0a\u6ca1\u4eba\u7684\u65f6\u5019\uff0c\u9065\u63a7\u5b83\u628a\u5305\u88f9\u5272\u5f00\uff0c\u6e9c\u51fa\u6765\uff0c\u8eb2\u8d77\u6765\u3002\u53ef\u901a\u8fc7\u5404\u79cd\u65e0\u7ebf\u624b\u6bb5\u5165\u4fb5\uff1b\u4e5f\u53ef\u627e\u4e2a\u7f51\u53e3\u628a\u81ea\u5df1\u63d2\u4e0a\u3002\u8fd9\u4e00\u70b9\u90fd\u4e0d\u79d1\u5e7b\uff0c\u73b0\u6709\u6280\u672f\u5c31\u5b8c\u5168\u53ef\u5b9e\u73b0\u3002 \u200b\u200b\u200b","source":"\u5fae\u535a weibo.com","favorited":false,"is_paid":false,"mblog_vip_type":0,"user":{"id":1401527553,"screen_name":"tombkeeper","profile_image_url":"https:\/\/tva2.sinaimg.cn\/crop.0.0.180.180.180\/53899d01jw8fcb9qpe7vbj2050050mx8.jpg","profile_url":"https:\/\/m.weibo.cn\/u\/1401527553?uid=1401527553&luicode=10000011&lfid=1076031401527553","statuses_count":15425,"verified":true,"verified_type":0,"verified_type_ext":1,"verified_reason":"\u77e5\u540d\u4e92\u8054\u7f51\u8d44\u8baf\u535a\u4e3b","close_blue_v":false,"description":"\u5fae\u535a\u672c\u5730\u8d44\u8baf\u535a\u4e3b\uff08\u521a\u679c\u5e03\u62c9\u67f4\u7ef4\u5c14\uff09","gender":"m","mbtype":12,"urank":48,"mbrank":6,"follow_me":false,"following":false,"followers_count":192533,"follow_count":277,"cover_image_phone":"https:\/\/tva1.sinaimg.cn\/crop.0.0.640.640.640\/549d0121tw1egm1kjly3jj20hs0hsq4f.jpg","avatar_hd":"https:\/\/ww2.sinaimg.cn\/orj480\/53899d01jw8fcb9qpe7vbj2050050mx8.jpg","like":false,"like_me":false,"badge":{"bind_taobao":1,"dzwbqlx_2016":1,"follow_whitelist_video":1,"hongbao_2018":1}},"reposts_count":220,"comments_count":70,"attitudes_count":5,"pending_approval_count":0,"isLongText":false,"visible":{"type":0,"list_id":0},"more_info_type":0,"content_auth":0,"edit_config":{"edited":false},"mblogtype":0,"bid":"y1wsbnI9C"},"show_type":0},{"card_type":9,"itemid":"1076031401527553_-_3403627169737746","scheme":"https:\/\/m.weibo.cn\/status\/y1wmgEReq?mblogid=y1wmgEReq&luicode=10000011&lfid=1076031401527553","mblog":{"created_at":"2012-01-19","id":"3403627169737746","idstr":"3403627169737746","mid":"3403627169737746","can_edit":false,"text":"\u524d\u9762\u8bf4\u4e86\u7528\u5feb\u9012\u53d1\u624b\u673a\u5165\u4fb5\u4f01\u4e1a\u5185\u7f51\u7684\u4e8b\uff0c\u6709\u670b\u53cb\u63d0\u51fa\u51e0\u70b9\u7591\u95ee\uff0c\u8fd9\u91cc\u4e00\u5e76\u89e3\u7b54\u30021\u3001\u8fde\u63a5\u65b9\u5f0f\u662f[\u7535\u8111]-(3G)&gt;[\u624b\u673a]-(WiFi)&gt;[\u5185\u7f51]\u30022\u3001\u56fd\u5916\u540c\u57ce\u9650\u65f6\u5feb\u9012\u51e0\u4e2a\u5c0f\u65f6\u5373\u53ef\u9001\u8fbe\u3002\u901a\u8fc7GPS\u8ffd\u8e2a\u624b\u673a\u7684\u4f4d\u7f6e\uff0c\u53ef\u7cbe\u786e\u77e5\u9053\u624b\u673a\u5230\u8fbe\u76ee\u6807\u7684\u65f6\u95f4\uff0c\u53ca\u65f6\u5c55\u5f00\u653b\u51fb\u3002\u5373\u4f7f\u4e0d\u8003\u8651\u5916\u63a5\u7535\u6c60\uff0c\u4e5f\u81f3\u5c11\u6709\u6570\u5c0f\u65f6\u7684\u53ef\u7528\u65f6\u95f4\u3002 \u200b\u200b\u200b","source":"\u5fae\u535a weibo.com","favorited":false,"is_paid":false,"mblog_vip_type":0,"user":{"id":1401527553,"screen_name":"tombkeeper","profile_image_url":"https:\/\/tva2.sinaimg.cn\/crop.0.0.180.180.180\/53899d01jw8fcb9qpe7vbj2050050mx8.jpg","profile_url":"https:\/\/m.weibo.cn\/u\/1401527553?uid=1401527553&luicode=10000011&lfid=1076031401527553","statuses_count":15425,"verified":true,"verified_type":0,"verified_type_ext":1,"verified_reason":"\u77e5\u540d\u4e92\u8054\u7f51\u8d44\u8baf\u535a\u4e3b","close_blue_v":false,"description":"\u5fae\u535a\u672c\u5730\u8d44\u8baf\u535a\u4e3b\uff08\u521a\u679c\u5e03\u62c9\u67f4\u7ef4\u5c14\uff09","gender":"m","mbtype":12,"urank":48,"mbrank":6,"follow_me":false,"following":false,"followers_count":192533,"follow_count":277,"cover_image_phone":"https:\/\/tva1.sinaimg.cn\/crop.0.0.640.640.640\/549d0121tw1egm1kjly3jj20hs0hsq4f.jpg","avatar_hd":"https:\/\/ww2.sinaimg.cn\/orj480\/53899d01jw8fcb9qpe7vbj2050050mx8.jpg","like":false,"like_me":false,"badge":{"bind_taobao":1,"dzwbqlx_2016":1,"follow_whitelist_video":1,"hongbao_2018":1}},"reposts_count":32,"comments_count":13,"attitudes_count":0,"pending_approval_count":0,"isLongText":false,"visible":{"type":0,"list_id":0},"more_info_type":0,"content_auth":0,"edit_config":{"edited":false},"mblogtype":0,"bid":"y1wmgEReq"},"show_type":0},{"card_type":9,"itemid":"1076031401527553_-_3403587176849857","scheme":"https:\/\/m.weibo.cn\/status\/y1vjLsJXz?mblogid=y1vjLsJXz&luicode=10000011&lfid=1076031401527553","mblog":{"created_at":"2012-01-19","id":"3403587176849857","idstr":"3403587176849857","mid":"3403587176849857","can_edit":false,"text":"\u4e2d\u95f4\u7684\u80d6\u5b50\u4e00\u8eab\u677f\u6cb9\u9ad8\u9891\u98a4\u52a8\uff0c\u556a\u54d2\u556a\u54d2\uff0c\u5dcd\u4e3a\u58ee\u89c2\u3002 \u200b\u200b\u200b","source":"S60\u5ba2\u6237\u7aef","favorited":false,"thumbnail_pic":"http:\/\/ww4.sinaimg.cn\/thumbnail\/53899d01jw1dp7tp61f99j.jpg","bmiddle_pic":"http:\/\/ww4.sinaimg.cn\/bmiddle\/53899d01jw1dp7tp61f99j.jpg","original_pic":"http:\/\/ww4.sinaimg.cn\/large\/53899d01jw1dp7tp61f99j.jpg","is_paid":false,"mblog_vip_type":0,"user":{"id":1401527553,"screen_name":"tombkeeper","profile_image_url":"https:\/\/tva2.sinaimg.cn\/crop.0.0.180.180.180\/53899d01jw8fcb9qpe7vbj2050050mx8.jpg","profile_url":"https:\/\/m.weibo.cn\/u\/1401527553?uid=1401527553&luicode=10000011&lfid=1076031401527553","statuses_count":15425,"verified":true,"verified_type":0,"verified_type_ext":1,"verified_reason":"\u77e5\u540d\u4e92\u8054\u7f51\u8d44\u8baf\u535a\u4e3b","close_blue_v":false,"description":"\u5fae\u535a\u672c\u5730\u8d44\u8baf\u535a\u4e3b\uff08\u521a\u679c\u5e03\u62c9\u67f4\u7ef4\u5c14\uff09","gender":"m","mbtype":12,"urank":48,"mbrank":6,"follow_me":false,"following":false,"followers_count":192533,"follow_count":277,"cover_image_phone":"https:\/\/tva1.sinaimg.cn\/crop.0.0.640.640.640\/549d0121tw1egm1kjly3jj20hs0hsq4f.jpg","avatar_hd":"https:\/\/ww2.sinaimg.cn\/orj480\/53899d01jw8fcb9qpe7vbj2050050mx8.jpg","like":false,"like_me":false,"badge":{"bind_taobao":1,"dzwbqlx_2016":1,"follow_whitelist_video":1,"hongbao_2018":1}},"reposts_count":6,"comments_count":4,"attitudes_count":0,"pending_approval_count":0,"isLongText":false,"visible":{"type":0,"list_id":0},"more_info_type":0,"content_auth":0,"edit_config":{"edited":false},"mblogtype":0,"bid":"y1vjLsJXz","pics":[{"pid":"53899d01jw1dp7tp61f99j","url":"https:\/\/ww4.sinaimg.cn\/orj360\/53899d01jw1dp7tp61f99j.jpg","size":"orj360","geo":false,"large":{"size":"large","url":"https:\/\/ww4.sinaimg.cn\/large\/53899d01jw1dp7tp61f99j.jpg","geo":false}}]},"show_type":0},{"card_type":9,"itemid":"1076031401527553_-_3403586677911104","scheme":"https:\/\/m.weibo.cn\/status\/y1viXxc2s?mblogid=y1viXxc2s&luicode=10000011&lfid=1076031401527553","mblog":{"created_at":"2012-01-19","id":"3403586677911104","idstr":"3403586677911104","mid":"3403586677911104","can_edit":false,"text":"\u6ca1\u60f3\u5230\u4ed6\u4eec\u771f\u8131\u4e86\u3002 \u200b\u200b\u200b","source":"S60\u5ba2\u6237\u7aef","favorited":false,"thumbnail_pic":"http:\/\/ww4.sinaimg.cn\/thumbnail\/53899d01jw1dp7tn3rq45j.jpg","bmiddle_pic":"http:\/\/ww4.sinaimg.cn\/bmiddle\/53899d01jw1dp7tn3rq45j.jpg","original_pic":"http:\/\/ww4.sinaimg.cn\/large\/53899d01jw1dp7tn3rq45j.jpg","is_paid":false,"mblog_vip_type":0,"user":{"id":1401527553,"screen_name":"tombkeeper","profile_image_url":"https:\/\/tva2.sinaimg.cn\/crop.0.0.180.180.180\/53899d01jw8fcb9qpe7vbj2050050mx8.jpg","profile_url":"https:\/\/m.weibo.cn\/u\/1401527553?uid=1401527553&luicode=10000011&lfid=1076031401527553","statuses_count":15425,"verified":true,"verified_type":0,"verified_type_ext":1,"verified_reason":"\u77e5\u540d\u4e92\u8054\u7f51\u8d44\u8baf\u535a\u4e3b","close_blue_v":false,"description":"\u5fae\u535a\u672c\u5730\u8d44\u8baf\u535a\u4e3b\uff08\u521a\u679c\u5e03\u62c9\u67f4\u7ef4\u5c14\uff09","gender":"m","mbtype":12,"urank":48,"mbrank":6,"follow_me":false,"following":false,"followers_count":192533,"follow_count":277,"cover_image_phone":"https:\/\/tva1.sinaimg.cn\/crop.0.0.640.640.640\/549d0121tw1egm1kjly3jj20hs0hsq4f.jpg","avatar_hd":"https:\/\/ww2.sinaimg.cn\/orj480\/53899d01jw8fcb9qpe7vbj2050050mx8.jpg","like":false,"like_me":false,"badge":{"bind_taobao":1,"dzwbqlx_2016":1,"follow_whitelist_video":1,"hongbao_2018":1}},"reposts_count":21,"comments_count":14,"attitudes_count":0,"pending_approval_count":0,"isLongText":false,"visible":{"type":0,"list_id":0},"more_info_type":0,"content_auth":0,"edit_config":{"edited":false},"mblogtype":0,"bid":"y1viXxc2s","pics":[{"pid":"53899d01jw1dp7tn3rq45j","url":"https:\/\/ww4.sinaimg.cn\/orj360\/53899d01jw1dp7tn3rq45j.jpg","size":"orj360","geo":false,"large":{"size":"large","url":"https:\/\/ww4.sinaimg.cn\/large\/53899d01jw1dp7tn3rq45j.jpg","geo":false}}]},"show_type":0},{"card_type":9,"itemid":"1076031401527553_-_3403574958915748","scheme":"https:\/\/m.weibo.cn\/status\/y1v03Bpoo?mblogid=y1v03Bpoo&luicode=10000011&lfid=1076031401527553","mblog":{"created_at":"2012-01-19","id":"3403574958915748","idstr":"3403574958915748","mid":"3403574958915748","can_edit":false,"text":"\u6ca1\u60f3\u5230\u516c\u53f8\u91cc\u8fd9\u4e48\u591a\u6587\u827a\u9752\u5e74\uff0c\u4e0a\u6765\u4e00\u4e2a\u53c8\u4e00\u4e2a\u3002\u8ba9\u4eba\u5927\u6709\u201c\u6211\u5df2\u7ecf\u8001\u4e86\uff0c\u4f60\u4eec\u8fd8\u5e74\u8f7b\u201d\u7684\u611f\u89c9\u3002 \u200b\u200b\u200b","source":"S60\u5ba2\u6237\u7aef","favorited":false,"thumbnail_pic":"http:\/\/ww1.sinaimg.cn\/thumbnail\/53899d01jw1dp7saniyq8j.jpg","bmiddle_pic":"http:\/\/ww1.sinaimg.cn\/bmiddle\/53899d01jw1dp7saniyq8j.jpg","original_pic":"http:\/\/ww1.sinaimg.cn\/large\/53899d01jw1dp7saniyq8j.jpg","is_paid":false,"mblog_vip_type":0,"user":{"id":1401527553,"screen_name":"tombkeeper","profile_image_url":"https:\/\/tva2.sinaimg.cn\/crop.0.0.180.180.180\/53899d01jw8fcb9qpe7vbj2050050mx8.jpg","profile_url":"https:\/\/m.weibo.cn\/u\/1401527553?uid=1401527553&luicode=10000011&lfid=1076031401527553","statuses_count":15425,"verified":true,"verified_type":0,"verified_type_ext":1,"verified_reason":"\u77e5\u540d\u4e92\u8054\u7f51\u8d44\u8baf\u535a\u4e3b","close_blue_v":false,"description":"\u5fae\u535a\u672c\u5730\u8d44\u8baf\u535a\u4e3b\uff08\u521a\u679c\u5e03\u62c9\u67f4\u7ef4\u5c14\uff09","gender":"m","mbtype":12,"urank":48,"mbrank":6,"follow_me":false,"following":false,"followers_count":192533,"follow_count":277,"cover_image_phone":"https:\/\/tva1.sinaimg.cn\/crop.0.0.640.640.640\/549d0121tw1egm1kjly3jj20hs0hsq4f.jpg","avatar_hd":"https:\/\/ww2.sinaimg.cn\/orj480\/53899d01jw8fcb9qpe7vbj2050050mx8.jpg","like":false,"like_me":false,"badge":{"bind_taobao":1,"dzwbqlx_2016":1,"follow_whitelist_video":1,"hongbao_2018":1}},"reposts_count":4,"comments_count":7,"attitudes_count":0,"pending_approval_count":0,"isLongText":false,"visible":{"type":0,"list_id":0},"more_info_type":0,"content_auth":0,"edit_config":{"edited":false},"mblogtype":0,"bid":"y1v03Bpoo","pics":[{"pid":"53899d01jw1dp7saniyq8j","url":"https:\/\/ww1.sinaimg.cn\/orj360\/53899d01jw1dp7saniyq8j.jpg","size":"orj360","geo":false,"large":{"size":"large","url":"https:\/\/ww1.sinaimg.cn\/large\/53899d01jw1dp7saniyq8j.jpg","geo":false}}]},"show_type":0},{"card_type":9,"itemid":"1076031401527553_-_3403548975048542","scheme":"https:\/\/m.weibo.cn\/status\/y1uk9lbm6?mblogid=y1uk9lbm6&luicode=10000011&lfid=1076031401527553","mblog":{"created_at":"2012-01-19","id":"3403548975048542","idstr":"3403548975048542","mid":"3403548975048542","can_edit":false,"text":"\u521a\u624d\u6709\u4eba\u8bf4\u4ed6\u670b\u53cb\u7684\u7535\u8111\u5728\u5b9e\u9a8c\u5ba4\u88ab\u5f3a\u78c1\u573a\u5438\u5f97\u817e\u7a7a\u800c\u8d77\uff0c\u8d34\u5929\u82b1\u677f\u4e0a\u4e86\uff0c\u73b0\u5728\u5f00\u4e0d\u4e86\u673a\u3002\u95ee\u6211\u6570\u636e\u8fd8\u80fd\u4e0d\u80fd\u6062\u590d\u3002\u6211\u51dd\u56fa\u4e86\u3002 \u200b\u200b\u200b","source":"S60\u5ba2\u6237\u7aef","favorited":false,"is_paid":false,"mblog_vip_type":0,"user":{"id":1401527553,"screen_name":"tombkeeper","profile_image_url":"https:\/\/tva2.sinaimg.cn\/crop.0.0.180.180.180\/53899d01jw8fcb9qpe7vbj2050050mx8.jpg","profile_url":"https:\/\/m.weibo.cn\/u\/1401527553?uid=1401527553&luicode=10000011&lfid=1076031401527553","statuses_count":15425,"verified":true,"verified_type":0,"verified_type_ext":1,"verified_reason":"\u77e5\u540d\u4e92\u8054\u7f51\u8d44\u8baf\u535a\u4e3b","close_blue_v":false,"description":"\u5fae\u535a\u672c\u5730\u8d44\u8baf\u535a\u4e3b\uff08\u521a\u679c\u5e03\u62c9\u67f4\u7ef4\u5c14\uff09","gender":"m","mbtype":12,"urank":48,"mbrank":6,"follow_me":false,"following":false,"followers_count":192533,"follow_count":277,"cover_image_phone":"https:\/\/tva1.sinaimg.cn\/crop.0.0.640.640.640\/549d0121tw1egm1kjly3jj20hs0hsq4f.jpg","avatar_hd":"https:\/\/ww2.sinaimg.cn\/orj480\/53899d01jw8fcb9qpe7vbj2050050mx8.jpg","like":false,"like_me":false,"badge":{"bind_taobao":1,"dzwbqlx_2016":1,"follow_whitelist_video":1,"hongbao_2018":1}},"reposts_count":18,"comments_count":25,"attitudes_count":0,"pending_approval_count":0,"isLongText":false,"visible":{"type":0,"list_id":0},"more_info_type":0,"content_auth":0,"edit_config":{"edited":false},"mblogtype":0,"bid":"y1uk9lbm6"},"show_type":0},{"card_type":9,"itemid":"1076031401527553_-_3403544621493554","scheme":"https:\/\/m.weibo.cn\/status\/y1ud86gxA?mblogid=y1ud86gxA&luicode=10000011&lfid=1076031401527553","mblog":{"created_at":"2012-01-19","id":"3403544621493554","idstr":"3403544621493554","mid":"3403544621493554","can_edit":false,"text":"\u6709\u8fc7\u5b9e\u9645\u6848\u4f8b\uff1a\u67d0\u4eba\u7528\u5feb\u9012\u53d1\u4e86\u53f0\u667a\u80fd\u624b\u673a\u5230\u4e00\u5bb6\u516c\u53f8\uff0c\u5f53\u7136\u65e0\u4eba\u8ba4\u9886\uff0c\u5c31\u4e00\u76f4\u653e\u5728\u524d\u53f0\u3002\u7136\u540e\u4ee5\u624b\u673a\u4e3a\u8df3\u677f\uff0c\u8fdc\u7a0b\u63a5\u5165\u8be5\u516c\u53f8\u5185\u90e8\u7684\u65e0\u7ebf\u7f51\u7edc\u3002 \/\/<a href='https:\/\/m.weibo.cn\/n\/\u7f51\u8def\u6e38\u4fa0'>@\u7f51\u8def\u6e38\u4fa0<\/a>:\u6e17\u900f\u4e86\u624b\u673a\u4e4b\u540e\uff0c\u901a\u8fc7\u624b\u673a\u641e\u5185\u7f51\u2026\u2026\u5c06\u6765\u4f30\u8ba1\u4f1a\u6709sniff\u5de5\u5177\u4e4b\u7c7b\u7684\uff0c\u88c5\u5728\u624b\u673a\u4e0a\u3002\u3002\u3002\u5230\u65f6\u5019\u5c31\u5371\u9669\u54af\u3002","source":"S60\u5ba2\u6237\u7aef","favorited":false,"is_paid":false,"mblog_vip_type":0,"user":{"id":1401527553,"screen_name":"tombkeeper","profile_image_url":"https:\/\/tva2.sinaimg.cn\/crop.0.0.180.180.180\/53899d01jw8fcb9qpe7vbj2050050mx8.jpg","profile_url":"https:\/\/m.weibo.cn\/u\/1401527553?uid=1401527553&luicode=10000011&lfid=1076031401527553","statuses_count":15425,"verified":true,"verified_type":0,"verified_type_ext":1,"verified_reason":"\u77e5\u540d\u4e92\u8054\u7f51\u8d44\u8baf\u535a\u4e3b","close_blue_v":false,"description":"\u5fae\u535a\u672c\u5730\u8d44\u8baf\u535a\u4e3b\uff08\u521a\u679c\u5e03\u62c9\u67f4\u7ef4\u5c14\uff09","gender":"m","mbtype":12,"urank":48,"mbrank":6,"follow_me":false,"following":false,"followers_count":192533,"follow_count":277,"cover_image_phone":"https:\/\/tva1.sinaimg.cn\/crop.0.0.640.640.640\/549d0121tw1egm1kjly3jj20hs0hsq4f.jpg","avatar_hd":"https:\/\/ww2.sinaimg.cn\/orj480\/53899d01jw8fcb9qpe7vbj2050050mx8.jpg","like":false,"like_me":false,"badge":{"bind_taobao":1,"dzwbqlx_2016":1,"follow_whitelist_video":1,"hongbao_2018":1}},"pid":3403541840591930,"retweeted_status":{"created_at":"2012-01-19","id":"3403541349770410","idstr":"3403541349770410","mid":"3403541349770410","can_edit":false,"text":"\u672c\u8d28\u4e0a\uff0c\u667a\u80fd\u624b\u673a\u548c\u5e73\u677f\u7535\u8111\u90fd\u662f\u6807\u51c6\u7684\u5177\u6709\u5168\u529f\u80fd\u7684\u8ba1\u7b97\u673a\u3002\u66f4\u91cd\u8981\u7684\u662f\uff0cPC\u53ef\u7531\u7528\u6237\u968f\u65f6\u5173\u673a\uff0c\u800c\u624b\u673a\u7f51\u7edc\u5916\u7f51\u6c38\u8fdc\u5728\u7ebf\u3002\u8fd9\u6837\uff0c\u5f53\u7528\u6237\u4f7f\u7528WIFI\u767b\u5f55\u5230\u5185\u7f51\u65f6\uff0c\u5c31\u6210\u4e3a\u653b\u51fb\u5185\u7f51\u7684\u8df3\u677f\u3002\u7528\u6237\u53ef\u5728\u5916\u7f51\u90e8\u7f72\u5165\u4fb5\u68c0\u6d4b\u7cfb\u7edf\u3001\u9632\u706b\u5899\u7b49\u3002\u4f46\u5bf9\u79fb\u52a8\u7ec8\u7aef\u5185\u7f51\u800c\u8a00\uff0c\u7528\u6237\u53ea\u80fd\u5bf9\u624b\u673a\u7b49\u8bbe\u5907\u505a\u4e00\u4e9b\u7b80\u5355\u7684\u63a7\u5236\u548c\u6743\u9650\u9650\u5236\u3002 \u200b\u200b\u200b","source":"\u4e13\u4e1a\u7248\u5fae\u535a","favorited":false,"is_paid":false,"mblog_vip_type":0,"user":{"id":2192759757,"screen_name":"\u661f\u4e91\u878d\u521b","profile_image_url":"https:\/\/tva4.sinaimg.cn\/crop.0.0.180.180.180\/82b2dbcdjw1e8qgp5bmzyj2050050aa8.jpg","profile_url":"https:\/\/m.weibo.cn\/u\/2192759757?uid=2192759757&luicode=10000011&lfid=1076031401527553","statuses_count":2237,"verified":true,"verified_type":2,"verified_type_ext":0,"verified_reason":"\u661f\u4e91\u878d\u521b\uff08\u5317\u4eac\uff09\u79d1\u6280\u6709\u9650\u516c\u53f8\u5b98\u65b9\u5fae\u535a","close_blue_v":false,"description":"\u4e00\u4e2a\u6b63\u5728\u6210\u957f\u7684\u56e2\u961f","gender":"m","mbtype":0,"urank":10,"mbrank":0,"follow_me":false,"following":false,"followers_count":3253,"follow_count":1882,"cover_image_phone":"https:\/\/tva1.sinaimg.cn\/crop.0.0.640.640.640\/549d0121tw1egm1kjly3jj20hs0hsq4f.jpg","avatar_hd":"https:\/\/ww4.sinaimg.cn\/orj480\/82b2dbcdjw1e8qgp5bmzyj2050050aa8.jpg","like":false,"like_me":false},"reposts_count":75,"comments_count":19,"attitudes_count":0,"pending_approval_count":0,"isLongText":false,"visible":{"type":0,"list_id":0},"more_info_type":0,"content_auth":0,"edit_config":{"edited":false},"bid":"y1u7QEZJg"},"reposts_count":0,"comments_count":16,"attitudes_count":0,"pending_approval_count":0,"isLongText":false,"visible":{"type":0,"list_id":0},"more_info_type":0,"content_auth":0,"edit_config":{"edited":false},"mblogtype":0,"obj_ext":"","raw_text":"\u6709\u8fc7\u5b9e\u9645\u6848\u4f8b\uff1a\u67d0\u4eba\u7528\u5feb\u9012\u53d1\u4e86\u53f0\u667a\u80fd\u624b\u673a\u5230\u4e00\u5bb6\u516c\u53f8\uff0c\u5f53\u7136\u65e0\u4eba\u8ba4\u9886\uff0c\u5c31\u4e00\u76f4\u653e\u5728\u524d\u53f0\u3002\u7136\u540e\u4ee5\u624b\u673a\u4e3a\u8df3\u677f\uff0c\u8fdc\u7a0b\u63a5\u5165\u8be5\u516c\u53f8\u5185\u90e8\u7684\u65e0\u7ebf\u7f51\u7edc\u3002 \/\/@\u7f51\u8def\u6e38\u4fa0:\u6e17\u900f\u4e86\u624b\u673a\u4e4b\u540e\uff0c\u901a\u8fc7\u624b\u673a\u641e\u5185\u7f51\u2026\u2026\u5c06\u6765\u4f30\u8ba1\u4f1a\u6709sniff\u5de5\u5177\u4e4b\u7c7b\u7684\uff0c\u88c5\u5728\u624b\u673a\u4e0a\u3002\u3002\u3002\u5230\u65f6\u5019\u5c31\u5371\u9669\u54af\u3002","bid":"y1ud86gxA"},"show_type":0},{"card_type":9,"itemid":"1076031401527553_-_3403490334404887","scheme":"https:\/\/m.weibo.cn\/status\/y1sNzitUz?mblogid=y1sNzitUz&luicode=10000011&lfid=1076031401527553","mblog":{"created_at":"2012-01-19","id":"3403490334404887","idstr":"3403490334404887","mid":"3403490334404887","can_edit":false,"text":"\u6211\u89c9\u5f97\u516c\u53f8\u53ef\u4ee5\u94f8\u4e00\u4e9b5\u514b\u300110\u514b\u300120\u514b\u8fd9\u6837\u7684\u5c0f\u578b\u91d1\u94f6\u5e01\u3002\u4e00\u9762\u6253\u516c\u53f8LOGO\u548c\u540d\u5b57\uff0c\u7c7b\u4f3c\u201c\u65b0\u6d6a\u5e01\u201d\u3001\u201c\u963f\u91cc\u5e01\u201d\u8fd9\u6837\uff0c\u4e00\u9762\u6807\u514b\u6570\u3002\u5404\u79cd\u8bc4\u4f18\u5e74\u7ec8\u5956\u5565\u7684\u5c31\u53d1\u8fd9\u4e2a\u3002\u5e74\u5e95\u62ff\u56de\u5bb6\uff0c\u53ef\u4ee5\u7528\u6765\u7ed9\u4eb2\u621a\u5c0f\u5b69\u5305\u538b\u5c81\u94b1\uff0c\u4e5f\u662f\u4e00\u79cd\u516c\u53f8\u6587\u5316\u6d78\u67d3\u3002\u4e07\u4e00\u8d76\u4e0a\u5565\u4e71\u5b50\uff0c\u4e5f\u7b97\u5e2e\u5458\u5de5\u6512\u4e0b\u4e9b\u786c\u901a\u8d27\u3002 \u200b\u200b\u200b","source":"S60\u5ba2\u6237\u7aef","favorited":false,"is_paid":false,"mblog_vip_type":0,"user":{"id":1401527553,"screen_name":"tombkeeper","profile_image_url":"https:\/\/tva2.sinaimg.cn\/crop.0.0.180.180.180\/53899d01jw8fcb9qpe7vbj2050050mx8.jpg","profile_url":"https:\/\/m.weibo.cn\/u\/1401527553?uid=1401527553&luicode=10000011&lfid=1076031401527553","statuses_count":15425,"verified":true,"verified_type":0,"verified_type_ext":1,"verified_reason":"\u77e5\u540d\u4e92\u8054\u7f51\u8d44\u8baf\u535a\u4e3b","close_blue_v":false,"description":"\u5fae\u535a\u672c\u5730\u8d44\u8baf\u535a\u4e3b\uff08\u521a\u679c\u5e03\u62c9\u67f4\u7ef4\u5c14\uff09","gender":"m","mbtype":12,"urank":48,"mbrank":6,"follow_me":false,"following":false,"followers_count":192533,"follow_count":277,"cover_image_phone":"https:\/\/tva1.sinaimg.cn\/crop.0.0.640.640.640\/549d0121tw1egm1kjly3jj20hs0hsq4f.jpg","avatar_hd":"https:\/\/ww2.sinaimg.cn\/orj480\/53899d01jw8fcb9qpe7vbj2050050mx8.jpg","like":false,"like_me":false,"badge":{"bind_taobao":1,"dzwbqlx_2016":1,"follow_whitelist_video":1,"hongbao_2018":1}},"reposts_count":25,"comments_count":22,"attitudes_count":0,"pending_approval_count":0,"isLongText":false,"visible":{"type":0,"list_id":0},"more_info_type":0,"content_auth":0,"edit_config":{"edited":false},"mblogtype":0,"bid":"y1sNzitUz"},"show_type":0}],"showAppTips":0,"scheme":"sinaweibo:\/\/cardlist?containerid=1076031401527553&extparam=&luicode=10000011&lfid=&featurecode="}}