{"ok":1,"data":{"cardlistInfo":{"containerid":"1076031401527553","v_p":42,"show_style":1,"total":15518,"page":50},"cards":[{"card_type":9,"itemid":"1076031401527553_-_3403311481244158","scheme":"https:\/\/m.weibo.cn\/status\/y1o965dF4?mblogid=y1o965dF4&luicode=10000011&lfid=1076031401527553","mblog":{"created_at":"2012-01-18","id":"3403311481244158","idstr":"3403311481244158","mid":"3403311481244158","can_edit":false,"text":"\u56de\u590d<a href='https:\/\/m.weibo.cn\/n\/abominus'>@abominus<\/a>: \u589e\u52a0\u7684\u8fd0\u7b97\u3001\u5b58\u50a8\u3001\u6d41\u91cf\u6210\u672c\u53ef\u5ffd\u7565\u4e0d\u8ba1\u3002\u5f00\u53d1\u6210\u672c\u4e5f\u4e0d\u5927\u3002\u8fd9\u4e0d\u662f\u65b0\u6280\u672f\uff0c\u662f\u5b89\u5168\u4e1a\u5185\u65e9\u5c31\u516c\u8ba4\u7684\u5408\u7406\u505a\u6cd5\uff0c\u5f88\u591a\u4ea7\u54c1\u65e9\u5c31\u8fd9\u4e48\u505a\u4e86\u3002 \/\/<a href='https:\/\/m.weibo.cn\/n\/abominus'>@abominus<\/a>:\u8bda\u5fc3\u8bf7\u6559:\u8fd9\u6837\u505a\u7684\u6210\u672c\u548c\u9020\u6210\u7684\u8bbe\u5907,\u6d41\u91cf\u652f\u51fa\u5927\u6982\u4f1a\u589e\u52a0\u591a\u5c11? \/\/<a href='https:\/\/m.weibo.cn\/n\/tombkeeper'>@tombkeeper<\/a>: \/\/<a href='https:\/\/m.weibo.cn\/n\/\u53ef\u60dc\u65e0\u58f0'>@\u53ef\u60dc\u65e0\u58f0<\/a>: \u5fae\u8f6f\u5b89\u5168\u4e13\u5bb6\u652f\u62db - \u7f51\u7ad9\u5e94\u8be5\u600e\u6837\u4fdd\u5b58\u7528\u6237\u5bc6\u7801","source":"\u5fae\u535a weibo.com","favorited":false,"is_paid":false,"mblog_vip_type":0,"user":{"id":1401527553,"screen_name":"tombkeeper","profile_image_url":"https:\/\/tva2.sinaimg.cn\/crop.0.0.180.180.180\/53899d01jw8fcb9qpe7vbj2050050mx8.jpg","profile_url":"https:\/\/m.weibo.cn\/u\/1401527553?uid=1401527553&luicode=10000011&lfid=1076031401527553","statuses_count":15425,"verified":true,"verified_type":0,"verified_type_ext":1,"verified_reason":"\u77e5\u540d\u4e92\u8054\u7f51\u8d44\u8baf\u535a\u4e3b","close_blue_v":false,"description":"\u5fae\u535a\u672c\u5730\u8d44\u8baf\u535a\u4e3b\uff08\u521a\u679c\u5e03\u62c9\u67f4\u7ef4\u5c14\uff09","gender":"m","mbtype":12,"urank":48,"mbrank":6,"follow_me":false,"following":false,"followers_count":192533,"follow_count":277,"cover_image_phone":"https:\/\/tva1.sinaimg.cn\/crop.0.0.640.640.640\/549d0121tw1egm1kjly3jj20hs0hsq4f.jpg","avatar_hd":"https:\/\/ww2.sinaimg.cn\/orj480\/53899d01jw8fcb9qpe7vbj2050050mx8.jpg","like":false,"like_me":false,"badge":{"bind_taobao":1,"dzwbqlx_2016":1,"follow_whitelist_video":1,"hongbao_2018":1}},"pid":3403307802715094,"retweeted_status":{"created_at":"2012-01-18","id":"3403251250718552","idstr":"3403251250718552","mid":"3403251250718552","can_edit":false,"text":"\u53d1\u8868\u4e86\u535a\u6587 \u300a\u7528\u6237\u5bc6\u7801\u5b89\u5168\u5b58\u50a8\u5efa\u8bae\u300b - \u4f5c\u8005\uff1aBryan Sullivan \u8d44\u6df1\u5b89\u5168\u9879\u76ee\u7ecf\u7406\uff0c\u5fae\u8f6fSDL(\u5b89\u5168\u5f00\u53d1\u751f\u547d\u5468\u671f)\u56e2\u961f   \u5b89\u5168\u5c0f\u6d4b\u9a8c\uff1a\u5b58\u50a8\u673a\u5bc6\u4fe1\u606f\u6700\u5b89\u5168\u7684\u529e\u6cd5\u662f\u4ec0\u4e48\uff1f   a)  \u5229\u7528  <a data-url=\"http:\/\/t.cn\/z0DMzEt\" href=\"http:\/\/blog.sina.com.cn\/s\/blog_6b8988220102dvcy.html?luicode=10000011&lfid=1076031401527553&ep=y1mzX30Vy%252C2381785464%252Cy1mzX30Vy%252C2381785464\" data-hide=\"\"><span class=\"url-icon\"><img src=\"\/\/h5.sinaimg.cn\/upload\/2015\/09\/25\/3\/timeline_card_small_web_default.png\"><\/span><\/i><span class=\"surl-text\">\u7f51\u9875\u94fe\u63a5<\/a> \u200b\u200b\u200b","source":"\u65b0\u6d6a\u535a\u5ba2","favorited":false,"thumbnail_pic":"http:\/\/ww2.sinaimg.cn\/thumbnail\/8df72978jw1dp6r49k60vj.jpg","bmiddle_pic":"http:\/\/ww2.sinaimg.cn\/bmiddle\/8df72978jw1dp6r49k60vj.jpg","original_pic":"http:\/\/ww2.sinaimg.cn\/large\/8df72978jw1dp6r49k60vj.jpg","is_paid":false,"mblog_vip_type":0,"user":{"id":2381785464,"screen_name":"\u5fae\u8f6f\u4e2d\u56fd","profile_image_url":"https:\/\/tva1.sinaimg.cn\/crop.0.0.180.180.180\/8df72978jw8erudla5qqij2050050745.jpg","profile_url":"https:\/\/m.weibo.cn\/u\/2381785464?uid=2381785464&luicode=10000011&lfid=1076031401527553","statuses_count":6606,"verified":true,"verified_type":2,"verified_type_ext":0,"verified_reason":"\u5fae\u8f6f\u4e2d\u56fd\u5b98\u65b9\u5fae\u535a","close_blue_v":false,"description":"\u76f8\u5173\u6280\u672f\u95ee\u9898\u6b22\u8fce\u54a8\u8be2\r\n@\u5fae\u8f6f\u5e2e\u52a9\u548c\u652f\u6301","gender":"m","mbtype":2,"urank":38,"mbrank":2,"follow_me":false,"following":false,"followers_count":213359,"follow_count":172,"cover_image_phone":"https:\/\/tva3.sinaimg.cn\/crop.0.0.0.0\/8df72978jw1ee65881zpgj20hs0hsabp.jpg","avatar_hd":"https:\/\/ww1.sinaimg.cn\/orj480\/8df72978jw8erudla5qqij2050050745.jpg","like":false,"like_me":false,"badge":{"user_name_certificate":1}},"reposts_count":43,"comments_count":6,"attitudes_count":0,"pending_approval_count":0,"isLongText":false,"visible":{"type":0,"list_id":0},"more_info_type":0,"content_auth":0,"edit_config":{"edited":false},"bid":"y1mzX30Vy","pics":[{"pid":"8df72978jw1dp6r49k60vj","url":"https:\/\/ww2.sinaimg.cn\/orj360\/8df72978jw1dp6r49k60vj.jpg","size":"orj360","geo":false,"large":{"size":"large","url":"https:\/\/ww2.sinaimg.cn\/large\/8df72978jw1dp6r49k60vj.jpg","geo":false}}]},"reposts_count":0,"comments_count":2,"attitudes_count":0,"pending_approval_count":0,"isLongText":false,"visible":{"type":0,"list_id":0},"more_info_type":0,"content_auth":0,"edit_config":{"edited":false},"mblogtype":0,"obj_ext":"","raw_text":"\u56de\u590d@abominus: \u589e\u52a0\u7684\u8fd0\u7b97\u3001\u5b58\u50a8\u3001\u6d41\u91cf\u6210\u672c\u53ef\u5ffd\u7565\u4e0d\u8ba1\u3002\u5f00\u53d1\u6210\u672c\u4e5f\u4e0d\u5927\u3002\u8fd9\u4e0d\u662f\u65b0\u6280\u672f\uff0c\u662f\u5b89\u5168\u4e1a\u5185\u65e9\u5c31\u516c\u8ba4\u7684\u5408\u7406\u505a\u6cd5\uff0c\u5f88\u591a\u4ea7\u54c1\u65e9\u5c31\u8fd9\u4e48\u505a\u4e86\u3002 \/\/@abominus:\u8bda\u5fc3\u8bf7\u6559:\u8fd9\u6837\u505a\u7684\u6210\u672c\u548c\u9020\u6210\u7684\u8bbe\u5907,\u6d41\u91cf\u652f\u51fa\u5927\u6982\u4f1a\u589e\u52a0\u591a\u5c11? \/\/@tombkeeper: \/\/@\u53ef\u60dc\u65e0\u58f0: \u5fae\u8f6f\u5b89\u5168\u4e13\u5bb6\u652f\u62db - \u7f51\u7ad9\u5e94\u8be5\u600e\u6837\u4fdd\u5b58\u7528\u6237\u5bc6\u7801","bid":"y1o965dF4"},"show_type":0},{"card_type":9,"itemid":"1076031401527553_-_3403307802715094","scheme":"https:\/\/m.weibo.cn\/status\/y1o3abojQ?mblogid=y1o3abojQ&luicode=10000011&lfid=1076031401527553","mblog":{"created_at":"2012-01-18","id":"3403307802715094","idstr":"3403307802715094","mid":"3403307802715094","can_edit":false,"text":"\/\/<a href='https:\/\/m.weibo.cn\/n\/\u53ef\u60dc\u65e0\u58f0'>@\u53ef\u60dc\u65e0\u58f0<\/a>: \u5fae\u8f6f\u5b89\u5168\u4e13\u5bb6\u652f\u62db - \u7f51\u7ad9\u5e94\u8be5\u600e\u6837\u4fdd\u5b58\u7528\u6237\u5bc6\u7801","source":"\u5fae\u535a weibo.com","favorited":false,"is_paid":false,"mblog_vip_type":0,"user":{"id":1401527553,"screen_name":"tombkeeper","profile_image_url":"https:\/\/tva2.sinaimg.cn\/crop.0.0.180.180.180\/53899d01jw8fcb9qpe7vbj2050050mx8.jpg","profile_url":"https:\/\/m.weibo.cn\/u\/1401527553?uid=1401527553&luicode=10000011&lfid=1076031401527553","statuses_count":15425,"verified":true,"verified_type":0,"verified_type_ext":1,"verified_reason":"\u77e5\u540d\u4e92\u8054\u7f51\u8d44\u8baf\u535a\u4e3b","close_blue_v":false,"description":"\u5fae\u535a\u672c\u5730\u8d44\u8baf\u535a\u4e3b\uff08\u521a\u679c\u5e03\u62c9\u67f4\u7ef4\u5c14\uff09","gender":"m","mbtype":12,"urank":48,"mbrank":6,"follow_me":false,"following":false,"followers_count":192533,"follow_count":277,"cover_image_phone":"https:\/\/tva1.sinaimg.cn\/crop.0.0.640.640.640\/549d0121tw1egm1kjly3jj20hs0hsq4f.jpg","avatar_hd":"https:\/\/ww2.sinaimg.cn\/orj480\/53899d01jw8fcb9qpe7vbj2050050mx8.jpg","like":false,"like_me":false,"badge":{"bind_taobao":1,"dzwbqlx_2016":1,"follow_whitelist_video":1,"hongbao_2018":1}},"pid":3403283765338565,"retweeted_status":{"created_at":"2012-01-18","id":"3403251250718552","idstr":"3403251250718552","mid":"3403251250718552","can_edit":false,"text":"\u53d1\u8868\u4e86\u535a\u6587 \u300a\u7528\u6237\u5bc6\u7801\u5b89\u5168\u5b58\u50a8\u5efa\u8bae\u300b - \u4f5c\u8005\uff1aBryan Sullivan \u8d44\u6df1\u5b89\u5168\u9879\u76ee\u7ecf\u7406\uff0c\u5fae\u8f6fSDL(\u5b89\u5168\u5f00\u53d1\u751f\u547d\u5468\u671f)\u56e2\u961f   \u5b89\u5168\u5c0f\u6d4b\u9a8c\uff1a\u5b58\u50a8\u673a\u5bc6\u4fe1\u606f\u6700\u5b89\u5168\u7684\u529e\u6cd5\u662f\u4ec0\u4e48\uff1f   a)  \u5229\u7528  <a data-url=\"http:\/\/t.cn\/z0DMzEt\" href=\"http:\/\/blog.sina.com.cn\/s\/blog_6b8988220102dvcy.html?luicode=10000011&lfid=1076031401527553&ep=y1mzX30Vy%252C2381785464%252Cy1mzX30Vy%252C2381785464\" data-hide=\"\"><span class=\"url-icon\"><img src=\"\/\/h5.sinaimg.cn\/upload\/2015\/09\/25\/3\/timeline_card_small_web_default.png\"><\/span><\/i><span class=\"surl-text\">\u7f51\u9875\u94fe\u63a5<\/a> \u200b\u200b\u200b","source":"\u65b0\u6d6a\u535a\u5ba2","favorited":false,"thumbnail_pic":"http:\/\/ww2.sinaimg.cn\/thumbnail\/8df72978jw1dp6r49k60vj.jpg","bmiddle_pic":"http:\/\/ww2.sinaimg.cn\/bmiddle\/8df72978jw1dp6r49k60vj.jpg","original_pic":"http:\/\/ww2.sinaimg.cn\/large\/8df72978jw1dp6r49k60vj.jpg","is_paid":false,"mblog_vip_type":0,"user":{"id":2381785464,"screen_name":"\u5fae\u8f6f\u4e2d\u56fd","profile_image_url":"https:\/\/tva1.sinaimg.cn\/crop.0.0.180.180.180\/8df72978jw8erudla5qqij2050050745.jpg","profile_url":"https:\/\/m.weibo.cn\/u\/2381785464?uid=2381785464&luicode=10000011&lfid=1076031401527553","statuses_count":6606,"verified":true,"verified_type":2,"verified_type_ext":0,"verified_reason":"\u5fae\u8f6f\u4e2d\u56fd\u5b98\u65b9\u5fae\u535a","close_blue_v":false,"description":"\u76f8\u5173\u6280\u672f\u95ee\u9898\u6b22\u8fce\u54a8\u8be2\r\n@\u5fae\u8f6f\u5e2e\u52a9\u548c\u652f\u6301","gender":"m","mbtype":2,"urank":38,"mbrank":2,"follow_me":false,"following":false,"followers_count":213359,"follow_count":172,"cover_image_phone":"https:\/\/tva3.sinaimg.cn\/crop.0.0.0.0\/8df72978jw1ee65881zpgj20hs0hsabp.jpg","avatar_hd":"https:\/\/ww1.sinaimg.cn\/orj480\/8df72978jw8erudla5qqij2050050745.jpg","like":false,"like_me":false,"badge":{"user_name_certificate":1}},"reposts_count":43,"comments_count":6,"attitudes_count":0,"pending_approval_count":0,"isLongText":false,"visible":{"type":0,"list_id":0},"more_info_type":0,"content_auth":0,"edit_config":{"edited":false},"bid":"y1mzX30Vy","pics":[{"pid":"8df72978jw1dp6r49k60vj","url":"https:\/\/ww2.sinaimg.cn\/orj360\/8df72978jw1dp6r49k60vj.jpg","size":"orj360","geo":false,"large":{"size":"large","url":"https:\/\/ww2.sinaimg.cn\/large\/8df72978jw1dp6r49k60vj.jpg","geo":false}}]},"reposts_count":0,"comments_count":3,"attitudes_count":0,"pending_approval_count":0,"isLongText":false,"visible":{"type":0,"list_id":0},"more_info_type":0,"content_auth":0,"edit_config":{"edited":false},"mblogtype":0,"obj_ext":"","raw_text":"\/\/@\u53ef\u60dc\u65e0\u58f0: \u5fae\u8f6f\u5b89\u5168\u4e13\u5bb6\u652f\u62db - \u7f51\u7ad9\u5e94\u8be5\u600e\u6837\u4fdd\u5b58\u7528\u6237\u5bc6\u7801","bid":"y1o3abojQ"},"show_type":0},{"card_type":9,"itemid":"1076031401527553_-_3403276672775277","scheme":"https:\/\/m.weibo.cn\/status\/y1neXbDYx?mblogid=y1neXbDYx&luicode=10000011&lfid=1076031401527553","mblog":{"created_at":"2012-01-18","id":"3403276672775277","idstr":"3403276672775277","mid":"3403276672775277","can_edit":false,"text":"\u524d\u9635\u5b50\u201c\u70df\u8349\u9662\u58eb\u201d\u6a2a\u4e2d\u8001\u65b9\u4e00\u67aa\uff0c\u770b\u4f3c\u83ab\u540d\u5176\u5999\uff0c\u5b9e\u9645\u4e0a\u51a4\u6709\u5934\u503a\u6709\u4e3b\uff0c\u503a\u4e3b\u5c31\u662fPM2.5\u3002\u56e0\u4e3a\u5f53\u65f6\u4ed6\u7684\u201c\u654c\u4eba\u201d\u4eec\u90fd\u5728\u6279PM2.5\u3002\u800c\u4ed6\u603b\u4e0d\u597d\u8bf4\u8fd9\u4e2a\u65e0\u5bb3\uff0c\u53c8\u4e0d\u7518\u770b\u7740\u201c\u654c\u4eba\u201d\u4eec\u5f97\u610f\u6d0b\u6d0b\uff0c\u201c\u90a3\u5c31\u8bf4\u4e2a\u66f4\u5389\u5bb3\u7684\u5427\u201d\u3002\u597d\u4f3c\u9694\u58c1\u8001\u674e\u4e70\u4e86\u5f69\u7535\uff0c\u54b1\u867d\u8bf4\u4e0d\u51fa\u5f69\u7535\u7684\u4e0d\u597d\uff0c\u4f46\u5938\u5938\u697c\u4e0a\u8001\u738b\u7684\u5bb6\u5ead\u5f71\u9662\uff0c\u5fc3\u91cc\u4e5f\u7545\u5feb\u8bb8\u591a\u3002 \u200b\u200b\u200b","source":"\u5fae\u535a weibo.com","favorited":false,"is_paid":false,"mblog_vip_type":0,"user":{"id":1401527553,"screen_name":"tombkeeper","profile_image_url":"https:\/\/tva2.sinaimg.cn\/crop.0.0.180.180.180\/53899d01jw8fcb9qpe7vbj2050050mx8.jpg","profile_url":"https:\/\/m.weibo.cn\/u\/1401527553?uid=1401527553&luicode=10000011&lfid=1076031401527553","statuses_count":15425,"verified":true,"verified_type":0,"verified_type_ext":1,"verified_reason":"\u77e5\u540d\u4e92\u8054\u7f51\u8d44\u8baf\u535a\u4e3b","close_blue_v":false,"description":"\u5fae\u535a\u672c\u5730\u8d44\u8baf\u535a\u4e3b\uff08\u521a\u679c\u5e03\u62c9\u67f4\u7ef4\u5c14\uff09","gender":"m","mbtype":12,"urank":48,"mbrank":6,"follow_me":false,"following":false,"followers_count":192533,"follow_count":277,"cover_image_phone":"https:\/\/tva1.sinaimg.cn\/crop.0.0.640.640.640\/549d0121tw1egm1kjly3jj20hs0hsq4f.jpg","avatar_hd":"https:\/\/ww2.sinaimg.cn\/orj480\/53899d01jw8fcb9qpe7vbj2050050mx8.jpg","like":false,"like_me":false,"badge":{"bind_taobao":1,"dzwbqlx_2016":1,"follow_whitelist_video":1,"hongbao_2018":1}},"reposts_count":2,"comments_count":5,"attitudes_count":0,"pending_approval_count":0,"isLongText":false,"visible":{"type":0,"list_id":0},"more_info_type":0,"content_auth":0,"edit_config":{"edited":false},"mblogtype":0,"bid":"y1neXbDYx"},"show_type":0},{"card_type":9,"itemid":"1076031401527553_-_3403239640726390","scheme":"https:\/\/m.weibo.cn\/status\/y1mhe32XY?mblogid=y1mhe32XY&luicode=10000011&lfid=1076031401527553","mblog":{"created_at":"2012-01-18","id":"3403239640726390","idstr":"3403239640726390","mid":"3403239640726390","can_edit":false,"text":"google\u63a8\u51fa\u201cGood to Know\u201d\u8ba1\u5212\uff0c\u666e\u53ca\u7f51\u7edc\u5b89\u5168\u77e5\u8bc6\uff1a<a data-url=\"http:\/\/t.cn\/Sz2WMk\" target=\"_blank\" href=\"https:\/\/weibo.cn\/sinaurl\/blocked77e73d77?luicode=10000011&lfid=1076031401527553&u=http%3A%2F%2Fwww.google.com%2Fgoodtoknow%2F&ep=y1mhe32XY%252C1401527553%252Cy1mhe32XY%252C1401527553\" class=\"\"><span class=\"url-icon\"><img src=\"\/\/h5.sinaimg.cn\/upload\/2015\/09\/25\/3\/timeline_card_small_web_default.png\"><\/span><\/i><span class=\"surl-text\">\u7f51\u9875\u94fe\u63a5<\/a> \u200b\u200b\u200b","source":"\u5fae\u535a\u684c\u9762","favorited":false,"thumbnail_pic":"http:\/\/ww4.sinaimg.cn\/thumbnail\/53899d01jw1dp6ps9j7lfj.jpg","bmiddle_pic":"http:\/\/ww4.sinaimg.cn\/bmiddle\/53899d01jw1dp6ps9j7lfj.jpg","original_pic":"http:\/\/ww4.sinaimg.cn\/large\/53899d01jw1dp6ps9j7lfj.jpg","is_paid":false,"mblog_vip_type":0,"user":{"id":1401527553,"screen_name":"tombkeeper","profile_image_url":"https:\/\/tva2.sinaimg.cn\/crop.0.0.180.180.180\/53899d01jw8fcb9qpe7vbj2050050mx8.jpg","profile_url":"https:\/\/m.weibo.cn\/u\/1401527553?uid=1401527553&luicode=10000011&lfid=1076031401527553","statuses_count":15425,"verified":true,"verified_type":0,"verified_type_ext":1,"verified_reason":"\u77e5\u540d\u4e92\u8054\u7f51\u8d44\u8baf\u535a\u4e3b","close_blue_v":false,"description":"\u5fae\u535a\u672c\u5730\u8d44\u8baf\u535a\u4e3b\uff08\u521a\u679c\u5e03\u62c9\u67f4\u7ef4\u5c14\uff09","gender":"m","mbtype":12,"urank":48,"mbrank":6,"follow_me":false,"following":false,"followers_count":192533,"follow_count":277,"cover_image_phone":"https:\/\/tva1.sinaimg.cn\/crop.0.0.640.640.640\/549d0121tw1egm1kjly3jj20hs0hsq4f.jpg","avatar_hd":"https:\/\/ww2.sinaimg.cn\/orj480\/53899d01jw8fcb9qpe7vbj2050050mx8.jpg","like":false,"like_me":false,"badge":{"bind_taobao":1,"dzwbqlx_2016":1,"follow_whitelist_video":1,"hongbao_2018":1}},"reposts_count":14,"comments_count":1,"attitudes_count":0,"pending_approval_count":0,"isLongText":false,"visible":{"type":0,"list_id":0},"more_info_type":0,"content_auth":0,"edit_config":{"edited":false},"mblogtype":0,"bid":"y1mhe32XY","pics":[{"pid":"53899d01jw1dp6ps9j7lfj","url":"https:\/\/ww4.sinaimg.cn\/orj360\/53899d01jw1dp6ps9j7lfj.jpg","size":"orj360","geo":false,"large":{"size":"large","url":"https:\/\/ww4.sinaimg.cn\/large\/53899d01jw1dp6ps9j7lfj.jpg","geo":false}}]},"show_type":0},{"card_type":9,"itemid":"1076031401527553_-_3403233105897585","scheme":"https:\/\/m.weibo.cn\/status\/y1m6GoKel?mblogid=y1m6GoKel&luicode=10000011&lfid=1076031401527553","mblog":{"created_at":"2012-01-18","id":"3403233105897585","idstr":"3403233105897585","mid":"3403233105897585","can_edit":false,"text":"\u770b\u5230\u6709\u4eba\u7814\u7a76\u300a\u897f\u6e38\u8bb0\u300b\uff0c\u8bf4\u6e29\u5a07\u5c0f\u59d0\u548c\u6c34\u8d3c\u5218\u6d2a\u624d\u662f\u771f\u7231\uff0c\u5510\u50e7\u662f\u5218\u6d2a\u4eb2\u9aa8\u8089\uff1b\u89c2\u97f3\u8bbe\u6b64\u5c40\u610f\u5728\u8ba9\u5510\u50e7\u8bef\u6740\u751f\u7236\uff0c\u903c\u6b7b\u751f\u6bcd\uff0c\u65b9\u624d\u80fd\u505a\u4e2a\u5fc3\u5982\u6b7b\u7070\u7684\u5408\u683c\u53d6\u7ecf\u4eba\u2014\u2014\u6211\u89c9\u5f97\u8fd9\u4e2a\u8003\u8bc1\u7684\u903b\u8f91\u4e25\u5bc6\u6027\u6bd4\u9ea6\u7530\u90a3\u4e2a\u9ad8\u8bb8\u591a\u3002\u4e0b\u4e00\u6b65\u6211\u6253\u7b97\u8003\u8bc1\u97e9\u5bd2\u7236\u4eb2\u5176\u5b9e\u4e5f\u4e0d\u4f1a\u5199\u6587\u7ae0\uff0c\u4ed6\u4eec\u4e00\u5bb6\u90fd\u662f\u9760\u6e58\u897f\u8d76\u5c38\u79d8\u672f\u9a71\u4f7f\u5148\u7956\u97e9\u6108\u5728\u5e72\u6d3b\u3002 \u200b\u200b\u200b","source":"\u5fae\u535a weibo.com","favorited":false,"is_paid":false,"mblog_vip_type":0,"user":{"id":1401527553,"screen_name":"tombkeeper","profile_image_url":"https:\/\/tva2.sinaimg.cn\/crop.0.0.180.180.180\/53899d01jw8fcb9qpe7vbj2050050mx8.jpg","profile_url":"https:\/\/m.weibo.cn\/u\/1401527553?uid=1401527553&luicode=10000011&lfid=1076031401527553","statuses_count":15425,"verified":true,"verified_type":0,"verified_type_ext":1,"verified_reason":"\u77e5\u540d\u4e92\u8054\u7f51\u8d44\u8baf\u535a\u4e3b","close_blue_v":false,"description":"\u5fae\u535a\u672c\u5730\u8d44\u8baf\u535a\u4e3b\uff08\u521a\u679c\u5e03\u62c9\u67f4\u7ef4\u5c14\uff09","gender":"m","mbtype":12,"urank":48,"mbrank":6,"follow_me":false,"following":false,"followers_count":192533,"follow_count":277,"cover_image_phone":"https:\/\/tva1.sinaimg.cn\/crop.0.0.640.640.640\/549d0121tw1egm1kjly3jj20hs0hsq4f.jpg","avatar_hd":"https:\/\/ww2.sinaimg.cn\/orj480\/53899d01jw8fcb9qpe7vbj2050050mx8.jpg","like":false,"like_me":false,"badge":{"bind_taobao":1,"dzwbqlx_2016":1,"follow_whitelist_video":1,"hongbao_2018":1}},"reposts_count":19,"comments_count":20,"attitudes_count":0,"pending_approval_count":0,"isLongText":false,"visible":{"type":0,"list_id":0},"more_info_type":0,"content_auth":0,"edit_config":{"edited":false},"mblogtype":0,"bid":"y1m6GoKel"},"show_type":0},{"card_type":9,"itemid":"1076031401527553_-_3403136276429436","scheme":"https:\/\/m.weibo.cn\/status\/y1jAvqYAA?mblogid=y1jAvqYAA&luicode=10000011&lfid=1076031401527553","mblog":{"created_at":"2012-01-18","id":"3403136276429436","idstr":"3403136276429436","mid":"3403136276429436","can_edit":false,"text":"\u56de\u590d<a href='https:\/\/m.weibo.cn\/n\/3dnow'>@3dnow<\/a>: \u5403\u996d\u5176\u5b9e\u4e5f\u6709\u526f\u4f5c\u7528\u3002\u9664\u4e86\u5f15\u53d1\u5fc5\u987b\u6392\u4fbf\u7684\u9ebb\u70e6\uff0c\u8fd8\u53ef\u80fd\u5bfc\u81f4\u4e2d\u6bd2\u3001\u8179\u6cfb\u3001\u6e83\u75a1\u3001\u764c\u75c7<span class=\"url-icon\"><img src=\"\/\/h5.sinaimg.cn\/m\/emoticon\/icon\/default\/d_xixi-ce63ce2629.png\" style=\"width:1em;height:1em;\" alt=\"[\u563b\u563b]\"><\/span>\u2026\u2026\u836f\u548c\u996d\u4e00\u6837\uff0c\u5403\u4e0d\u5403\uff0c\u5403\u591a\u4e45\uff0c\u90fd\u662f\u6743\u8861\u5229\u5f0a\u540e\u7684\u59a5\u534f\u3002\/\/<a href='https:\/\/m.weibo.cn\/n\/3dnow'>@3dnow<\/a>: \u7ec8\u8eab\u670d\u836f\u7684\u526f\u4f5c\u7528\u5462\uff1f","source":"\u5fae\u535a weibo.com","favorited":false,"is_paid":false,"mblog_vip_type":0,"user":{"id":1401527553,"screen_name":"tombkeeper","profile_image_url":"https:\/\/tva2.sinaimg.cn\/crop.0.0.180.180.180\/53899d01jw8fcb9qpe7vbj2050050mx8.jpg","profile_url":"https:\/\/m.weibo.cn\/u\/1401527553?uid=1401527553&luicode=10000011&lfid=1076031401527553","statuses_count":15425,"verified":true,"verified_type":0,"verified_type_ext":1,"verified_reason":"\u77e5\u540d\u4e92\u8054\u7f51\u8d44\u8baf\u535a\u4e3b","close_blue_v":false,"description":"\u5fae\u535a\u672c\u5730\u8d44\u8baf\u535a\u4e3b\uff08\u521a\u679c\u5e03\u62c9\u67f4\u7ef4\u5c14\uff09","gender":"m","mbtype":12,"urank":48,"mbrank":6,"follow_me":false,"following":false,"followers_count":192533,"follow_count":277,"cover_image_phone":"https:\/\/tva1.sinaimg.cn\/crop.0.0.640.640.640\/549d0121tw1egm1kjly3jj20hs0hsq4f.jpg","avatar_hd":"https:\/\/ww2.sinaimg.cn\/orj480\/53899d01jw8fcb9qpe7vbj2050050mx8.jpg","like":false,"like_me":false,"badge":{"bind_taobao":1,"dzwbqlx_2016":1,"follow_whitelist_video":1,"hongbao_2018":1}},"pid":3403132702822310,"retweeted_status":{"created_at":"2012-01-18","id":"3403120652514614","idstr":"3403120652514614","mid":"3403120652514614","can_edit":false,"text":"<a href='https:\/\/m.weibo.cn\/n\/tombkeeper'>@tombkeeper<\/a> \u60f3\u54a8\u8be2\u5927\u795e\u4e00\u4e2a\u4e8b,\u524d\u4e24\u5929\u6211\u5988(49\u5c81)\u53bb\u4f53\u68c0,\u8bf4\u8840\u8102\u9ad8,\u7ed3\u679c\u662f\u603b\u80c6\u56fa\u91877.17mmol\/L, \u7518\u6cb9\u4e09\u916f1.32mmol\/L, \u9ad8\u5bc6\u5ea6\u8102\u86cb\u767d\u80c6\u56fa\u91871.86mmol\/L, \u4f4e\u5bc6\u5ea6\u8102\u86cb\u767d\u80c6\u56fa\u91874.65mmol\/L. \u8fd9\u79cd\u60c5\u51b5\u8be5\u600e\u4e48\u8c03\u7406\uff1f\u7528\u5403\u836f\u4e48\uff1f\u542c\u8bf4\u5403\u964d\u8840\u8102\u7684\u836f\u4e4b\u540e\u5c31\u65ad\u4e0d\u4e86\u4e86?\u89c9\u5f97\u90a3\u4e9b\u533b\u751f\u4e5f\u4e0d\u7ed9\u597d\u597d\u770b\uff0c\u4e00\u70b9\u4e0d\u9760\u8c31[lxh\u62dc\u5e74\u4e86] \u200b\u200b\u200b","source":"\u5fae\u535a weibo.com","favorited":false,"is_paid":false,"mblog_vip_type":0,"user":{"id":1769772155,"screen_name":"\u6765\u51b3\u5b9a\u662f\u5426","profile_image_url":"https:\/\/tvax2.sinaimg.cn\/crop.128.0.768.768.180\/697c947bly1fi48ab6zfjj20sg0lcapx.jpg","profile_url":"https:\/\/m.weibo.cn\/u\/1769772155?uid=1769772155&luicode=10000011&lfid=1076031401527553","statuses_count":152,"verified":false,"verified_type":-1,"close_blue_v":false,"description":"","gender":"m","mbtype":0,"urank":20,"mbrank":0,"follow_me":false,"following":false,"followers_count":229,"follow_count":897,"cover_image_phone":"https:\/\/tva1.sinaimg.cn\/crop.0.0.640.640.640\/549d0121tw1egm1kjly3jj20hs0hsq4f.jpg","avatar_hd":"https:\/\/wx2.sinaimg.cn\/orj480\/697c947bly1fi48ab6zfjj20sg0lcapx.jpg","like":false,"like_me":false},"reposts_count":7,"comments_count":2,"attitudes_count":0,"pending_approval_count":0,"isLongText":false,"visible":{"type":0,"list_id":0},"more_info_type":0,"content_auth":0,"edit_config":{"edited":false},"bid":"y1jbjayai"},"reposts_count":0,"comments_count":1,"attitudes_count":0,"pending_approval_count":0,"isLongText":false,"visible":{"type":0,"list_id":0},"more_info_type":0,"content_auth":0,"edit_config":{"edited":false},"mblogtype":0,"obj_ext":"","raw_text":"\u56de\u590d@3dnow: \u5403\u996d\u5176\u5b9e\u4e5f\u6709\u526f\u4f5c\u7528\u3002\u9664\u4e86\u5f15\u53d1\u5fc5\u987b\u6392\u4fbf\u7684\u9ebb\u70e6\uff0c\u8fd8\u53ef\u80fd\u5bfc\u81f4\u4e2d\u6bd2\u3001\u8179\u6cfb\u3001\u6e83\u75a1\u3001\u764c\u75c7[\u563b\u563b]\u2026\u2026\u836f\u548c\u996d\u4e00\u6837\uff0c\u5403\u4e0d\u5403\uff0c\u5403\u591a\u4e45\uff0c\u90fd\u662f\u6743\u8861\u5229\u5f0a\u540e\u7684\u59a5\u534f\u3002\/\/@3dnow: \u7ec8\u8eab\u670d\u836f\u7684\u526f\u4f5c\u7528\u5462\uff1f","bid":"y1jAvqYAA"},"show_type":0},{"card_type":9,"itemid":"1076031401527553_-_3403132702822310","scheme":"https:\/\/m.weibo.cn\/status\/y1juKbQd8?mblogid=y1juKbQd8&luicode=10000011&lfid=1076031401527553","mblog":{"created_at":"2012-01-18","id":"3403132702822310","idstr":"3403132702822310","mid":"3403132702822310","can_edit":false,"text":"\u4f60\u5148\u770b\u4e00\u4e0b\u8fd9\u4e2a\uff1a<a data-url=\"http:\/\/t.cn\/z0D2FPD\" target=\"_blank\" href=\"https:\/\/weibo.cn\/sinaurl\/blocked953f0a62?luicode=10000011&lfid=1076031401527553&u=http%3A%2F%2Fhi.baidu.com%2Ftombkeeper%2Fblog%2Fitem%2F2f52b4ef62cae217fcfa3c03.html&ep=y1juKbQd8%252C1401527553%252Cy1jbjayai%252C1769772155\" class=\"\"><span class=\"url-icon\"><img src=\"\/\/h5.sinaimg.cn\/upload\/2015\/09\/25\/3\/timeline_card_small_web_default.png\"><\/span><\/i><span class=\"surl-text\">\u7f51\u9875\u94fe\u63a5<\/a>\u3002 \u5148\u4e25\u683c\u4f4e\u8102\u996e\u98df\uff0c\u540c\u65f6\u63a7\u5236\u603b\u70ed\u91cf\u6444\u5165\u3002\u7b80\u5355\u8bf4\u5c31\u662f\u852c\u83dc\u4e3a\u4e3b\uff0c\u732a\u725b\u7f8a\u8089\u6682\u505c\uff0c\u9e21\u8089\u9c7c\u8089\u53ef\u4ee5\u5c11\u5403\u70b9\uff0c\u4e3b\u98df\u51cf\u534a\u3002\u534a\u4e2a\u6708\u5230\u4e00\u4e2a\u6708\u540e\u590d\u67e5\u3002\u5982\u679c\u8fd8\u9ad8\uff0c\u53ef\u4ee5\u8003\u8651\u836f\u7269\u63a7\u5236\u3002\u5bf9\u7ec8\u751f\u670d\u836f\u6ca1\u5fc5\u8981\u90a3\u4e48\u62b5\u89e6\u3002\u4eba\u4e3a\u4e86\u6d3b\u7740\uff0c\u8fd8\u5f97\u7ec8\u751f\u5403\u996d\u5462\u3002","source":"\u5fae\u535a weibo.com","favorited":false,"is_paid":false,"mblog_vip_type":0,"user":{"id":1401527553,"screen_name":"tombkeeper","profile_image_url":"https:\/\/tva2.sinaimg.cn\/crop.0.0.180.180.180\/53899d01jw8fcb9qpe7vbj2050050mx8.jpg","profile_url":"https:\/\/m.weibo.cn\/u\/1401527553?uid=1401527553&luicode=10000011&lfid=1076031401527553","statuses_count":15425,"verified":true,"verified_type":0,"verified_type_ext":1,"verified_reason":"\u77e5\u540d\u4e92\u8054\u7f51\u8d44\u8baf\u535a\u4e3b","close_blue_v":false,"description":"\u5fae\u535a\u672c\u5730\u8d44\u8baf\u535a\u4e3b\uff08\u521a\u679c\u5e03\u62c9\u67f4\u7ef4\u5c14\uff09","gender":"m","mbtype":12,"urank":48,"mbrank":6,"follow_me":false,"following":false,"followers_count":192533,"follow_count":277,"cover_image_phone":"https:\/\/tva1.sinaimg.cn\/crop.0.0.640.640.640\/549d0121tw1egm1kjly3jj20hs0hsq4f.jpg","avatar_hd":"https:\/\/ww2.sinaimg.cn\/orj480\/53899d01jw8fcb9qpe7vbj2050050mx8.jpg","like":false,"like_me":false,"badge":{"bind_taobao":1,"dzwbqlx_2016":1,"follow_whitelist_video":1,"hongbao_2018":1}},"retweeted_status":{"created_at":"2012-01-18","id":"3403120652514614","idstr":"3403120652514614","mid":"3403120652514614","can_edit":false,"text":"<a href='https:\/\/m.weibo.cn\/n\/tombkeeper'>@tombkeeper<\/a> \u60f3\u54a8\u8be2\u5927\u795e\u4e00\u4e2a\u4e8b,\u524d\u4e24\u5929\u6211\u5988(49\u5c81)\u53bb\u4f53\u68c0,\u8bf4\u8840\u8102\u9ad8,\u7ed3\u679c\u662f\u603b\u80c6\u56fa\u91877.17mmol\/L, \u7518\u6cb9\u4e09\u916f1.32mmol\/L, \u9ad8\u5bc6\u5ea6\u8102\u86cb\u767d\u80c6\u56fa\u91871.86mmol\/L, \u4f4e\u5bc6\u5ea6\u8102\u86cb\u767d\u80c6\u56fa\u91874.65mmol\/L. \u8fd9\u79cd\u60c5\u51b5\u8be5\u600e\u4e48\u8c03\u7406\uff1f\u7528\u5403\u836f\u4e48\uff1f\u542c\u8bf4\u5403\u964d\u8840\u8102\u7684\u836f\u4e4b\u540e\u5c31\u65ad\u4e0d\u4e86\u4e86?\u89c9\u5f97\u90a3\u4e9b\u533b\u751f\u4e5f\u4e0d\u7ed9\u597d\u597d\u770b\uff0c\u4e00\u70b9\u4e0d\u9760\u8c31[lxh\u62dc\u5e74\u4e86] \u200b\u200b\u200b","source":"\u5fae\u535a weibo.com","favorited":false,"is_paid":false,"mblog_vip_type":0,"user":{"id":1769772155,"screen_name":"\u6765\u51b3\u5b9a\u662f\u5426","profile_image_url":"https:\/\/tvax2.sinaimg.cn\/crop.128.0.768.768.180\/697c947bly1fi48ab6zfjj20sg0lcapx.jpg","profile_url":"https:\/\/m.weibo.cn\/u\/1769772155?uid=1769772155&luicode=10000011&lfid=1076031401527553","statuses_count":152,"verified":false,"verified_type":-1,"close_blue_v":false,"description":"","gender":"m","mbtype":0,"urank":20,"mbrank":0,"follow_me":false,"following":false,"followers_count":229,"follow_count":897,"cover_image_phone":"https:\/\/tva1.sinaimg.cn\/crop.0.0.640.640.640\/549d0121tw1egm1kjly3jj20hs0hsq4f.jpg","avatar_hd":"https:\/\/wx2.sinaimg.cn\/orj480\/697c947bly1fi48ab6zfjj20sg0lcapx.jpg","like":false,"like_me":false},"reposts_count":7,"comments_count":2,"attitudes_count":0,"pending_approval_count":0,"isLongText":false,"visible":{"type":0,"list_id":0},"more_info_type":0,"content_auth":0,"edit_config":{"edited":false},"bid":"y1jbjayai"},"reposts_count":0,"comments_count":10,"attitudes_count":0,"pending_approval_count":0,"isLongText":false,"visible":{"type":0,"list_id":0},"more_info_type":0,"content_auth":0,"edit_config":{"edited":false},"mblogtype":0,"obj_ext":"","raw_text":"\u4f60\u5148\u770b\u4e00\u4e0b\u8fd9\u4e2a\uff1ahttp:\/\/t.cn\/z0D2FPD\u3002 \u5148\u4e25\u683c\u4f4e\u8102\u996e\u98df\uff0c\u540c\u65f6\u63a7\u5236\u603b\u70ed\u91cf\u6444\u5165\u3002\u7b80\u5355\u8bf4\u5c31\u662f\u852c\u83dc\u4e3a\u4e3b\uff0c\u732a\u725b\u7f8a\u8089\u6682\u505c\uff0c\u9e21\u8089\u9c7c\u8089\u53ef\u4ee5\u5c11\u5403\u70b9\uff0c\u4e3b\u98df\u51cf\u534a\u3002\u534a\u4e2a\u6708\u5230\u4e00\u4e2a\u6708\u540e\u590d\u67e5\u3002\u5982\u679c\u8fd8\u9ad8\uff0c\u53ef\u4ee5\u8003\u8651\u836f\u7269\u63a7\u5236\u3002\u5bf9\u7ec8\u751f\u670d\u836f\u6ca1\u5fc5\u8981\u90a3\u4e48\u62b5\u89e6\u3002\u4eba\u4e3a\u4e86\u6d3b\u7740\uff0c\u8fd8\u5f97\u7ec8\u751f\u5403\u996d\u5462\u3002","bid":"y1juKbQd8"},"show_type":0},{"card_type":9,"itemid":"1076031401527553_-_3403124393460556","scheme":"https:\/\/m.weibo.cn\/status\/y1jhlewfq?mblogid=y1jhlewfq&luicode=10000011&lfid=1076031401527553","mblog":{"created_at":"2012-01-18","id":"3403124393460556","idstr":"3403124393460556","mid":"3403124393460556","can_edit":false,"text":"\u8bf4\u8d77\u9690\u79c1\u6cc4\u6f0f\uff0c\u8fd8\u8bb0\u5f97\u51e0\u5e74\u524d\u7684\u201c\u660e\u661f\u8eab\u4efd\u8bc1\u53f7\u201d\u201c\u660e\u661f\u624b\u673a\u53f7\u201d \u4e8b\u4ef6\u4e48\uff1f<a data-url=\"http:\/\/t.cn\/z0DAsEQ\" target=\"_blank\" href=\"https:\/\/weibo.cn\/sinaurl\/blocked40637753?wd=%C3%F7%D0%C7%C9%ED%B7%DD%D6%A4%BA%C5&luicode=10000011&lfid=1076031401527553&u=http%3A%2F%2Fwww.baidu.com%2Fs%3Fwd%3D%25C3%25F7%25D0%25C7%25C9%25ED%25B7%25DD%25D6%25A4%25BA%25C5&ep=y1jhlewfq%252C1401527553%252Cy1jhlewfq%252C1401527553\" class=\"\"><span class=\"url-icon\"><img src=\"\/\/h5.sinaimg.cn\/upload\/2015\/09\/25\/3\/timeline_card_small_web_default.png\"><\/span><\/i><span class=\"surl-text\">\u7f51\u9875\u94fe\u63a5<\/a> <a data-url=\"http:\/\/t.cn\/z0DAsER\" target=\"_blank\" href=\"https:\/\/weibo.cn\/sinaurl\/blocked7ce2abe4?wd=%C3%F7%D0%C7%CA%D6%BB%FA%BA%C5&luicode=10000011&lfid=1076031401527553&u=http%3A%2F%2Fwww.baidu.com%2Fs%3Fwd%3D%25C3%25F7%25D0%25C7%25CA%25D6%25BB%25FA%25BA%25C5&ep=y1jhlewfq%252C1401527553%252Cy1jhlewfq%252C1401527553\" class=\"\"><span class=\"url-icon\"><img src=\"\/\/h5.sinaimg.cn\/upload\/2015\/09\/25\/3\/timeline_card_small_web_default.png\"><\/span><\/i><span class=\"surl-text\">\u7f51\u9875\u94fe\u63a5<\/a> \u8bf4\u8d77\u201c\u6211\u7238\u662f\u674e\u521a\u201d\u8c01\u8fd8\u8bb0\u5f97\u201c\u6211\u7238\u662f\u9ad8\u5e72\uff0c\u813e\u6c14\u5f88\u66b4\u8e81\u201d\uff1f<a data-url=\"http:\/\/t.cn\/z0DAsE8\" target=\"_blank\" href=\"https:\/\/weibo.cn\/sinaurl\/blocked81fb1ede?wd=%CE%D2%B0%D6%CA%C7%B8%DF%B8%C9%A3%AC%C6%A2%C6%F8%BA%DC%B1%A9%D4%EA&luicode=10000011&lfid=1076031401527553&u=http%3A%2F%2Fwww.baidu.com%2Fs%3Fwd%3D%25CE%25D2%25B0%25D6%25CA%25C7%25B8%25DF%25B8%25C9%25A3%25AC%25C6%25A2%25C6%25F8%25BA%25DC%25B1%25A9%25D4%25EA&ep=y1jhlewfq%252C1401527553%252Cy1jhlewfq%252C1401527553\" class=\"\"><span class=\"url-icon\"><img src=\"\/\/h5.sinaimg.cn\/upload\/2015\/09\/25\/3\/timeline_card_small_web_default.png\"><\/span><\/i><span class=\"surl-text\">\u7f51\u9875\u94fe\u63a5<\/a> \u200b\u200b\u200b","source":"\u5fae\u535a weibo.com","favorited":false,"is_paid":false,"mblog_vip_type":0,"user":{"id":1401527553,"screen_name":"tombkeeper","profile_image_url":"https:\/\/tva2.sinaimg.cn\/crop.0.0.180.180.180\/53899d01jw8fcb9qpe7vbj2050050mx8.jpg","profile_url":"https:\/\/m.weibo.cn\/u\/1401527553?uid=1401527553&luicode=10000011&lfid=1076031401527553","statuses_count":15425,"verified":true,"verified_type":0,"verified_type_ext":1,"verified_reason":"\u77e5\u540d\u4e92\u8054\u7f51\u8d44\u8baf\u535a\u4e3b","close_blue_v":false,"description":"\u5fae\u535a\u672c\u5730\u8d44\u8baf\u535a\u4e3b\uff08\u521a\u679c\u5e03\u62c9\u67f4\u7ef4\u5c14\uff09","gender":"m","mbtype":12,"urank":48,"mbrank":6,"follow_me":false,"following":false,"followers_count":192533,"follow_count":277,"cover_image_phone":"https:\/\/tva1.sinaimg.cn\/crop.0.0.640.640.640\/549d0121tw1egm1kjly3jj20hs0hsq4f.jpg","avatar_hd":"https:\/\/ww2.sinaimg.cn\/orj480\/53899d01jw8fcb9qpe7vbj2050050mx8.jpg","like":false,"like_me":false,"badge":{"bind_taobao":1,"dzwbqlx_2016":1,"follow_whitelist_video":1,"hongbao_2018":1}},"reposts_count":0,"comments_count":4,"attitudes_count":1,"pending_approval_count":0,"isLongText":false,"visible":{"type":0,"list_id":0},"more_info_type":0,"content_auth":0,"edit_config":{"edited":false},"mblogtype":0,"bid":"y1jhlewfq"},"show_type":0}],"showAppTips":0,"scheme":"sinaweibo:\/\/cardlist?containerid=1076031401527553&extparam=&luicode=10000011&lfid=&featurecode="}}