{"ok":1,"data":{"cardlistInfo":{"containerid":"1076031401527553","v_p":42,"show_style":1,"total":15518,"page":50},"cards":[{"card_type":9,"itemid":"1076031401527553_-_3398518737847832","scheme":"https:\/\/m.weibo.cn\/status\/xFkVbwVzW?mblogid=xFkVbwVzW&luicode=10000011&lfid=1076031401527553","mblog":{"created_at":"2012-01-05","id":"3398518737847832","idstr":"3398518737847832","mid":"3398518737847832","can_edit":false,"text":"\u8f6c\u53d1\u5fae\u535a","source":"\u5fae\u535a weibo.com","favorited":false,"is_paid":false,"mblog_vip_type":0,"user":{"id":1401527553,"screen_name":"tombkeeper","profile_image_url":"https:\/\/tva2.sinaimg.cn\/crop.0.0.180.180.180\/53899d01jw8fcb9qpe7vbj2050050mx8.jpg","profile_url":"https:\/\/m.weibo.cn\/u\/1401527553?uid=1401527553&luicode=10000011&lfid=1076031401527553","statuses_count":15425,"verified":true,"verified_type":0,"verified_type_ext":1,"verified_reason":"\u77e5\u540d\u4e92\u8054\u7f51\u8d44\u8baf\u535a\u4e3b","close_blue_v":false,"description":"\u5fae\u535a\u672c\u5730\u8d44\u8baf\u535a\u4e3b\uff08\u521a\u679c\u5e03\u62c9\u67f4\u7ef4\u5c14\uff09","gender":"m","mbtype":12,"urank":48,"mbrank":6,"follow_me":false,"following":false,"followers_count":192533,"follow_count":277,"cover_image_phone":"https:\/\/tva1.sinaimg.cn\/crop.0.0.640.640.640\/549d0121tw1egm1kjly3jj20hs0hsq4f.jpg","avatar_hd":"https:\/\/ww2.sinaimg.cn\/orj480\/53899d01jw8fcb9qpe7vbj2050050mx8.jpg","like":false,"like_me":false,"badge":{"bind_taobao":1,"dzwbqlx_2016":1,"follow_whitelist_video":1,"hongbao_2018":1}},"retweeted_status":{"created_at":"2012-01-05","id":"3398407076604444","idstr":"3398407076604444","mid":"3398407076604444","can_edit":false,"text":"\u5206\u4eab\u56fe\u7247 \u5728\u8c46\u74e3\u770b\u5230\u6709\u4eba\u7206\u6599\uff0c\u770b\u5230\u4e86\u4e00\u4f4d\u5b66\u8005\u5728\u6587\u7ae0\u91cc\u518d\u7ffb\u8bd1\u4e86\u6bdb\u6cfd\u4e1c\u7684\u300a\u5ff5\u5974\u5a07 \u6606\u4ed1\u300b\u201c\u5b89\u5f97\u501a\u5929\u62bd\u5b9d\u5251\uff0c\u628a\u6c5d\u88c1\u4e3a\u4e09\u622a\uff1f\u4e00\u622a\u9057\u6b27\uff0c\u4e00\u622a\u8d60\u7f8e\uff0c\u4e00\u622a\u8fd8\u4e1c\u56fd\u3002\u592a\u5e73\u4e16\u754c\uff0c\u73af\u7403\u540c\u6b64\u51c9\u70ed\u3002\u201d \u8bd1\u6587\u5982\u4e0b\uff0c\u80fd\u548c\u5e38\u51ef\u7533\u6297\u8861\u7684\u5bbf\u654c\u6606\u4ed1\u540c\u5fd7\u7ec8\u4e8e\u51fa\u73b0\u4e86\uff01 <a data-url=\"http:\/\/t.cn\/S67bpN\" href=\"&ep=xFi15rI7i%252C1444865141%252CxFi15rI7i%252C1444865141\" data-hide=\"\"><span class=\"url-icon\"><img src=\"\/\/h5.sinaimg.cn\/upload\/2015\/09\/25\/3\/timeline_card_small_web_default.png\"><\/span><\/i><span class=\"surl-text\">\u7f51\u9875\u94fe\u63a5<\/a> \u200b\u200b\u200b","source":"\u5fae\u535a weibo.com","favorited":false,"thumbnail_pic":"http:\/\/ww1.sinaimg.cn\/thumbnail\/561ee475jw1dorao9gufmg.gif","bmiddle_pic":"http:\/\/ww1.sinaimg.cn\/bmiddle\/561ee475jw1dorao9gufmg.gif","original_pic":"http:\/\/ww1.sinaimg.cn\/large\/561ee475jw1dorao9gufmg.gif","is_paid":false,"mblog_vip_type":0,"user":{"id":1444865141,"screen_name":"\u9a6c\u4f2f\u5eb8","profile_image_url":"https:\/\/tvax2.sinaimg.cn\/crop.0.0.1242.1242.180\/561ee475ly8fhlodxi1vjj20yi0yiwh3.jpg","profile_url":"https:\/\/m.weibo.cn\/u\/1444865141?uid=1444865141&luicode=10000011&lfid=1076031401527553","statuses_count":16507,"verified":true,"verified_type":0,"verified_type_ext":1,"verified_reason":"\u4f5c\u5bb6 \u5fae\u535a\u7b7e\u7ea6\u81ea\u5a92\u4f53","close_blue_v":false,"description":"\u6734\u5b9e\u521a\u5065\uff0c\u60c5\u7eea\u591a\u53d8\uff0c\u4e8b\u5c11\u98df\u70e6\uff0c\u4f4e\u8c03\u7231\u73b0\u3002","gender":"m","mbtype":12,"urank":47,"mbrank":6,"follow_me":false,"following":false,"followers_count":3841514,"follow_count":901,"cover_image_phone":"https:\/\/tva1.sinaimg.cn\/crop.0.0.640.640.640\/549d0121tw1egm1kjly3jj20hs0hsq4f.jpg","avatar_hd":"https:\/\/wx2.sinaimg.cn\/orj480\/561ee475ly8fhlodxi1vjj20yi0yiwh3.jpg","like":false,"like_me":false,"badge":{"bind_taobao":1,"self_media":1,"dzwbqlx_2016":1,"follow_whitelist_video":1,"hongbao_2018":1}},"reposts_count":2661,"comments_count":1137,"attitudes_count":6,"pending_approval_count":0,"isLongText":false,"visible":{"type":0,"list_id":0},"more_info_type":0,"content_auth":0,"edit_config":{"edited":false},"bid":"xFi15rI7i","pics":[{"pid":"561ee475jw1dorao9gufmg","url":"https:\/\/ww1.sinaimg.cn\/orj360\/561ee475jw1dorao9gufmg.gif","size":"orj360","geo":false,"large":{"size":"large","url":"https:\/\/ww1.sinaimg.cn\/large\/561ee475jw1dorao9gufmg.gif","geo":false}}]},"reposts_count":3,"comments_count":2,"attitudes_count":0,"pending_approval_count":0,"isLongText":false,"visible":{"type":0,"list_id":0},"more_info_type":0,"content_auth":0,"edit_config":{"edited":false},"mblogtype":0,"obj_ext":"","raw_text":"\u8f6c\u53d1\u5fae\u535a","bid":"xFkVbwVzW"},"show_type":0},{"card_type":9,"itemid":"1076031401527553_-_3398517224037120","scheme":"https:\/\/m.weibo.cn\/status\/xFkSKgWeQ?mblogid=xFkSKgWeQ&luicode=10000011&lfid=1076031401527553","mblog":{"created_at":"2012-01-05","id":"3398517224037120","idstr":"3398517224037120","mid":"3398517224037120","can_edit":false,"text":"\u6211\u4eec\u9886\u5bfc\u5c31\u662f\u592a\u5fd9\u4e8e\u5de5\u4f5c\uff0c\u4e00\u70b9\u90fd\u4e0d\u6ce8\u610f\u81ea\u5df1\u7684\u8eab\u4f53\uff0c\u8fd9\u6837\u4e0b\u53bb\u600e\u4eec\u80fd\u4e3a\u516c\u53f8\u5065\u5eb7\u5de5\u4f5c\u4e94\u5341\u5e74\u5462\uff1f\u6211\u5bf9\u6b64\u610f\u89c1\u5f88\u5927\u3002 \/\/<a href='https:\/\/m.weibo.cn\/n\/humeafo'>@humeafo<\/a>: \u771f\u6b63\u6709\u5fc3\u601d\u6536\u96c6\u5bf9\u5404\u7ea7\u9886\u5bfc\u610f\u89c1\u7684\uff0c\u5e94\u8be5\u8bbe\u7acb\u533f\u540d\u610f\u89c1\u7bb1\uff0c\u5426\u5219\u4ece\u4eba\u6027\u89d2\u5ea6\u6765\u8bf4\uff0c\u53ea\u80fd\u6536\u96c6\u5230\u4f60\u731c\u4e86\u3002\u8fd9\u79cd\u5f62\u5f0f\u7684\u610f\u89c1\u6536\u96c6\u57fa\u672c\u7b49\u4e8e\u6d6a\u8d39\u4eba\u529b\u7269\u529b\u3002 \/\/<a href='https:\/\/m.weibo.cn\/n\/\u738b\u7ea2\u9633'>@\u738b\u7ea2\u9633<\/a>:\u8f6c\u53d1\u5fae\u535a","source":"\u5fae\u535a weibo.com","favorited":false,"is_paid":false,"mblog_vip_type":0,"user":{"id":1401527553,"screen_name":"tombkeeper","profile_image_url":"https:\/\/tva2.sinaimg.cn\/crop.0.0.180.180.180\/53899d01jw8fcb9qpe7vbj2050050mx8.jpg","profile_url":"https:\/\/m.weibo.cn\/u\/1401527553?uid=1401527553&luicode=10000011&lfid=1076031401527553","statuses_count":15425,"verified":true,"verified_type":0,"verified_type_ext":1,"verified_reason":"\u77e5\u540d\u4e92\u8054\u7f51\u8d44\u8baf\u535a\u4e3b","close_blue_v":false,"description":"\u5fae\u535a\u672c\u5730\u8d44\u8baf\u535a\u4e3b\uff08\u521a\u679c\u5e03\u62c9\u67f4\u7ef4\u5c14\uff09","gender":"m","mbtype":12,"urank":48,"mbrank":6,"follow_me":false,"following":false,"followers_count":192533,"follow_count":277,"cover_image_phone":"https:\/\/tva1.sinaimg.cn\/crop.0.0.640.640.640\/549d0121tw1egm1kjly3jj20hs0hsq4f.jpg","avatar_hd":"https:\/\/ww2.sinaimg.cn\/orj480\/53899d01jw8fcb9qpe7vbj2050050mx8.jpg","like":false,"like_me":false,"badge":{"bind_taobao":1,"dzwbqlx_2016":1,"follow_whitelist_video":1,"hongbao_2018":1}},"pid":3398459031914371,"retweeted_status":{"created_at":"2012-01-05","id":"3398451811551076","idstr":"3398451811551076","mid":"3398451811551076","can_edit":false,"text":"\u5403\u996d\u804a\u5929\uff0c\u8bf4\u8d77<a class='k' href='https:\/\/m.weibo.cn\/k\/%E5%B9%B4%E7%BB%88%E6%80%BB%E7%BB%93?from=feed'>#\u5e74\u7ec8\u603b\u7ed3#<\/a>\uff0c\u4e00\u9898\u662f\u201c\u4f60\u5bf9\u76f4\u5c5e\u4e0a\u7ea7\u6709\u4ec0\u4e48\u610f\u89c1\u548c\u5efa\u8bae\u201d\uff0c\u5e2d\u95f4\u6709\u4eba\u8bf4\u7b54\u4e86\u4e24\u5b57\u201c\u4f60\u731c\uff01\u201d \u200b\u200b\u200b","source":"2012\u7248Android\u5ba2\u6237\u7aef","favorited":false,"is_paid":false,"mblog_vip_type":0,"user":{"id":2016370515,"screen_name":"\u5f90\u7279_Teco","profile_image_url":"https:\/\/tva1.sinaimg.cn\/crop.6.0.628.628.180\/782f5f53jw8f92fumsbgnj20hs0hgaat.jpg","profile_url":"https:\/\/m.weibo.cn\/u\/2016370515?uid=2016370515&luicode=10000011&lfid=1076031401527553","statuses_count":1148,"verified":false,"verified_type":-1,"close_blue_v":false,"description":"\u6e38\u8d70\u5728\u5c06\u5c31\u4e0e\u8bb2\u7a76\u95f4...","gender":"m","mbtype":2,"urank":28,"mbrank":2,"follow_me":false,"following":false,"followers_count":693,"follow_count":261,"cover_image_phone":"https:\/\/tva2.sinaimg.cn\/crop.0.0.640.640\/7c85468fjw1e8yqb21wg3j20hs0hsmzk.jpg","avatar_hd":"https:\/\/ww1.sinaimg.cn\/orj480\/782f5f53jw8f92fumsbgnj20hs0hgaat.jpg","like":false,"like_me":false,"badge":{"anniversary":1,"bind_taobao":1,"unread_pool":1,"unread_pool_ext":1,"dzwbqlx_2016":1}},"reposts_count":9,"comments_count":6,"attitudes_count":0,"pending_approval_count":0,"isLongText":false,"visible":{"type":0,"list_id":0},"more_info_type":0,"content_auth":0,"edit_config":{"edited":false},"page_info":{"page_pic":{"url":"https:\/\/wx4.sinaimg.cn\/thumbnail\/00601KAsgy1fj94nwop6zj30500500t3.jpg"},"page_url":"https:\/\/m.weibo.cn\/p\/index?containerid=100808a0b0d1f52d31bcd0ae98593f6a9a28d7&extparam=%E5%B9%B4%E7%BB%88%E6%80%BB%E7%BB%93&luicode=10000011&lfid=1076031401527553","page_title":"#\u5e74\u7ec8\u603b\u7ed3#\u8d85\u7ea7\u8bdd\u9898","content1":"\u603b\u7ed3\u6211\u4eec\u8fd9\u5e74\u7684\u72b6\u51b5\u2026\u2026","content2":"595\u4eba\u5173\u6ce8","type":"topic"},"bid":"xFjbf6vvm"},"reposts_count":2,"comments_count":4,"attitudes_count":0,"pending_approval_count":0,"isLongText":false,"visible":{"type":0,"list_id":0},"more_info_type":0,"content_auth":0,"edit_config":{"edited":false},"mblogtype":0,"obj_ext":"","raw_text":"\u6211\u4eec\u9886\u5bfc\u5c31\u662f\u592a\u5fd9\u4e8e\u5de5\u4f5c\uff0c\u4e00\u70b9\u90fd\u4e0d\u6ce8\u610f\u81ea\u5df1\u7684\u8eab\u4f53\uff0c\u8fd9\u6837\u4e0b\u53bb\u600e\u4eec\u80fd\u4e3a\u516c\u53f8\u5065\u5eb7\u5de5\u4f5c\u4e94\u5341\u5e74\u5462\uff1f\u6211\u5bf9\u6b64\u610f\u89c1\u5f88\u5927\u3002 \/\/@humeafo: \u771f\u6b63\u6709\u5fc3\u601d\u6536\u96c6\u5bf9\u5404\u7ea7\u9886\u5bfc\u610f\u89c1\u7684\uff0c\u5e94\u8be5\u8bbe\u7acb\u533f\u540d\u610f\u89c1\u7bb1\uff0c\u5426\u5219\u4ece\u4eba\u6027\u89d2\u5ea6\u6765\u8bf4\uff0c\u53ea\u80fd\u6536\u96c6\u5230\u4f60\u731c\u4e86\u3002\u8fd9\u79cd\u5f62\u5f0f\u7684\u610f\u89c1\u6536\u96c6\u57fa\u672c\u7b49\u4e8e\u6d6a\u8d39\u4eba\u529b\u7269\u529b\u3002 \/\/@\u738b\u7ea2\u9633:\u8f6c\u53d1\u5fae\u535a","bid":"xFkSKgWeQ"},"show_type":0},{"card_type":9,"itemid":"1076031401527553_-_3398515235573928","scheme":"https:\/\/m.weibo.cn\/status\/xFkPxno24?mblogid=xFkPxno24&luicode=10000011&lfid=1076031401527553","mblog":{"created_at":"2012-01-05","id":"3398515235573928","idstr":"3398515235573928","mid":"3398515235573928","can_edit":false,"text":"\u8f6c\u53d1\u5fae\u535a","source":"\u5fae\u535a weibo.com","favorited":false,"is_paid":false,"mblog_vip_type":0,"user":{"id":1401527553,"screen_name":"tombkeeper","profile_image_url":"https:\/\/tva2.sinaimg.cn\/crop.0.0.180.180.180\/53899d01jw8fcb9qpe7vbj2050050mx8.jpg","profile_url":"https:\/\/m.weibo.cn\/u\/1401527553?uid=1401527553&luicode=10000011&lfid=1076031401527553","statuses_count":15425,"verified":true,"verified_type":0,"verified_type_ext":1,"verified_reason":"\u77e5\u540d\u4e92\u8054\u7f51\u8d44\u8baf\u535a\u4e3b","close_blue_v":false,"description":"\u5fae\u535a\u672c\u5730\u8d44\u8baf\u535a\u4e3b\uff08\u521a\u679c\u5e03\u62c9\u67f4\u7ef4\u5c14\uff09","gender":"m","mbtype":12,"urank":48,"mbrank":6,"follow_me":false,"following":false,"followers_count":192533,"follow_count":277,"cover_image_phone":"https:\/\/tva1.sinaimg.cn\/crop.0.0.640.640.640\/549d0121tw1egm1kjly3jj20hs0hsq4f.jpg","avatar_hd":"https:\/\/ww2.sinaimg.cn\/orj480\/53899d01jw8fcb9qpe7vbj2050050mx8.jpg","like":false,"like_me":false,"badge":{"bind_taobao":1,"dzwbqlx_2016":1,"follow_whitelist_video":1,"hongbao_2018":1}},"retweeted_status":{"created_at":"2012-01-05","id":"3398489234490614","idstr":"3398489234490614","mid":"3398489234490614","can_edit":false,"text":"\u4efb\u6b63\u975e\u7684\u7cbe\u54c1\u6587\u7ae0\u662f\u8fd9\u6837\u51fa\u7089\u7684\uff1a\u300a\u4e00\u6c5f\u6625\u6c34\u5411\u4e1c\u6d41\u300b\u9996\u5148\u7ecf\u8fc7\u4e86\u534e\u4e3a\u8463\u4e8b\u4f1a\u51e0\u6b21\u7684\u8ba8\u8bba\uff0c\u53c8\u5728\u4e00\u7ea7\u7ba1\u7406\u56e2\u961f\u5f81\u6c42\u610f\u89c1\uff0c\u7ee7\u800c\u4e8c\u7ea7\u7ba1\u7406\u56e2\u961f\u3001\u4e09\u7ea7\u7ba1\u7406\u56e2\u961f\u5206\u522b\u5f81\u96c6\u4fee\u6539\u7684\u53cd\u9988\uff0c\u5386\u65f6\u51e0\u4e2a\u6708\uff0c\u6570\u5343\u4eba\u53cd\u590d\u5730\u915d\u917f\uff0c\u7ec8\u4e8e\u96c6\u4f53\u5b9a\u7a3f\u3002\u6700\u7ec8\u5728\u5929\u6daf\u8bba\u575b\u4e0a\u4ee5\u8f6c\u8f7d\u65b9\u5f0f\u53d1\u8868\u3002\u3002\u8fd8\u6709\u54ea\u5bb6\u8001\u677f\u7684\u8bb2\u8bdd\u6587\u7ae0\u662f\u8fd9\u6837\u51fa\u7089\u7684\uff1f \u200b\u200b\u200b","source":"\u5fae\u535a weibo.com","favorited":false,"is_paid":false,"mblog_vip_type":0,"user":{"id":1635524492,"screen_name":"\u5f20\u5229\u534e-\u534e\u4e3a\u7814\u53d1\u4f5c\u8005","profile_image_url":"https:\/\/tvax4.sinaimg.cn\/crop.0.0.996.996.180\/617c1f8cly8fj7qy9cvuoj20ro0ro0u3.jpg","profile_url":"https:\/\/m.weibo.cn\/u\/1635524492?uid=1635524492&luicode=10000011&lfid=1076031401527553","statuses_count":19526,"verified":true,"verified_type":0,"verified_type_ext":0,"verified_reason":"\u7814\u53d1\u7ba1\u7406\u7545\u9500\u4e66\u300a\u534e\u4e3a\u7814\u53d1\u300b\u4f5c\u8005  \u5f20\u5229\u534e \u5fae\u535a\u7b7e\u7ea6\u81ea\u5a92\u4f53","close_blue_v":false,"description":"\u7ba1\u7406\u54a8\u8be2\u516c\u53f8\u521b\u59cb\u4eba\u517c\u8d44\u6df1\u987e\u95ee\uff0c\u300a\u534e\u4e3a\u7814\u53d1\u300b\u4f5c\u8005\uff0c\u5e2e\u52a9\u4f01\u4e1a\u5feb\u901f\u6210\u957f\u4e3a\u50cf\u534e\u4e3a\u4e00\u6837\u4f18\u79c0\u7684\u4f01\u4e1a\u3002","gender":"f","mbtype":12,"urank":45,"mbrank":6,"follow_me":false,"following":false,"followers_count":35972,"follow_count":1708,"cover_image_phone":"https:\/\/tva2.sinaimg.cn\/crop.0.0.640.640.640\/a1d3feabjw1ecat8op0e1j20hs0hswgu.jpg","avatar_hd":"https:\/\/wx4.sinaimg.cn\/orj480\/617c1f8cly8fj7qy9cvuoj20ro0ro0u3.jpg","like":false,"like_me":false,"badge":{"gongyi_level":1,"bind_taobao":1,"unread_pool":1,"unread_pool_ext":1,"self_media":1,"dzwbqlx_2016":1,"follow_whitelist_video":1}},"reposts_count":74,"comments_count":22,"attitudes_count":0,"pending_approval_count":0,"isLongText":false,"visible":{"type":0,"list_id":0},"more_info_type":0,"content_auth":0,"edit_config":{"edited":false},"bid":"xFk9BiQdg"},"reposts_count":4,"comments_count":3,"attitudes_count":0,"pending_approval_count":0,"isLongText":false,"visible":{"type":0,"list_id":0},"more_info_type":0,"content_auth":0,"edit_config":{"edited":false},"mblogtype":0,"obj_ext":"","raw_text":"\u8f6c\u53d1\u5fae\u535a","bid":"xFkPxno24"},"show_type":0},{"card_type":9,"itemid":"1076031401527553_-_3398200881130797","scheme":"https:\/\/m.weibo.cn\/status\/xFcEw4KaF?mblogid=xFcEw4KaF&luicode=10000011&lfid=1076031401527553","mblog":{"created_at":"2012-01-04","id":"3398200881130797","idstr":"3398200881130797","mid":"3398200881130797","can_edit":false,"text":"\u9a6c\u6765\u897f\u4e9a\u9ed1\u5ba2\u592a\u51f6\u6b8b\u4e86\u3002\u8fde\u8fd9\u79cd\u6574\u4e2a\u9875\u9762\u90fd\u662f\u62ff\u56fe\u7247\u4f2a\u88c5\u51fa\u6765\u7684\u7f51\u7ad9\u90fd\u4e0d\u653e\u8fc7\u3002\u7b80\u76f4\u5c31\u50cf\u62a2\u5f31\u667a\u513f\u7ae5\u7684\u68d2\u68d2\u7cd6\u4e00\u6837\u3002","source":"\u5fae\u535a weibo.com","favorited":false,"is_paid":false,"mblog_vip_type":0,"user":{"id":1401527553,"screen_name":"tombkeeper","profile_image_url":"https:\/\/tva2.sinaimg.cn\/crop.0.0.180.180.180\/53899d01jw8fcb9qpe7vbj2050050mx8.jpg","profile_url":"https:\/\/m.weibo.cn\/u\/1401527553?uid=1401527553&luicode=10000011&lfid=1076031401527553","statuses_count":15425,"verified":true,"verified_type":0,"verified_type_ext":1,"verified_reason":"\u77e5\u540d\u4e92\u8054\u7f51\u8d44\u8baf\u535a\u4e3b","close_blue_v":false,"description":"\u5fae\u535a\u672c\u5730\u8d44\u8baf\u535a\u4e3b\uff08\u521a\u679c\u5e03\u62c9\u67f4\u7ef4\u5c14\uff09","gender":"m","mbtype":12,"urank":48,"mbrank":6,"follow_me":false,"following":false,"followers_count":192533,"follow_count":277,"cover_image_phone":"https:\/\/tva1.sinaimg.cn\/crop.0.0.640.640.640\/549d0121tw1egm1kjly3jj20hs0hsq4f.jpg","avatar_hd":"https:\/\/ww2.sinaimg.cn\/orj480\/53899d01jw8fcb9qpe7vbj2050050mx8.jpg","like":false,"like_me":false,"badge":{"bind_taobao":1,"dzwbqlx_2016":1,"follow_whitelist_video":1,"hongbao_2018":1}},"retweeted_status":{"created_at":"2012-01-04","id":"3398194727750438","idstr":"3398194727750438","mid":"3398194727750438","can_edit":false,"text":"\u4e3a\u4e86\u5b89\u5168\uff0c\u4eba\u5bb6\u90fd\u653e\u4e0a\u56fe\u7247\u4e86\uff08\u53c2\u89c1\u65e7\u535a<a data-url=\"http:\/\/weibo.com\/1745040730\/xz66PiuAy\" href=\"http:\/\/weibo.com\/1745040730\/xz66PiuAy?luicode=10000011&lfid=1076031401527553&ep=xFcuAwwf4%252C1745040730%252CxFcuAwwf4%252C1745040730\" data-hide=\"\"><span class=\"url-icon\"><img src=\"\/\/h5.sinaimg.cn\/upload\/2015\/09\/25\/3\/timeline_card_small_web_default.png\"><\/span><\/i><span class=\"surl-text\">\u7f51\u9875\u94fe\u63a5<\/a>\uff09\uff0c\u4f60\u4eec\u8fd8\u8981\u5ae9\u6837\u554a~<a data-url=\"http:\/\/t.cn\/SUfgqk\" target=\"_blank\" href=\"https:\/\/weibo.cn\/sinaurl\/blocked146cc6d4?luicode=10000011&lfid=1076031401527553&u=http%3A%2F%2Fxxgk.shitai.gov.cn%2F&ep=xFcuAwwf4%252C1745040730%252CxFcuAwwf4%252C1745040730\" class=\"\"><span class=\"url-icon\"><img src=\"\/\/h5.sinaimg.cn\/upload\/2015\/09\/25\/3\/timeline_card_small_web_default.png\"><\/span><\/i><span class=\"surl-text\">\u7f51\u9875\u94fe\u63a5<\/a> \u200b\u200b\u200b","source":"\u5fae\u535a weibo.com","favorited":false,"thumbnail_pic":"http:\/\/ww1.sinaimg.cn\/thumbnail\/6803355ajw1doqmcv4mesj.jpg","bmiddle_pic":"http:\/\/ww1.sinaimg.cn\/bmiddle\/6803355ajw1doqmcv4mesj.jpg","original_pic":"http:\/\/ww1.sinaimg.cn\/large\/6803355ajw1doqmcv4mesj.jpg","is_paid":false,"mblog_vip_type":0,"user":{"id":1745040730,"screen_name":"wollf","profile_image_url":"https:\/\/tva4.sinaimg.cn\/crop.0.0.180.180.180\/6803355ajw1e8qgp5bmzyj2050050aa8.jpg","profile_url":"https:\/\/m.weibo.cn\/u\/1745040730?uid=1745040730&luicode=10000011&lfid=1076031401527553","statuses_count":696,"verified":true,"verified_type":0,"verified_type_ext":0,"verified_reason":"\u77e5\u540d\u7f51\u7edc\u5b89\u5168\u4e13\u5bb6WOLLF","close_blue_v":false,"description":"glacier\u7684\u5ab3\u5987","gender":"f","mbtype":0,"urank":24,"mbrank":0,"follow_me":false,"following":false,"followers_count":14499,"follow_count":288,"cover_image_phone":"https:\/\/tva1.sinaimg.cn\/crop.0.0.640.640.640\/549d0121tw1egm1kjly3jj20hs0hsq4f.jpg","avatar_hd":"https:\/\/ww4.sinaimg.cn\/orj480\/6803355ajw1e8qgp5bmzyj2050050aa8.jpg","like":false,"like_me":false,"badge":{"bind_taobao":1,"unread_pool":1,"unread_pool_ext":1}},"reposts_count":18,"comments_count":6,"attitudes_count":0,"pending_approval_count":0,"isLongText":false,"visible":{"type":0,"list_id":0},"more_info_type":0,"content_auth":0,"edit_config":{"edited":false},"bid":"xFcuAwwf4","pics":[{"pid":"6803355ajw1doqmcv4mesj","url":"https:\/\/ww1.sinaimg.cn\/orj360\/6803355ajw1doqmcv4mesj.jpg","size":"orj360","geo":false,"large":{"size":"large","url":"https:\/\/ww1.sinaimg.cn\/large\/6803355ajw1doqmcv4mesj.jpg","geo":false}}]},"reposts_count":10,"comments_count":6,"attitudes_count":0,"pending_approval_count":0,"isLongText":false,"visible":{"type":0,"list_id":0},"more_info_type":0,"content_auth":0,"edit_config":{"edited":false},"mblogtype":0,"obj_ext":"","raw_text":"\u9a6c\u6765\u897f\u4e9a\u9ed1\u5ba2\u592a\u51f6\u6b8b\u4e86\u3002\u8fde\u8fd9\u79cd\u6574\u4e2a\u9875\u9762\u90fd\u662f\u62ff\u56fe\u7247\u4f2a\u88c5\u51fa\u6765\u7684\u7f51\u7ad9\u90fd\u4e0d\u653e\u8fc7\u3002\u7b80\u76f4\u5c31\u50cf\u62a2\u5f31\u667a\u513f\u7ae5\u7684\u68d2\u68d2\u7cd6\u4e00\u6837\u3002","bid":"xFcEw4KaF"},"show_type":0},{"card_type":9,"itemid":"1076031401527553_-_3398197131401546","scheme":"https:\/\/m.weibo.cn\/status\/xFcyt5SBA?mblogid=xFcyt5SBA&luicode=10000011&lfid=1076031401527553","mblog":{"created_at":"2012-01-04","id":"3398197131401546","idstr":"3398197131401546","mid":"3398197131401546","can_edit":false,"text":"\/\/<a href='https:\/\/m.weibo.cn\/n\/\u8d75\u7cae'>@\u8d75\u7cae<\/a>: \/\/<a href='https:\/\/m.weibo.cn\/n\/\u6c88\u7ee7\u4e1a'>@\u6c88\u7ee7\u4e1a<\/a>:\u505a\u4e3a\u9760\u4ea7\u54c1\u5403\u996d\u7684\u4f01\u4e1a\uff0c\u5982\u679c\u4e0d\u5b9a\u671f\u81ea\u5df1\u9769\u4e00\u4e0b\u81ea\u5df1\u7684\u547d\uff0c\u90a3\u4e48\u5f88\u5feb\u5c31\u4f1a\u6709\u4eba\u6765\u9769\u4f60\u7684\u547d\u3002","source":"\u5fae\u535a weibo.com","favorited":false,"is_paid":false,"mblog_vip_type":0,"user":{"id":1401527553,"screen_name":"tombkeeper","profile_image_url":"https:\/\/tva2.sinaimg.cn\/crop.0.0.180.180.180\/53899d01jw8fcb9qpe7vbj2050050mx8.jpg","profile_url":"https:\/\/m.weibo.cn\/u\/1401527553?uid=1401527553&luicode=10000011&lfid=1076031401527553","statuses_count":15425,"verified":true,"verified_type":0,"verified_type_ext":1,"verified_reason":"\u77e5\u540d\u4e92\u8054\u7f51\u8d44\u8baf\u535a\u4e3b","close_blue_v":false,"description":"\u5fae\u535a\u672c\u5730\u8d44\u8baf\u535a\u4e3b\uff08\u521a\u679c\u5e03\u62c9\u67f4\u7ef4\u5c14\uff09","gender":"m","mbtype":12,"urank":48,"mbrank":6,"follow_me":false,"following":false,"followers_count":192533,"follow_count":277,"cover_image_phone":"https:\/\/tva1.sinaimg.cn\/crop.0.0.640.640.640\/549d0121tw1egm1kjly3jj20hs0hsq4f.jpg","avatar_hd":"https:\/\/ww2.sinaimg.cn\/orj480\/53899d01jw8fcb9qpe7vbj2050050mx8.jpg","like":false,"like_me":false,"badge":{"bind_taobao":1,"dzwbqlx_2016":1,"follow_whitelist_video":1,"hongbao_2018":1}},"pid":3398196445592163,"retweeted_status":{"created_at":"2011-08-31","id":"3352511046677716","idstr":"3352511046677716","mid":"3352511046677716","can_edit":false,"text":"\u4e54\u5e03\u65af\u91cd\u8fd4\u82f9\u679c\u540e\uff0c\u780d\u6389\u82f9\u679c2\/3\u7684\u9879\u76ee\uff0c\u5bf9\u65b0\u4ea7\u54c1\u7684\u529f\u80fd\u4e5f\u5927\u505a\u51cf\u6cd5\u3002\u4ed6\u5e38\u8bf4\uff1a\u201c\u6b7b\u4ea1\u662f\u6700\u7f8e\u4e3d\u7684\uff0c\u56e0\u4e3a\u6b7b\u4ea1\u624d\u4f1a\u6709\u65b0\u751f\u3002\u81ea\u5df1\u8981\u70ed\u7231\u81ea\u5df1\u7684\u4ea7\u54c1\uff0c\u624d\u80fd\u63a8\u9500\u7ed9\u522b\u4eba\u3002\u800c\u4e14\u4e00\u5b9a\u8981\u6562\u4e8e\u6740\u6389\u81ea\u5df1\u7684\u4ea7\u54c1\uff0c\u800c\u4e0d\u8981\u7b49\u522b\u4eba\u6765\u6740\u4f60\u3002\u81ea\u6211\u6d85\u69c3\u4f1a\u6362\u6765\u6210\u957f\u3002\u201d \u5f53\u90a3\u4e2a\u65f6\u523b\u6765\u4e34\u65f6\uff0c\u4f60\u820d\u5f97\u81ea\u5df1\u6345\u81ea\u5df1\u7684\u4ea7\u54c111\u5200\u5417\uff1f \u200b\u200b\u200b","source":"\u5fae\u535a weibo.com","favorited":false,"thumbnail_pic":"http:\/\/ww3.sinaimg.cn\/thumbnail\/64d8fb27gw1dkov7in0qrj.jpg","bmiddle_pic":"http:\/\/ww3.sinaimg.cn\/bmiddle\/64d8fb27gw1dkov7in0qrj.jpg","original_pic":"http:\/\/ww3.sinaimg.cn\/large\/64d8fb27gw1dkov7in0qrj.jpg","is_paid":false,"mblog_vip_type":0,"user":{"id":1691941671,"screen_name":"\u6c88\u7ee7\u4e1a","profile_image_url":"https:\/\/tva3.sinaimg.cn\/crop.0.0.180.180.180\/64d8fb27jw1e8qgp5bmzyj2050050aa8.jpg","profile_url":"https:\/\/m.weibo.cn\/u\/1691941671?uid=1691941671&luicode=10000011&lfid=1076031401527553","statuses_count":910,"verified":true,"verified_type":0,"verified_type_ext":0,"verified_reason":"\u7eff\u76df\u79d1\u6280 CEO \u6c88\u7ee7\u4e1a","close_blue_v":false,"description":"2013\u5e74 \u5317\u9a6c3:06:59\uff0c\u592a\u9a6c3:06:50\uff0c\u4e0a\u9a6c3:06:13","gender":"m","mbtype":2,"urank":27,"mbrank":4,"follow_me":false,"following":false,"followers_count":5551,"follow_count":34,"cover_image_phone":"https:\/\/tva1.sinaimg.cn\/crop.0.0.640.640.640\/549d0121tw1egm1kjly3jj20hs0hsq4f.jpg","avatar_hd":"https:\/\/ww3.sinaimg.cn\/orj480\/64d8fb27jw1e8qgp5bmzyj2050050aa8.jpg","like":false,"like_me":false,"badge":{"unread_pool":1,"unread_pool_ext":1}},"reposts_count":75,"comments_count":19,"attitudes_count":0,"pending_approval_count":0,"isLongText":false,"visible":{"type":0,"list_id":0},"more_info_type":0,"content_auth":0,"edit_config":{"edited":false},"bid":"xm23es1b6","pics":[{"pid":"64d8fb27gw1dkov7in0qrj","url":"https:\/\/ww3.sinaimg.cn\/orj360\/64d8fb27gw1dkov7in0qrj.jpg","size":"orj360","geo":false,"large":{"size":"large","url":"https:\/\/ww3.sinaimg.cn\/large\/64d8fb27gw1dkov7in0qrj.jpg","geo":false}}]},"reposts_count":4,"comments_count":4,"attitudes_count":0,"pending_approval_count":0,"isLongText":false,"visible":{"type":0,"list_id":0},"more_info_type":0,"content_auth":0,"edit_config":{"edited":false},"mblogtype":0,"obj_ext":"","raw_text":"\/\/@\u8d75\u7cae: \/\/@\u6c88\u7ee7\u4e1a:\u505a\u4e3a\u9760\u4ea7\u54c1\u5403\u996d\u7684\u4f01\u4e1a\uff0c\u5982\u679c\u4e0d\u5b9a\u671f\u81ea\u5df1\u9769\u4e00\u4e0b\u81ea\u5df1\u7684\u547d\uff0c\u90a3\u4e48\u5f88\u5feb\u5c31\u4f1a\u6709\u4eba\u6765\u9769\u4f60\u7684\u547d\u3002","bid":"xFcyt5SBA"},"show_type":0},{"card_type":9,"itemid":"1076031401527553_-_3398196728460185","scheme":"https:\/\/m.weibo.cn\/status\/xFcxOzuSB?mblogid=xFcxOzuSB&luicode=10000011&lfid=1076031401527553","mblog":{"created_at":"2012-01-04","id":"3398196728460185","idstr":"3398196728460185","mid":"3398196728460185","can_edit":false,"text":"\/\/<a href='https:\/\/m.weibo.cn\/n\/\u738b\u7ea2\u9633'>@\u738b\u7ea2\u9633<\/a>: \/\/<a href='https:\/\/m.weibo.cn\/n\/\u695a\u4e91\u5e06'>@\u695a\u4e91\u5e06<\/a>: \u90a3\u4e2a\u636e\u8bf4\u6536\u4e86\u8fbe\u82ac\u5947400\u4e07\u7684\u54e5\u4eec\u5c31\u662f\u300a\u4eac\u534e\u65f6\u62a5\u300b\u7684\u603b\u7ecf\u7406\u5427\uff1f\u597d\u62a5\u7eb8\uff0c\u4e0d\u6765\u4e00\u4efd\u5417","source":"\u5fae\u535a weibo.com","favorited":false,"is_paid":false,"mblog_vip_type":0,"user":{"id":1401527553,"screen_name":"tombkeeper","profile_image_url":"https:\/\/tva2.sinaimg.cn\/crop.0.0.180.180.180\/53899d01jw8fcb9qpe7vbj2050050mx8.jpg","profile_url":"https:\/\/m.weibo.cn\/u\/1401527553?uid=1401527553&luicode=10000011&lfid=1076031401527553","statuses_count":15425,"verified":true,"verified_type":0,"verified_type_ext":1,"verified_reason":"\u77e5\u540d\u4e92\u8054\u7f51\u8d44\u8baf\u535a\u4e3b","close_blue_v":false,"description":"\u5fae\u535a\u672c\u5730\u8d44\u8baf\u535a\u4e3b\uff08\u521a\u679c\u5e03\u62c9\u67f4\u7ef4\u5c14\uff09","gender":"m","mbtype":12,"urank":48,"mbrank":6,"follow_me":false,"following":false,"followers_count":192533,"follow_count":277,"cover_image_phone":"https:\/\/tva1.sinaimg.cn\/crop.0.0.640.640.640\/549d0121tw1egm1kjly3jj20hs0hsq4f.jpg","avatar_hd":"https:\/\/ww2.sinaimg.cn\/orj480\/53899d01jw8fcb9qpe7vbj2050050mx8.jpg","like":false,"like_me":false,"badge":{"bind_taobao":1,"dzwbqlx_2016":1,"follow_whitelist_video":1,"hongbao_2018":1}},"pid":3398181482474515,"retweeted_status":{"created_at":"2012-01-04","id":"3398179204610214","idstr":"3398179204610214","mid":"3398179204610214","can_edit":false,"text":"\u3010\u8499\u725b\u83b7\u201c\u5e74\u5ea6\u6700\u5177\u793e\u4f1a\u8d23\u4efb\u201d\u79f0\u53f7\u3011\u4eac\u534e\u65f6\u62a5\u65e5\u524d\u9881\u5e032011\u5e74\u5ea6\u516c\u76ca\u5927\u5956\uff0c\u8499\u725b\u4e73\u4e1a\u83b7\u5e74\u5ea6\u6700\u5177\u793e\u4f1a\u8d23\u4efb\u4f01\u4e1a\u79f0\u53f7\uff0c\u5362\u4fca\u537f\u4e4b\u5973\u5362\u661f\u5b87\u62c5\u4efb\u6267\u884c\u4e3b\u5e2d\u7684\u201c\u4e2d\u975e\u5e0c\u671b\u5de5\u7a0b\u201d\u83b7\u201c\u7f16\u8f91\u90e8\u7279\u522b\u5956\u201d\u3002Via\u65b0\u6d6a\u8d22\u7ecf <a data-url=\"http:\/\/t.cn\/Si9ECG\" target=\"_blank\" href=\"https:\/\/weibo.cn\/sinaurl\/blocked10f6f2fd?luicode=10000011&lfid=1076031401527553&u=http%3A%2F%2Fepaper.jinghua.cn%2Fhtml%2F2011-12%2F19%2Fcontent_742891.htm&ep=xFc5yjlki%252C1642482194%252CxFc5yjlki%252C1642482194\" class=\"\"><span class=\"url-icon\"><img src=\"\/\/h5.sinaimg.cn\/upload\/2015\/09\/25\/3\/timeline_card_small_web_default.png\"><\/span><\/i><span class=\"surl-text\">\u7f51\u9875\u94fe\u63a5<\/a> \u200b\u200b\u200b","source":"\u5fae\u535a weibo.com","favorited":false,"thumbnail_pic":"http:\/\/ww2.sinaimg.cn\/thumbnail\/61e64a12jw1doqkl8lk0lj.jpg","bmiddle_pic":"http:\/\/ww2.sinaimg.cn\/bmiddle\/61e64a12jw1doqkl8lk0lj.jpg","original_pic":"http:\/\/ww2.sinaimg.cn\/large\/61e64a12jw1doqkl8lk0lj.jpg","is_paid":false,"mblog_vip_type":0,"user":{"id":1642482194,"screen_name":"\u521b\u4e1a\u5bb6\u4f20\u5a92","profile_image_url":"https:\/\/tvax1.sinaimg.cn\/crop.13.0.573.573.180\/61e64a12ly8fnhkwpa2hlj20go0go74l.jpg","profile_url":"https:\/\/m.weibo.cn\/u\/1642482194?uid=1642482194&luicode=10000011&lfid=1076031401527553","statuses_count":55384,"verified":true,"verified_type":2,"verified_type_ext":0,"verified_reason":"\u5317\u4eac\u521b\u4e1a\u672a\u6765\u4f20\u5a92\u6280\u672f\u6709\u9650\u516c\u53f8","close_blue_v":false,"description":"\u8bfb\u61c2\u4e2d\u56fd\u6700\u8d5a\u94b1\u76847000\u79cd\u751f\u610f\uff01","gender":"m","mbtype":11,"urank":48,"mbrank":6,"follow_me":false,"following":false,"followers_count":4330263,"follow_count":964,"cover_image_phone":"https:\/\/tva1.sinaimg.cn\/crop.0.0.640.640.640\/6cf8d7ebjw1ehfr4xa8psj20hs0hsgpg.jpg","avatar_hd":"https:\/\/wx1.sinaimg.cn\/orj480\/61e64a12ly8fnhkwpa2hlj20go0go74l.jpg","like":false,"like_me":false,"badge":{"anniversary":1,"bind_taobao":1,"olympic_2016":1,"dzwbqlx_2016":1,"hongbao_2018":1}},"reposts_count":1716,"comments_count":709,"attitudes_count":0,"pending_approval_count":0,"isLongText":false,"visible":{"type":0,"list_id":0},"more_info_type":0,"content_auth":0,"edit_config":{"edited":false},"bid":"xFc5yjlki","pics":[{"pid":"61e64a12jw1doqkl8lk0lj","url":"https:\/\/ww2.sinaimg.cn\/orj360\/61e64a12jw1doqkl8lk0lj.jpg","size":"orj360","geo":false,"large":{"size":"large","url":"https:\/\/ww2.sinaimg.cn\/large\/61e64a12jw1doqkl8lk0lj.jpg","geo":false}}]},"reposts_count":0,"comments_count":0,"attitudes_count":0,"pending_approval_count":0,"isLongText":false,"visible":{"type":0,"list_id":0},"more_info_type":0,"content_auth":0,"edit_config":{"edited":false},"mblogtype":0,"obj_ext":"","raw_text":"\/\/@\u738b\u7ea2\u9633: \/\/@\u695a\u4e91\u5e06: \u90a3\u4e2a\u636e\u8bf4\u6536\u4e86\u8fbe\u82ac\u5947400\u4e07\u7684\u54e5\u4eec\u5c31\u662f\u300a\u4eac\u534e\u65f6\u62a5\u300b\u7684\u603b\u7ecf\u7406\u5427\uff1f\u597d\u62a5\u7eb8\uff0c\u4e0d\u6765\u4e00\u4efd\u5417","bid":"xFcxOzuSB"},"show_type":0},{"card_type":9,"itemid":"1076031401527553_-_3398164399071104","scheme":"https:\/\/m.weibo.cn\/status\/xFbHFC3O8?mblogid=xFbHFC3O8&luicode=10000011&lfid=1076031401527553","mblog":{"created_at":"2012-01-04","id":"3398164399071104","idstr":"3398164399071104","mid":"3398164399071104","can_edit":false,"text":"\u770b\u5230\u8fd9\u6761\u5fae\u535a\uff08<a data-url=\"http:\/\/weibo.com\/1838598957\/xFb9pkOdF\" href=\"http:\/\/weibo.com\/1838598957\/xFb9pkOdF?luicode=10000011&lfid=1076031401527553&ep=xFbHFC3O8%252C1401527553%252CxFbHFC3O8%252C1401527553\" data-hide=\"\"><span class=\"url-icon\"><img src=\"\/\/h5.sinaimg.cn\/upload\/2015\/09\/25\/3\/timeline_card_small_web_default.png\"><\/span><\/i><span class=\"surl-text\">\u7f51\u9875\u94fe\u63a5<\/a>\uff09\uff0c\u6211\u60f3\u8d77\u53e6\u4e00\u4ef6\u4e8b\u3002\u4e24\u5e74\u524d\u6211\u5f00\u59cb\u7edf\u8ba1\u56fd\u5185\u5730\u9677\u7684\u65b0\u95fb\uff0c\u5f55\u5165\u5728google earth\u4e2d\u3002\u52308\u4e2a\u7684\u65f6\u5019\uff0c\u6211\u53d1\u4e86\u4e00\u6b21\uff08<a data-url=\"http:\/\/t.cn\/77jeC\" target=\"_blank\" href=\"https:\/\/weibo.cn\/sinaurl\/blocked1c402267?luicode=10000011&lfid=1076031401527553&u=http%3A%2F%2Fhi.baidu.com%2Ftombkeeper%2Fblog%2Fitem%2F78abab0e7ac348ea36d122b4.html&ep=xFbHFC3O8%252C1401527553%252CxFbHFC3O8%252C1401527553\" class=\"\"><span class=\"url-icon\"><img src=\"\/\/h5.sinaimg.cn\/upload\/2015\/09\/25\/3\/timeline_card_small_web_default.png\"><\/span><\/i><span class=\"surl-text\">\u7f51\u9875\u94fe\u63a5<\/a>\uff09\u3002\u73b0\u5728\u5171\u5f55\u5165\u8d85\u8fc750\u4e2a\u3002\u4ece\u5730\u7406\u5206\u5e03\u770b\uff0c\u8fd9\u7c7b\u4e8b\u4ef6\u5e94\u8be5\u4e0d\u80fd\u7528\u53d1\u8fbe\u4e0d\u53d1\u8fbe\u89e3\u91ca\u4e86\uff0c\u5e94\u8be5\u6709\u7c7b\u4f3c\u5730\u8d28\u6784\u9020\u8fd9\u6837\u7684\u539f\u56e0\u3002 \u200b\u200b\u200b","source":"\u5fae\u535a weibo.com","favorited":false,"thumbnail_pic":"http:\/\/ww4.sinaimg.cn\/thumbnail\/53899d01jw1doqiwagyf5j.jpg","bmiddle_pic":"http:\/\/ww4.sinaimg.cn\/bmiddle\/53899d01jw1doqiwagyf5j.jpg","original_pic":"http:\/\/ww4.sinaimg.cn\/large\/53899d01jw1doqiwagyf5j.jpg","is_paid":false,"mblog_vip_type":0,"user":{"id":1401527553,"screen_name":"tombkeeper","profile_image_url":"https:\/\/tva2.sinaimg.cn\/crop.0.0.180.180.180\/53899d01jw8fcb9qpe7vbj2050050mx8.jpg","profile_url":"https:\/\/m.weibo.cn\/u\/1401527553?uid=1401527553&luicode=10000011&lfid=1076031401527553","statuses_count":15425,"verified":true,"verified_type":0,"verified_type_ext":1,"verified_reason":"\u77e5\u540d\u4e92\u8054\u7f51\u8d44\u8baf\u535a\u4e3b","close_blue_v":false,"description":"\u5fae\u535a\u672c\u5730\u8d44\u8baf\u535a\u4e3b\uff08\u521a\u679c\u5e03\u62c9\u67f4\u7ef4\u5c14\uff09","gender":"m","mbtype":12,"urank":48,"mbrank":6,"follow_me":false,"following":false,"followers_count":192533,"follow_count":277,"cover_image_phone":"https:\/\/tva1.sinaimg.cn\/crop.0.0.640.640.640\/549d0121tw1egm1kjly3jj20hs0hsq4f.jpg","avatar_hd":"https:\/\/ww2.sinaimg.cn\/orj480\/53899d01jw8fcb9qpe7vbj2050050mx8.jpg","like":false,"like_me":false,"badge":{"bind_taobao":1,"dzwbqlx_2016":1,"follow_whitelist_video":1,"hongbao_2018":1}},"reposts_count":4,"comments_count":3,"attitudes_count":1,"pending_approval_count":0,"isLongText":false,"visible":{"type":0,"list_id":0},"more_info_type":0,"content_auth":0,"edit_config":{"edited":false},"mblogtype":0,"bid":"xFbHFC3O8","pics":[{"pid":"53899d01jw1doqiwagyf5j","url":"https:\/\/ww4.sinaimg.cn\/orj360\/53899d01jw1doqiwagyf5j.jpg","size":"orj360","geo":false,"large":{"size":"large","url":"https:\/\/ww4.sinaimg.cn\/large\/53899d01jw1doqiwagyf5j.jpg","geo":false}}]},"show_type":0}],"showAppTips":0,"scheme":"sinaweibo:\/\/cardlist?containerid=1076031401527553&extparam=&luicode=10000011&lfid=&featurecode="}}