{"ok":1,"data":{"cardlistInfo":{"containerid":"1076031401527553","v_p":42,"show_style":1,"total":15518,"page":50},"cards":[{"card_type":9,"itemid":"1076031401527553_-_3378204729707306","scheme":"https:\/\/m.weibo.cn\/status\/xwOsEEJjs?mblogid=xwOsEEJjs&luicode=10000011&lfid=1076031401527553","mblog":{"created_at":"2011-11-10","id":"3378204729707306","idstr":"3378204729707306","mid":"3378204729707306","can_edit":false,"text":"\/\/<a href='https:\/\/m.weibo.cn\/n\/\u6881\u4f1f_Python'>@\u6881\u4f1f_Python<\/a>: \/\/<a href='https:\/\/m.weibo.cn\/n\/\u6b66\u5f53\u4fa0\u58eb'>@\u6b66\u5f53\u4fa0\u58eb<\/a>: \u79ef\u6781\u953b\u70bc\u8eab\u4f53,\u514d\u5f97\u88ab\u533b\u9662\u7528\u8fc7\u671f\u836f\u7269!\/\/<a href='https:\/\/m.weibo.cn\/n\/\u9752\u5e74\u65f6\u62a5\u738b\u5f8b'>@\u9752\u5e74\u65f6\u62a5\u738b\u5f8b<\/a>: \u54ce,\u8fd9\u4e2a\u4e5f\u641e\u644a\u6d3e,\u6ca1\u6551\u4e86.\u600e\u4e48\u4e0d\u5f53\u798f\u5229\u6bcf\u4eba\u53d1\u70b9\u56de\u53bb\u81ea\u5df1\u7528.\/\/<a href='https:\/\/m.weibo.cn\/n\/\u7f57\u4e00\u9e23'>@\u7f57\u4e00\u9e23<\/a>: \u4e5f\u4e0d\u77e5\u6211\u4eec\u66fe\u7ecf\u7528\u4e86\u591a\u5c11\u8fd9\u79cd\u5feb\u8fc7\u671f\u6216\u5df2\u8fc7\u671f\u7684\u836f\u54c1\uff01\uff01\uff01 \/\/<a href='https:\/\/m.weibo.cn\/n\/\u4eca\u65e5\u89c6'>@\u4eca\u65e5\u89c6<\/a>: \/\/<a href='https:\/\/m.weibo.cn\/n\/Narcissus0926'>@Narcissus0926<\/a>: \u4f24\u5929\u5bb3\u7406\uff01\u575a\u51b3\u67e5\u529e\u76f8\u5173\u8d1f\u8d23\u4eba\uff01","source":"\u5fae\u535a weibo.com","favorited":false,"is_paid":false,"mblog_vip_type":0,"user":{"id":1401527553,"screen_name":"tombkeeper","profile_image_url":"https:\/\/tva2.sinaimg.cn\/crop.0.0.180.180.180\/53899d01jw8fcb9qpe7vbj2050050mx8.jpg","profile_url":"https:\/\/m.weibo.cn\/u\/1401527553?uid=1401527553&luicode=10000011&lfid=1076031401527553","statuses_count":15425,"verified":true,"verified_type":0,"verified_type_ext":1,"verified_reason":"\u77e5\u540d\u4e92\u8054\u7f51\u8d44\u8baf\u535a\u4e3b","close_blue_v":false,"description":"\u5fae\u535a\u672c\u5730\u8d44\u8baf\u535a\u4e3b\uff08\u521a\u679c\u5e03\u62c9\u67f4\u7ef4\u5c14\uff09","gender":"m","mbtype":12,"urank":48,"mbrank":6,"follow_me":false,"following":false,"followers_count":192533,"follow_count":277,"cover_image_phone":"https:\/\/tva1.sinaimg.cn\/crop.0.0.640.640.640\/549d0121tw1egm1kjly3jj20hs0hsq4f.jpg","avatar_hd":"https:\/\/ww2.sinaimg.cn\/orj480\/53899d01jw8fcb9qpe7vbj2050050mx8.jpg","like":false,"like_me":false,"badge":{"bind_taobao":1,"dzwbqlx_2016":1,"follow_whitelist_video":1,"hongbao_2018":1}},"retweeted_status":{"created_at":"2011-11-10","id":"3378131379661929","idstr":"3378131379661929","mid":"3378131379661929","can_edit":false,"text":"\u8c01\u53eb\u4f60\u4e0d\u5e78\u751f\u5728\u4e2d\u56fd \u200b\u200b\u200b","source":"\u9b54\u6cd5\u5fae\u535a","favorited":false,"thumbnail_pic":"http:\/\/ww1.sinaimg.cn\/thumbnail\/724a4454jw1dmym4ylaufj.jpg","bmiddle_pic":"http:\/\/ww1.sinaimg.cn\/bmiddle\/724a4454jw1dmym4ylaufj.jpg","original_pic":"http:\/\/ww1.sinaimg.cn\/large\/724a4454jw1dmym4ylaufj.jpg","is_paid":false,"mblog_vip_type":0,"user":{"id":1917469780,"screen_name":"\u6469\u5361_\u51b0\u6c99","profile_image_url":"https:\/\/tva2.sinaimg.cn\/crop.0.0.180.180.180\/724a4454jw1e8qgp5bmzyj2050050aa8.jpg","profile_url":"https:\/\/m.weibo.cn\/u\/1917469780?uid=1917469780&luicode=10000011&lfid=1076031401527553","statuses_count":24888,"verified":false,"verified_type":220,"close_blue_v":false,"description":"\u6c5f\u6e56\u98ce\u8d77\u4e91\u6d8c.\u5584\u4e8e\u4f7f\u5200\u6740\u51fa\u4e00\u6761\u8840\u8def\u7684\u4eba,\u88ab\u79f0\u4e3a\u5200\u5ba2;\u624b\u6301\u957f\u5251\u626c\u540d\u7acb\u4e07\u7684\u4eba,\u5219\u88ab\u79f0\u4e3a\u5251\u5ba2;\u800c\u5728\u5fae\u535a\u4e2d\u80fd\u591f\u7ed9\u522b\u4eba\u5e26\u6765360\u00b0\u5feb\u4e50\u7684\u4eba\u88ab\u79f0\u4e3a...\u5475\u5475360","gender":"m","mbtype":0,"urank":19,"mbrank":0,"follow_me":false,"following":false,"followers_count":5968,"follow_count":1993,"cover_image_phone":"https:\/\/tva1.sinaimg.cn\/crop.0.0.640.640.640\/549d0121tw1egm1kjly3jj20hs0hsq4f.jpg","avatar_hd":"https:\/\/ww2.sinaimg.cn\/orj480\/724a4454jw1e8qgp5bmzyj2050050aa8.jpg","like":false,"like_me":false,"badge":{"gongyi_level":1}},"reposts_count":3210,"comments_count":616,"attitudes_count":0,"pending_approval_count":0,"isLongText":false,"visible":{"type":0,"list_id":0},"more_info_type":0,"content_auth":0,"edit_config":{"edited":false},"bid":"xwMylExvz","pics":[{"pid":"724a4454jw1dmym4ylaufj","url":"https:\/\/ww1.sinaimg.cn\/orj360\/724a4454jw1dmym4ylaufj.jpg","size":"orj360","geo":false,"large":{"size":"large","url":"https:\/\/ww1.sinaimg.cn\/large\/724a4454jw1dmym4ylaufj.jpg","geo":false}}]},"reposts_count":2,"comments_count":3,"attitudes_count":0,"pending_approval_count":0,"isLongText":false,"visible":{"type":0,"list_id":0},"more_info_type":0,"content_auth":0,"edit_config":{"edited":false},"mblogtype":0,"obj_ext":"","raw_text":"\/\/@\u6881\u4f1f_Python: \/\/@\u6b66\u5f53\u4fa0\u58eb: \u79ef\u6781\u953b\u70bc\u8eab\u4f53,\u514d\u5f97\u88ab\u533b\u9662\u7528\u8fc7\u671f\u836f\u7269!\/\/@\u9752\u5e74\u65f6\u62a5\u738b\u5f8b: \u54ce,\u8fd9\u4e2a\u4e5f\u641e\u644a\u6d3e,\u6ca1\u6551\u4e86.\u600e\u4e48\u4e0d\u5f53\u798f\u5229\u6bcf\u4eba\u53d1\u70b9\u56de\u53bb\u81ea\u5df1\u7528.\/\/@\u7f57\u4e00\u9e23: \u4e5f\u4e0d\u77e5\u6211\u4eec\u66fe\u7ecf\u7528\u4e86\u591a\u5c11\u8fd9\u79cd\u5feb\u8fc7\u671f\u6216\u5df2\u8fc7\u671f\u7684\u836f\u54c1\uff01\uff01\uff01 \/\/@\u4eca\u65e5\u89c6: \/\/@Narcissus0926: \u4f24\u5929\u5bb3\u7406\uff01\u575a\u51b3\u67e5\u529e\u76f8\u5173\u8d1f\u8d23\u4eba\uff01","bid":"xwOsEEJjs"},"show_type":0},{"card_type":9,"itemid":"1076031401527553_-_3378204192591224","scheme":"https:\/\/m.weibo.cn\/status\/xwOrNaS5W?mblogid=xwOrNaS5W&luicode=10000011&lfid=1076031401527553","mblog":{"created_at":"2011-11-10","id":"3378204192591224","idstr":"3378204192591224","mid":"3378204192591224","can_edit":false,"text":"\/\/<a href='https:\/\/m.weibo.cn\/n\/\u5f90\u5ba5\u7bb4'>@\u5f90\u5ba5\u7bb4<\/a>: \u6cb9\u866b\uff1f \/\/<a href='https:\/\/m.weibo.cn\/n\/\u4f5c\u5bb6\u5929\u4f51'>@\u4f5c\u5bb6\u5929\u4f51<\/a>:\u5e0c\u671b\u5927\u5bb6\u5feb\u622a\u56fe\uff0c\u8fd9\u4e2a\u6599\u592a\u731b\u4e86\uff0c\u90ed\u7f8e\u7f8e\u5c31\u662f\u6d6e\u4e91","source":"\u5fae\u535a weibo.com","favorited":false,"is_paid":false,"mblog_vip_type":0,"user":{"id":1401527553,"screen_name":"tombkeeper","profile_image_url":"https:\/\/tva2.sinaimg.cn\/crop.0.0.180.180.180\/53899d01jw8fcb9qpe7vbj2050050mx8.jpg","profile_url":"https:\/\/m.weibo.cn\/u\/1401527553?uid=1401527553&luicode=10000011&lfid=1076031401527553","statuses_count":15425,"verified":true,"verified_type":0,"verified_type_ext":1,"verified_reason":"\u77e5\u540d\u4e92\u8054\u7f51\u8d44\u8baf\u535a\u4e3b","close_blue_v":false,"description":"\u5fae\u535a\u672c\u5730\u8d44\u8baf\u535a\u4e3b\uff08\u521a\u679c\u5e03\u62c9\u67f4\u7ef4\u5c14\uff09","gender":"m","mbtype":12,"urank":48,"mbrank":6,"follow_me":false,"following":false,"followers_count":192533,"follow_count":277,"cover_image_phone":"https:\/\/tva1.sinaimg.cn\/crop.0.0.640.640.640\/549d0121tw1egm1kjly3jj20hs0hsq4f.jpg","avatar_hd":"https:\/\/ww2.sinaimg.cn\/orj480\/53899d01jw8fcb9qpe7vbj2050050mx8.jpg","like":false,"like_me":false,"badge":{"bind_taobao":1,"dzwbqlx_2016":1,"follow_whitelist_video":1,"hongbao_2018":1}},"retweeted_status":{"created_at":"2011-11-09","id":"3377881281477229","idstr":"3377881281477229","mid":"3377881281477229","can_edit":false,"text":"\u6700\u65b0\u53d1\u73b0\u4e00\u4e2a\u7537\u751f\u7248\u7684\u90ed\u7f8e\u7f8e\uff0c\u5927\u5bb6\u5feb\u53bb\u770b\u770b\u4ed6\u7684\u5fae\u535a\uff0c\u4f46\u662f\u4e0d\u8bb8\u7559\u8a00\uff0c\u4e0d\u8bb8\u8f6c\u53d1\uff0c\u4e0d\u8bb8\u8bc4\u8bba\uff0c\u4e0d\u80fd\u60ca\u52a8\u4ed6\uff0c\u4e0d\u8981\u6253\u8349\u60ca\u86c7\uff0c\u5148\u622a\u56fe\uff0c\u5feb\u6377\u56fe\uff0c\u8981\u5feb\u5440\uff01\u4ed6\u7684\u5fae\u535a\u94fe\u63a5\u662f\uff08<a data-url=\"http:\/\/weibo.com\/u\/1439198970\" href=\"https:\/\/m.weibo.cn\/u\/1439198970?uid=1439198970&luicode=10000011&lfid=1076031401527553&ep=xwG2Y6cih%252C1703360832%252CxwG2Y6cih%252C1703360832\" data-hide=\"\"><span class=\"url-icon\"><img src=\"https:\/\/h5.sinaimg.cn\/upload\/2015\/09\/25\/3\/timeline_card_small_profile_default.png\"><\/span><\/i><span class=\"surl-text\">\u5927\u578b\u963f\u62c9\u65af\u52a0\u7684\u4e3b\u9875<\/a>\uff09\u3002\u901f\u901f\u8f6c\u53d1\uff01\uff01\uff01\uff08BY \u7206\u6599\u524d\u7ebf\uff09 \u200b\u200b\u200b","source":"\u5fae\u535a weibo.com","favorited":false,"thumbnail_pic":"http:\/\/ww2.sinaimg.cn\/thumbnail\/65873940tw1dmxtew02qvj.jpg","bmiddle_pic":"http:\/\/ww2.sinaimg.cn\/bmiddle\/65873940tw1dmxtew02qvj.jpg","original_pic":"http:\/\/ww2.sinaimg.cn\/large\/65873940tw1dmxtew02qvj.jpg","is_paid":false,"mblog_vip_type":0,"user":{"id":1703360832,"screen_name":"\u614e\u72ec\u5c0f\u732a","profile_image_url":"https:\/\/tva4.sinaimg.cn\/crop.0.0.180.180.180\/65873940jw1e8qgp5bmzyj2050050aa8.jpg","profile_url":"https:\/\/m.weibo.cn\/u\/1703360832?uid=1703360832&luicode=10000011&lfid=1076031401527553","statuses_count":32126,"verified":false,"verified_type":-1,"close_blue_v":false,"description":"\u89c1\u7684\u4eba\u591a\u4e86\uff0c\u4f60\u4f1a\u8d8a\u6765\u8d8a\u559c\u6b22\u5c0f\u732a\u3002","gender":"m","mbtype":0,"urank":42,"mbrank":0,"follow_me":false,"following":false,"followers_count":186029,"follow_count":1261,"cover_image_phone":"https:\/\/tva1.sinaimg.cn\/crop.0.0.640.640.640\/6cf8d7ebjw1ehfr4xa8psj20hs0hsgpg.jpg","avatar_hd":"https:\/\/ww4.sinaimg.cn\/orj480\/65873940jw1e8qgp5bmzyj2050050aa8.jpg","like":false,"like_me":false,"badge":{"unread_pool":1,"unread_pool_ext":1,"olympic_2016":1,"dzwbqlx_2016":1,"follow_whitelist_video":1}},"reposts_count":557,"comments_count":187,"attitudes_count":0,"pending_approval_count":0,"isLongText":false,"visible":{"type":0,"list_id":0},"more_info_type":0,"content_auth":0,"edit_config":{"edited":false},"page_info":{"page_pic":{"url":"https:\/\/tva3.sinaimg.cn\/crop.0.0.180.180.180\/55c86efajw1e8qgp5bmzyj2050050aa8.jpg"},"page_url":"https:\/\/m.weibo.cn\/u\/1439198970?uid=1439198970&luicode=10000011&lfid=1076031401527553","page_title":"\u5927\u578b\u963f\u62c9\u65af\u52a0","content1":"\u5927\u578b\u963f\u62c9\u65af\u52a0","content2":"7","type":"webpage"},"bid":"xwG2Y6cih","pics":[{"pid":"65873940tw1dmxtew02qvj","url":"https:\/\/ww2.sinaimg.cn\/orj360\/65873940tw1dmxtew02qvj.jpg","size":"orj360","geo":false,"large":{"size":"large","url":"https:\/\/ww2.sinaimg.cn\/large\/65873940tw1dmxtew02qvj.jpg","geo":false}}]},"reposts_count":2,"comments_count":1,"attitudes_count":0,"pending_approval_count":0,"isLongText":false,"visible":{"type":0,"list_id":0},"more_info_type":0,"content_auth":0,"edit_config":{"edited":false},"mblogtype":0,"obj_ext":"","raw_text":"\/\/@\u5f90\u5ba5\u7bb4: \u6cb9\u866b\uff1f \/\/@\u4f5c\u5bb6\u5929\u4f51:\u5e0c\u671b\u5927\u5bb6\u5feb\u622a\u56fe\uff0c\u8fd9\u4e2a\u6599\u592a\u731b\u4e86\uff0c\u90ed\u7f8e\u7f8e\u5c31\u662f\u6d6e\u4e91","bid":"xwOrNaS5W"},"show_type":0},{"card_type":9,"itemid":"1076031401527553_-_3378161520091964","scheme":"https:\/\/m.weibo.cn\/status\/xwNkY0nVi?mblogid=xwNkY0nVi&luicode=10000011&lfid=1076031401527553","mblog":{"created_at":"2011-11-10","id":"3378161520091964","idstr":"3378161520091964","mid":"3378161520091964","can_edit":false,"text":"\u7814\u7a76\u67d0\u4e9b\u56fd\u4ea7\u8f6f\u4ef6\u7684\u6f0f\u6d1e\uff0c\u6709\u65f6\u4f1a\u6709\u4e00\u79cd\u5403\u9971\u4e86\u60f3\u5410\u7684\u611f\u89c9\u2014\u2014\u6f0f\u6d1e\u592a\u591a\u4e86\uff0c\u5bc6\u5bc6\u9ebb\u9ebb\u6324\u5728\u4e00\u8d77\uff0c\u4e00\u4e32\u4e00\u4e32\u7684\u3002\u60f3\u5206\u6790\u5176\u4e2d\u4e00\u4e2a\u8fd8\u8981\u627e\u529e\u6cd5\u8eb2\u5f00\u5176\u4f59\u90a3\u4e9b\u3002 \u200b\u200b\u200b","source":"\u5fae\u535a weibo.com","favorited":false,"is_paid":false,"mblog_vip_type":0,"user":{"id":1401527553,"screen_name":"tombkeeper","profile_image_url":"https:\/\/tva2.sinaimg.cn\/crop.0.0.180.180.180\/53899d01jw8fcb9qpe7vbj2050050mx8.jpg","profile_url":"https:\/\/m.weibo.cn\/u\/1401527553?uid=1401527553&luicode=10000011&lfid=1076031401527553","statuses_count":15425,"verified":true,"verified_type":0,"verified_type_ext":1,"verified_reason":"\u77e5\u540d\u4e92\u8054\u7f51\u8d44\u8baf\u535a\u4e3b","close_blue_v":false,"description":"\u5fae\u535a\u672c\u5730\u8d44\u8baf\u535a\u4e3b\uff08\u521a\u679c\u5e03\u62c9\u67f4\u7ef4\u5c14\uff09","gender":"m","mbtype":12,"urank":48,"mbrank":6,"follow_me":false,"following":false,"followers_count":192533,"follow_count":277,"cover_image_phone":"https:\/\/tva1.sinaimg.cn\/crop.0.0.640.640.640\/549d0121tw1egm1kjly3jj20hs0hsq4f.jpg","avatar_hd":"https:\/\/ww2.sinaimg.cn\/orj480\/53899d01jw8fcb9qpe7vbj2050050mx8.jpg","like":false,"like_me":false,"badge":{"bind_taobao":1,"dzwbqlx_2016":1,"follow_whitelist_video":1,"hongbao_2018":1}},"reposts_count":24,"comments_count":17,"attitudes_count":0,"pending_approval_count":0,"isLongText":false,"visible":{"type":0,"list_id":0},"more_info_type":0,"content_auth":0,"edit_config":{"edited":false},"mblogtype":0,"bid":"xwNkY0nVi"},"show_type":0},{"card_type":9,"itemid":"1076031401527553_-_3378150967009197","scheme":"https:\/\/m.weibo.cn\/status\/xwN3Wtppz?mblogid=xwN3Wtppz&luicode=10000011&lfid=1076031401527553","mblog":{"created_at":"2011-11-10","id":"3378150967009197","idstr":"3378150967009197","mid":"3378150967009197","can_edit":false,"text":"\u5728\u65b0\u6d6a\u5fae\u535a\u53d1URL\u65f6\uff0c\u5982\u679c\u4e0d\u60f3\u88ab\u81ea\u52a8\u8f6c\u6210\u77ed\u7f51\u5740\uff0c\u53ef\u53bb\u6389\u524d\u9762\u7684\u201chttp:\/\/\u201d\uff0c\u4f46\u8fd9\u6837\u5c31\u65e0\u6cd5\u751f\u6210\u8d85\u94fe\u3002\u76f8\u5bf9\u7406\u60f3\u7684\u65b9\u6cd5\u662f\u5728\u57df\u540d\u524d\u9762\u52a0\u4e00\u4e2a@\uff1a<a data-url=\"http:\/\/t.cn\/Swfmbs\" target=\"_blank\" href=\"https:\/\/weibo.cn\/sinaurl\/blocked1734d339?luicode=10000011&lfid=1076031401527553&u=http%3A%2F%2F%40www.google.com%2Fncr&ep=xwN3Wtppz%252C1401527553%252CxwN3Wtppz%252C1401527553\" class=\"\"><span class=\"url-icon\"><img src=\"\/\/h5.sinaimg.cn\/upload\/2015\/09\/25\/3\/timeline_card_small_web_default.png\"><\/span><\/i><span class=\"surl-text\">\u7f51\u9875\u94fe\u63a5<\/a>\u3002\u8fd9\u4e0d\u4f1a\u5f71\u54cd\u6240\u751f\u6210\u8d85\u94fe\u7684\u6b63\u5e38\u70b9\u51fb\u8bbf\u95ee\u3002 \u200b\u200b\u200b","source":"\u5fae\u535a weibo.com","favorited":false,"is_paid":false,"mblog_vip_type":0,"user":{"id":1401527553,"screen_name":"tombkeeper","profile_image_url":"https:\/\/tva2.sinaimg.cn\/crop.0.0.180.180.180\/53899d01jw8fcb9qpe7vbj2050050mx8.jpg","profile_url":"https:\/\/m.weibo.cn\/u\/1401527553?uid=1401527553&luicode=10000011&lfid=1076031401527553","statuses_count":15425,"verified":true,"verified_type":0,"verified_type_ext":1,"verified_reason":"\u77e5\u540d\u4e92\u8054\u7f51\u8d44\u8baf\u535a\u4e3b","close_blue_v":false,"description":"\u5fae\u535a\u672c\u5730\u8d44\u8baf\u535a\u4e3b\uff08\u521a\u679c\u5e03\u62c9\u67f4\u7ef4\u5c14\uff09","gender":"m","mbtype":12,"urank":48,"mbrank":6,"follow_me":false,"following":false,"followers_count":192533,"follow_count":277,"cover_image_phone":"https:\/\/tva1.sinaimg.cn\/crop.0.0.640.640.640\/549d0121tw1egm1kjly3jj20hs0hsq4f.jpg","avatar_hd":"https:\/\/ww2.sinaimg.cn\/orj480\/53899d01jw8fcb9qpe7vbj2050050mx8.jpg","like":false,"like_me":false,"badge":{"bind_taobao":1,"dzwbqlx_2016":1,"follow_whitelist_video":1,"hongbao_2018":1}},"reposts_count":42,"comments_count":16,"attitudes_count":0,"pending_approval_count":0,"isLongText":false,"visible":{"type":0,"list_id":0},"more_info_type":0,"content_auth":0,"edit_config":{"edited":false},"mblogtype":0,"bid":"xwN3Wtppz"},"show_type":0},{"card_type":9,"itemid":"1076031401527553_-_3378130075049413","scheme":"https:\/\/m.weibo.cn\/status\/xwMwflbA9?mblogid=xwMwflbA9&luicode=10000011&lfid=1076031401527553","mblog":{"created_at":"2011-11-10","id":"3378130075049413","idstr":"3378130075049413","mid":"3378130075049413","can_edit":false,"text":"\u6628\u5929\u770b\u5230\u4e86\u5373\u5c06\u53d1\u5e03\u7684\u7b2c15\u671f\u300a\u7eff\u76df+\u751f\u6d3b\u5185\u520a\u300b\u3002\u603b\u7ed3\u4e00\u4e0b\uff0c\u672c\u671f\u4e3b\u9898\u81f3\u5c11\u5305\u62ec\uff1a\u6b66\u672f\u3001\u7535\u5f71\u3001\u65c5\u6e38\u3001\u54f2\u5b66\u3001\u4f53\u80b2\u2026\u2026\u6b66\u672f\u4e13\u9898\u505a\u7684\u5c24\u5176\u4e0d\u9519\uff0c\u7279\u522b\u662f\u7b2c\u4e00\u7bc7\uff0c\u7531\u6211\u53f8\u771f\u6b63\u9ad8\u624b\u9ad8\u624b\u9ad8\u9ad8\u624b\u5199\u7684\u300a\u6d88\u901d\u4e2d\u7684\u56fd\u672f\u300b\u3002\u6b63\u5f0f\u53d1\u5e03\u540e\u53ef\u4ee5\u5728\u8fd9\u91cc\u770b\u5230\uff1a<a data-url=\"http:\/\/t.cn\/7wGe7\" target=\"_blank\" href=\"https:\/\/weibo.cn\/sinaurl\/blocked0302b404?luicode=10000011&lfid=1076031401527553&u=http%3A%2F%2Fwww.nsfocus.com%2F6_about%2F6_9.html&ep=xwMwflbA9%252C1401527553%252CxwMwflbA9%252C1401527553\" class=\"\"><span class=\"url-icon\"><img src=\"\/\/h5.sinaimg.cn\/upload\/2015\/09\/25\/3\/timeline_card_small_web_default.png\"><\/span><\/i><span class=\"surl-text\">\u7f51\u9875\u94fe\u63a5<\/a>\u3002 \u200b\u200b\u200b","source":"\u5fae\u535a weibo.com","favorited":false,"is_paid":false,"mblog_vip_type":0,"user":{"id":1401527553,"screen_name":"tombkeeper","profile_image_url":"https:\/\/tva2.sinaimg.cn\/crop.0.0.180.180.180\/53899d01jw8fcb9qpe7vbj2050050mx8.jpg","profile_url":"https:\/\/m.weibo.cn\/u\/1401527553?uid=1401527553&luicode=10000011&lfid=1076031401527553","statuses_count":15425,"verified":true,"verified_type":0,"verified_type_ext":1,"verified_reason":"\u77e5\u540d\u4e92\u8054\u7f51\u8d44\u8baf\u535a\u4e3b","close_blue_v":false,"description":"\u5fae\u535a\u672c\u5730\u8d44\u8baf\u535a\u4e3b\uff08\u521a\u679c\u5e03\u62c9\u67f4\u7ef4\u5c14\uff09","gender":"m","mbtype":12,"urank":48,"mbrank":6,"follow_me":false,"following":false,"followers_count":192533,"follow_count":277,"cover_image_phone":"https:\/\/tva1.sinaimg.cn\/crop.0.0.640.640.640\/549d0121tw1egm1kjly3jj20hs0hsq4f.jpg","avatar_hd":"https:\/\/ww2.sinaimg.cn\/orj480\/53899d01jw8fcb9qpe7vbj2050050mx8.jpg","like":false,"like_me":false,"badge":{"bind_taobao":1,"dzwbqlx_2016":1,"follow_whitelist_video":1,"hongbao_2018":1}},"reposts_count":19,"comments_count":13,"attitudes_count":0,"pending_approval_count":0,"isLongText":false,"visible":{"type":0,"list_id":0},"more_info_type":0,"content_auth":0,"edit_config":{"edited":false},"mblogtype":0,"bid":"xwMwflbA9"},"show_type":0},{"card_type":9,"itemid":"1076031401527553_-_3378114023446521","scheme":"https:\/\/m.weibo.cn\/status\/xwM6mesB3?mblogid=xwM6mesB3&luicode=10000011&lfid=1076031401527553","mblog":{"created_at":"2011-11-10","id":"3378114023446521","idstr":"3378114023446521","mid":"3378114023446521","can_edit":false,"text":"Adobe\u7684\u8f6f\u4ef6\u539f\u6765\u53ef\u4ee5\u4ece\u7c7b\u4f3c<a data-url=\"http:\/\/t.cn\/SwtmJf\" target=\"_blank\" href=\"https:\/\/weibo.cn\/sinaurl\/blocked664a3348?luicode=10000011&lfid=1076031401527553&u=http%3A%2F%2Ftrials%2A.adobe.com&ep=xwM6mesB3%252C1401527553%252CxwM6mesB3%252C1401527553\" class=\"\"><span class=\"url-icon\"><img src=\"\/\/h5.sinaimg.cn\/upload\/2015\/09\/25\/3\/timeline_card_small_web_default.png\"><\/span><\/i><span class=\"surl-text\">\u7f51\u9875\u94fe\u63a5<\/a>\u8fd9\u6837\u7684\u5730\u5740\u76f4\u63a5\u4e0b\u8f7d\u8bd5\u7528\u7248\u3002\u73b0\u5728\u90fd\u8981\u901a\u8fc7\u90a3\u4e2aAdobe Download Assistant\u8fdb\u884c\u3002\u8981\u767b\u5f55\uff0c\u800c\u4e14\u8fd8\u6162\u3002\u539f\u4ee5\u4e3a\u771f\u662f\u6839\u636e\u7528\u6237\u5e10\u53f7\u9a8c\u8bc1\u4e0b\u8f7d\u7684\uff0c\u7ed3\u679c\u53d1\u73b0\u53ea\u662f\u8bbe\u7f6e\u4e86\u4e00\u4e2aCookie\u800c\u5df2\uff1a\u201cMM_TRIALS=1234\u201d\u3002 \u200b\u200b\u200b","source":"\u5fae\u535a weibo.com","favorited":false,"is_paid":false,"mblog_vip_type":0,"user":{"id":1401527553,"screen_name":"tombkeeper","profile_image_url":"https:\/\/tva2.sinaimg.cn\/crop.0.0.180.180.180\/53899d01jw8fcb9qpe7vbj2050050mx8.jpg","profile_url":"https:\/\/m.weibo.cn\/u\/1401527553?uid=1401527553&luicode=10000011&lfid=1076031401527553","statuses_count":15425,"verified":true,"verified_type":0,"verified_type_ext":1,"verified_reason":"\u77e5\u540d\u4e92\u8054\u7f51\u8d44\u8baf\u535a\u4e3b","close_blue_v":false,"description":"\u5fae\u535a\u672c\u5730\u8d44\u8baf\u535a\u4e3b\uff08\u521a\u679c\u5e03\u62c9\u67f4\u7ef4\u5c14\uff09","gender":"m","mbtype":12,"urank":48,"mbrank":6,"follow_me":false,"following":false,"followers_count":192533,"follow_count":277,"cover_image_phone":"https:\/\/tva1.sinaimg.cn\/crop.0.0.640.640.640\/549d0121tw1egm1kjly3jj20hs0hsq4f.jpg","avatar_hd":"https:\/\/ww2.sinaimg.cn\/orj480\/53899d01jw8fcb9qpe7vbj2050050mx8.jpg","like":false,"like_me":false,"badge":{"bind_taobao":1,"dzwbqlx_2016":1,"follow_whitelist_video":1,"hongbao_2018":1}},"reposts_count":13,"comments_count":0,"attitudes_count":0,"pending_approval_count":0,"isLongText":false,"visible":{"type":0,"list_id":0},"more_info_type":0,"content_auth":0,"edit_config":{"edited":false},"mblogtype":0,"bid":"xwM6mesB3"},"show_type":0},{"card_type":9,"itemid":"1076031401527553_-_3377954069835425","scheme":"https:\/\/m.weibo.cn\/status\/xwHWmFgDT?mblogid=xwHWmFgDT&luicode=10000011&lfid=1076031401527553","mblog":{"created_at":"2011-11-09","id":"3377954069835425","idstr":"3377954069835425","mid":"3377954069835425","can_edit":false,"text":"\u6700\u8fd1\u4e00\u4e2a\u6708\u7ecf\u5e38\u5fc3\u52a8\u8fc7\u901f\u3002\u521a\u624d\u6d4b\u8840\u538b\uff0c\u8212\u5f20\u538b\u5c45\u7136\u516b\u5341\u591a\u3002\u8fd9\u79cd\u60c5\u51b5\u5982\u679c\u518d\u6301\u7eed\u51e0\u4e2a\u6708\uff0c\u5c31\u4f1a\u4e0d\u53ef\u9006\u5730\u53d1\u5c55\u4e3a\u9ad8\u8840\u538b\u75c5\u3002\u5fc5\u987b\u4e25\u683c\u6267\u884c\u5065\u5eb7\u996e\u98df\u548c\u4f5c\u606f\u4e86\u3002 \u200b\u200b\u200b","source":"\u5fae\u535a weibo.com","favorited":false,"is_paid":false,"mblog_vip_type":0,"user":{"id":1401527553,"screen_name":"tombkeeper","profile_image_url":"https:\/\/tva2.sinaimg.cn\/crop.0.0.180.180.180\/53899d01jw8fcb9qpe7vbj2050050mx8.jpg","profile_url":"https:\/\/m.weibo.cn\/u\/1401527553?uid=1401527553&luicode=10000011&lfid=1076031401527553","statuses_count":15425,"verified":true,"verified_type":0,"verified_type_ext":1,"verified_reason":"\u77e5\u540d\u4e92\u8054\u7f51\u8d44\u8baf\u535a\u4e3b","close_blue_v":false,"description":"\u5fae\u535a\u672c\u5730\u8d44\u8baf\u535a\u4e3b\uff08\u521a\u679c\u5e03\u62c9\u67f4\u7ef4\u5c14\uff09","gender":"m","mbtype":12,"urank":48,"mbrank":6,"follow_me":false,"following":false,"followers_count":192533,"follow_count":277,"cover_image_phone":"https:\/\/tva1.sinaimg.cn\/crop.0.0.640.640.640\/549d0121tw1egm1kjly3jj20hs0hsq4f.jpg","avatar_hd":"https:\/\/ww2.sinaimg.cn\/orj480\/53899d01jw8fcb9qpe7vbj2050050mx8.jpg","like":false,"like_me":false,"badge":{"bind_taobao":1,"dzwbqlx_2016":1,"follow_whitelist_video":1,"hongbao_2018":1}},"reposts_count":5,"comments_count":7,"attitudes_count":0,"pending_approval_count":0,"isLongText":false,"visible":{"type":0,"list_id":0},"more_info_type":0,"content_auth":0,"edit_config":{"edited":false},"mblogtype":0,"bid":"xwHWmFgDT"},"show_type":0},{"card_type":9,"itemid":"1076031401527553_-_3377924004820614","scheme":"https:\/\/m.weibo.cn\/status\/xwH9Ske3Q?mblogid=xwH9Ske3Q&luicode=10000011&lfid=1076031401527553","mblog":{"created_at":"2011-11-09","id":"3377924004820614","idstr":"3377924004820614","mid":"3377924004820614","can_edit":false,"text":"\u8fd9\u4e2a\u8f9f\u8c23\u771f\u6709\u8da3\u3002","source":"\u5fae\u535a weibo.com","favorited":false,"is_paid":false,"mblog_vip_type":0,"user":{"id":1401527553,"screen_name":"tombkeeper","profile_image_url":"https:\/\/tva2.sinaimg.cn\/crop.0.0.180.180.180\/53899d01jw8fcb9qpe7vbj2050050mx8.jpg","profile_url":"https:\/\/m.weibo.cn\/u\/1401527553?uid=1401527553&luicode=10000011&lfid=1076031401527553","statuses_count":15425,"verified":true,"verified_type":0,"verified_type_ext":1,"verified_reason":"\u77e5\u540d\u4e92\u8054\u7f51\u8d44\u8baf\u535a\u4e3b","close_blue_v":false,"description":"\u5fae\u535a\u672c\u5730\u8d44\u8baf\u535a\u4e3b\uff08\u521a\u679c\u5e03\u62c9\u67f4\u7ef4\u5c14\uff09","gender":"m","mbtype":12,"urank":48,"mbrank":6,"follow_me":false,"following":false,"followers_count":192533,"follow_count":277,"cover_image_phone":"https:\/\/tva1.sinaimg.cn\/crop.0.0.640.640.640\/549d0121tw1egm1kjly3jj20hs0hsq4f.jpg","avatar_hd":"https:\/\/ww2.sinaimg.cn\/orj480\/53899d01jw8fcb9qpe7vbj2050050mx8.jpg","like":false,"like_me":false,"badge":{"bind_taobao":1,"dzwbqlx_2016":1,"follow_whitelist_video":1,"hongbao_2018":1}},"retweeted_status":{"created_at":"2011-11-09","id":"3377842622587612","idstr":"3377842622587612","mid":"3377842622587612","can_edit":false,"text":"\u6628\u65e5\u6709\u7528\u6237\u53d1\u5e03\u5fae\u535a\uff0c\u79f0\u201c\u6c6a\u660e\u8343\uff1a\u9999\u6e2f\u516c\u52a1\u5458\u961f\u4f0d\u4e0d\u8bb2\u653f\u6cbb\uff0c\u5374\u662f\u4e16\u754c\u4e0a\u516c\u8ba4\u7684\u6700\u6709\u6548\u7387\u3001\u6700\u4e3a\u5ec9\u6d01\u7684\u516c\u52a1\u5458\u961f\u4f0d\uff0c\u8bf4\u660e\u8150\u8d25\u4e0d\u8150\u8d25\u4e0d\u5728\u4e8e\u8bb2\u4e0d\u8bb2\u653f\u6cbb\u2026\u2026\u3002\u201d\u5bf9\u6b64\uff0c\u6c6a\u660e\u8343\u4e08\u592b<a href='https:\/\/m.weibo.cn\/n\/\u7f57\u5bb6\u82f1'>@\u7f57\u5bb6\u82f1<\/a> \u7ecf\u8fc7\u4e86\u89e3\u540e\u8868\u793a\uff0c\u6c6a\u660e\u8343\u6ca1\u6709\u53d1\u8868\u8fc7\u4e0a\u8ff0\u8a00\u8bba\u3002\u56e0\u6b64\uff0c\u53d1\u5e03\u6b64\u6d88\u606f\u7684\u7528\u6237\u88ab\u6682\u505c\u53d1\u5e03\u548c\u88ab\u5173\u6ce8\u529f\u80fd\u534a\u5e74\u3002 \u200b\u200b\u200b","source":"\u5fae\u535a weibo.com","favorited":false,"thumbnail_pic":"http:\/\/ww1.sinaimg.cn\/thumbnail\/6f3f16a9tw1dmxoyjoa5aj.jpg","bmiddle_pic":"http:\/\/ww1.sinaimg.cn\/bmiddle\/6f3f16a9tw1dmxoyjoa5aj.jpg","original_pic":"http:\/\/ww1.sinaimg.cn\/large\/6f3f16a9tw1dmxoyjoa5aj.jpg","is_paid":false,"mblog_vip_type":0,"user":{"id":1866405545,"screen_name":"\u5fae\u535a\u8f9f\u8c23","profile_image_url":"https:\/\/tva1.sinaimg.cn\/crop.0.0.180.180.180\/6f3f16a9jw1e8qgp5bmzyj2050050aa8.jpg","profile_url":"https:\/\/m.weibo.cn\/u\/1866405545?uid=1866405545&luicode=10000011&lfid=1076031401527553","statuses_count":4041,"verified":true,"verified_type":3,"verified_type_ext":0,"verified_reason":"\u65b0\u6d6a\u5fae\u535a\u865a\u5047\u6d88\u606f\u8f9f\u8c23\u5b98\u65b9\u8d26\u53f7","close_blue_v":false,"description":"\u4e3e\u62a5\u4e0d\u5b9e\u4fe1\u606f\uff0c\u8bf7\u70b9\u51fb\u5fae\u535a\u53f3\u4e0a\u89d2\u7684\u4e3e\u62a5\u6309\u94ae\u3002\u5411\u201c\u5168\u56fd\u8f9f\u8c23\u5e73\u53f0\u201d\u4e3e\u62a5\u8c23\u8a00\u7684\uff0c\u8bf7\u901a\u8fc7@\u5fae\u535a\u8f9f\u8c23 \u7c89\u4e1d\u670d\u52a1\u7684\u5e95\u5bfc\u548c\u5fae\u535aPC\u9996\u9875\u53f3\u4fa7\u516c\u544a\u680f\u7684\u5165\u53e3\u8fdb\u884c\u4e3e\u62a5\u3002","gender":"m","mbtype":12,"urank":39,"mbrank":5,"follow_me":false,"following":false,"followers_count":1073341,"follow_count":699,"cover_image_phone":"https:\/\/tva1.sinaimg.cn\/crop.0.0.640.640.640\/549d0121tw1egm1kjly3jj20hs0hsq4f.jpg","avatar_hd":"https:\/\/ww1.sinaimg.cn\/orj480\/6f3f16a9jw1e8qgp5bmzyj2050050aa8.jpg","like":false,"like_me":false,"badge":{"olympic_2016":1,"follow_whitelist_video":1,"hongbao_2018":1}},"reposts_count":1106,"comments_count":1256,"attitudes_count":1,"pending_approval_count":0,"isLongText":false,"visible":{"type":0,"list_id":0},"more_info_type":0,"content_auth":0,"edit_config":{"edited":false},"bid":"xwF2CaR9G","pics":[{"pid":"6f3f16a9tw1dmxoyjoa5aj","url":"https:\/\/ww1.sinaimg.cn\/orj360\/6f3f16a9tw1dmxoyjoa5aj.jpg","size":"orj360","geo":false,"large":{"size":"large","url":"https:\/\/ww1.sinaimg.cn\/large\/6f3f16a9tw1dmxoyjoa5aj.jpg","geo":false}}]},"reposts_count":0,"comments_count":1,"attitudes_count":0,"pending_approval_count":0,"isLongText":false,"visible":{"type":0,"list_id":0},"more_info_type":0,"content_auth":0,"edit_config":{"edited":false},"mblogtype":0,"obj_ext":"","raw_text":"\u8fd9\u4e2a\u8f9f\u8c23\u771f\u6709\u8da3\u3002","bid":"xwH9Ske3Q"},"show_type":0}],"showAppTips":0,"scheme":"sinaweibo:\/\/cardlist?containerid=1076031401527553&extparam=&luicode=10000011&lfid=&featurecode="}}