{"ok":1,"data":{"cardlistInfo":{"containerid":"1076031401527553","v_p":42,"show_style":1,"total":15518,"page":50},"cards":[{"card_type":9,"itemid":"1076031401527553_-_3377923232948340","scheme":"https:\/\/m.weibo.cn\/status\/xwH8DcmZS?mblogid=xwH8DcmZS&luicode=10000011&lfid=1076031401527553","mblog":{"created_at":"2011-11-09","id":"3377923232948340","idstr":"3377923232948340","mid":"3377923232948340","can_edit":false,"text":"\u300a\u8d1d\u592a\u53a8\u623f\u300b\u4e4b\u7c7b\u7f8e\u98df\u6742\u5fd7\uff0c\u4e3a\u8ffd\u6c42\u597d\u5356\u76f8\uff0c\u591a\u662f\u4e09\u5206\u719f\u5c31\u8d77\u9505\u62cd\u7167\u3002\u6709\u4e9b\u7167\u7247\u51e0\u4e4e\u5c31\u662f\u751f\u6599\u3002\u5bb6\u91cc\u5c0f\u9505\u6162\u714e\u505a\u51fa\u6765\u7684\u83dc\uff0c\u4e5f\u4e0d\u5fc5\u548c\u90a3\u4e9b\u7167\u7247\u6bd4\u7f8e\u89c2\u3002\u5403\u5230\u809a\u91cc\uff0c\u81ea\u5df1\u6709\u6570\u5c31\u884c\u3002 \/\/<a href='https:\/\/m.weibo.cn\/n\/\u5fae\u7b11\u8431\u8431\u8349\u513f'>@\u5fae\u7b11\u8431\u8431\u8349\u513f<\/a>\uff1a\u56de\u590d<a href='https:\/\/m.weibo.cn\/n\/\u6d77\u84dd\u5982\u5112'>@\u6d77\u84dd\u5982\u5112<\/a>:\u53ef\u60dc\u624b\u673a\u6ca1\u62cd\u51fa\u6548\u679c\u6765","source":"\u5fae\u535a weibo.com","favorited":false,"is_paid":false,"mblog_vip_type":0,"user":{"id":1401527553,"screen_name":"tombkeeper","profile_image_url":"https:\/\/tva2.sinaimg.cn\/crop.0.0.180.180.180\/53899d01jw8fcb9qpe7vbj2050050mx8.jpg","profile_url":"https:\/\/m.weibo.cn\/u\/1401527553?uid=1401527553&luicode=10000011&lfid=1076031401527553","statuses_count":15425,"verified":true,"verified_type":0,"verified_type_ext":1,"verified_reason":"\u77e5\u540d\u4e92\u8054\u7f51\u8d44\u8baf\u535a\u4e3b","close_blue_v":false,"description":"\u5fae\u535a\u672c\u5730\u8d44\u8baf\u535a\u4e3b\uff08\u521a\u679c\u5e03\u62c9\u67f4\u7ef4\u5c14\uff09","gender":"m","mbtype":12,"urank":48,"mbrank":6,"follow_me":false,"following":false,"followers_count":192533,"follow_count":277,"cover_image_phone":"https:\/\/tva1.sinaimg.cn\/crop.0.0.640.640.640\/549d0121tw1egm1kjly3jj20hs0hsq4f.jpg","avatar_hd":"https:\/\/ww2.sinaimg.cn\/orj480\/53899d01jw8fcb9qpe7vbj2050050mx8.jpg","like":false,"like_me":false,"badge":{"bind_taobao":1,"dzwbqlx_2016":1,"follow_whitelist_video":1,"hongbao_2018":1}},"retweeted_status":{"created_at":"2011-11-09","id":"3377911235236647","idstr":"3377911235236647","mid":"3377911235236647","can_edit":false,"text":"\u4eca\u65e5\u98df\u8c31\u2014\u6912\u9999\u5e26\u9c7c\uff1a\u5e26\u9c7c\u4e24\u9762\u714e\u9ec4\uff0c\u635e\u8d77\uff0c\u653e\u6cb9\u70e7\u70ed\uff0c\u8471\u59dc\u849c\u82b1\u6912\u4e00\u628a\uff0c\u7206\u9999\uff0c\u5165\u5e26\u9c7c\u7ffb\u7092\uff0c\u52a0\u82b1\u96d5\u9152\u3001\u751f\u62bd\u3001\u7cd6\uff0c\u52a0\u6c34\u7096\u716e\u81f3\u6536\u6c41\uff0c\u653e\u7ea2\u5241\u6912\uff0c\u8001\u62bd\u4e0a\u8272\uff0c\u7ffb\u7092\uff0c\u8d77\u9505\u6492\u8471\u82b1\u3002\u6b64\u83dc\u9999\u800c\u4e0d\u8fa3\uff0c\u9c9c\u800c\u4e0d\u54b8\u3002 \u200b\u200b\u200b","source":"Android\u5ba2\u6237\u7aef","favorited":false,"thumbnail_pic":"http:\/\/ww4.sinaimg.cn\/thumbnail\/6940d703jw1dmxwuvtyzqj.jpg","bmiddle_pic":"http:\/\/ww4.sinaimg.cn\/bmiddle\/6940d703jw1dmxwuvtyzqj.jpg","original_pic":"http:\/\/ww4.sinaimg.cn\/large\/6940d703jw1dmxwuvtyzqj.jpg","is_paid":false,"mblog_vip_type":0,"user":{"id":1765857027,"screen_name":"\u6d45\u7b11\u8431\u8431","profile_image_url":"https:\/\/tva3.sinaimg.cn\/crop.621.0.1146.1146.180\/6940d703gw1e7ky5jri9dj21kw0vyx0o.jpg","profile_url":"https:\/\/m.weibo.cn\/u\/1765857027?uid=1765857027&luicode=10000011&lfid=1076031401527553","statuses_count":1172,"verified":false,"verified_type":-1,"close_blue_v":false,"description":"\u4f60\u4ee3\u8868\u7740\u8fd9\u4e16\u4e0a\u7684\u4e00\u5207\u7f8e\u597d\u3002","gender":"f","mbtype":0,"urank":28,"mbrank":0,"follow_me":false,"following":false,"followers_count":591,"follow_count":581,"cover_image_phone":"https:\/\/tva1.sinaimg.cn\/crop.0.0.640.640.640\/549d0121tw1egm1kjly3jj20hs0hsq4f.jpg","avatar_hd":"https:\/\/ww3.sinaimg.cn\/orj480\/6940d703gw1e7ky5jri9dj21kw0vyx0o.jpg","like":false,"like_me":false,"badge":{"zongyiji":1,"unread_pool":1,"unread_pool_ext":1,"hongbao_2018":1}},"reposts_count":4,"comments_count":5,"attitudes_count":0,"pending_approval_count":0,"isLongText":false,"visible":{"type":0,"list_id":0},"more_info_type":0,"content_auth":0,"edit_config":{"edited":false},"bid":"xwGPhlYi3","pics":[{"pid":"6940d703jw1dmxwuvtyzqj","url":"https:\/\/ww4.sinaimg.cn\/orj360\/6940d703jw1dmxwuvtyzqj.jpg","size":"orj360","geo":false,"large":{"size":"large","url":"https:\/\/ww4.sinaimg.cn\/large\/6940d703jw1dmxwuvtyzqj.jpg","geo":false}}]},"reposts_count":2,"comments_count":0,"attitudes_count":0,"pending_approval_count":0,"isLongText":false,"visible":{"type":0,"list_id":0},"more_info_type":0,"content_auth":0,"edit_config":{"edited":false},"mblogtype":0,"obj_ext":"","raw_text":"\u300a\u8d1d\u592a\u53a8\u623f\u300b\u4e4b\u7c7b\u7f8e\u98df\u6742\u5fd7\uff0c\u4e3a\u8ffd\u6c42\u597d\u5356\u76f8\uff0c\u591a\u662f\u4e09\u5206\u719f\u5c31\u8d77\u9505\u62cd\u7167\u3002\u6709\u4e9b\u7167\u7247\u51e0\u4e4e\u5c31\u662f\u751f\u6599\u3002\u5bb6\u91cc\u5c0f\u9505\u6162\u714e\u505a\u51fa\u6765\u7684\u83dc\uff0c\u4e5f\u4e0d\u5fc5\u548c\u90a3\u4e9b\u7167\u7247\u6bd4\u7f8e\u89c2\u3002\u5403\u5230\u809a\u91cc\uff0c\u81ea\u5df1\u6709\u6570\u5c31\u884c\u3002 \/\/@\u5fae\u7b11\u8431\u8431\u8349\u513f\uff1a\u56de\u590d@\u6d77\u84dd\u5982\u5112:\u53ef\u60dc\u624b\u673a\u6ca1\u62cd\u51fa\u6548\u679c\u6765","bid":"xwH8DcmZS"},"show_type":0},{"card_type":9,"itemid":"1076031401527553_-_3377898369275943","scheme":"https:\/\/m.weibo.cn\/status\/xwGuwCV5Z?mblogid=xwGuwCV5Z&luicode=10000011&lfid=1076031401527553","mblog":{"created_at":"2011-11-09","id":"3377898369275943","idstr":"3377898369275943","mid":"3377898369275943","can_edit":false,"text":"\u4eca\u5929\u8ba8\u8bba\u8d77MS11-083\uff0c\u6211\u8bf4\u6050\u6015\u5f97\u53d1\u51e0\u4e2a\u5c0f\u65f6\u5305\u624d\u80fd\u6210\u529f\u4e00\u6b21\uff0c\u6bd4\u5f53\u5e74freebsd\u7684telnetd\u6ea2\u51fa\u8fd8\u8d39\u65f6\u3002\u7ed3\u679c\u628a\u4e00\u7fa4\u8001\u9ed1\u5ba2\u7684\u751c\u871c\u56de\u5fc6\u90fd\u52fe\u51fa\u6765\u4e86\uff0c\u5927\u5bb6\u7eb7\u7eb7\u8bf4\u8d77\u5f53\u5e74\u548ctelnetd\u6f0f\u6d1e\u7684\u6545\u4e8b\u3002\u90a3\u60c5\u666f\u7279\u522b\u50cf\u67d0\u4e2a\u8001\u5993\u4ece\u826f\uff0c\u4e00\u7fa4\u5934\u53d1\u82b1\u767d\u7684\u6069\u5ba2\u95fb\u8baf\u629a\u638c\u8ffd\u5fc6\u5f80\u6614\uff0c\u5482\u820c\u611f\u53f9\u3002\u5982\u679c\u4f60\u548c\u8fd9\u4e2a\u6f0f\u6d1e\u6709\u6545\u4e8b\uff0c\u4f60\u5c31\u8001\u4e86\u3002 \u200b\u200b\u200b","source":"\u5fae\u535a weibo.com","favorited":false,"is_paid":false,"mblog_vip_type":0,"user":{"id":1401527553,"screen_name":"tombkeeper","profile_image_url":"https:\/\/tva2.sinaimg.cn\/crop.0.0.180.180.180\/53899d01jw8fcb9qpe7vbj2050050mx8.jpg","profile_url":"https:\/\/m.weibo.cn\/u\/1401527553?uid=1401527553&luicode=10000011&lfid=1076031401527553","statuses_count":15425,"verified":true,"verified_type":0,"verified_type_ext":1,"verified_reason":"\u77e5\u540d\u4e92\u8054\u7f51\u8d44\u8baf\u535a\u4e3b","close_blue_v":false,"description":"\u5fae\u535a\u672c\u5730\u8d44\u8baf\u535a\u4e3b\uff08\u521a\u679c\u5e03\u62c9\u67f4\u7ef4\u5c14\uff09","gender":"m","mbtype":12,"urank":48,"mbrank":6,"follow_me":false,"following":false,"followers_count":192533,"follow_count":277,"cover_image_phone":"https:\/\/tva1.sinaimg.cn\/crop.0.0.640.640.640\/549d0121tw1egm1kjly3jj20hs0hsq4f.jpg","avatar_hd":"https:\/\/ww2.sinaimg.cn\/orj480\/53899d01jw8fcb9qpe7vbj2050050mx8.jpg","like":false,"like_me":false,"badge":{"bind_taobao":1,"dzwbqlx_2016":1,"follow_whitelist_video":1,"hongbao_2018":1}},"reposts_count":6,"comments_count":5,"attitudes_count":1,"pending_approval_count":0,"isLongText":false,"visible":{"type":0,"list_id":0},"more_info_type":0,"content_auth":0,"edit_config":{"edited":false},"mblogtype":0,"bid":"xwGuwCV5Z"},"show_type":0},{"card_type":9,"itemid":"1076031401527553_-_3377869474552530","scheme":"https:\/\/m.weibo.cn\/status\/xwFJVj6jU?mblogid=xwFJVj6jU&luicode=10000011&lfid=1076031401527553","mblog":{"created_at":"2011-11-09","id":"3377869474552530","idstr":"3377869474552530","mid":"3377869474552530","can_edit":false,"text":"\u8fd9\u4f4d\u5927\u59d0\u53ef\u80fd\u53ea\u662f\u5076\u5c14\u5f04\u4e2a\u83dc\uff0c\u56bc\u56bc\u98ce\u96c5\u3002\u6211\u4eec\u5929\u5929\u505a\u996d\u7684\u4fd7\u4eba\uff0c\u5207\u51fa\u4e00\u767e\u6bb5\u8471\uff0c\u4e5f\u5c31\u5206\u5206\u949f\u7684\u4e8b\u3002 \/\/<a href='https:\/\/m.weibo.cn\/n\/\u5fae\u7b11\u8431\u8431\u8349\u513f'>@\u5fae\u7b11\u8431\u8431\u8349\u513f<\/a>: \u300a\u968f\u56ed\u98df\u5355\u300b\uff0c\u7f8e\u98df\u540d\u8457\uff0c\u8001\u9955\u5fc5\u5907\u3002","source":"\u5fae\u535a weibo.com","favorited":false,"is_paid":false,"mblog_vip_type":0,"user":{"id":1401527553,"screen_name":"tombkeeper","profile_image_url":"https:\/\/tva2.sinaimg.cn\/crop.0.0.180.180.180\/53899d01jw8fcb9qpe7vbj2050050mx8.jpg","profile_url":"https:\/\/m.weibo.cn\/u\/1401527553?uid=1401527553&luicode=10000011&lfid=1076031401527553","statuses_count":15425,"verified":true,"verified_type":0,"verified_type_ext":1,"verified_reason":"\u77e5\u540d\u4e92\u8054\u7f51\u8d44\u8baf\u535a\u4e3b","close_blue_v":false,"description":"\u5fae\u535a\u672c\u5730\u8d44\u8baf\u535a\u4e3b\uff08\u521a\u679c\u5e03\u62c9\u67f4\u7ef4\u5c14\uff09","gender":"m","mbtype":12,"urank":48,"mbrank":6,"follow_me":false,"following":false,"followers_count":192533,"follow_count":277,"cover_image_phone":"https:\/\/tva1.sinaimg.cn\/crop.0.0.640.640.640\/549d0121tw1egm1kjly3jj20hs0hsq4f.jpg","avatar_hd":"https:\/\/ww2.sinaimg.cn\/orj480\/53899d01jw8fcb9qpe7vbj2050050mx8.jpg","like":false,"like_me":false,"badge":{"bind_taobao":1,"dzwbqlx_2016":1,"follow_whitelist_video":1,"hongbao_2018":1}},"retweeted_status":{"created_at":"2011-09-19","id":"3359407694108854","idstr":"3359407694108854","mid":"3359407694108854","can_edit":false,"text":"\u8881\u679a\u7684\u300a\u968f\u56ed\u98df\u5355\u300b\u91cc\u9762\uff0c\u5f88\u591a\u83dc\u4e3a\u9053\u542c\u9014\u8bf4\uff0c\u6211\u72ec\u559c\u6b22\u848b\u4f8d\u90ce\u8c46\u8150\uff0c\u7b80\u5355\u597d\u5403\u3002\u732a\u6cb9\u70ed\u707c\uff0c\u6e05\u70df\u8d77\u4e0b\u8001\u8c46\u8150\uff0c\u6d12\u76d0\u7ffb\u8eab\u540e\uff0c\u4e0b<a href='https:\/\/m.weibo.cn\/n\/\u7c73\u9152\u5148\u751f'>@\u7c73\u9152\u5148\u751f<\/a> \u5bb6\u7684\u597d\u751c\u9152\u534a\u676f\u3001\u867e\u7c73\u534a\u7897\u3001\u9171\u6cb9\u4e00\u52fa\uff0c\u518d\u6eda\u4e00\u56de\uff0c\u4e0a\u8471\u6bb5\u51fa\u9505\u3002\u81f3\u4e8e\u4e66\u91cc\u9762\u8bf4\u7684\u8471\u8981\u201c\u534a\u5bf8\u8bb8\u957f\u4e00\u767e\u4e8c\u5341\u6bb5\u201d\u7edd\u5bf9\u778e\u626f\uff0c\u628a\u505a\u996d\u5199\u5f97\u548c\u964d\u9f99\u5341\u516b\u638c\u4e00\u6837\uff0c\u4ed6\u81ea\u5df1\u5207\u4e2a\u8bd5\u8bd5\u3002 \u200b\u200b\u200b","source":"\u5fae\u535a weibo.com","favorited":false,"thumbnail_pic":"http:\/\/ww4.sinaimg.cn\/thumbnail\/5586c4fatw1dlavr5ozzej.jpg","bmiddle_pic":"http:\/\/ww4.sinaimg.cn\/bmiddle\/5586c4fatw1dlavr5ozzej.jpg","original_pic":"http:\/\/ww4.sinaimg.cn\/large\/5586c4fatw1dlavr5ozzej.jpg","is_paid":false,"mblog_vip_type":0,"user":{"id":1434895610,"screen_name":"susie\u674e\u8212","profile_image_url":"https:\/\/tva4.sinaimg.cn\/crop.0.0.180.180.180\/5586c4fajw1e8qgp5bmzyj2050050aa8.jpg","profile_url":"https:\/\/m.weibo.cn\/u\/1434895610?uid=1434895610&luicode=10000011&lfid=1076031401527553","statuses_count":1842,"verified":true,"verified_type":0,"verified_type_ext":0,"verified_reason":"\u5a92\u4f53\u4eba \u5fae\u535a\u7b7e\u7ea6\u81ea\u5a92\u4f53","close_blue_v":false,"description":"","gender":"f","mbtype":2,"urank":37,"mbrank":6,"follow_me":false,"following":false,"followers_count":119271,"follow_count":482,"cover_image_phone":"https:\/\/tva2.sinaimg.cn\/crop.0.0.640.640.640\/a1d3feabjw1ecasunmkncj20hs0hsq4j.jpg","avatar_hd":"https:\/\/ww4.sinaimg.cn\/orj480\/5586c4fajw1e8qgp5bmzyj2050050aa8.jpg","like":false,"like_me":false,"badge":{"bind_taobao":1,"unread_pool":1,"unread_pool_ext":1,"self_media":1,"dzwbqlx_2016":1}},"reposts_count":50,"comments_count":32,"attitudes_count":1,"pending_approval_count":0,"isLongText":false,"visible":{"type":0,"list_id":0},"more_info_type":0,"content_auth":0,"edit_config":{"edited":false},"bid":"xoVsRheTQ","pics":[{"pid":"5586c4fatw1dlavr5ozzej","url":"https:\/\/ww4.sinaimg.cn\/orj360\/5586c4fatw1dlavr5ozzej.jpg","size":"orj360","geo":false,"large":{"size":"large","url":"https:\/\/ww4.sinaimg.cn\/large\/5586c4fatw1dlavr5ozzej.jpg","geo":false}}]},"reposts_count":0,"comments_count":13,"attitudes_count":0,"pending_approval_count":0,"isLongText":false,"visible":{"type":0,"list_id":0},"more_info_type":0,"content_auth":0,"edit_config":{"edited":false},"mblogtype":0,"obj_ext":"","raw_text":"\u8fd9\u4f4d\u5927\u59d0\u53ef\u80fd\u53ea\u662f\u5076\u5c14\u5f04\u4e2a\u83dc\uff0c\u56bc\u56bc\u98ce\u96c5\u3002\u6211\u4eec\u5929\u5929\u505a\u996d\u7684\u4fd7\u4eba\uff0c\u5207\u51fa\u4e00\u767e\u6bb5\u8471\uff0c\u4e5f\u5c31\u5206\u5206\u949f\u7684\u4e8b\u3002 \/\/@\u5fae\u7b11\u8431\u8431\u8349\u513f: \u300a\u968f\u56ed\u98df\u5355\u300b\uff0c\u7f8e\u98df\u540d\u8457\uff0c\u8001\u9955\u5fc5\u5907\u3002","bid":"xwFJVj6jU"},"show_type":0},{"card_type":9,"itemid":"1076031401527553_-_3377837606626055","scheme":"https:\/\/m.weibo.cn\/status\/xwEUwrNJR?mblogid=xwEUwrNJR&luicode=10000011&lfid=1076031401527553","mblog":{"created_at":"2011-11-09","id":"3377837606626055","idstr":"3377837606626055","mid":"3377837606626055","can_edit":false,"text":"\u56de\u590d<a href='https:\/\/m.weibo.cn\/n\/Easy'>@Easy<\/a>: \u4ee3\u4ed8\u662f\u76f4\u63a5\u5165\u6d1e\u623f\uff0c\u5171\u4eab\u8d2d\u7269\u8f66\u5219\u6709\u4e00\u4e2a\u5148\u770b\u7535\u5f71\u5403\u665a\u996d\u62c9\u5c0f\u624b\u7684\u8fc7\u7a0b\u3002\u53cc\u65b9\u90fd\u53ef\u4ee5\u5bf9\u8d2d\u7269\u8f66\u8fdb\u884c\u589e\u51cf\uff0c\u5171\u540c\u4f53\u9a8c\u8d2d\u7269\u8fc7\u7a0b\u3002\u76ee\u6807\u5bf9\u8c61\u9664\u60c5\u4fa3\u5916\uff0c\u5bb6\u5ead\u6279\u91cf\u91c7\u8d2d\u98df\u54c1\u8863\u7269\u7b49\u60c5\u5883\u4e0b\u4e5f\u6bd4\u8f83\u65b9\u4fbf\u3002\/\/<a href='https:\/\/m.weibo.cn\/n\/Easy'>@Easy<\/a>: \u6ca1\u7528\u8fc7\u4ee3\u4ed8\u4e48\u90fd\u22ef\u22ef","source":"\u5fae\u535a weibo.com","favorited":false,"is_paid":false,"mblog_vip_type":0,"user":{"id":1401527553,"screen_name":"tombkeeper","profile_image_url":"https:\/\/tva2.sinaimg.cn\/crop.0.0.180.180.180\/53899d01jw8fcb9qpe7vbj2050050mx8.jpg","profile_url":"https:\/\/m.weibo.cn\/u\/1401527553?uid=1401527553&luicode=10000011&lfid=1076031401527553","statuses_count":15425,"verified":true,"verified_type":0,"verified_type_ext":1,"verified_reason":"\u77e5\u540d\u4e92\u8054\u7f51\u8d44\u8baf\u535a\u4e3b","close_blue_v":false,"description":"\u5fae\u535a\u672c\u5730\u8d44\u8baf\u535a\u4e3b\uff08\u521a\u679c\u5e03\u62c9\u67f4\u7ef4\u5c14\uff09","gender":"m","mbtype":12,"urank":48,"mbrank":6,"follow_me":false,"following":false,"followers_count":192533,"follow_count":277,"cover_image_phone":"https:\/\/tva1.sinaimg.cn\/crop.0.0.640.640.640\/549d0121tw1egm1kjly3jj20hs0hsq4f.jpg","avatar_hd":"https:\/\/ww2.sinaimg.cn\/orj480\/53899d01jw8fcb9qpe7vbj2050050mx8.jpg","like":false,"like_me":false,"badge":{"bind_taobao":1,"dzwbqlx_2016":1,"follow_whitelist_video":1,"hongbao_2018":1}},"retweeted_status":{"created_at":"2011-11-09","id":"3377819143252286","idstr":"3377819143252286","mid":"3377819143252286","can_edit":false,"text":"\u4e00\u4e2a\u60f3\u6cd5\uff1a\u4e91\u8d2d\u7269\u8f66\uff0c\u6216\u8005\u53eb\u60c5\u4fa3\u5e10\u53f7\u3001\u592b\u59bb\u5e10\u53f7\uff0c\u90fd\u884c\u3002\u5373\u4e24\u4e2a\u5e10\u53f7\u53ef\u4ee5\u901a\u8fc7\u67d0\u79cd\u53cc\u65b9\u786e\u8ba4\u7684\u673a\u5236\u5efa\u7acb\u8054\u7cfb\u3002\u7136\u540e\uff0c\u5176\u4e2d\u4e00\u65b9\u53ef\u4ee5\u5c06\u81ea\u5df1\u60f3\u4e70\u7684\u7269\u54c1\u6dfb\u52a0\u5230\u53e6\u4e00\u65b9\u7684\u8d2d\u7269\u8f66\u4e2d\u3002 \u200b\u200b\u200b","source":"\u5fae\u535a weibo.com","favorited":false,"thumbnail_pic":"http:\/\/ww3.sinaimg.cn\/thumbnail\/53899d01jw1dmxm8e23a1j.jpg","bmiddle_pic":"http:\/\/ww3.sinaimg.cn\/bmiddle\/53899d01jw1dmxm8e23a1j.jpg","original_pic":"http:\/\/ww3.sinaimg.cn\/large\/53899d01jw1dmxm8e23a1j.jpg","is_paid":false,"mblog_vip_type":0,"user":{"id":1401527553,"screen_name":"tombkeeper","profile_image_url":"https:\/\/tva2.sinaimg.cn\/crop.0.0.180.180.180\/53899d01jw8fcb9qpe7vbj2050050mx8.jpg","profile_url":"https:\/\/m.weibo.cn\/u\/1401527553?uid=1401527553&luicode=10000011&lfid=1076031401527553","statuses_count":15425,"verified":true,"verified_type":0,"verified_type_ext":1,"verified_reason":"\u77e5\u540d\u4e92\u8054\u7f51\u8d44\u8baf\u535a\u4e3b","close_blue_v":false,"description":"\u5fae\u535a\u672c\u5730\u8d44\u8baf\u535a\u4e3b\uff08\u521a\u679c\u5e03\u62c9\u67f4\u7ef4\u5c14\uff09","gender":"m","mbtype":12,"urank":48,"mbrank":6,"follow_me":false,"following":false,"followers_count":192533,"follow_count":277,"cover_image_phone":"https:\/\/tva1.sinaimg.cn\/crop.0.0.640.640.640\/549d0121tw1egm1kjly3jj20hs0hsq4f.jpg","avatar_hd":"https:\/\/ww2.sinaimg.cn\/orj480\/53899d01jw8fcb9qpe7vbj2050050mx8.jpg","like":false,"like_me":false,"badge":{"bind_taobao":1,"dzwbqlx_2016":1,"follow_whitelist_video":1,"hongbao_2018":1}},"reposts_count":100,"comments_count":36,"attitudes_count":1,"pending_approval_count":0,"isLongText":false,"visible":{"type":0,"list_id":0},"more_info_type":0,"content_auth":0,"edit_config":{"edited":false},"bid":"xwEqKdE4e","pics":[{"pid":"53899d01jw1dmxm8e23a1j","url":"https:\/\/ww3.sinaimg.cn\/orj360\/53899d01jw1dmxm8e23a1j.jpg","size":"orj360","geo":false,"large":{"size":"large","url":"https:\/\/ww3.sinaimg.cn\/large\/53899d01jw1dmxm8e23a1j.jpg","geo":false}}]},"reposts_count":0,"comments_count":1,"attitudes_count":0,"pending_approval_count":0,"isLongText":false,"visible":{"type":0,"list_id":0},"more_info_type":0,"content_auth":0,"edit_config":{"edited":false},"mblogtype":0,"obj_ext":"","raw_text":"\u56de\u590d@Easy: \u4ee3\u4ed8\u662f\u76f4\u63a5\u5165\u6d1e\u623f\uff0c\u5171\u4eab\u8d2d\u7269\u8f66\u5219\u6709\u4e00\u4e2a\u5148\u770b\u7535\u5f71\u5403\u665a\u996d\u62c9\u5c0f\u624b\u7684\u8fc7\u7a0b\u3002\u53cc\u65b9\u90fd\u53ef\u4ee5\u5bf9\u8d2d\u7269\u8f66\u8fdb\u884c\u589e\u51cf\uff0c\u5171\u540c\u4f53\u9a8c\u8d2d\u7269\u8fc7\u7a0b\u3002\u76ee\u6807\u5bf9\u8c61\u9664\u60c5\u4fa3\u5916\uff0c\u5bb6\u5ead\u6279\u91cf\u91c7\u8d2d\u98df\u54c1\u8863\u7269\u7b49\u60c5\u5883\u4e0b\u4e5f\u6bd4\u8f83\u65b9\u4fbf\u3002\/\/@Easy: \u6ca1\u7528\u8fc7\u4ee3\u4ed8\u4e48\u90fd\u22ef\u22ef","bid":"xwEUwrNJR"},"show_type":0},{"card_type":9,"itemid":"1076031401527553_-_3377829981334974","scheme":"https:\/\/m.weibo.cn\/status\/xwEIe5BhQ?mblogid=xwEIe5BhQ&luicode=10000011&lfid=1076031401527553","mblog":{"created_at":"2011-11-09","id":"3377829981334974","idstr":"3377829981334974","mid":"3377829981334974","can_edit":false,"text":"\u533b\u9a97\u5e7f\u544a\u6700\u5e38\u7528\u7684\u4f0e\u4fe9\u5c31\u662f\u4e0d\u8bf4\u80fd\u6cbb\u67d0\u75c5\uff0c\u800c\u662f\u5ba3\u4f20\u53ef\u4ee5\u6cbb\u7597\u67d0\u75c7\u72b6\u3002\u6211\u89c1\u8fc7\u4e00\u4e2a\u6cbb\u7597\u524d\u5217\u817a\u708e\u7684\u836f\uff0c\u5ba3\u4f20\u4e2d\u8bf4\u4e13\u6cbb\u201c\u5c3f\u5206\u53c9\u201d\u3002\u5f88\u591a\u4eba\u4e00\u5bf9\u7167\u75c7\u72b6\uff0c\u5c31\u89c9\u5f97\u81ea\u5df1\u8be5\u5403\u70b9\u836f\u3002\u5c3f\u5206\u53c9\u786e\u662f\u524d\u5217\u817a\u708e\u7684\u4e00\u4e2a\u53ef\u80fd\u75c7\u72b6\uff0c\u4f46\u5e76\u4e0d\u4e00\u5b9a\u6709\u8fd9\u75c7\u72b6\u5c31\u662f\u524d\u5217\u817a\u708e\u3002\u8fd9\u4e5f\u662f\u201c\u7528\u771f\u8bdd\u9a97\u4eba\u201d\u7684\u4e00\u79cd\u3002","source":"\u5fae\u535a weibo.com","favorited":false,"is_paid":false,"mblog_vip_type":0,"user":{"id":1401527553,"screen_name":"tombkeeper","profile_image_url":"https:\/\/tva2.sinaimg.cn\/crop.0.0.180.180.180\/53899d01jw8fcb9qpe7vbj2050050mx8.jpg","profile_url":"https:\/\/m.weibo.cn\/u\/1401527553?uid=1401527553&luicode=10000011&lfid=1076031401527553","statuses_count":15425,"verified":true,"verified_type":0,"verified_type_ext":1,"verified_reason":"\u77e5\u540d\u4e92\u8054\u7f51\u8d44\u8baf\u535a\u4e3b","close_blue_v":false,"description":"\u5fae\u535a\u672c\u5730\u8d44\u8baf\u535a\u4e3b\uff08\u521a\u679c\u5e03\u62c9\u67f4\u7ef4\u5c14\uff09","gender":"m","mbtype":12,"urank":48,"mbrank":6,"follow_me":false,"following":false,"followers_count":192533,"follow_count":277,"cover_image_phone":"https:\/\/tva1.sinaimg.cn\/crop.0.0.640.640.640\/549d0121tw1egm1kjly3jj20hs0hsq4f.jpg","avatar_hd":"https:\/\/ww2.sinaimg.cn\/orj480\/53899d01jw8fcb9qpe7vbj2050050mx8.jpg","like":false,"like_me":false,"badge":{"bind_taobao":1,"dzwbqlx_2016":1,"follow_whitelist_video":1,"hongbao_2018":1}},"retweeted_status":{"created_at":"2011-11-09","id":"3377827850461335","idstr":"3377827850461335","mid":"3377827850461335","can_edit":false,"text":"\u767e\u5ea6\u90fd\u5f00\u59cb\u6574\u987f\u5e7f\u544a\u4e86\uff0c\u65b0\u6d6a\u6240\u6709\u7684\u9875\u9762\u4e0a\u8fd8\u90fd\u662f\u8fd9\u73a9\u610f\u513f\u5462\uff1a {\u3010\u7ecf\u91cf\u5c11\u505c\u7ecf\u65e9\u3011\u5fc5\u8bfb\u51ac\u5b63\u51cf\u80a5\uff1a1\u5929\u76263\u65a4\uff01\u3010\u9888\u8170\u690e\u75c5\u3011\u8f7b\u677e\u89e3\u51b3\u7cd6\u5c3f\u75c5\u53e3\u670d\u80f0\u5c9b\u7d20\u4e0a\u5e02\u7537\u4eba\u5f81\u670d\u5973\u4eba\u79d8\u5bc6\u6b66\u5668\u5973\u4eba\uff1a\u505c\u7ecf\u95ed\u7ecf\u8981\u8b66\u60d5\u4e13\u795b4\u6761\u6700\u663e\u8001\u7684\u76b1\u7eb9\u809d\u75c5-\u65b0\u7597\u6cd5-\u53ef\u8f6c\u9634\uff01} \u66f9\u4f1a\u8ba1\u662f\u4e0d\u662f\u751f\u4e86\u75c5\u90fd\u4ece\u9875\u9762\u53f3\u4e0b\u65b9\u627e\u4fe1\u606f\u7684\uff1f \u200b\u200b\u200b","source":"\u5fae\u535a weibo.com","favorited":false,"is_paid":false,"mblog_vip_type":0,"user":{"id":1577826897,"screen_name":"Fenng","profile_image_url":"https:\/\/tva3.sinaimg.cn\/crop.0.0.750.750.180\/5e0bba51jw8eznr420aofj20ku0kudgf.jpg","profile_url":"https:\/\/m.weibo.cn\/u\/1577826897?uid=1577826897&luicode=10000011&lfid=1076031401527553","statuses_count":25422,"verified":true,"verified_type":0,"verified_type_ext":1,"verified_reason":"\u300c\u5c0f\u9053\u6d88\u606f\u300d\u51fa\u54c1\u4eba","close_blue_v":false,"description":"\u624b\u827a\u4eba\uff0c\u5199\u5b57\u513f\u7684\u3002\u505a\u8fc7\u4e0d\u4f1a\u5199\u4ee3\u7801\u7684\u6c34\u8d27 CTO\u3002\u73b0\u5728\u6b63\u5728\u521b\u4e1a\u3002","gender":"m","mbtype":12,"urank":48,"mbrank":7,"follow_me":false,"following":false,"followers_count":1825690,"follow_count":3629,"cover_image_phone":"https:\/\/tva1.sinaimg.cn\/crop.0.0.640.640.640\/9d44112bjw1f1xl1c10tuj20hs0hs0tw.jpg","avatar_hd":"https:\/\/ww3.sinaimg.cn\/orj480\/5e0bba51jw8eznr420aofj20ku0kudgf.jpg","like":false,"like_me":false,"badge":{"bind_taobao":1,"self_media":1,"dzwbqlx_2016":1,"follow_whitelist_video":1,"hongbao_2018":1,"user_name_certificate":1}},"reposts_count":12,"comments_count":11,"attitudes_count":0,"pending_approval_count":0,"isLongText":false,"visible":{"type":0,"list_id":0},"more_info_type":0,"content_auth":0,"edit_config":{"edited":false},"bid":"xwEEN1W0T"},"reposts_count":5,"comments_count":6,"attitudes_count":0,"pending_approval_count":0,"isLongText":false,"visible":{"type":0,"list_id":0},"more_info_type":0,"content_auth":0,"edit_config":{"edited":false},"mblogtype":0,"obj_ext":"","raw_text":"\u533b\u9a97\u5e7f\u544a\u6700\u5e38\u7528\u7684\u4f0e\u4fe9\u5c31\u662f\u4e0d\u8bf4\u80fd\u6cbb\u67d0\u75c5\uff0c\u800c\u662f\u5ba3\u4f20\u53ef\u4ee5\u6cbb\u7597\u67d0\u75c7\u72b6\u3002\u6211\u89c1\u8fc7\u4e00\u4e2a\u6cbb\u7597\u524d\u5217\u817a\u708e\u7684\u836f\uff0c\u5ba3\u4f20\u4e2d\u8bf4\u4e13\u6cbb\u201c\u5c3f\u5206\u53c9\u201d\u3002\u5f88\u591a\u4eba\u4e00\u5bf9\u7167\u75c7\u72b6\uff0c\u5c31\u89c9\u5f97\u81ea\u5df1\u8be5\u5403\u70b9\u836f\u3002\u5c3f\u5206\u53c9\u786e\u662f\u524d\u5217\u817a\u708e\u7684\u4e00\u4e2a\u53ef\u80fd\u75c7\u72b6\uff0c\u4f46\u5e76\u4e0d\u4e00\u5b9a\u6709\u8fd9\u75c7\u72b6\u5c31\u662f\u524d\u5217\u817a\u708e\u3002\u8fd9\u4e5f\u662f\u201c\u7528\u771f\u8bdd\u9a97\u4eba\u201d\u7684\u4e00\u79cd\u3002","bid":"xwEIe5BhQ"},"show_type":0},{"card_type":9,"itemid":"1076031401527553_-_3377823991470172","scheme":"https:\/\/m.weibo.cn\/status\/xwEyz6ass?mblogid=xwEyz6ass&luicode=10000011&lfid=1076031401527553","mblog":{"created_at":"2011-11-09","id":"3377823991470172","idstr":"3377823991470172","mid":"3377823991470172","can_edit":false,"text":"\u300a\u8d8a\u7edd\u4e66\u300b\u4e2d\u8bb0\u8f7d\uff0c\u52fe\u8df5\u51fa\u95e8\u770b\u89c1\u86e4\u87c6\u53d1\u6012\uff0c\u5c31\u5411\u5b83\u4f5c\u63d6\u3002\u5de6\u53f3\u4e0d\u89e3\uff0c\u52fe\u8df5\u8bf4\uff1a&quot;\u86d9\u5982\u662f\u6012\uff0c\u4f55\u6562\u4e0d\u63d6&quot;\uff1f\u5dee\u4e0d\u591a\u5c31\u662f\u201c\u4f1a\u9a82\u7684\u7528\u6237\u624d\u662f\u597d\u7528\u6237\u201d\u8fd9\u610f\u601d\u3002 \/\/<a href='https:\/\/m.weibo.cn\/n\/benjurry'>@benjurry<\/a>: \u54c8\u54c8\uff0c\u539f\u6765\u5c31\u53ef\u4ee5\u9a82\u7684\u561b:-) \u4f1a\u9a82\u7684\u7528\u6237\u624d\u662f\u597d\u7528\u6237\uff0c\u4f1a\u542c\u7528\u6237\u9a82\u58f0\u5e76\u6301\u7eed\u5b8c\u5584\u624d\u80fd\u6709\u673a\u4f1a\u53d8\u6210\u597d\u4ea7\u54c1\u3002\/\/<a href='https:\/\/m.weibo.cn\/n\/\u90d1\u5c0f\u78caLanky'>@\u90d1\u5c0f\u78caLanky<\/a> <a href='https:\/\/m.weibo.cn\/n\/Fenng'>@Fenng<\/a>","source":"\u5fae\u535a weibo.com","favorited":false,"is_paid":false,"mblog_vip_type":0,"user":{"id":1401527553,"screen_name":"tombkeeper","profile_image_url":"https:\/\/tva2.sinaimg.cn\/crop.0.0.180.180.180\/53899d01jw8fcb9qpe7vbj2050050mx8.jpg","profile_url":"https:\/\/m.weibo.cn\/u\/1401527553?uid=1401527553&luicode=10000011&lfid=1076031401527553","statuses_count":15425,"verified":true,"verified_type":0,"verified_type_ext":1,"verified_reason":"\u77e5\u540d\u4e92\u8054\u7f51\u8d44\u8baf\u535a\u4e3b","close_blue_v":false,"description":"\u5fae\u535a\u672c\u5730\u8d44\u8baf\u535a\u4e3b\uff08\u521a\u679c\u5e03\u62c9\u67f4\u7ef4\u5c14\uff09","gender":"m","mbtype":12,"urank":48,"mbrank":6,"follow_me":false,"following":false,"followers_count":192533,"follow_count":277,"cover_image_phone":"https:\/\/tva1.sinaimg.cn\/crop.0.0.640.640.640\/549d0121tw1egm1kjly3jj20hs0hsq4f.jpg","avatar_hd":"https:\/\/ww2.sinaimg.cn\/orj480\/53899d01jw8fcb9qpe7vbj2050050mx8.jpg","like":false,"like_me":false,"badge":{"bind_taobao":1,"dzwbqlx_2016":1,"follow_whitelist_video":1,"hongbao_2018":1}},"retweeted_status":{"created_at":"2011-11-09","id":"3377774763040730","idstr":"3377774763040730","mid":"3377774763040730","can_edit":false,"text":"\u521a\u4f53\u9a8c\u4e86\u4e00\u628a\u76db\u5927\u4e91\uff0c\u4ea7\u54c1\u8bbe\u8ba1\u8bbe\u8ba1\u4ee4\u4eba\u5d29\u6e83\uff0c\u4ece\u6ce8\u518c\u3001\u767b\u5f55\u5230\u670d\u52a1\u7533\u8bf7\uff0c\u9971\u53d7\u632b\u6298\u4e4b\u540e\u4ee5\u5931\u8d25\u544a\u7ec8\uff0c\u8fd8\u4e0d\u544a\u8bc9\u6211\u5931\u8d25\u539f\u56e0 \u200b\u200b\u200b","source":"\u5fae\u535a weibo.com","favorited":false,"is_paid":false,"mblog_vip_type":0,"user":{"id":1280232891,"screen_name":"\u571f\u4eba\u8c2d\u6653\u751f","profile_image_url":"https:\/\/tva3.sinaimg.cn\/crop.0.0.720.720.180\/4c4ecdbbjw8eegkzwia29j20k00k03zv.jpg","profile_url":"https:\/\/m.weibo.cn\/u\/1280232891?uid=1280232891&luicode=10000011&lfid=1076031401527553","statuses_count":2258,"verified":false,"verified_type":220,"close_blue_v":false,"description":"03\u5e74\u8fdb\u5165\u4e92\u8054\u7f51\uff0c\u5148\u540e\u57283721\uff0c\u96c5\u864e\u4e2d\u56fd\uff0cMySpace\uff0c\u5947\u864e360\u8f6c\u6218\u7684\u4e92\u8054\u7f51\u6218\u58eb","gender":"m","mbtype":0,"urank":29,"mbrank":0,"follow_me":false,"following":false,"followers_count":18428,"follow_count":917,"cover_image_phone":"https:\/\/tva1.sinaimg.cn\/crop.0.0.640.640.640\/a1d3feabjw1ecat4uqw77j20hs0hsacp.jpg","avatar_hd":"https:\/\/ww3.sinaimg.cn\/orj480\/4c4ecdbbjw8eegkzwia29j20k00k03zv.jpg","like":false,"like_me":false},"reposts_count":29,"comments_count":22,"attitudes_count":0,"pending_approval_count":0,"isLongText":false,"visible":{"type":0,"list_id":0},"more_info_type":0,"content_auth":0,"edit_config":{"edited":false},"bid":"xwDhacL22"},"reposts_count":0,"comments_count":0,"attitudes_count":0,"pending_approval_count":0,"isLongText":false,"visible":{"type":0,"list_id":0},"more_info_type":0,"content_auth":0,"edit_config":{"edited":false},"mblogtype":0,"obj_ext":"","raw_text":"\u300a\u8d8a\u7edd\u4e66\u300b\u4e2d\u8bb0\u8f7d\uff0c\u52fe\u8df5\u51fa\u95e8\u770b\u89c1\u86e4\u87c6\u53d1\u6012\uff0c\u5c31\u5411\u5b83\u4f5c\u63d6\u3002\u5de6\u53f3\u4e0d\u89e3\uff0c\u52fe\u8df5\u8bf4\uff1a\"\u86d9\u5982\u662f\u6012\uff0c\u4f55\u6562\u4e0d\u63d6\"\uff1f\u5dee\u4e0d\u591a\u5c31\u662f\u201c\u4f1a\u9a82\u7684\u7528\u6237\u624d\u662f\u597d\u7528\u6237\u201d\u8fd9\u610f\u601d\u3002 \/\/@benjurry: \u54c8\u54c8\uff0c\u539f\u6765\u5c31\u53ef\u4ee5\u9a82\u7684\u561b:-) \u4f1a\u9a82\u7684\u7528\u6237\u624d\u662f\u597d\u7528\u6237\uff0c\u4f1a\u542c\u7528\u6237\u9a82\u58f0\u5e76\u6301\u7eed\u5b8c\u5584\u624d\u80fd\u6709\u673a\u4f1a\u53d8\u6210\u597d\u4ea7\u54c1\u3002\/\/@\u90d1\u5c0f\u78caLanky @Fenng","bid":"xwEyz6ass"},"show_type":0},{"card_type":9,"itemid":"1076031401527553_-_3377819696981132","scheme":"https:\/\/m.weibo.cn\/status\/xwErDti6U?mblogid=xwErDti6U&luicode=10000011&lfid=1076031401527553","mblog":{"created_at":"2011-11-09","id":"3377819696981132","idstr":"3377819696981132","mid":"3377819696981132","can_edit":false,"text":"\/\/<a href='https:\/\/m.weibo.cn\/n\/\u65b9\u821f\u5b50'>@\u65b9\u821f\u5b50<\/a>: \u63a8\u4e0d\u5012\u5c31\u6316\u5899\u89d2\u3002\/\/<a href='https:\/\/m.weibo.cn\/n\/\u5b89\u666e\u82e5-\u5b89\u6821\u957f'>@\u5b89\u666e\u82e5-\u5b89\u6821\u957f<\/a>: \u63a8\u5230\u90a3\u5ea7\u5899\uff01","source":"\u5fae\u535a weibo.com","favorited":false,"is_paid":false,"mblog_vip_type":0,"user":{"id":1401527553,"screen_name":"tombkeeper","profile_image_url":"https:\/\/tva2.sinaimg.cn\/crop.0.0.180.180.180\/53899d01jw8fcb9qpe7vbj2050050mx8.jpg","profile_url":"https:\/\/m.weibo.cn\/u\/1401527553?uid=1401527553&luicode=10000011&lfid=1076031401527553","statuses_count":15425,"verified":true,"verified_type":0,"verified_type_ext":1,"verified_reason":"\u77e5\u540d\u4e92\u8054\u7f51\u8d44\u8baf\u535a\u4e3b","close_blue_v":false,"description":"\u5fae\u535a\u672c\u5730\u8d44\u8baf\u535a\u4e3b\uff08\u521a\u679c\u5e03\u62c9\u67f4\u7ef4\u5c14\uff09","gender":"m","mbtype":12,"urank":48,"mbrank":6,"follow_me":false,"following":false,"followers_count":192533,"follow_count":277,"cover_image_phone":"https:\/\/tva1.sinaimg.cn\/crop.0.0.640.640.640\/549d0121tw1egm1kjly3jj20hs0hsq4f.jpg","avatar_hd":"https:\/\/ww2.sinaimg.cn\/orj480\/53899d01jw8fcb9qpe7vbj2050050mx8.jpg","like":false,"like_me":false,"badge":{"bind_taobao":1,"dzwbqlx_2016":1,"follow_whitelist_video":1,"hongbao_2018":1}},"retweeted_status":{"created_at":"2011-11-09","id":"3377703107859003","idstr":"3377703107859003","mid":"3377703107859003","can_edit":false,"text":"1989\u5e7411\u67089\u65e5\uff0c \u5c79\u7acb\u4e8628\u5e74\u7684\u67cf\u6797\u7246\u5728\u4e1c\u897f\u5fb7\u4eba\u6c11\u7684\u94c1\u9524\u94c1\u51ff\u4e0b\u8f70\u7136\u5012\u584c\u3002\u4e3a\u4e86\u963b\u6b62\u4e1c\u5fb7\u4eba\u6c11\u6295\u5411\u897f\u5fb7\uff0c\u4e1c\u5fb7\u5f53\u5c40\u4e8e1961\u5e74\u8d77\u6cbf\u8457\u8fb9\u754c\u5728\u5df1\u65b9\u7684\u9818\u571f\u4e0a\u5efa\u7acb\u56f4\u7246\u79f0\u4e3a\u201c\u53cd\u6cd5\u897f\u65af\u9632\u885b\u7246 Antifaschistischer Schutzwall\u3002\u4ee5\u4e0b\u4e09\u7ec4\u9ad8\u6e05\u7167\u7247\u8bb0\u5f55\u4e86\u5f53\u65f6\u4e1c\u5fb7\u4eba\u6c11\u5954\u5411\u81ea\u7531\u7684\u559c\u60a6\u3002 1\/3 \u200b\u200b\u200b","source":"\u5fae\u535a weibo.com","favorited":false,"thumbnail_pic":"http:\/\/ww4.sinaimg.cn\/thumbnail\/811816a4gw1dmx8y6uchuj.jpg","bmiddle_pic":"http:\/\/ww4.sinaimg.cn\/bmiddle\/811816a4gw1dmx8y6uchuj.jpg","original_pic":"http:\/\/ww4.sinaimg.cn\/large\/811816a4gw1dmx8y6uchuj.jpg","is_paid":false,"mblog_vip_type":0,"user":{"id":2165839524,"screen_name":"\u7504\u829c\u7f2d","profile_image_url":"https:\/\/tva2.sinaimg.cn\/crop.0.0.180.180.180\/811816a4jw1e8qgp5bmzyj2050050aa8.jpg","profile_url":"https:\/\/m.weibo.cn\/u\/2165839524?uid=2165839524&luicode=10000011&lfid=1076031401527553","statuses_count":26468,"verified":false,"verified_type":-1,"close_blue_v":false,"description":"Veritas vos liberabit. \u771f\u76f8\u8ba9\u4f60\u81ea\u7531. The truth shall set you free.","gender":"m","mbtype":0,"urank":41,"mbrank":0,"follow_me":false,"following":false,"followers_count":9982,"follow_count":89,"cover_image_phone":"https:\/\/tva1.sinaimg.cn\/crop.0.0.640.640.640\/6cf8d7ebjw1ehfr4xa8psj20hs0hsgpg.jpg","avatar_hd":"https:\/\/ww2.sinaimg.cn\/orj480\/811816a4jw1e8qgp5bmzyj2050050aa8.jpg","like":false,"like_me":false,"badge":{"olympic_2016":1,"dzwbqlx_2016":1,"follow_whitelist_video":1,"suishoupai_2017":1}},"reposts_count":455,"comments_count":145,"attitudes_count":0,"pending_approval_count":0,"isLongText":false,"visible":{"type":0,"list_id":0},"more_info_type":0,"content_auth":0,"edit_config":{"edited":false},"bid":"xwBpAwYu7","pics":[{"pid":"811816a4gw1dmx8y6uchuj","url":"https:\/\/ww4.sinaimg.cn\/orj360\/811816a4gw1dmx8y6uchuj.jpg","size":"orj360","geo":false,"large":{"size":"large","url":"https:\/\/ww4.sinaimg.cn\/large\/811816a4gw1dmx8y6uchuj.jpg","geo":false}}]},"reposts_count":0,"comments_count":1,"attitudes_count":0,"pending_approval_count":0,"isLongText":false,"visible":{"type":0,"list_id":0},"more_info_type":0,"content_auth":0,"edit_config":{"edited":false},"mblogtype":0,"obj_ext":"","raw_text":"\/\/@\u65b9\u821f\u5b50: \u63a8\u4e0d\u5012\u5c31\u6316\u5899\u89d2\u3002\/\/@\u5b89\u666e\u82e5-\u5b89\u6821\u957f: \u63a8\u5230\u90a3\u5ea7\u5899\uff01","bid":"xwErDti6U"},"show_type":0},{"card_type":9,"itemid":"1076031401527553_-_3377819143252286","scheme":"https:\/\/m.weibo.cn\/status\/xwEqKdE4e?mblogid=xwEqKdE4e&luicode=10000011&lfid=1076031401527553","mblog":{"created_at":"2011-11-09","id":"3377819143252286","idstr":"3377819143252286","mid":"3377819143252286","can_edit":false,"text":"\u4e00\u4e2a\u60f3\u6cd5\uff1a\u4e91\u8d2d\u7269\u8f66\uff0c\u6216\u8005\u53eb\u60c5\u4fa3\u5e10\u53f7\u3001\u592b\u59bb\u5e10\u53f7\uff0c\u90fd\u884c\u3002\u5373\u4e24\u4e2a\u5e10\u53f7\u53ef\u4ee5\u901a\u8fc7\u67d0\u79cd\u53cc\u65b9\u786e\u8ba4\u7684\u673a\u5236\u5efa\u7acb\u8054\u7cfb\u3002\u7136\u540e\uff0c\u5176\u4e2d\u4e00\u65b9\u53ef\u4ee5\u5c06\u81ea\u5df1\u60f3\u4e70\u7684\u7269\u54c1\u6dfb\u52a0\u5230\u53e6\u4e00\u65b9\u7684\u8d2d\u7269\u8f66\u4e2d\u3002 \u200b\u200b\u200b","source":"\u5fae\u535a weibo.com","favorited":false,"thumbnail_pic":"http:\/\/ww3.sinaimg.cn\/thumbnail\/53899d01jw1dmxm8e23a1j.jpg","bmiddle_pic":"http:\/\/ww3.sinaimg.cn\/bmiddle\/53899d01jw1dmxm8e23a1j.jpg","original_pic":"http:\/\/ww3.sinaimg.cn\/large\/53899d01jw1dmxm8e23a1j.jpg","is_paid":false,"mblog_vip_type":0,"user":{"id":1401527553,"screen_name":"tombkeeper","profile_image_url":"https:\/\/tva2.sinaimg.cn\/crop.0.0.180.180.180\/53899d01jw8fcb9qpe7vbj2050050mx8.jpg","profile_url":"https:\/\/m.weibo.cn\/u\/1401527553?uid=1401527553&luicode=10000011&lfid=1076031401527553","statuses_count":15425,"verified":true,"verified_type":0,"verified_type_ext":1,"verified_reason":"\u77e5\u540d\u4e92\u8054\u7f51\u8d44\u8baf\u535a\u4e3b","close_blue_v":false,"description":"\u5fae\u535a\u672c\u5730\u8d44\u8baf\u535a\u4e3b\uff08\u521a\u679c\u5e03\u62c9\u67f4\u7ef4\u5c14\uff09","gender":"m","mbtype":12,"urank":48,"mbrank":6,"follow_me":false,"following":false,"followers_count":192533,"follow_count":277,"cover_image_phone":"https:\/\/tva1.sinaimg.cn\/crop.0.0.640.640.640\/549d0121tw1egm1kjly3jj20hs0hsq4f.jpg","avatar_hd":"https:\/\/ww2.sinaimg.cn\/orj480\/53899d01jw8fcb9qpe7vbj2050050mx8.jpg","like":false,"like_me":false,"badge":{"bind_taobao":1,"dzwbqlx_2016":1,"follow_whitelist_video":1,"hongbao_2018":1}},"reposts_count":100,"comments_count":36,"attitudes_count":1,"pending_approval_count":0,"isLongText":false,"visible":{"type":0,"list_id":0},"more_info_type":0,"content_auth":0,"edit_config":{"edited":false},"mblogtype":0,"bid":"xwEqKdE4e","pics":[{"pid":"53899d01jw1dmxm8e23a1j","url":"https:\/\/ww3.sinaimg.cn\/orj360\/53899d01jw1dmxm8e23a1j.jpg","size":"orj360","geo":false,"large":{"size":"large","url":"https:\/\/ww3.sinaimg.cn\/large\/53899d01jw1dmxm8e23a1j.jpg","geo":false}}]},"show_type":0}],"showAppTips":0,"scheme":"sinaweibo:\/\/cardlist?containerid=1076031401527553&extparam=&luicode=10000011&lfid=&featurecode="}}