{"ok":1,"data":{"cardlistInfo":{"containerid":"1076031401527553","v_p":42,"show_style":1,"total":15518,"page":50},"cards":[{"card_type":9,"itemid":"1076031401527553_-_3377213695223696","scheme":"https:\/\/m.weibo.cn\/status\/xwoGdlUVa?mblogid=xwoGdlUVa&luicode=10000011&lfid=1076031401527553","mblog":{"created_at":"2011-11-07","id":"3377213695223696","idstr":"3377213695223696","mid":"3377213695223696","can_edit":false,"text":"\u6211\u7684\u5c0f\u5b66\u73ed\u4e3b\u4efb\u8bf4\u8fc7\u4e00\u53e5\u8bdd\uff1a\u8001\u5e08\u6559\u4f60\u4eec\u7684\u9053\u7406\uff0c\u81ea\u5df1\u4e5f\u4e0d\u4e00\u5b9a\u90fd\u80fd\u505a\u5230\uff1b\u4f46\u8001\u5e08\u4e0d\u4f1a\u6545\u610f\u6559\u7ed9\u4f60\u4eec\u9519\u7684\u9053\u7406\u3002\u4e2d\u56fd\u6700\u5bb3\u4eba\u7684\u5c31\u662f\u201c\u5723\u4eba\u6a21\u677f\u201d\u3002\u4f60\u53ea\u8981\u4e3b\u5f20\u4e00\u70b9\u6b63\u4e49\uff0c\u8bf4\u4e24\u53e5\u662f\u975e\uff0c\u5c31\u6709\u4eba\u62ff\u201c\u5723\u4eba\u6a21\u677f\u201d\u6765\u5957\u4f60\u3002\u4f60\u5fc5\u987b\u662f\u5723\u4eba\uff0c\u5426\u5219\u4e0d\u7ba1\u4f60\u8bf4\u7684\u6709\u6ca1\u6709\u9053\u7406\uff0c\u53ea\u8981\u4f60\u88ab\u627e\u51fa\u4e00\u70b9\u6bdb\u75c5\uff0c\u4f60\u7684\u4e3b\u5f20\u4f3c\u4e4e\u4e5f\u968f\u4e4b\u53d8\u6210\u9519\u8bef\u7684\u3002 \u200b\u200b\u200b","source":"\u5fae\u535a weibo.com","favorited":false,"is_paid":false,"mblog_vip_type":0,"user":{"id":1401527553,"screen_name":"tombkeeper","profile_image_url":"https:\/\/tva2.sinaimg.cn\/crop.0.0.180.180.180\/53899d01jw8fcb9qpe7vbj2050050mx8.jpg","profile_url":"https:\/\/m.weibo.cn\/u\/1401527553?uid=1401527553&luicode=10000011&lfid=1076031401527553","statuses_count":15425,"verified":true,"verified_type":0,"verified_type_ext":1,"verified_reason":"\u77e5\u540d\u4e92\u8054\u7f51\u8d44\u8baf\u535a\u4e3b","close_blue_v":false,"description":"\u5fae\u535a\u672c\u5730\u8d44\u8baf\u535a\u4e3b\uff08\u521a\u679c\u5e03\u62c9\u67f4\u7ef4\u5c14\uff09","gender":"m","mbtype":12,"urank":48,"mbrank":6,"follow_me":false,"following":false,"followers_count":192533,"follow_count":277,"cover_image_phone":"https:\/\/tva1.sinaimg.cn\/crop.0.0.640.640.640\/549d0121tw1egm1kjly3jj20hs0hsq4f.jpg","avatar_hd":"https:\/\/ww2.sinaimg.cn\/orj480\/53899d01jw8fcb9qpe7vbj2050050mx8.jpg","like":false,"like_me":false,"badge":{"bind_taobao":1,"dzwbqlx_2016":1,"follow_whitelist_video":1,"hongbao_2018":1}},"reposts_count":43,"comments_count":15,"attitudes_count":43,"pending_approval_count":0,"isLongText":false,"visible":{"type":0,"list_id":0},"more_info_type":0,"content_auth":0,"edit_config":{"edited":false},"mblogtype":0,"bid":"xwoGdlUVa"},"show_type":0},{"card_type":9,"itemid":"1076031401527553_-_3377197186773288","scheme":"https:\/\/m.weibo.cn\/status\/xwofAsq2A?mblogid=xwofAsq2A&luicode=10000011&lfid=1076031401527553","mblog":{"created_at":"2011-11-07","id":"3377197186773288","idstr":"3377197186773288","mid":"3377197186773288","can_edit":false,"text":"\u5047\u8bdd\u53ef\u4ee5\u9a97\u4eba\uff0c\u771f\u8bdd\u4e5f\u53ef\u4ee5\u9a97\u4eba\u3002\u7528\u771f\u8bdd\u9a97\u4eba\u4e0d\u4f46\u66f4\u96be\u8bc6\u7834\uff0c\u66f4\u96be\u8fa8\u9a73\uff0c\u4e14\u66f4\u6613\u8bf4\u51fa\u53e3\uff0c\u66f4\u6ca1\u5fc3\u7406\u8d1f\u62c5\u3002\u4f8b\u5982\uff0c\u4e00\u4e2a\u4eba\u8bf4\uff1a\u201c\u9ec4\u74dc\u662f\u7eff\u7684\u201d\uff0c\u53e6\u4e00\u4eba\u8bf4\uff1a\u201c\u9ec4\u74dc\u662f\u7eff\u7684\uff1f\u54fc\u3002\u9ec4\u74dc\u5206\u660e\u662f\u957f\u6761\u5f62\u7684\u201d\u3002\u53c8\u4f8b\u5982\uff1a\u7ed9\u889c\u5b50\u505a\u5e7f\u544a\uff0c\u79f0\u201c\u672c\u889c\u5b50\u7edd\u4e0d\u542b\u7626\u8089\u7cbe\u201d\u3002\u8fd9\u90fd\u662f\u771f\u8bdd\uff0c\u7136\u800c\u90fd\u662f\u9a97\u4eba\u3002 \u200b\u200b\u200b","source":"\u5fae\u535a weibo.com","favorited":false,"is_paid":false,"mblog_vip_type":0,"user":{"id":1401527553,"screen_name":"tombkeeper","profile_image_url":"https:\/\/tva2.sinaimg.cn\/crop.0.0.180.180.180\/53899d01jw8fcb9qpe7vbj2050050mx8.jpg","profile_url":"https:\/\/m.weibo.cn\/u\/1401527553?uid=1401527553&luicode=10000011&lfid=1076031401527553","statuses_count":15425,"verified":true,"verified_type":0,"verified_type_ext":1,"verified_reason":"\u77e5\u540d\u4e92\u8054\u7f51\u8d44\u8baf\u535a\u4e3b","close_blue_v":false,"description":"\u5fae\u535a\u672c\u5730\u8d44\u8baf\u535a\u4e3b\uff08\u521a\u679c\u5e03\u62c9\u67f4\u7ef4\u5c14\uff09","gender":"m","mbtype":12,"urank":48,"mbrank":6,"follow_me":false,"following":false,"followers_count":192533,"follow_count":277,"cover_image_phone":"https:\/\/tva1.sinaimg.cn\/crop.0.0.640.640.640\/549d0121tw1egm1kjly3jj20hs0hsq4f.jpg","avatar_hd":"https:\/\/ww2.sinaimg.cn\/orj480\/53899d01jw8fcb9qpe7vbj2050050mx8.jpg","like":false,"like_me":false,"badge":{"bind_taobao":1,"dzwbqlx_2016":1,"follow_whitelist_video":1,"hongbao_2018":1}},"reposts_count":195,"comments_count":14,"attitudes_count":63,"pending_approval_count":0,"isLongText":false,"visible":{"type":0,"list_id":0},"more_info_type":0,"content_auth":0,"edit_config":{"edited":false},"mblogtype":0,"bid":"xwofAsq2A"},"show_type":0},{"card_type":9,"itemid":"1076031401527553_-_3377133902759945","scheme":"https:\/\/m.weibo.cn\/status\/xwmBwbzZf?mblogid=xwmBwbzZf&luicode=10000011&lfid=1076031401527553","mblog":{"created_at":"2011-11-07","id":"3377133902759945","idstr":"3377133902759945","mid":"3377133902759945","can_edit":false,"text":"<a data-url=\"http:\/\/t.cn\/SZZsb0\" target=\"_blank\" href=\"https:\/\/weibo.cn\/sinaurl\/blocked323eea4c?luicode=10000011&lfid=1076031401527553&u=http%3A%2F%2Fjandan.net%2F2011%2F11%2F06%2Fshredder_challenge.html&ep=xwmBwbzZf%252C1401527553%252CxwmBwbzZf%252C1401527553\" class=\"\"><span class=\"url-icon\"><img src=\"\/\/h5.sinaimg.cn\/upload\/2015\/09\/25\/3\/timeline_card_small_web_default.png\"><\/span><\/i><span class=\"surl-text\">\u7f51\u9875\u94fe\u63a5<\/a> DARPA\uff08\u7f8e\u56fd\u56fd\u9632\u90e8\u9ad8\u7ea7\u7814\u7a76\u8ba1\u5212\u7f72\uff09\u641e\u4e86\u4e00\u4e2a\u60ac\u8d4f5\u4e07\u7f8e\u5143\uff0c\u6311\u6218\u62fc\u788e\u7eb8\u7684\u6d3b\u52a8\u3002\u53ef\u4ee5\u7406\u89e3\u4e3a\u5bf9\u788e\u7eb8\u673a\u6df7\u6dc6\u7ed3\u679c\u7684\u9006\u5411\u5de5\u7a0b\u3002\u7c7b\u4f3cDARPA\u8fd9\u79cd\u5e02\u573a\u5316\u3001\u7075\u6d3b\u3001\u9ad8\u6548\u3001\u72ec\u7acb\u7684\u673a\u6784\u7684\u5b58\u5728\uff0c\u662f\u7f8e\u56fd\u79d1\u6280\u9738\u4e3b\u5730\u4f4d\u7684\u57fa\u77f3\u3002 \u200b\u200b\u200b","source":"\u5fae\u535a weibo.com","favorited":false,"thumbnail_pic":"http:\/\/ww2.sinaimg.cn\/thumbnail\/53899d01jw1dmvfdkfwy0j.jpg","bmiddle_pic":"http:\/\/ww2.sinaimg.cn\/bmiddle\/53899d01jw1dmvfdkfwy0j.jpg","original_pic":"http:\/\/ww2.sinaimg.cn\/large\/53899d01jw1dmvfdkfwy0j.jpg","is_paid":false,"mblog_vip_type":0,"user":{"id":1401527553,"screen_name":"tombkeeper","profile_image_url":"https:\/\/tva2.sinaimg.cn\/crop.0.0.180.180.180\/53899d01jw8fcb9qpe7vbj2050050mx8.jpg","profile_url":"https:\/\/m.weibo.cn\/u\/1401527553?uid=1401527553&luicode=10000011&lfid=1076031401527553","statuses_count":15425,"verified":true,"verified_type":0,"verified_type_ext":1,"verified_reason":"\u77e5\u540d\u4e92\u8054\u7f51\u8d44\u8baf\u535a\u4e3b","close_blue_v":false,"description":"\u5fae\u535a\u672c\u5730\u8d44\u8baf\u535a\u4e3b\uff08\u521a\u679c\u5e03\u62c9\u67f4\u7ef4\u5c14\uff09","gender":"m","mbtype":12,"urank":48,"mbrank":6,"follow_me":false,"following":false,"followers_count":192533,"follow_count":277,"cover_image_phone":"https:\/\/tva1.sinaimg.cn\/crop.0.0.640.640.640\/549d0121tw1egm1kjly3jj20hs0hsq4f.jpg","avatar_hd":"https:\/\/ww2.sinaimg.cn\/orj480\/53899d01jw8fcb9qpe7vbj2050050mx8.jpg","like":false,"like_me":false,"badge":{"bind_taobao":1,"dzwbqlx_2016":1,"follow_whitelist_video":1,"hongbao_2018":1}},"reposts_count":12,"comments_count":5,"attitudes_count":0,"pending_approval_count":0,"isLongText":false,"visible":{"type":0,"list_id":0},"more_info_type":0,"content_auth":0,"edit_config":{"edited":false},"mblogtype":0,"bid":"xwmBwbzZf","pics":[{"pid":"53899d01jw1dmvfdkfwy0j","url":"https:\/\/ww2.sinaimg.cn\/orj360\/53899d01jw1dmvfdkfwy0j.jpg","size":"orj360","geo":false,"large":{"size":"large","url":"https:\/\/ww2.sinaimg.cn\/large\/53899d01jw1dmvfdkfwy0j.jpg","geo":false}}]},"show_type":0},{"card_type":9,"itemid":"1076031401527553_-_3377114458151452","scheme":"https:\/\/m.weibo.cn\/status\/xwm69ycz2?mblogid=xwm69ycz2&luicode=10000011&lfid=1076031401527553","mblog":{"created_at":"2011-11-07","id":"3377114458151452","idstr":"3377114458151452","mid":"3377114458151452","can_edit":false,"text":"\u7eaf\u6c34\u5f53\u7136\u600e\u4e48\u716e\u90fd\u6ca1\u4e8b\u3002\u4f46\u81ea\u6765\u6c34\u53ef\u80fd\u56e0\u6c34\u6e90\u88ab\u5316\u80a5\u6c61\u67d3\u7b49\u539f\u56e0\u542b\u785d\u9178\u76d0\u3002\u5f88\u591a\u65e0\u7a3d\u4e4b\u8c08\u5728\u4e2d\u56fd\u90fd\u4e0d\u662f\u65e0\u7a3d\u4e4b\u8c08\u3002","source":"\u5fae\u535a weibo.com","favorited":false,"is_paid":false,"mblog_vip_type":0,"user":{"id":1401527553,"screen_name":"tombkeeper","profile_image_url":"https:\/\/tva2.sinaimg.cn\/crop.0.0.180.180.180\/53899d01jw8fcb9qpe7vbj2050050mx8.jpg","profile_url":"https:\/\/m.weibo.cn\/u\/1401527553?uid=1401527553&luicode=10000011&lfid=1076031401527553","statuses_count":15425,"verified":true,"verified_type":0,"verified_type_ext":1,"verified_reason":"\u77e5\u540d\u4e92\u8054\u7f51\u8d44\u8baf\u535a\u4e3b","close_blue_v":false,"description":"\u5fae\u535a\u672c\u5730\u8d44\u8baf\u535a\u4e3b\uff08\u521a\u679c\u5e03\u62c9\u67f4\u7ef4\u5c14\uff09","gender":"m","mbtype":12,"urank":48,"mbrank":6,"follow_me":false,"following":false,"followers_count":192533,"follow_count":277,"cover_image_phone":"https:\/\/tva1.sinaimg.cn\/crop.0.0.640.640.640\/549d0121tw1egm1kjly3jj20hs0hsq4f.jpg","avatar_hd":"https:\/\/ww2.sinaimg.cn\/orj480\/53899d01jw8fcb9qpe7vbj2050050mx8.jpg","like":false,"like_me":false,"badge":{"bind_taobao":1,"dzwbqlx_2016":1,"follow_whitelist_video":1,"hongbao_2018":1}},"retweeted_status":{"created_at":"2011-11-07","id":"3377109542202152","idstr":"3377109542202152","mid":"3377109542202152","can_edit":false,"text":"\u7f51\u4e0a\u4f20\u8a00\u53cd\u590d\u70e7\u5f00\u7684\u6c34\uff08\u6240\u8c13\u5343\u6eda\u6c34\uff09\u4e0d\u80fd\u559d\uff0c\u56e0\u4e3a\u4f1a\u4ea7\u751f\u4e9a\u785d\u9178\u76d0\u7b49\u6709\u5bb3\u7269\u8d28\uff0c\u559d\u4e86\u81f4\u764c\uff0c\u751a\u81f3\u81f4\u6b7b\u3002\u6709\u70b9\u5316\u5b66\u5e38\u8bc6\u7684\u5c31\u77e5\u9053\u8fd9\u662f\u65e0\u7a3d\u4e4b\u8c08\u3002\u6c34\u518d\u600e\u4e48\u70e7\u4e5f\u8fd8\u662f\u6c34\uff0c\u4e0d\u4f1a\u51ed\u7a7a\u4ea7\u751f\u4ec0\u4e48\u6709\u5bb3\u7269\u8d28\uff0c\u5373\u4f7f\u6c34\u4e0d\u7eaf\u539f\u6765\u5df2\u6709\u6709\u5bb3\u7269\u8d28\uff0c\u4e5f\u4e0d\u4f1a\u7531\u4e8e\u70e7\u5f00\u4e86\u591a\u6b21\u800c\u5bcc\u96c6\u3002\u73b0\u5728\u8fd9\u79cd\u65e0\u7a3d\u4e4b\u8c08\u88ab\u76d7\u7528\u6211\u7684\u540d\u4e49\u4f20\u64ad\u53bb\u5413\u552c\u4eba\uff0c\u6050\u6016\u554a\u3002 \u200b\u200b\u200b","source":"\u5fae\u535a weibo.com","favorited":false,"is_paid":false,"mblog_vip_type":0,"user":{"id":1195403385,"screen_name":"\u65b9\u821f\u5b50","profile_image_url":"https:\/\/tva2.sinaimg.cn\/crop.0.0.180.180.180\/47406879jw1e8qgp5bmzyj2050050aa8.jpg","profile_url":"https:\/\/m.weibo.cn\/u\/1195403385?uid=1195403385&luicode=10000011&lfid=1076031401527553","statuses_count":11700,"verified":true,"verified_type":0,"verified_type_ext":0,"verified_reason":"\u5b66\u8005\u3001\u79d1\u666e\u4f5c\u5bb6","close_blue_v":false,"description":"\u63e1\u7d27\u6211\u7684\u624b \/ \u8ba9\u6211\u7684\u56fe\u817e\u70d9\u5728\u4f60\u7684\u624b\u4e0a \/ \u8bf7\u4f20\u9012\u8fd9\u4e00\u628a\u706b\u3000\u76f4\u5230 \/ \u767e\u5e74\u4e4b\u540e\u3000\u6211\u6240\u6709\u7edd\u671b\u7684\u5636\u53eb\u51dd\u56fa","gender":"m","mbtype":2,"urank":24,"mbrank":2,"follow_me":false,"following":false,"followers_count":4755905,"follow_count":25,"cover_image_phone":"https:\/\/tva1.sinaimg.cn\/crop.0.0.640.640.640\/549d0121tw1egm1kjly3jj20hs0hsq4f.jpg","avatar_hd":"https:\/\/ww2.sinaimg.cn\/orj480\/47406879jw1e8qgp5bmzyj2050050aa8.jpg","like":false,"like_me":false},"reposts_count":3291,"comments_count":1371,"attitudes_count":0,"pending_approval_count":0,"isLongText":false,"visible":{"type":0,"list_id":0},"more_info_type":0,"content_auth":0,"edit_config":{"edited":false},"bid":"xwlYe9eSA"},"reposts_count":0,"comments_count":6,"attitudes_count":0,"pending_approval_count":0,"isLongText":false,"visible":{"type":0,"list_id":0},"more_info_type":0,"content_auth":0,"edit_config":{"edited":false},"mblogtype":0,"obj_ext":"","raw_text":"\u7eaf\u6c34\u5f53\u7136\u600e\u4e48\u716e\u90fd\u6ca1\u4e8b\u3002\u4f46\u81ea\u6765\u6c34\u53ef\u80fd\u56e0\u6c34\u6e90\u88ab\u5316\u80a5\u6c61\u67d3\u7b49\u539f\u56e0\u542b\u785d\u9178\u76d0\u3002\u5f88\u591a\u65e0\u7a3d\u4e4b\u8c08\u5728\u4e2d\u56fd\u90fd\u4e0d\u662f\u65e0\u7a3d\u4e4b\u8c08\u3002","bid":"xwm69ycz2"},"show_type":0},{"card_type":9,"itemid":"1076031401527553_-_3377093490646975","scheme":"https:\/\/m.weibo.cn\/status\/xwlyl2Ij5?mblogid=xwlyl2Ij5&luicode=10000011&lfid=1076031401527553","mblog":{"created_at":"2011-11-07","id":"3377093490646975","idstr":"3377093490646975","mid":"3377093490646975","can_edit":false,"text":"\u201c8\u6bdb vs 10\u4e07\u201d\u90a3\u4e2a\u4e8b\uff08<a data-url=\"http:\/\/weibo.com\/1401527553\/xn42Xncd6\" href=\"http:\/\/weibo.com\/1401527553\/xn42Xncd6?luicode=10000011&lfid=1076031401527553&ep=xwlyl2Ij5%252C1401527553%252Cxwlyl2Ij5%252C1401527553\" data-hide=\"\"><span class=\"url-icon\"><img src=\"\/\/h5.sinaimg.cn\/upload\/2015\/09\/25\/3\/timeline_card_small_web_default.png\"><\/span><\/i><span class=\"surl-text\">\u7f51\u9875\u94fe\u63a5<\/a>\uff09\uff0c\u7b97\u544a\u4e00\u6bb5\u843d\u4e86\uff1a<a data-url=\"http:\/\/t.cn\/S7ugTz\" target=\"_blank\" href=\"https:\/\/weibo.cn\/sinaurl\/blocked07cbc823?luicode=10000011&lfid=1076031401527553&u=http%3A%2F%2Fnews.xinhuanet.com%2Flocal%2F2011-11%2F02%2Fc_122225935.htm&ep=xwlyl2Ij5%252C1401527553%252Cxwlyl2Ij5%252C1401527553\" class=\"\"><span class=\"url-icon\"><img src=\"\/\/h5.sinaimg.cn\/upload\/2015\/09\/25\/3\/timeline_card_small_web_default.png\"><\/span><\/i><span class=\"surl-text\">\u7f51\u9875\u94fe\u63a5<\/a>\u3002\u5bf9\u8bb0\u8005\uff0c\u4e0d\u80fd\u8981\u6c42\u6709\u591a\u9ad8\u7684\u79d1\u5b66\u7d20\u517b\uff0c\u4f46\u8d77\u7801\u5e94\u8be5\u6709\u591a\u65b9\u6c42\u8bc1\u7684\u804c\u4e1a\u7d20\u517b\u3002\u81f3\u4e8e\u533b\u60a3\u5173\u7cfb\uff0c\u793e\u4f1a\u8bda\u4fe1\uff0c\u5c31\u4e0d\u662f\u4e00\u53e5\u8bdd\u4e24\u53e5\u8bdd\u8bf4\u7684\u6e05\uff0c\u4e00\u4ee3\u4eba\u4e24\u4ee3\u4eba\u80fd\u89e3\u51b3\u7684\u4e86\u3002 \u200b\u200b\u200b","source":"\u5fae\u535a weibo.com","favorited":false,"is_paid":false,"mblog_vip_type":0,"user":{"id":1401527553,"screen_name":"tombkeeper","profile_image_url":"https:\/\/tva2.sinaimg.cn\/crop.0.0.180.180.180\/53899d01jw8fcb9qpe7vbj2050050mx8.jpg","profile_url":"https:\/\/m.weibo.cn\/u\/1401527553?uid=1401527553&luicode=10000011&lfid=1076031401527553","statuses_count":15425,"verified":true,"verified_type":0,"verified_type_ext":1,"verified_reason":"\u77e5\u540d\u4e92\u8054\u7f51\u8d44\u8baf\u535a\u4e3b","close_blue_v":false,"description":"\u5fae\u535a\u672c\u5730\u8d44\u8baf\u535a\u4e3b\uff08\u521a\u679c\u5e03\u62c9\u67f4\u7ef4\u5c14\uff09","gender":"m","mbtype":12,"urank":48,"mbrank":6,"follow_me":false,"following":false,"followers_count":192533,"follow_count":277,"cover_image_phone":"https:\/\/tva1.sinaimg.cn\/crop.0.0.640.640.640\/549d0121tw1egm1kjly3jj20hs0hsq4f.jpg","avatar_hd":"https:\/\/ww2.sinaimg.cn\/orj480\/53899d01jw8fcb9qpe7vbj2050050mx8.jpg","like":false,"like_me":false,"badge":{"bind_taobao":1,"dzwbqlx_2016":1,"follow_whitelist_video":1,"hongbao_2018":1}},"reposts_count":1,"comments_count":2,"attitudes_count":0,"pending_approval_count":0,"isLongText":false,"visible":{"type":0,"list_id":0},"more_info_type":0,"content_auth":0,"edit_config":{"edited":false},"mblogtype":0,"bid":"xwlyl2Ij5"},"show_type":0},{"card_type":9,"itemid":"1076031401527553_-_3377090143946361","scheme":"https:\/\/m.weibo.cn\/status\/xwlsWgyCZ?mblogid=xwlsWgyCZ&luicode=10000011&lfid=1076031401527553","mblog":{"created_at":"2011-11-07","id":"3377090143946361","idstr":"3377090143946361","mid":"3377090143946361","can_edit":false,"text":"\u8f6c\u53d1\u5fae\u535a","source":"\u5fae\u535a weibo.com","favorited":false,"is_paid":false,"mblog_vip_type":0,"user":{"id":1401527553,"screen_name":"tombkeeper","profile_image_url":"https:\/\/tva2.sinaimg.cn\/crop.0.0.180.180.180\/53899d01jw8fcb9qpe7vbj2050050mx8.jpg","profile_url":"https:\/\/m.weibo.cn\/u\/1401527553?uid=1401527553&luicode=10000011&lfid=1076031401527553","statuses_count":15425,"verified":true,"verified_type":0,"verified_type_ext":1,"verified_reason":"\u77e5\u540d\u4e92\u8054\u7f51\u8d44\u8baf\u535a\u4e3b","close_blue_v":false,"description":"\u5fae\u535a\u672c\u5730\u8d44\u8baf\u535a\u4e3b\uff08\u521a\u679c\u5e03\u62c9\u67f4\u7ef4\u5c14\uff09","gender":"m","mbtype":12,"urank":48,"mbrank":6,"follow_me":false,"following":false,"followers_count":192533,"follow_count":277,"cover_image_phone":"https:\/\/tva1.sinaimg.cn\/crop.0.0.640.640.640\/549d0121tw1egm1kjly3jj20hs0hsq4f.jpg","avatar_hd":"https:\/\/ww2.sinaimg.cn\/orj480\/53899d01jw8fcb9qpe7vbj2050050mx8.jpg","like":false,"like_me":false,"badge":{"bind_taobao":1,"dzwbqlx_2016":1,"follow_whitelist_video":1,"hongbao_2018":1}},"retweeted_status":{"created_at":"2011-11-04","id":"3375969618718096","idstr":"3375969618718096","mid":"3375969618718096","can_edit":false,"text":"[\u7f8e\u62a5\u544a\u79f0\u4e2d\u4fc4\u9ed1\u5ba2\u7316\u7357]\u7f8e\u56fd\u56fd\u5bb6\u53cd\u95f4\u8c0d\u6267\u884c\u529e\u516c\u5ba4\u5468\u56db\u63d0\u4ea4\u7ed9\u56fd\u4f1a\u7684\u62a5\u544a\u79f0\uff0c\u4e2d\u4fc4\u4e24\u56fd\u7684\u7f51\u7edc\u95f4\u8c0d\u5bf9\u7f8e\u56fd\u7ecf\u6d4e\u548c\u56fd\u5bb6\u5b89\u5168\u6784\u6210\u7684\u5a01\u80c1\u8d8a\u6765\u8d8a\u5927\u3002\u6839\u636e\u8fd9\u4efd\u62a5\u544a\uff0c\u6bcf\u5e74\u6709\u4ef7\u503c\u6570\u5341\u4ebf\u7f8e\u5143\u7684\u5546\u4e1a\u3001\u6280\u672f\u673a\u5bc6\u88ab\u4ece\u7f8e\u56fd\u653f\u5e9c\u673a\u6784\u3001\u516c\u53f8\u548c\u7814\u7a76\u6240\u7a83\u8d70\u3002\u5728\u95f4\u8c0d\u884c\u52a8\u4e2d\u4e2d\u56fd\u8868\u73b0\u5f97\u6700\u6d3b\u8dc3\u3001\u6700\u6301\u4e45\u3002<a data-url=\"http:\/\/t.cn\/SzJyVn\" target=\"_blank\" href=\"https:\/\/weibo.cn\/sinaurl\/blocked24b9d2e1?sid=11%2F11%2F03%2F153238&luicode=10000011&lfid=1076031401527553&u=http%3A%2F%2Finternet.solidot.org%2Farticle.pl%3Fsid%3D11%2F11%2F03%2F153238&ep=xvSjDAzYs%252C1686235170%252CxvSjDAzYs%252C1686235170\" class=\"\"><span class=\"url-icon\"><img src=\"\/\/h5.sinaimg.cn\/upload\/2015\/09\/25\/3\/timeline_card_small_web_default.png\"><\/span><\/i><span class=\"surl-text\">\u7f51\u9875\u94fe\u63a5<\/a> \u200b\u200b\u200b","source":"\u5fae\u535a weibo.com","favorited":false,"is_paid":false,"mblog_vip_type":0,"user":{"id":1686235170,"screen_name":"Solidot","profile_image_url":"https:\/\/tva1.sinaimg.cn\/crop.0.0.180.180.180\/6481e822jw1e8qgp5bmzyj2050050aa8.jpg","profile_url":"https:\/\/m.weibo.cn\/u\/1686235170?uid=1686235170&luicode=10000011&lfid=1076031401527553","statuses_count":16319,"verified":true,"verified_type":2,"verified_type_ext":0,"verified_reason":"IT\u8d44\u8baf\u7f51\u7ad9www.solidot.org\u5b98\u65b9\u5fae\u535a","close_blue_v":false,"description":"\u5947\u5ba2\u7684\u8d44\u8baf\uff0c\u91cd\u8981\u7684\u4e1c\u897f","gender":"m","mbtype":0,"urank":19,"mbrank":0,"follow_me":false,"following":false,"followers_count":24128,"follow_count":24,"cover_image_phone":"https:\/\/tva1.sinaimg.cn\/crop.0.0.640.640.640\/549d0121tw1egm1kjly3jj20hs0hsq4f.jpg","avatar_hd":"https:\/\/ww1.sinaimg.cn\/orj480\/6481e822jw1e8qgp5bmzyj2050050aa8.jpg","like":false,"like_me":false,"badge":{"dzwbqlx_2016":1}},"reposts_count":16,"comments_count":1,"attitudes_count":0,"pending_approval_count":0,"isLongText":false,"visible":{"type":0,"list_id":0},"more_info_type":0,"content_auth":0,"edit_config":{"edited":false},"bid":"xvSjDAzYs"},"reposts_count":1,"comments_count":0,"attitudes_count":0,"pending_approval_count":0,"isLongText":false,"visible":{"type":0,"list_id":0},"more_info_type":0,"content_auth":0,"edit_config":{"edited":false},"mblogtype":0,"obj_ext":"","raw_text":"\u8f6c\u53d1\u5fae\u535a","bid":"xwlsWgyCZ"},"show_type":0},{"card_type":9,"itemid":"1076031401527553_-_3377088642169075","scheme":"https:\/\/m.weibo.cn\/status\/xwlqw96h5?mblogid=xwlqw96h5&luicode=10000011&lfid=1076031401527553","mblog":{"created_at":"2011-11-07","id":"3377088642169075","idstr":"3377088642169075","mid":"3377088642169075","can_edit":false,"text":"\/\/<a href='https:\/\/m.weibo.cn\/n\/\u4e16\u7eaa\u8363\u534e'>@\u4e16\u7eaa\u8363\u534e<\/a>:\u8bc1\u636e\u8868\u660e\u4eba\u5fc3\u81f3\u5c11\u4ece92\u5e74\u5f00\u59cb\u5c31\u53d8\u574f\u4e86\u3002","source":"\u5fae\u535a weibo.com","favorited":false,"is_paid":false,"mblog_vip_type":0,"user":{"id":1401527553,"screen_name":"tombkeeper","profile_image_url":"https:\/\/tva2.sinaimg.cn\/crop.0.0.180.180.180\/53899d01jw8fcb9qpe7vbj2050050mx8.jpg","profile_url":"https:\/\/m.weibo.cn\/u\/1401527553?uid=1401527553&luicode=10000011&lfid=1076031401527553","statuses_count":15425,"verified":true,"verified_type":0,"verified_type_ext":1,"verified_reason":"\u77e5\u540d\u4e92\u8054\u7f51\u8d44\u8baf\u535a\u4e3b","close_blue_v":false,"description":"\u5fae\u535a\u672c\u5730\u8d44\u8baf\u535a\u4e3b\uff08\u521a\u679c\u5e03\u62c9\u67f4\u7ef4\u5c14\uff09","gender":"m","mbtype":12,"urank":48,"mbrank":6,"follow_me":false,"following":false,"followers_count":192533,"follow_count":277,"cover_image_phone":"https:\/\/tva1.sinaimg.cn\/crop.0.0.640.640.640\/549d0121tw1egm1kjly3jj20hs0hsq4f.jpg","avatar_hd":"https:\/\/ww2.sinaimg.cn\/orj480\/53899d01jw8fcb9qpe7vbj2050050mx8.jpg","like":false,"like_me":false,"badge":{"bind_taobao":1,"dzwbqlx_2016":1,"follow_whitelist_video":1,"hongbao_2018":1}},"retweeted_status":{"created_at":"2011-11-07","id":"3377038255834853","idstr":"3377038255834853","mid":"3377038255834853","can_edit":false,"text":"1992\u5e74\u5df4\u585e\u7f57\u90a3\u5965\u8fd0\u4f1a\u67d4\u9053\u51a0\u519b\u5e84\u6653\u5ca9\uff1a\u4f53\u59d4\u7684\u4eba\u7279\u610f\u544a\u8bc9\u6211\u4eec\uff0c\u91d1\u7f50\u662f\u5065\u529b\u5b9d\u5956\u52b1\u6211\u4eec\u7684\uff0c\u7eaf\u91d1\u7684\uff0c\u8db3\u8db3\u6709200\u514b\u3002\u5979\u5f53\u6210\u5b9d\u8d1d\uff0c\u8fd8\u5728\u94f6\u884c\u4fdd\u9669\u7bb1\u91cc\u653e\u4e863\u5e74\u3002\u4eca\u5e747\u6708\u4efd\uff0c\u610f\u5916\u5730\u53d1\u73b0\u91d1\u7f50\u4e0a\u8d77\u4e86\u4e2a\u5c0f\u5305\u3002\u5979\u628a\u91d1\u7f50\u5916\u5c42\u7684\u91d1\u5c5e\u6495\u5f00\u4e86\uff0c\u7ed3\u679c\u91cc\u9762\u9732\u51fa\u4e86\u94f6\u767d\u8272\u3002\u53bb\u4e86\u6c88\u9633\u4e00\u5bb6\u5927\u578b\u91d1\u5e97\u505a\u9274\u5b9a\uff0c\u9020\u4ef7\u4e5f\u5c31\u503c50\u5143\u3002 \u200b\u200b\u200b","source":"\u5fae\u535a weibo.com","favorited":false,"thumbnail_pic":"http:\/\/ww3.sinaimg.cn\/thumbnail\/670ccf7atw1dmv4lgdukej.jpg","bmiddle_pic":"http:\/\/ww3.sinaimg.cn\/bmiddle\/670ccf7atw1dmv4lgdukej.jpg","original_pic":"http:\/\/ww3.sinaimg.cn\/large\/670ccf7atw1dmv4lgdukej.jpg","is_paid":false,"mblog_vip_type":0,"user":{"id":1728892794,"screen_name":"\u8001\u9b3c\u963f\u5b9a","profile_image_url":"https:\/\/tva3.sinaimg.cn\/crop.0.0.180.180.180\/670ccf7ajw1e8qgp5bmzyj2050050aa8.jpg","profile_url":"https:\/\/m.weibo.cn\/u\/1728892794?uid=1728892794&luicode=10000011&lfid=1076031401527553","statuses_count":72002,"verified":true,"verified_type":0,"verified_type_ext":0,"verified_reason":"\u539f\u8ba1\u4e16\u7f16\u8f91 \u5934\u6761\u6587\u7ae0\u4f5c\u8005","close_blue_v":false,"description":"\u4e13\u4e1a\u7f51\u6458\uff1a\u597d\u5947\u3001\u77e5\u8bc6\u3001\u5a31\u4e50\u3001\u79d1\u6280\u3001\u4eba\u751f\u3001\u827a\u672f\u3001\u6536\u85cf\uff0c\u5386\u53f2\uff0c\u751f\u6d3b\u7b49\u7b49\u3002","gender":"m","mbtype":12,"urank":45,"mbrank":7,"follow_me":false,"following":false,"followers_count":182093,"follow_count":4326,"cover_image_phone":"https:\/\/tva1.sinaimg.cn\/crop.0.0.640.640.640\/549d0121tw1egm1kjly3jj20hs0hsq4f.jpg","avatar_hd":"https:\/\/ww3.sinaimg.cn\/orj480\/670ccf7ajw1e8qgp5bmzyj2050050aa8.jpg","like":false,"like_me":false,"badge":{"bind_taobao":1,"dzwbqlx_2016":1,"follow_whitelist_video":1}},"reposts_count":10109,"comments_count":3002,"attitudes_count":0,"pending_approval_count":0,"isLongText":false,"visible":{"type":0,"list_id":0},"more_info_type":0,"content_auth":0,"edit_config":{"edited":false},"bid":"xwk7fotUx","pics":[{"pid":"670ccf7atw1dmv4lgdukej","url":"https:\/\/ww3.sinaimg.cn\/orj360\/670ccf7atw1dmv4lgdukej.jpg","size":"orj360","geo":false,"large":{"size":"large","url":"https:\/\/ww3.sinaimg.cn\/large\/670ccf7atw1dmv4lgdukej.jpg","geo":false}}]},"reposts_count":2,"comments_count":3,"attitudes_count":0,"pending_approval_count":0,"isLongText":false,"visible":{"type":0,"list_id":0},"more_info_type":0,"content_auth":0,"edit_config":{"edited":false},"mblogtype":0,"obj_ext":"","raw_text":"\/\/@\u4e16\u7eaa\u8363\u534e:\u8bc1\u636e\u8868\u660e\u4eba\u5fc3\u81f3\u5c11\u4ece92\u5e74\u5f00\u59cb\u5c31\u53d8\u574f\u4e86\u3002","bid":"xwlqw96h5"},"show_type":0},{"card_type":9,"itemid":"1076031401527553_-_3377048553235413","scheme":"https:\/\/m.weibo.cn\/status\/xwknRdzG5?mblogid=xwknRdzG5&luicode=10000011&lfid=1076031401527553","mblog":{"created_at":"2011-11-07","id":"3377048553235413","idstr":"3377048553235413","mid":"3377048553235413","can_edit":false,"text":"\u300a\u5357\u65b9\u90fd\u5e02\u62a5\u300b\uff1a\u5317\u5927\u6559\u6388\u590f\u5b66\u92ae:\u4e00\u4e9b\u5bcc\u8c6a\u79fb\u6c11\u4e0d\u7ba1\u56fd\u5bb6\u5927\u5c40\uff0c<a data-url=\"http:\/\/t.cn\/S7Fsuo\" target=\"_blank\" href=\"https:\/\/weibo.cn\/sinaurl\/blockedd4cabbe5?luicode=10000011&lfid=1076031401527553&u=http%3A%2F%2Fnf.nfdaily.cn%2Fnfdsb%2Fcontent%2F2011-11%2F02%2Fcontent_32474135.htm&ep=xwknRdzG5%252C1401527553%252CxwknRdzG5%252C1401527553\" class=\"\"><span class=\"url-icon\"><img src=\"\/\/h5.sinaimg.cn\/upload\/2015\/09\/25\/3\/timeline_card_small_web_default.png\"><\/span><\/i><span class=\"surl-text\">\u7f51\u9875\u94fe\u63a5<\/a>\uff1b\u5168\u56fd\u7ea6\u670910%\u7684\u8015\u5730\u9762\u79ef\u91cd\u91d1\u5c5e\u8d85\u6807\uff0c<a data-url=\"http:\/\/t.cn\/SZIMth\" target=\"_blank\" href=\"https:\/\/weibo.cn\/sinaurl\/blocked60d1b0d7?luicode=10000011&lfid=1076031401527553&u=http%3A%2F%2Fnf.nfdaily.cn%2Fnfdsb%2Fcontent%2F2011-11%2F07%2Fcontent_32730606.htm&ep=xwknRdzG5%252C1401527553%252CxwknRdzG5%252C1401527553\" class=\"\"><span class=\"url-icon\"><img src=\"\/\/h5.sinaimg.cn\/upload\/2015\/09\/25\/3\/timeline_card_small_web_default.png\"><\/span><\/i><span class=\"surl-text\">\u7f51\u9875\u94fe\u63a5<\/a> \u200b\u200b\u200b","source":"\u5fae\u535a weibo.com","favorited":false,"is_paid":false,"mblog_vip_type":0,"user":{"id":1401527553,"screen_name":"tombkeeper","profile_image_url":"https:\/\/tva2.sinaimg.cn\/crop.0.0.180.180.180\/53899d01jw8fcb9qpe7vbj2050050mx8.jpg","profile_url":"https:\/\/m.weibo.cn\/u\/1401527553?uid=1401527553&luicode=10000011&lfid=1076031401527553","statuses_count":15425,"verified":true,"verified_type":0,"verified_type_ext":1,"verified_reason":"\u77e5\u540d\u4e92\u8054\u7f51\u8d44\u8baf\u535a\u4e3b","close_blue_v":false,"description":"\u5fae\u535a\u672c\u5730\u8d44\u8baf\u535a\u4e3b\uff08\u521a\u679c\u5e03\u62c9\u67f4\u7ef4\u5c14\uff09","gender":"m","mbtype":12,"urank":48,"mbrank":6,"follow_me":false,"following":false,"followers_count":192533,"follow_count":277,"cover_image_phone":"https:\/\/tva1.sinaimg.cn\/crop.0.0.640.640.640\/549d0121tw1egm1kjly3jj20hs0hsq4f.jpg","avatar_hd":"https:\/\/ww2.sinaimg.cn\/orj480\/53899d01jw8fcb9qpe7vbj2050050mx8.jpg","like":false,"like_me":false,"badge":{"bind_taobao":1,"dzwbqlx_2016":1,"follow_whitelist_video":1,"hongbao_2018":1}},"reposts_count":0,"comments_count":4,"attitudes_count":0,"pending_approval_count":0,"isLongText":false,"visible":{"type":0,"list_id":0},"more_info_type":0,"content_auth":0,"edit_config":{"edited":false},"mblogtype":0,"bid":"xwknRdzG5"},"show_type":0}],"showAppTips":0,"scheme":"sinaweibo:\/\/cardlist?containerid=1076031401527553&extparam=&luicode=10000011&lfid=&featurecode="}}