{"ok":1,"data":{"cardlistInfo":{"containerid":"1076031401527553","v_p":42,"show_style":1,"total":15518,"page":50},"cards":[{"card_type":9,"itemid":"1076031401527553_-_3377039065440862","scheme":"https:\/\/m.weibo.cn\/status\/xwk8ymPpQ?mblogid=xwk8ymPpQ&luicode=10000011&lfid=1076031401527553","mblog":{"created_at":"2011-11-07","id":"3377039065440862","idstr":"3377039065440862","mid":"3377039065440862","can_edit":false,"text":"\u522b\u8ba1\u8f83\u90a3\u4e48\u591a\uff0c\u597d\u6b79\u80fd\u5728\u7535\u5f71\u9662\u770b\u5230\u88e4\u7537\u6606\u548c\u5170\u634f\u9171\u4e86\u3002","source":"\u5fae\u535a weibo.com","favorited":false,"is_paid":false,"mblog_vip_type":0,"user":{"id":1401527553,"screen_name":"tombkeeper","profile_image_url":"https:\/\/tva2.sinaimg.cn\/crop.0.0.180.180.180\/53899d01jw8fcb9qpe7vbj2050050mx8.jpg","profile_url":"https:\/\/m.weibo.cn\/u\/1401527553?uid=1401527553&luicode=10000011&lfid=1076031401527553","statuses_count":15425,"verified":true,"verified_type":0,"verified_type_ext":1,"verified_reason":"\u77e5\u540d\u4e92\u8054\u7f51\u8d44\u8baf\u535a\u4e3b","close_blue_v":false,"description":"\u5fae\u535a\u672c\u5730\u8d44\u8baf\u535a\u4e3b\uff08\u521a\u679c\u5e03\u62c9\u67f4\u7ef4\u5c14\uff09","gender":"m","mbtype":12,"urank":48,"mbrank":6,"follow_me":false,"following":false,"followers_count":192533,"follow_count":277,"cover_image_phone":"https:\/\/tva1.sinaimg.cn\/crop.0.0.640.640.640\/549d0121tw1egm1kjly3jj20hs0hsq4f.jpg","avatar_hd":"https:\/\/ww2.sinaimg.cn\/orj480\/53899d01jw8fcb9qpe7vbj2050050mx8.jpg","like":false,"like_me":false,"badge":{"bind_taobao":1,"dzwbqlx_2016":1,"follow_whitelist_video":1,"hongbao_2018":1}},"retweeted_status":{"created_at":"2011-11-07","id":"3377035934275907","idstr":"3377035934275907","mid":"3377035934275907","can_edit":false,"text":"\u6628\u5929\u4e0b\u5348\u62bd\u7a7a\u628a\u67ef\u5357\u5267\u573a\u7248\u300a\u6c89\u9ed8\u768415\u5206\u949f\u300b\u7ed9\u770b\u4e86\uff0c\u65e0\u8bba\u662f\u5f00\u5934\u4e09\u5341\u5206\u949f\u7684\u6c11\u4fd7\u8bb0\u5f55\u7247\u3001\u4e2d\u6bb5\u5f31\u7206\u4e86\u7684\u63a8\u7406\u3001\u8fd8\u662f\u9760\u6ed1\u96ea\u573a\u96ea\u5d29\u6765\u963b\u6321\u5927\u575d\u6e83\u5824\u7684\u7384\u5e7b\u7ed3\u5c40\uff0c\u6211\u90fd\u5df2\u7ecf\u5b8c\u5168\u65e0\u6cd5\u5410\u69fd\u3002\u4ece\u5f71\u9662\u51fa\u6765\uff0c\u540c\u770b\u7684\u4eba\u95ee\u6211\u4ec0\u4e48\u611f\u60f3\uff0c\u6211\u51b7\u51b7\u5730\u4ece\u7259\u7f1d\u91cc\u6324\u51fa\u56db\u4e2a\u5b57\uff1a\u201c\u5c0f\u4e0d\u6b7b\u7684\u2026\u2026\u201d \u200b\u200b\u200b","source":"iPhone\u5ba2\u6237\u7aef","favorited":false,"is_paid":false,"mblog_vip_type":0,"user":{"id":1444865141,"screen_name":"\u9a6c\u4f2f\u5eb8","profile_image_url":"https:\/\/tvax2.sinaimg.cn\/crop.0.0.1242.1242.180\/561ee475ly8fhlodxi1vjj20yi0yiwh3.jpg","profile_url":"https:\/\/m.weibo.cn\/u\/1444865141?uid=1444865141&luicode=10000011&lfid=1076031401527553","statuses_count":16507,"verified":true,"verified_type":0,"verified_type_ext":1,"verified_reason":"\u4f5c\u5bb6 \u5fae\u535a\u7b7e\u7ea6\u81ea\u5a92\u4f53","close_blue_v":false,"description":"\u6734\u5b9e\u521a\u5065\uff0c\u60c5\u7eea\u591a\u53d8\uff0c\u4e8b\u5c11\u98df\u70e6\uff0c\u4f4e\u8c03\u7231\u73b0\u3002","gender":"m","mbtype":12,"urank":47,"mbrank":6,"follow_me":false,"following":false,"followers_count":3841514,"follow_count":901,"cover_image_phone":"https:\/\/tva1.sinaimg.cn\/crop.0.0.640.640.640\/549d0121tw1egm1kjly3jj20hs0hsq4f.jpg","avatar_hd":"https:\/\/wx2.sinaimg.cn\/orj480\/561ee475ly8fhlodxi1vjj20yi0yiwh3.jpg","like":false,"like_me":false,"badge":{"bind_taobao":1,"self_media":1,"dzwbqlx_2016":1,"follow_whitelist_video":1,"hongbao_2018":1}},"reposts_count":3023,"comments_count":763,"attitudes_count":2,"pending_approval_count":0,"isLongText":false,"visible":{"type":0,"list_id":0},"more_info_type":0,"content_auth":0,"edit_config":{"edited":false},"bid":"xwk3vhWmf"},"reposts_count":0,"comments_count":0,"attitudes_count":0,"pending_approval_count":0,"isLongText":false,"visible":{"type":0,"list_id":0},"more_info_type":0,"content_auth":0,"edit_config":{"edited":false},"mblogtype":0,"obj_ext":"","raw_text":"\u522b\u8ba1\u8f83\u90a3\u4e48\u591a\uff0c\u597d\u6b79\u80fd\u5728\u7535\u5f71\u9662\u770b\u5230\u88e4\u7537\u6606\u548c\u5170\u634f\u9171\u4e86\u3002","bid":"xwk8ymPpQ"},"show_type":0},{"card_type":9,"itemid":"1076031401527553_-_3376850460357718","scheme":"https:\/\/m.weibo.cn\/status\/xwfem1v3E?mblogid=xwfem1v3E&luicode=10000011&lfid=1076031401527553","mblog":{"created_at":"2011-11-06","id":"3376850460357718","idstr":"3376850460357718","mid":"3376850460357718","can_edit":false,"text":"\u56de\u590d<a href='https:\/\/m.weibo.cn\/n\/\u8bf4\u8005\u65e0\u5fc3'>@\u8bf4\u8005\u65e0\u5fc3<\/a>: \u90a3\u4e9b\u7535\u53f0\u5e7f\u544a\u6bd4\u8111\u767d\u91d1\u72e0\u591a\u4e86\u3002\u8111\u767d\u91d1\u53ea\u662f\u62ff\u7c89\u4e1d\u5356\u9c7c\u7fc5\u4ef7\u3002\u4f60\u662f\u591a\u82b1\u4e86\u94b1\uff0c\u4f46\u597d\u6b79\u786e\u5b9e\u559d\u4e86\u7897\u7c89\u4e1d\u6c64\u4e0b\u809a\uff0c\u80fd\u9971\u3002\u800c\u4e14\u4e70\u8111\u767d\u91d1\u7684\u4eba\u7528\u7684\u591a\u662f\u95f2\u94b1\u3002\u90a3\u4e9b\u5ba3\u4f20\u5305\u6cbbXX\u75c5\u7684\u5730\u65b9\u571f\u4ea7\u540d\u533b\u540d\u836f\uff0c\u6323\u7684\u53ef\u80fd\u662f\u4eba\u5bb6\u6551\u547d\u7684\u94b1\u3002 \/\/<a href='https:\/\/m.weibo.cn\/n\/\u8bf4\u8005\u65e0\u5fc3'>@\u8bf4\u8005\u65e0\u5fc3<\/a>:\u53f2\u7389\u67f1\u600e\u4e48\u529e\uff1f","source":"\u5fae\u535a weibo.com","favorited":false,"is_paid":false,"mblog_vip_type":0,"user":{"id":1401527553,"screen_name":"tombkeeper","profile_image_url":"https:\/\/tva2.sinaimg.cn\/crop.0.0.180.180.180\/53899d01jw8fcb9qpe7vbj2050050mx8.jpg","profile_url":"https:\/\/m.weibo.cn\/u\/1401527553?uid=1401527553&luicode=10000011&lfid=1076031401527553","statuses_count":15425,"verified":true,"verified_type":0,"verified_type_ext":1,"verified_reason":"\u77e5\u540d\u4e92\u8054\u7f51\u8d44\u8baf\u535a\u4e3b","close_blue_v":false,"description":"\u5fae\u535a\u672c\u5730\u8d44\u8baf\u535a\u4e3b\uff08\u521a\u679c\u5e03\u62c9\u67f4\u7ef4\u5c14\uff09","gender":"m","mbtype":12,"urank":48,"mbrank":6,"follow_me":false,"following":false,"followers_count":192533,"follow_count":277,"cover_image_phone":"https:\/\/tva1.sinaimg.cn\/crop.0.0.640.640.640\/549d0121tw1egm1kjly3jj20hs0hsq4f.jpg","avatar_hd":"https:\/\/ww2.sinaimg.cn\/orj480\/53899d01jw8fcb9qpe7vbj2050050mx8.jpg","like":false,"like_me":false,"badge":{"bind_taobao":1,"dzwbqlx_2016":1,"follow_whitelist_video":1,"hongbao_2018":1}},"retweeted_status":{"created_at":"2011-11-06","id":"3376817803230960","idstr":"3376817803230960","mid":"3376817803230960","can_edit":false,"text":"\u901a\u8fc7\u7f51\u7edc\uff0c\u80fd\u5f88\u591a\u5730\u65b9\u4e0a\u7684\u5e7f\u64ad\u7535\u53f0\u3002\u53ef\u80fd\u56e0\u4e3aFM\u3001AM\u8986\u76d6\u8303\u56f4\u7684\u6709\u9650\u6027\uff0c\u5728\u5730\u65b9\u7535\u53f0\u91cc\u9a97\u94b1\u7684\u80c6\u5b50\u7279\u522b\u5927\u3002\u542c\u4e86\u4e00\u4e9b\u4e4b\u540e\u53d1\u73b0\uff0c\u5728\u90a3\u91cc\u9762\u5356\u836f\u3001\u5356\u4fdd\u5065\u54c1\u7684\uff0c\u5168\u90e8\u67aa\u6bd9\uff0c\u4e0d\u4f1a\u6709\u51a4\u5047\u9519\u6848\u3002 \u200b\u200b\u200b","source":"\u5fae\u535a weibo.com","favorited":false,"is_paid":false,"mblog_vip_type":0,"user":{"id":1401527553,"screen_name":"tombkeeper","profile_image_url":"https:\/\/tva2.sinaimg.cn\/crop.0.0.180.180.180\/53899d01jw8fcb9qpe7vbj2050050mx8.jpg","profile_url":"https:\/\/m.weibo.cn\/u\/1401527553?uid=1401527553&luicode=10000011&lfid=1076031401527553","statuses_count":15425,"verified":true,"verified_type":0,"verified_type_ext":1,"verified_reason":"\u77e5\u540d\u4e92\u8054\u7f51\u8d44\u8baf\u535a\u4e3b","close_blue_v":false,"description":"\u5fae\u535a\u672c\u5730\u8d44\u8baf\u535a\u4e3b\uff08\u521a\u679c\u5e03\u62c9\u67f4\u7ef4\u5c14\uff09","gender":"m","mbtype":12,"urank":48,"mbrank":6,"follow_me":false,"following":false,"followers_count":192533,"follow_count":277,"cover_image_phone":"https:\/\/tva1.sinaimg.cn\/crop.0.0.640.640.640\/549d0121tw1egm1kjly3jj20hs0hsq4f.jpg","avatar_hd":"https:\/\/ww2.sinaimg.cn\/orj480\/53899d01jw8fcb9qpe7vbj2050050mx8.jpg","like":false,"like_me":false,"badge":{"bind_taobao":1,"dzwbqlx_2016":1,"follow_whitelist_video":1,"hongbao_2018":1}},"reposts_count":97,"comments_count":17,"attitudes_count":23,"pending_approval_count":0,"isLongText":false,"visible":{"type":0,"list_id":0},"more_info_type":0,"content_auth":0,"edit_config":{"edited":false},"bid":"xwenGdywg"},"reposts_count":1,"comments_count":1,"attitudes_count":0,"pending_approval_count":0,"isLongText":false,"visible":{"type":0,"list_id":0},"more_info_type":0,"content_auth":0,"edit_config":{"edited":false},"mblogtype":0,"obj_ext":"","raw_text":"\u56de\u590d@\u8bf4\u8005\u65e0\u5fc3: \u90a3\u4e9b\u7535\u53f0\u5e7f\u544a\u6bd4\u8111\u767d\u91d1\u72e0\u591a\u4e86\u3002\u8111\u767d\u91d1\u53ea\u662f\u62ff\u7c89\u4e1d\u5356\u9c7c\u7fc5\u4ef7\u3002\u4f60\u662f\u591a\u82b1\u4e86\u94b1\uff0c\u4f46\u597d\u6b79\u786e\u5b9e\u559d\u4e86\u7897\u7c89\u4e1d\u6c64\u4e0b\u809a\uff0c\u80fd\u9971\u3002\u800c\u4e14\u4e70\u8111\u767d\u91d1\u7684\u4eba\u7528\u7684\u591a\u662f\u95f2\u94b1\u3002\u90a3\u4e9b\u5ba3\u4f20\u5305\u6cbbXX\u75c5\u7684\u5730\u65b9\u571f\u4ea7\u540d\u533b\u540d\u836f\uff0c\u6323\u7684\u53ef\u80fd\u662f\u4eba\u5bb6\u6551\u547d\u7684\u94b1\u3002 \/\/@\u8bf4\u8005\u65e0\u5fc3:\u53f2\u7389\u67f1\u600e\u4e48\u529e\uff1f","bid":"xwfem1v3E"},"show_type":0},{"card_type":9,"itemid":"1076031401527553_-_3376848602192462","scheme":"https:\/\/m.weibo.cn\/status\/xwfbm9cmi?mblogid=xwfbm9cmi&luicode=10000011&lfid=1076031401527553","mblog":{"created_at":"2011-11-06","id":"3376848602192462","idstr":"3376848602192462","mid":"3376848602192462","can_edit":false,"text":"\u536b\u751f\u95f4\u5730\u677f\u7816\u7fd8\u8d77\u6765\u51e0\u5757\u3002\u6253\u7535\u8bdd\u7ed9\u7269\u4e1a\uff0c\u7269\u4e1a\u8bf4\u8fd9\u6d3b\u513f\u65bd\u5de5\u98ce\u9669\u6bd4\u8f83\u5927\uff0c\u4fee\u7406\u65f6\u53ef\u80fd\u628a\u597d\u7684\u7816\u4e5f\u5f04\u788e\uff0c\u4ed6\u4eec\u6709\u8fc7\u51e0\u6b21\u56e0\u6b64\u4ea7\u751f\u4e89\u8bae\u7684\u6559\u8bad\uff0c\u6240\u4ee5\u73b0\u5728\u4e0d\u518d\u7ba1\u8fd9\u4e2a\u3002\u6240\u4ee5\u6211\u53c8\u5f97\u81ea\u5df1\u5e72\u4e86\u3002\u4e2d\u56fd\u6ca1\u6709\u5bb6\u5eadDIY\u7684\u5927\u73af\u5883\uff0c\u6240\u4ee5\u4e5f\u4e70\u4e0d\u5230\u5c0f\u5305\u88c5\u6c34\u6ce5\u4e4b\u7c7b\u3002\u6211\u540e\u6765\u9009\u7528\u4e86\u4e91\u77f3\u80f6\u3002\u4fee\u590d\u6548\u679c\u8fd8\u4e0d\u9519\uff0c\u57fa\u672c\u770b\u4e0d\u51fa\u75d5\u8ff9\u3002 \u200b\u200b\u200b","source":"\u5fae\u535a weibo.com","favorited":false,"is_paid":false,"mblog_vip_type":0,"user":{"id":1401527553,"screen_name":"tombkeeper","profile_image_url":"https:\/\/tva2.sinaimg.cn\/crop.0.0.180.180.180\/53899d01jw8fcb9qpe7vbj2050050mx8.jpg","profile_url":"https:\/\/m.weibo.cn\/u\/1401527553?uid=1401527553&luicode=10000011&lfid=1076031401527553","statuses_count":15425,"verified":true,"verified_type":0,"verified_type_ext":1,"verified_reason":"\u77e5\u540d\u4e92\u8054\u7f51\u8d44\u8baf\u535a\u4e3b","close_blue_v":false,"description":"\u5fae\u535a\u672c\u5730\u8d44\u8baf\u535a\u4e3b\uff08\u521a\u679c\u5e03\u62c9\u67f4\u7ef4\u5c14\uff09","gender":"m","mbtype":12,"urank":48,"mbrank":6,"follow_me":false,"following":false,"followers_count":192533,"follow_count":277,"cover_image_phone":"https:\/\/tva1.sinaimg.cn\/crop.0.0.640.640.640\/549d0121tw1egm1kjly3jj20hs0hsq4f.jpg","avatar_hd":"https:\/\/ww2.sinaimg.cn\/orj480\/53899d01jw8fcb9qpe7vbj2050050mx8.jpg","like":false,"like_me":false,"badge":{"bind_taobao":1,"dzwbqlx_2016":1,"follow_whitelist_video":1,"hongbao_2018":1}},"reposts_count":2,"comments_count":9,"attitudes_count":0,"pending_approval_count":0,"isLongText":false,"visible":{"type":0,"list_id":0},"more_info_type":0,"content_auth":0,"edit_config":{"edited":false},"mblogtype":0,"bid":"xwfbm9cmi"},"show_type":0},{"card_type":9,"itemid":"1076031401527553_-_3376817803230960","scheme":"https:\/\/m.weibo.cn\/status\/xwenGdywg?mblogid=xwenGdywg&luicode=10000011&lfid=1076031401527553","mblog":{"created_at":"2011-11-06","id":"3376817803230960","idstr":"3376817803230960","mid":"3376817803230960","can_edit":false,"text":"\u901a\u8fc7\u7f51\u7edc\uff0c\u80fd\u5f88\u591a\u5730\u65b9\u4e0a\u7684\u5e7f\u64ad\u7535\u53f0\u3002\u53ef\u80fd\u56e0\u4e3aFM\u3001AM\u8986\u76d6\u8303\u56f4\u7684\u6709\u9650\u6027\uff0c\u5728\u5730\u65b9\u7535\u53f0\u91cc\u9a97\u94b1\u7684\u80c6\u5b50\u7279\u522b\u5927\u3002\u542c\u4e86\u4e00\u4e9b\u4e4b\u540e\u53d1\u73b0\uff0c\u5728\u90a3\u91cc\u9762\u5356\u836f\u3001\u5356\u4fdd\u5065\u54c1\u7684\uff0c\u5168\u90e8\u67aa\u6bd9\uff0c\u4e0d\u4f1a\u6709\u51a4\u5047\u9519\u6848\u3002 \u200b\u200b\u200b","source":"\u5fae\u535a weibo.com","favorited":false,"is_paid":false,"mblog_vip_type":0,"user":{"id":1401527553,"screen_name":"tombkeeper","profile_image_url":"https:\/\/tva2.sinaimg.cn\/crop.0.0.180.180.180\/53899d01jw8fcb9qpe7vbj2050050mx8.jpg","profile_url":"https:\/\/m.weibo.cn\/u\/1401527553?uid=1401527553&luicode=10000011&lfid=1076031401527553","statuses_count":15425,"verified":true,"verified_type":0,"verified_type_ext":1,"verified_reason":"\u77e5\u540d\u4e92\u8054\u7f51\u8d44\u8baf\u535a\u4e3b","close_blue_v":false,"description":"\u5fae\u535a\u672c\u5730\u8d44\u8baf\u535a\u4e3b\uff08\u521a\u679c\u5e03\u62c9\u67f4\u7ef4\u5c14\uff09","gender":"m","mbtype":12,"urank":48,"mbrank":6,"follow_me":false,"following":false,"followers_count":192533,"follow_count":277,"cover_image_phone":"https:\/\/tva1.sinaimg.cn\/crop.0.0.640.640.640\/549d0121tw1egm1kjly3jj20hs0hsq4f.jpg","avatar_hd":"https:\/\/ww2.sinaimg.cn\/orj480\/53899d01jw8fcb9qpe7vbj2050050mx8.jpg","like":false,"like_me":false,"badge":{"bind_taobao":1,"dzwbqlx_2016":1,"follow_whitelist_video":1,"hongbao_2018":1}},"reposts_count":97,"comments_count":17,"attitudes_count":23,"pending_approval_count":0,"isLongText":false,"visible":{"type":0,"list_id":0},"more_info_type":0,"content_auth":0,"edit_config":{"edited":false},"mblogtype":0,"bid":"xwenGdywg"},"show_type":0},{"card_type":9,"itemid":"1076031401527553_-_3376351977709799","scheme":"https:\/\/m.weibo.cn\/status\/xw2glwlFB?mblogid=xw2glwlFB&luicode=10000011&lfid=1076031401527553","mblog":{"created_at":"2011-11-05","id":"3376351977709799","idstr":"3376351977709799","mid":"3376351977709799","can_edit":false,"text":"\u636e\u8bf4\u6709\u4eba\u66fe\u770b\u5230\u4e00\u805a\u5212\u7b97\u5973\u5458\u5de5\u5728\u6dd8\u5b9d\u697c\u4e0b\u5bf9\u7537\u670b\u53cb\u4e00\u8fb9\u54ed\u4e00\u8fb9\u8bf4\uff1a\u4f60\u6839\u672c\u5c31\u4e0d\u7231\u6211\uff01\u4f60\u8ddf\u6211\u5728\u4e00\u8d77\u5c31\u662f\u4e3a\u4e86\u53c2\u52a0\u805a\u5212\u7b97\u7684\u6d3b\u52a8\uff01 \/\/<a href='https:\/\/m.weibo.cn\/n\/\u6881\u4f1f_Python'>@\u6881\u4f1f_Python<\/a>:\/\/ <a href='https:\/\/m.weibo.cn\/n\/\u77e5\u9053\u521b\u5b87\u8d75\u4f1f'>@\u77e5\u9053\u521b\u5b87\u8d75\u4f1f<\/a> : \u503c\u5f97\u4e00\u770b\/\/ <a href='https:\/\/m.weibo.cn\/n\/\u5434\u9f0e\u4f1f'>@\u5434\u9f0e\u4f1f<\/a> :\u6587\u7ae0\u5206\u6790\u5f97\u5f88\u7ec6\u3002\u503c\u5f97\u7422\u78e8\u4e0b","source":"S60\u5ba2\u6237\u7aef","favorited":false,"is_paid":false,"mblog_vip_type":0,"user":{"id":1401527553,"screen_name":"tombkeeper","profile_image_url":"https:\/\/tva2.sinaimg.cn\/crop.0.0.180.180.180\/53899d01jw8fcb9qpe7vbj2050050mx8.jpg","profile_url":"https:\/\/m.weibo.cn\/u\/1401527553?uid=1401527553&luicode=10000011&lfid=1076031401527553","statuses_count":15425,"verified":true,"verified_type":0,"verified_type_ext":1,"verified_reason":"\u77e5\u540d\u4e92\u8054\u7f51\u8d44\u8baf\u535a\u4e3b","close_blue_v":false,"description":"\u5fae\u535a\u672c\u5730\u8d44\u8baf\u535a\u4e3b\uff08\u521a\u679c\u5e03\u62c9\u67f4\u7ef4\u5c14\uff09","gender":"m","mbtype":12,"urank":48,"mbrank":6,"follow_me":false,"following":false,"followers_count":192533,"follow_count":277,"cover_image_phone":"https:\/\/tva1.sinaimg.cn\/crop.0.0.640.640.640\/549d0121tw1egm1kjly3jj20hs0hsq4f.jpg","avatar_hd":"https:\/\/ww2.sinaimg.cn\/orj480\/53899d01jw8fcb9qpe7vbj2050050mx8.jpg","like":false,"like_me":false,"badge":{"bind_taobao":1,"dzwbqlx_2016":1,"follow_whitelist_video":1,"hongbao_2018":1}},"pid":3376337052154601,"retweeted_status":{"created_at":"2011-11-05","id":"3376250569196627","idstr":"3376250569196627","mid":"3376250569196627","can_edit":false,"text":"\u805a\u5212\u7b97\u72ec\u7acb\uff0c\u5f88\u591a\u4eba\u4ee5\u4e3a\u4ed6\u53ea\u662f\u4f5c\u4e3a\u56e2\u8d2d\u7f51\u7ad9\u72ec\u7acb\uff0c\u5176\u5b9e\u4e0d\u662f\u7684\uff0c\u5982\u679c\u4ec5\u4ec5\u662f\u4f5c\u4e3a\u56e2\u8d2d\u7684\u8bdd\uff0c\u6dd8\u5b9d\u4e0d\u4f1a\u8ba9\u805a\u5212\u7b97\u72ec\u7acb\u8fd0\u8425\uff0c\u56e0\u4e3a\u5b83\u76ee\u524d\u57fa\u672c\u8fd8\u662f\u5b8c\u5168\u4f9d\u8d56\u6dd8\u5b9d\u7684\u8d44\u6e90\uff0c\u90a3\u4e48\u963f\u91cc\u5df4\u5df4\u4e3a\u4ec0\u4e48\u8981\u8ba9\u805a\u5212\u7b97\u72ec\u7acb\u51fa\u6765\u5462\uff1f\u56e0\u4e3a\u963f\u91cc\u5df4\u5df4\u8981\u7528\u805a\u5212\u7b97\u5e03\u5c40\u201c\u53cd\u5411\u7535\u5b50\u5546... <a data-url=\"http:\/\/t.cn\/Sz8I6O\" target=\"_blank\" href=\"https:\/\/weibo.cn\/sinaurl\/blocked79572bcf?luicode=10000011&lfid=1076031401527553&u=http%3A%2F%2Fwww.chinapmd.com%2Farchives%2F1294&ep=xvZCMCAsH%252C2395471345%252CxvZCMCAsH%252C2395471345\" class=\"\"><span class=\"url-icon\"><img src=\"\/\/h5.sinaimg.cn\/upload\/2015\/09\/25\/3\/timeline_card_small_web_default.png\"><\/span><\/i><span class=\"surl-text\">\u7f51\u9875\u94fe\u63a5<\/a> \u200b\u200b\u200b","source":"WordPress\u8fde\u63a5\u5fae\u535a","favorited":false,"is_paid":false,"mblog_vip_type":0,"user":{"id":2395471345,"screen_name":"\u5168\u7403\u79d1\u6280\u8fde\u7ebf\u7f51_720study","profile_image_url":"https:\/\/tva2.sinaimg.cn\/crop.0.0.180.180.180\/8ec7fdf1jw1e8qgp5bmzyj2050050aa8.jpg","profile_url":"https:\/\/m.weibo.cn\/u\/2395471345?uid=2395471345&luicode=10000011&lfid=1076031401527553","statuses_count":4843,"verified":false,"verified_type":-1,"close_blue_v":false,"description":"\u5168\u7403\u79d1\u6280\u8fde\u7ebf","gender":"m","mbtype":0,"urank":8,"mbrank":0,"follow_me":false,"following":false,"followers_count":192,"follow_count":32,"cover_image_phone":"https:\/\/tva1.sinaimg.cn\/crop.0.0.640.640.640\/549d0121tw1egm1kjly3jj20hs0hsq4f.jpg","avatar_hd":"https:\/\/ww2.sinaimg.cn\/orj480\/8ec7fdf1jw1e8qgp5bmzyj2050050aa8.jpg","like":false,"like_me":false},"reposts_count":72,"comments_count":18,"attitudes_count":0,"pending_approval_count":0,"isLongText":false,"visible":{"type":0,"list_id":0},"more_info_type":0,"content_auth":0,"edit_config":{"edited":false},"bid":"xvZCMCAsH"},"reposts_count":1,"comments_count":0,"attitudes_count":0,"pending_approval_count":0,"isLongText":false,"visible":{"type":0,"list_id":0},"more_info_type":0,"content_auth":0,"edit_config":{"edited":false},"mblogtype":0,"obj_ext":"","raw_text":"\u636e\u8bf4\u6709\u4eba\u66fe\u770b\u5230\u4e00\u805a\u5212\u7b97\u5973\u5458\u5de5\u5728\u6dd8\u5b9d\u697c\u4e0b\u5bf9\u7537\u670b\u53cb\u4e00\u8fb9\u54ed\u4e00\u8fb9\u8bf4\uff1a\u4f60\u6839\u672c\u5c31\u4e0d\u7231\u6211\uff01\u4f60\u8ddf\u6211\u5728\u4e00\u8d77\u5c31\u662f\u4e3a\u4e86\u53c2\u52a0\u805a\u5212\u7b97\u7684\u6d3b\u52a8\uff01 \/\/@\u6881\u4f1f_Python:\/\/ @\u77e5\u9053\u521b\u5b87\u8d75\u4f1f : \u503c\u5f97\u4e00\u770b\/\/ @\u5434\u9f0e\u4f1f :\u6587\u7ae0\u5206\u6790\u5f97\u5f88\u7ec6\u3002\u503c\u5f97\u7422\u78e8\u4e0b","bid":"xw2glwlFB"},"show_type":0},{"card_type":9,"itemid":"1076031401527553_-_3376333487072775","scheme":"https:\/\/m.weibo.cn\/status\/xw1MwtFX1?mblogid=xw1MwtFX1&luicode=10000011&lfid=1076031401527553","mblog":{"created_at":"2011-11-05","id":"3376333487072775","idstr":"3376333487072775","mid":"3376333487072775","can_edit":false,"text":"\u540c\u6837\u662f\u6740\u4eba\uff0c\u6709\u4eba\u88ab\u5949\u4e3a\u82f1\u96c4\uff0c\u6709\u4eba\u88ab\u79f0\u4f5c\u5c60\u592b\u3002\u4eba\u7c7b\u4f5c\u4e3a\u4e00\u79cd\u667a\u6167\u751f\u7269\uff0c\u8fd8\u5f88\u4e0d\u591f\u683c\u3002","source":"\u5fae\u535a weibo.com","favorited":false,"is_paid":false,"mblog_vip_type":0,"user":{"id":1401527553,"screen_name":"tombkeeper","profile_image_url":"https:\/\/tva2.sinaimg.cn\/crop.0.0.180.180.180\/53899d01jw8fcb9qpe7vbj2050050mx8.jpg","profile_url":"https:\/\/m.weibo.cn\/u\/1401527553?uid=1401527553&luicode=10000011&lfid=1076031401527553","statuses_count":15425,"verified":true,"verified_type":0,"verified_type_ext":1,"verified_reason":"\u77e5\u540d\u4e92\u8054\u7f51\u8d44\u8baf\u535a\u4e3b","close_blue_v":false,"description":"\u5fae\u535a\u672c\u5730\u8d44\u8baf\u535a\u4e3b\uff08\u521a\u679c\u5e03\u62c9\u67f4\u7ef4\u5c14\uff09","gender":"m","mbtype":12,"urank":48,"mbrank":6,"follow_me":false,"following":false,"followers_count":192533,"follow_count":277,"cover_image_phone":"https:\/\/tva1.sinaimg.cn\/crop.0.0.640.640.640\/549d0121tw1egm1kjly3jj20hs0hsq4f.jpg","avatar_hd":"https:\/\/ww2.sinaimg.cn\/orj480\/53899d01jw8fcb9qpe7vbj2050050mx8.jpg","like":false,"like_me":false,"badge":{"bind_taobao":1,"dzwbqlx_2016":1,"follow_whitelist_video":1,"hongbao_2018":1}},"retweeted_status":{"created_at":"2011-11-05","id":"3376299500720525","idstr":"3376299500720525","mid":"3376299500720525","can_edit":false,"text":"\u540c\u6837\u662f\u505a\u4f01\u4e1a\u7684\u4eba\uff0c\u540c\u6837\u6323\u4e86\u4f60\u7684\u94b1\uff0c\u6709\u7684\u4eba\u88ab\u5949\u4e3a\u7cbe\u795e\u6559\u4e3b\uff0c\u6709\u7684\u4eba\u88ab\u79f0\u4e3a\u5978\u5546\u3002<a data-url=\"http:\/\/t.cn\/SzK5K5\" target=\"_blank\" href=\"http:\/\/weibo.cn\/sinaurl\/blocked811c9b72?url=http%3A%2F%2Fwww.tudou.com%2Fprograms%2Fview%2Fx9Tm3ARo_Xk%2F&sinainternalbrowser=topnav&share_menu=1&url_type=39&object_type=video&pos=1&luicode=10000011&lfid=1076031401527553&u=http%3A%2F%2Fwww.tudou.com%2Fprograms%2Fview%2Fx9Tm3ARo_Xk%2F&ep=xw0TI31rn%252C1691941671%252Cxw0TI31rn%252C1691941671\" class=\"\"><span class=\"url-icon\"><img src=\"https:\/\/h5.sinaimg.cn\/upload\/2015\/09\/25\/3\/timeline_card_small_video_default.png\"><\/span><\/i><span class=\"surl-text\">\u53f2\u8482\u592b\u00b7\u4e54\u5e03\u65af\uff1a\u6539\u53d8\u4e16\u754c\u7684\u529b\u91cf<\/a> \u200b\u200b\u200b","source":"iPad\u5ba2\u6237\u7aef","favorited":false,"is_paid":false,"mblog_vip_type":0,"user":{"id":1691941671,"screen_name":"\u6c88\u7ee7\u4e1a","profile_image_url":"https:\/\/tva3.sinaimg.cn\/crop.0.0.180.180.180\/64d8fb27jw1e8qgp5bmzyj2050050aa8.jpg","profile_url":"https:\/\/m.weibo.cn\/u\/1691941671?uid=1691941671&luicode=10000011&lfid=1076031401527553","statuses_count":910,"verified":true,"verified_type":0,"verified_type_ext":0,"verified_reason":"\u7eff\u76df\u79d1\u6280 CEO \u6c88\u7ee7\u4e1a","close_blue_v":false,"description":"2013\u5e74 \u5317\u9a6c3:06:59\uff0c\u592a\u9a6c3:06:50\uff0c\u4e0a\u9a6c3:06:13","gender":"m","mbtype":2,"urank":27,"mbrank":4,"follow_me":false,"following":false,"followers_count":5551,"follow_count":34,"cover_image_phone":"https:\/\/tva1.sinaimg.cn\/crop.0.0.640.640.640\/549d0121tw1egm1kjly3jj20hs0hsq4f.jpg","avatar_hd":"https:\/\/ww3.sinaimg.cn\/orj480\/64d8fb27jw1e8qgp5bmzyj2050050aa8.jpg","like":false,"like_me":false,"badge":{"unread_pool":1,"unread_pool_ext":1}},"reposts_count":17,"comments_count":4,"attitudes_count":0,"pending_approval_count":0,"isLongText":false,"visible":{"type":0,"list_id":0},"more_info_type":0,"content_auth":0,"edit_config":{"edited":false},"page_info":{"page_pic":{"url":"https:\/\/vthumb.ykimg.com\/0542040857DA2C626A0A4704E0676516"},"page_url":"http:\/\/weibo.cn\/sinaurl\/blockedd67501fb?url=http%3A%2F%2Fwww.tudou.com%2Fprograms%2Fview%2Fx9Tm3ARo_Xk%2F&sinainternalbrowser=topnav&share_menu=1&url_type=39&object_type=video&pos=2&luicode=10000011&lfid=1076031401527553&u=http%3A%2F%2Fwww.tudou.com%2Fprograms%2Fview%2Fx9Tm3ARo_Xk%2F","page_title":"\u53f2\u8482\u592b\u00b7\u4e54\u5e03\u65af\uff1a\u6539\u53d8\u4e16\u754c\u7684\u529b\u91cf","content1":"\u53f2\u8482\u592b\u00b7\u4e54\u5e03\u65af\uff1a\u6539\u53d8\u4e16\u754c\u7684\u529b\u91cf","content2":"\u670910.8\u4e07\u4e2a\u5c0f\u4f19\u4f34\u6b63\u5728\u770b","type":"video","media_info":{"stream_url":""}},"bid":"xw0TI31rn"},"reposts_count":0,"comments_count":0,"attitudes_count":0,"pending_approval_count":0,"isLongText":false,"visible":{"type":0,"list_id":0},"more_info_type":0,"content_auth":0,"edit_config":{"edited":false},"mblogtype":0,"obj_ext":"","raw_text":"\u540c\u6837\u662f\u6740\u4eba\uff0c\u6709\u4eba\u88ab\u5949\u4e3a\u82f1\u96c4\uff0c\u6709\u4eba\u88ab\u79f0\u4f5c\u5c60\u592b\u3002\u4eba\u7c7b\u4f5c\u4e3a\u4e00\u79cd\u667a\u6167\u751f\u7269\uff0c\u8fd8\u5f88\u4e0d\u591f\u683c\u3002","bid":"xw1MwtFX1"},"show_type":0},{"card_type":9,"itemid":"1076031401527553_-_3376062044514407","scheme":"https:\/\/m.weibo.cn\/status\/xvUIIiWp1?mblogid=xvUIIiWp1&luicode=10000011&lfid=1076031401527553","mblog":{"created_at":"2011-11-04","id":"3376062044514407","idstr":"3376062044514407","mid":"3376062044514407","can_edit":false,"text":"\u751f\u5316\u5371\u673a\u7684\u5e55\u540e\u9ed1\u624b\u5230\u5e95\u662f\u8c01\uff1f \u200b\u200b\u200b","source":"\u5fae\u535a weibo.com","favorited":false,"thumbnail_pic":"http:\/\/ww4.sinaimg.cn\/thumbnail\/53899d01jw1dms0g9512sj.jpg","bmiddle_pic":"http:\/\/ww4.sinaimg.cn\/bmiddle\/53899d01jw1dms0g9512sj.jpg","original_pic":"http:\/\/ww4.sinaimg.cn\/large\/53899d01jw1dms0g9512sj.jpg","is_paid":false,"mblog_vip_type":0,"user":{"id":1401527553,"screen_name":"tombkeeper","profile_image_url":"https:\/\/tva2.sinaimg.cn\/crop.0.0.180.180.180\/53899d01jw8fcb9qpe7vbj2050050mx8.jpg","profile_url":"https:\/\/m.weibo.cn\/u\/1401527553?uid=1401527553&luicode=10000011&lfid=1076031401527553","statuses_count":15425,"verified":true,"verified_type":0,"verified_type_ext":1,"verified_reason":"\u77e5\u540d\u4e92\u8054\u7f51\u8d44\u8baf\u535a\u4e3b","close_blue_v":false,"description":"\u5fae\u535a\u672c\u5730\u8d44\u8baf\u535a\u4e3b\uff08\u521a\u679c\u5e03\u62c9\u67f4\u7ef4\u5c14\uff09","gender":"m","mbtype":12,"urank":48,"mbrank":6,"follow_me":false,"following":false,"followers_count":192533,"follow_count":277,"cover_image_phone":"https:\/\/tva1.sinaimg.cn\/crop.0.0.640.640.640\/549d0121tw1egm1kjly3jj20hs0hsq4f.jpg","avatar_hd":"https:\/\/ww2.sinaimg.cn\/orj480\/53899d01jw8fcb9qpe7vbj2050050mx8.jpg","like":false,"like_me":false,"badge":{"bind_taobao":1,"dzwbqlx_2016":1,"follow_whitelist_video":1,"hongbao_2018":1}},"reposts_count":9,"comments_count":3,"attitudes_count":0,"pending_approval_count":0,"isLongText":false,"visible":{"type":0,"list_id":0},"more_info_type":0,"content_auth":0,"edit_config":{"edited":false},"mblogtype":0,"bid":"xvUIIiWp1","pics":[{"pid":"53899d01jw1dms0g9512sj","url":"https:\/\/ww4.sinaimg.cn\/orj360\/53899d01jw1dms0g9512sj.jpg","size":"orj360","geo":false,"large":{"size":"large","url":"https:\/\/ww4.sinaimg.cn\/large\/53899d01jw1dms0g9512sj.jpg","geo":false}}]},"show_type":0},{"card_type":9,"itemid":"1076031401527553_-_3376061507411338","scheme":"https:\/\/m.weibo.cn\/status\/xvUHQv61I?mblogid=xvUHQv61I&luicode=10000011&lfid=1076031401527553","mblog":{"created_at":"2011-11-04","id":"3376061507411338","idstr":"3376061507411338","mid":"3376061507411338","can_edit":false,"text":"\u300a\u6c34\u6d52\u300b\u4e2d\u6b66\u5927\u90ce\u7684\u623f\u5b50\u5c31\u662f\u79df\u7684\u3002\u6b27\u9633\u4fee\u66fe\u8bf4\u81ea\u5df1\u201c\u5e87\u8eab\u65e0\u5f0a\u5e90\u201d\uff0c\u6240\u4ee5\u201c\u95f2\u574a\u50e6\u53e4\u5c4b\u201d\u3002\u50e6\uff0c\u5c31\u662f\u79df\u3002 \/\/<a href='https:\/\/m.weibo.cn\/n\/caoz'>@caoz<\/a>: \u90a3\u65f6\u6ca1\u6709\u79df\u623f\uff1f\uff01\u5510\u603b\u7684\u5386\u53f2\u77e5\u8bc6\u8ba9\u4eba\u4f69\u670d\u3002\u771f\u6562\u8bf4\u554a\uff01\/\/<a href='https:\/\/m.weibo.cn\/n\/\u6731\u5e73\u8c46'>@\u6731\u5e73\u8c46<\/a>:\u8bf7\u95ee\u5510\u603b\uff0c\u4f60\u8fd9\u662f\u53d7\u7684\u4ec0\u4e48\u6559\u80b2\uff1f\u592a\u8fc7\u5206\u4e86\u5427\u3002 <a href='https:\/\/m.weibo.cn\/n\/caoz'>@caoz<\/a> <a href='https:\/\/m.weibo.cn\/n\/\u767d\u9e26'>@\u767d\u9e26<\/a> <a href='https:\/\/m.weibo.cn\/n\/\u767e\u8001\u6c47\u4e4b\u5bb6'>@\u767e\u8001\u6c47\u4e4b\u5bb6<\/a> <a href='https:\/\/m.weibo.cn\/n\/\u5947\u827a_\u6797\u6862'>@\u5947\u827a_\u6797\u6862<\/a>","source":"\u5fae\u535a weibo.com","favorited":false,"is_paid":false,"mblog_vip_type":0,"user":{"id":1401527553,"screen_name":"tombkeeper","profile_image_url":"https:\/\/tva2.sinaimg.cn\/crop.0.0.180.180.180\/53899d01jw8fcb9qpe7vbj2050050mx8.jpg","profile_url":"https:\/\/m.weibo.cn\/u\/1401527553?uid=1401527553&luicode=10000011&lfid=1076031401527553","statuses_count":15425,"verified":true,"verified_type":0,"verified_type_ext":1,"verified_reason":"\u77e5\u540d\u4e92\u8054\u7f51\u8d44\u8baf\u535a\u4e3b","close_blue_v":false,"description":"\u5fae\u535a\u672c\u5730\u8d44\u8baf\u535a\u4e3b\uff08\u521a\u679c\u5e03\u62c9\u67f4\u7ef4\u5c14\uff09","gender":"m","mbtype":12,"urank":48,"mbrank":6,"follow_me":false,"following":false,"followers_count":192533,"follow_count":277,"cover_image_phone":"https:\/\/tva1.sinaimg.cn\/crop.0.0.640.640.640\/549d0121tw1egm1kjly3jj20hs0hsq4f.jpg","avatar_hd":"https:\/\/ww2.sinaimg.cn\/orj480\/53899d01jw8fcb9qpe7vbj2050050mx8.jpg","like":false,"like_me":false,"badge":{"bind_taobao":1,"dzwbqlx_2016":1,"follow_whitelist_video":1,"hongbao_2018":1}},"retweeted_status":{"created_at":"2011-11-04","id":"3376046947472314","idstr":"3376046947472314","mid":"3376046947472314","can_edit":false,"text":"\u4e00\u5b9a\u8981\u6709\u4e2a\u5c5e\u4e8e\u81ea\u5df1\u7684\u623f\u5b50\u662f\u5c01\u5efa\u610f\u8bc6\uff0c\u56e0\u4e3a\u8fc7\u53bb\u6709\u623f\u5c31\u884c\uff0c\u5403\u996d\u9760\u5730\u2026\u65f6\u4ee3\u4e0d\u540c\u4e86\uff0c\u90a3\u65f6\u6ca1\u6709\u79df\u623f\u554a\uff01 \u200b\u200b\u200b","source":"\u77ed\u4fe1","favorited":false,"is_paid":false,"mblog_vip_type":0,"user":{"id":1003716184,"screen_name":"\u5510\u9a8f","profile_image_url":"https:\/\/tva3.sinaimg.cn\/crop.0.0.180.180.180\/3bd37e58jw1e8qgp5bmzyj2050050aa8.jpg","profile_url":"https:\/\/m.weibo.cn\/u\/1003716184?uid=1003716184&luicode=10000011&lfid=1076031401527553","statuses_count":1801,"verified":true,"verified_type":0,"verified_type_ext":0,"verified_reason":"\u5fae\u521b\uff08\u4e2d\u56fd\uff09\u6709\u9650\u516c\u53f8\u8463\u4e8b\u957f","close_blue_v":false,"description":"\u7b2c\u4e00\u8d22\u7ecf\u300a\u89e3\u7801\u8d22\u5546\u00b7\u5510\u9a8f\u6765\u4e86\u300b \u6bcf\u5468\u4e09\u665a10\u70b9","gender":"m","mbtype":2,"urank":22,"mbrank":4,"follow_me":false,"following":false,"followers_count":5019762,"follow_count":0,"cover_image_phone":"https:\/\/tva1.sinaimg.cn\/crop.0.0.640.640.640\/549d0121tw1egm1kjly3jj20hs0hsq4f.jpg","avatar_hd":"https:\/\/ww3.sinaimg.cn\/orj480\/3bd37e58jw1e8qgp5bmzyj2050050aa8.jpg","like":false,"like_me":false,"badge":{"unread_pool":1,"unread_pool_ext":1,"follow_whitelist_video":1}},"reposts_count":479,"comments_count":516,"attitudes_count":0,"pending_approval_count":0,"isLongText":false,"visible":{"type":0,"list_id":0},"more_info_type":0,"content_auth":0,"edit_config":{"edited":false},"bid":"xvUkmvlTc"},"reposts_count":0,"comments_count":0,"attitudes_count":0,"pending_approval_count":0,"isLongText":false,"visible":{"type":0,"list_id":0},"more_info_type":0,"content_auth":0,"edit_config":{"edited":false},"mblogtype":0,"obj_ext":"","raw_text":"\u300a\u6c34\u6d52\u300b\u4e2d\u6b66\u5927\u90ce\u7684\u623f\u5b50\u5c31\u662f\u79df\u7684\u3002\u6b27\u9633\u4fee\u66fe\u8bf4\u81ea\u5df1\u201c\u5e87\u8eab\u65e0\u5f0a\u5e90\u201d\uff0c\u6240\u4ee5\u201c\u95f2\u574a\u50e6\u53e4\u5c4b\u201d\u3002\u50e6\uff0c\u5c31\u662f\u79df\u3002 \/\/@caoz: \u90a3\u65f6\u6ca1\u6709\u79df\u623f\uff1f\uff01\u5510\u603b\u7684\u5386\u53f2\u77e5\u8bc6\u8ba9\u4eba\u4f69\u670d\u3002\u771f\u6562\u8bf4\u554a\uff01\/\/@\u6731\u5e73\u8c46:\u8bf7\u95ee\u5510\u603b\uff0c\u4f60\u8fd9\u662f\u53d7\u7684\u4ec0\u4e48\u6559\u80b2\uff1f\u592a\u8fc7\u5206\u4e86\u5427\u3002 @caoz @\u767d\u9e26 @\u767e\u8001\u6c47\u4e4b\u5bb6 @\u5947\u827a_\u6797\u6862","bid":"xvUHQv61I"},"show_type":0},{"card_type":9,"itemid":"1076031401527553_-_3376023679209866","scheme":"https:\/\/m.weibo.cn\/status\/xvTIPCDUe?mblogid=xvTIPCDUe&luicode=10000011&lfid=1076031401527553","mblog":{"created_at":"2011-11-04","id":"3376023679209866","idstr":"3376023679209866","mid":"3376023679209866","can_edit":false,"text":"\u65e9\u6668\u770b\u89c1\u6709\u4eba\u8f6c\u53d1\u90a3\u59d0\u4ee8\u7684\u7167\u7247\u3002\u518d\u53bb\u627e\uff0c\u5374\u5df2\u4e0d\u89c1\u4e86\u3002\u6211\u8d5e\u6210\u5168\u4e92\u8054\u7f51\u8303\u56f4\u5220\u9664\u8fd9\u7167\u7247\u3002\u82cd\u8001\u5e08\u4e0d\u8be5\u53d7\u8fd9\u79cd\u4fae\u8fb1\u3002 \u200b\u200b\u200b","source":"\u5fae\u535a weibo.com","favorited":false,"is_paid":false,"mblog_vip_type":0,"user":{"id":1401527553,"screen_name":"tombkeeper","profile_image_url":"https:\/\/tva2.sinaimg.cn\/crop.0.0.180.180.180\/53899d01jw8fcb9qpe7vbj2050050mx8.jpg","profile_url":"https:\/\/m.weibo.cn\/u\/1401527553?uid=1401527553&luicode=10000011&lfid=1076031401527553","statuses_count":15425,"verified":true,"verified_type":0,"verified_type_ext":1,"verified_reason":"\u77e5\u540d\u4e92\u8054\u7f51\u8d44\u8baf\u535a\u4e3b","close_blue_v":false,"description":"\u5fae\u535a\u672c\u5730\u8d44\u8baf\u535a\u4e3b\uff08\u521a\u679c\u5e03\u62c9\u67f4\u7ef4\u5c14\uff09","gender":"m","mbtype":12,"urank":48,"mbrank":6,"follow_me":false,"following":false,"followers_count":192533,"follow_count":277,"cover_image_phone":"https:\/\/tva1.sinaimg.cn\/crop.0.0.640.640.640\/549d0121tw1egm1kjly3jj20hs0hsq4f.jpg","avatar_hd":"https:\/\/ww2.sinaimg.cn\/orj480\/53899d01jw8fcb9qpe7vbj2050050mx8.jpg","like":false,"like_me":false,"badge":{"bind_taobao":1,"dzwbqlx_2016":1,"follow_whitelist_video":1,"hongbao_2018":1}},"reposts_count":9,"comments_count":18,"attitudes_count":0,"pending_approval_count":0,"isLongText":false,"visible":{"type":0,"list_id":0},"more_info_type":0,"content_auth":0,"edit_config":{"edited":false},"mblogtype":0,"bid":"xvTIPCDUe"},"show_type":0}],"showAppTips":0,"scheme":"sinaweibo:\/\/cardlist?containerid=1076031401527553&extparam=&luicode=10000011&lfid=&featurecode="}}