{"ok":1,"data":{"cardlistInfo":{"containerid":"1076031401527553","v_p":42,"show_style":1,"total":15518,"page":50},"cards":[{"card_type":9,"itemid":"1076031401527553_-_3373042703287891","scheme":"https:\/\/m.weibo.cn\/status\/xuEaOdNkv?mblogid=xuEaOdNkv&luicode=10000011&lfid=1076031401527553","mblog":{"created_at":"2011-10-27","id":"3373042703287891","idstr":"3373042703287891","mid":"3373042703287891","can_edit":false,"text":"\/\/<a href='https:\/\/m.weibo.cn\/n\/vessial'>@vessial<\/a>: \u8f6c\u53d1\u5fae\u535a\u3002","source":"\u5fae\u535a weibo.com","favorited":false,"is_paid":false,"mblog_vip_type":0,"user":{"id":1401527553,"screen_name":"tombkeeper","profile_image_url":"https:\/\/tva2.sinaimg.cn\/crop.0.0.180.180.180\/53899d01jw8fcb9qpe7vbj2050050mx8.jpg","profile_url":"https:\/\/m.weibo.cn\/u\/1401527553?uid=1401527553&luicode=10000011&lfid=1076031401527553","statuses_count":15425,"verified":true,"verified_type":0,"verified_type_ext":1,"verified_reason":"\u77e5\u540d\u4e92\u8054\u7f51\u8d44\u8baf\u535a\u4e3b","close_blue_v":false,"description":"\u5fae\u535a\u672c\u5730\u8d44\u8baf\u535a\u4e3b\uff08\u521a\u679c\u5e03\u62c9\u67f4\u7ef4\u5c14\uff09","gender":"m","mbtype":12,"urank":48,"mbrank":6,"follow_me":false,"following":false,"followers_count":192533,"follow_count":277,"cover_image_phone":"https:\/\/tva1.sinaimg.cn\/crop.0.0.640.640.640\/549d0121tw1egm1kjly3jj20hs0hsq4f.jpg","avatar_hd":"https:\/\/ww2.sinaimg.cn\/orj480\/53899d01jw8fcb9qpe7vbj2050050mx8.jpg","like":false,"like_me":false,"badge":{"bind_taobao":1,"dzwbqlx_2016":1,"follow_whitelist_video":1,"hongbao_2018":1}},"retweeted_status":{"created_at":"2011-10-27","id":"3372928521740580","idstr":"3372928521740580","mid":"3372928521740580","can_edit":false,"text":"\u9999\u6e2f\u7eb3\u7a0e\u4eba\u85aa\u4ff8\u7a0e\u57fa\u672c\u514d\u7a0e\u989d(\u5168\u5e74)\u4e3a10.8\u4e07\u5143\uff0c\u5982\u679c\u662f\u5df2\u5a5a\u4eba\u58eb\uff0c\u5168\u5e74\u514d\u7a0e\u989d\u4e3a21 .6\u4e07\u5143\u3002\u6b64\u5916\uff0c\u9999\u6e2f\u7eb3\u7a0e\u4eba\u7f34\u7eb3\u85aa\u4ff8\u7a0e\u65f6\u53ef\u83b7\u6700\u591a8\u9879\u7a0e\u52a1\u51cf\u514d\u3002\u82e5\u4f60\u6709\u5b50\u5973\u9700\u8981\u629a\u517b\uff0c\u4eca\u5e74\u6bcf\u540d\u5b50\u5973\u514d\u7a0e\u989d\u4e3a6\u4e07\u5143\uff1b\u5982\u4f60\u6709\u5144\u5f1f\u59d0\u59b9\u9700\u8981\u4f9b\u517b\uff0c\u6bcf\u4f4d\u514d\u7a0e3\u4e07\u5143\u3002\u5982\u679c\u4f60\u670960\u5c81\u4ee5\u4e0a\u7684\u7236\u6bcd\u3001(\u5916)\u7956\u7236\u6bcd\u9700\u8981\u4f9b\u517b\uff0c\u6bcf\u4f4d\u514d\u7a0e3.6\u4e07\u5143\uff1b \u200b\u200b\u200b","source":"\u5fae\u535a weibo.com","favorited":false,"is_paid":false,"mblog_vip_type":0,"user":{"id":1737425044,"screen_name":"PP_r00t","profile_image_url":"https:\/\/tva2.sinaimg.cn\/crop.0.0.180.180.180\/678f0094jw1e8qgp5bmzyj2050050aa8.jpg","profile_url":"https:\/\/m.weibo.cn\/u\/1737425044?uid=1737425044&luicode=10000011&lfid=1076031401527553","statuses_count":2044,"verified":true,"verified_type":0,"verified_type_ext":0,"verified_reason":"\u7f51\u540dPP\uff0c\u77e5\u540d\u4fe1\u606f\u5b89\u5168\u4e13\u5bb6","close_blue_v":false,"description":"....","gender":"m","mbtype":0,"urank":19,"mbrank":0,"follow_me":false,"following":false,"followers_count":10234,"follow_count":303,"cover_image_phone":"https:\/\/tva1.sinaimg.cn\/crop.0.0.640.640.640\/549d0121tw1egm1kjly3jj20hs0hsq4f.jpg","avatar_hd":"https:\/\/ww2.sinaimg.cn\/orj480\/678f0094jw1e8qgp5bmzyj2050050aa8.jpg","like":false,"like_me":false,"badge":{"bind_taobao":1,"unread_pool":1,"unread_pool_ext":1}},"reposts_count":13,"comments_count":8,"attitudes_count":0,"pending_approval_count":0,"isLongText":false,"visible":{"type":0,"list_id":0},"more_info_type":0,"content_auth":0,"edit_config":{"edited":false},"bid":"xuBcE7iNS"},"reposts_count":3,"comments_count":1,"attitudes_count":0,"pending_approval_count":0,"isLongText":false,"visible":{"type":0,"list_id":0},"more_info_type":0,"content_auth":0,"edit_config":{"edited":false},"mblogtype":0,"obj_ext":"","raw_text":"\/\/@vessial: \u8f6c\u53d1\u5fae\u535a\u3002","bid":"xuEaOdNkv"},"show_type":0},{"card_type":9,"itemid":"1076031401527553_-_3372863879223352","scheme":"https:\/\/m.weibo.cn\/status\/xuzwnCHpK?mblogid=xuzwnCHpK&luicode=10000011&lfid=1076031401527553","mblog":{"created_at":"2011-10-26","id":"3372863879223352","idstr":"3372863879223352","mid":"3372863879223352","can_edit":false,"text":"\u4e0a\u6b21<a href='https:\/\/m.weibo.cn\/n\/wguo3'>@wguo3<\/a> \u63a8\u8350\u7684\u82f1\u5267\u300aStrike Back\u300b\u4e0d\u9519\uff0c\u81f3\u5c11\u662f\u4e00\u90e8\u548c\u7ecf\u5178\u7684\u300aMI5\u300b\u3001\u300a\u4e09\u4e2a\u4fa6\u63a2\u300b\u7b49\u540c\u7ea7\u522b\u7684\u5267\u2014\u2014\u5982\u679c\u4e0d\u662f\u6bd4\u8fd9\u4e9b\u66f4\u597d\u7684\u8bdd\u3002\u7528\u4e00\u53e5\u8bdd\u4ecb\u7ecd\u5c31\u662f\u82f1\u56fd\u7248\u7684\u300a\u8d8a\u72f1\u300b+\u300a24\u5c0f\u65f6\u300b+\u300aNCIS LA\u300b\u3002\u4e14\u573a\u9762\u6bd4\u4e00\u822c\u7f8e\u5267\u5b8f\u5927\u5f97\u591a\uff0c\u5feb\u8d76\u4e0a\u7535\u5f71\u4e86\uff0c\u5e94\u8be5\u82b1\u4e86\u4e0d\u5c11\u94b1\u3002 \u200b\u200b\u200b","source":"\u5fae\u535a weibo.com","favorited":false,"is_paid":false,"mblog_vip_type":0,"user":{"id":1401527553,"screen_name":"tombkeeper","profile_image_url":"https:\/\/tva2.sinaimg.cn\/crop.0.0.180.180.180\/53899d01jw8fcb9qpe7vbj2050050mx8.jpg","profile_url":"https:\/\/m.weibo.cn\/u\/1401527553?uid=1401527553&luicode=10000011&lfid=1076031401527553","statuses_count":15425,"verified":true,"verified_type":0,"verified_type_ext":1,"verified_reason":"\u77e5\u540d\u4e92\u8054\u7f51\u8d44\u8baf\u535a\u4e3b","close_blue_v":false,"description":"\u5fae\u535a\u672c\u5730\u8d44\u8baf\u535a\u4e3b\uff08\u521a\u679c\u5e03\u62c9\u67f4\u7ef4\u5c14\uff09","gender":"m","mbtype":12,"urank":48,"mbrank":6,"follow_me":false,"following":false,"followers_count":192533,"follow_count":277,"cover_image_phone":"https:\/\/tva1.sinaimg.cn\/crop.0.0.640.640.640\/549d0121tw1egm1kjly3jj20hs0hsq4f.jpg","avatar_hd":"https:\/\/ww2.sinaimg.cn\/orj480\/53899d01jw8fcb9qpe7vbj2050050mx8.jpg","like":false,"like_me":false,"badge":{"bind_taobao":1,"dzwbqlx_2016":1,"follow_whitelist_video":1,"hongbao_2018":1}},"reposts_count":7,"comments_count":2,"attitudes_count":1,"pending_approval_count":0,"isLongText":false,"visible":{"type":0,"list_id":0},"more_info_type":0,"content_auth":0,"edit_config":{"edited":false},"mblogtype":0,"bid":"xuzwnCHpK"},"show_type":0},{"card_type":9,"itemid":"1076031401527553_-_3372850885362232","scheme":"https:\/\/m.weibo.cn\/status\/xuzbqmuXC?mblogid=xuzbqmuXC&luicode=10000011&lfid=1076031401527553","mblog":{"created_at":"2011-10-26","id":"3372850885362232","idstr":"3372850885362232","mid":"3372850885362232","can_edit":false,"text":"\u4e0d\u8fc7\u90a3\u6f0f\u6d1e\u663e\u7136\u662f\u4e2a\u6bcd\u591c\u53c9\uff0c\u590d\u6742\u65e0\u6bd4\uff0c\u6700\u540e\u6211\u8fd8\u662f\u4ee3\u52b3\u4e86\u3002\u5f80\u4e24\u4e2a\u5730\u5740\u65b9\u5411\u90fd\u80fd\u8986\u76d6\uff1b\u4e0d\u4f46\u80fd\u8986\u76d6\u865a\u8868\uff0c\u8fd8\u80fd\u8986\u76d6\u51fd\u6570\u6307\u9488\u3001RWE\u5185\u5b58\uff0c\u4f46\u53c8\u90fd\u5b58\u5728\u79cd\u79cd\u9650\u5236\u3002\u5c42\u5c42SEH\u548c\u673a\u7f18\u5de7\u5408\u7684\u6d41\u7a0b\uff0c\u5e26\u6765\u8bb8\u591a\u9ebb\u70e6\uff0c\u540c\u65f6\u53c8\u53ef\u501f\u4ee5\u5b9e\u73b0\u591a\u6b21\u6267\u884c\u5c1d\u8bd5\u3002\u5386\u7ecf\u5343\u96be\u4e07\u9669\uff0c\u7ec8\u4e8e\u5b9e\u73b0\u4e86\u5229\u7528\u5404\u79cd\u5185\u90e8\u673a\u5236\uff0cASLR-DEP Free\u7684\u5229\u7528\u65b9\u6cd5\u3002 \u200b\u200b\u200b","source":"\u5fae\u535a weibo.com","favorited":false,"is_paid":false,"mblog_vip_type":0,"user":{"id":1401527553,"screen_name":"tombkeeper","profile_image_url":"https:\/\/tva2.sinaimg.cn\/crop.0.0.180.180.180\/53899d01jw8fcb9qpe7vbj2050050mx8.jpg","profile_url":"https:\/\/m.weibo.cn\/u\/1401527553?uid=1401527553&luicode=10000011&lfid=1076031401527553","statuses_count":15425,"verified":true,"verified_type":0,"verified_type_ext":1,"verified_reason":"\u77e5\u540d\u4e92\u8054\u7f51\u8d44\u8baf\u535a\u4e3b","close_blue_v":false,"description":"\u5fae\u535a\u672c\u5730\u8d44\u8baf\u535a\u4e3b\uff08\u521a\u679c\u5e03\u62c9\u67f4\u7ef4\u5c14\uff09","gender":"m","mbtype":12,"urank":48,"mbrank":6,"follow_me":false,"following":false,"followers_count":192533,"follow_count":277,"cover_image_phone":"https:\/\/tva1.sinaimg.cn\/crop.0.0.640.640.640\/549d0121tw1egm1kjly3jj20hs0hsq4f.jpg","avatar_hd":"https:\/\/ww2.sinaimg.cn\/orj480\/53899d01jw8fcb9qpe7vbj2050050mx8.jpg","like":false,"like_me":false,"badge":{"bind_taobao":1,"dzwbqlx_2016":1,"follow_whitelist_video":1,"hongbao_2018":1}},"reposts_count":0,"comments_count":5,"attitudes_count":1,"pending_approval_count":0,"isLongText":false,"visible":{"type":0,"list_id":0},"more_info_type":0,"content_auth":0,"edit_config":{"edited":false},"mblogtype":0,"bid":"xuzbqmuXC"},"show_type":0},{"card_type":9,"itemid":"1076031401527553_-_3372846305076807","scheme":"https:\/\/m.weibo.cn\/status\/xuz42liHZ?mblogid=xuz42liHZ&luicode=10000011&lfid=1076031401527553","mblog":{"created_at":"2011-10-26","id":"3372846305076807","idstr":"3372846305076807","mid":"3372846305076807","can_edit":false,"text":"\u524d\u9635\u5b50\u540c\u4e8b\u53d1\u73b0\u4e00\u4e2a\u6f0f\u6d1e\u3002\u5f53\u65f6\u8ba4\u4e3a\u53ea\u662f\u4e2aCall\u6307\u9488\u7684\uff0c\u56e0\u4e3a\u5e94\u7528\u7a0b\u5e8f\u7684\u73af\u5883\u6ca1\u6cd5\u8fdb\u884c\u7c7b\u4f3cSpray\u7684\u64cd\u4f5c\uff0cEXP\u4e0d\u662f\u5f88\u597d\u5199\u3002TT\u8ba9\u6211\u5199\u3002\u6211\u8003\u8651\u518d\u4e09\uff0c\u8fd8\u662f\u5c3d\u91cf\u5f15\u5bfc\u90a3\u540c\u4e8b\u81ea\u5df1\u5199\u3002\u56e0\u4e3a\u627e\u6f0f\u6d1e\u3001\u5199EXP\u7684\u8fc7\u7a0b\u5c31\u50cf\u8ffd\u6c42\u59d1\u5a18\u3001\u7ed3\u5a5a\u3001\u6d1e\u623f\u3002\u4eba\u5bb6\u8d39\u534a\u5929\u52b2\u597d\u4e0d\u5bb9\u6613\u5ab3\u5987\u5a36\u5230\u5bb6\uff0c\u7ed3\u679c\u6d1e\u623f\u65f6\u5019\u6362\u4eba\uff0c\u4f60\u8bf4\u4ed6\u5fc3\u91cc\u4ec0\u4e48\u6ecb\u5473\uff1f \u200b\u200b\u200b","source":"\u5fae\u535a weibo.com","favorited":false,"is_paid":false,"mblog_vip_type":0,"user":{"id":1401527553,"screen_name":"tombkeeper","profile_image_url":"https:\/\/tva2.sinaimg.cn\/crop.0.0.180.180.180\/53899d01jw8fcb9qpe7vbj2050050mx8.jpg","profile_url":"https:\/\/m.weibo.cn\/u\/1401527553?uid=1401527553&luicode=10000011&lfid=1076031401527553","statuses_count":15425,"verified":true,"verified_type":0,"verified_type_ext":1,"verified_reason":"\u77e5\u540d\u4e92\u8054\u7f51\u8d44\u8baf\u535a\u4e3b","close_blue_v":false,"description":"\u5fae\u535a\u672c\u5730\u8d44\u8baf\u535a\u4e3b\uff08\u521a\u679c\u5e03\u62c9\u67f4\u7ef4\u5c14\uff09","gender":"m","mbtype":12,"urank":48,"mbrank":6,"follow_me":false,"following":false,"followers_count":192533,"follow_count":277,"cover_image_phone":"https:\/\/tva1.sinaimg.cn\/crop.0.0.640.640.640\/549d0121tw1egm1kjly3jj20hs0hsq4f.jpg","avatar_hd":"https:\/\/ww2.sinaimg.cn\/orj480\/53899d01jw8fcb9qpe7vbj2050050mx8.jpg","like":false,"like_me":false,"badge":{"bind_taobao":1,"dzwbqlx_2016":1,"follow_whitelist_video":1,"hongbao_2018":1}},"reposts_count":5,"comments_count":5,"attitudes_count":0,"pending_approval_count":0,"isLongText":false,"visible":{"type":0,"list_id":0},"more_info_type":0,"content_auth":0,"edit_config":{"edited":false},"mblogtype":0,"bid":"xuz42liHZ"},"show_type":0},{"card_type":9,"itemid":"1076031401527553_-_3372843125479013","scheme":"https:\/\/m.weibo.cn\/status\/xuyYUmZlb?mblogid=xuyYUmZlb&luicode=10000011&lfid=1076031401527553","mblog":{"created_at":"2011-10-26","id":"3372843125479013","idstr":"3372843125479013","mid":"3372843125479013","can_edit":false,"text":"\u521a\u624d\u5728\u5916\u4ea4\u90e8\u7f51\u7ad9\u770b\u5230\u63d0\u793a\uff0c\u8ba9\u4e2d\u56fd\u516c\u6c11\u8fd1\u671f\u4e0d\u8981\u53bb\u66fc\u8c37\u3002\u636e\u8bf4\u66fc\u8c37\u53ef\u80fd\u5f97\u6df9\u6389\u4e00\u534a\u3002 \u200b\u200b\u200b","source":"\u5fae\u535a weibo.com","favorited":false,"is_paid":false,"mblog_vip_type":0,"user":{"id":1401527553,"screen_name":"tombkeeper","profile_image_url":"https:\/\/tva2.sinaimg.cn\/crop.0.0.180.180.180\/53899d01jw8fcb9qpe7vbj2050050mx8.jpg","profile_url":"https:\/\/m.weibo.cn\/u\/1401527553?uid=1401527553&luicode=10000011&lfid=1076031401527553","statuses_count":15425,"verified":true,"verified_type":0,"verified_type_ext":1,"verified_reason":"\u77e5\u540d\u4e92\u8054\u7f51\u8d44\u8baf\u535a\u4e3b","close_blue_v":false,"description":"\u5fae\u535a\u672c\u5730\u8d44\u8baf\u535a\u4e3b\uff08\u521a\u679c\u5e03\u62c9\u67f4\u7ef4\u5c14\uff09","gender":"m","mbtype":12,"urank":48,"mbrank":6,"follow_me":false,"following":false,"followers_count":192533,"follow_count":277,"cover_image_phone":"https:\/\/tva1.sinaimg.cn\/crop.0.0.640.640.640\/549d0121tw1egm1kjly3jj20hs0hsq4f.jpg","avatar_hd":"https:\/\/ww2.sinaimg.cn\/orj480\/53899d01jw8fcb9qpe7vbj2050050mx8.jpg","like":false,"like_me":false,"badge":{"bind_taobao":1,"dzwbqlx_2016":1,"follow_whitelist_video":1,"hongbao_2018":1}},"reposts_count":6,"comments_count":1,"attitudes_count":0,"pending_approval_count":0,"isLongText":false,"visible":{"type":0,"list_id":0},"more_info_type":0,"content_auth":0,"edit_config":{"edited":false},"mblogtype":0,"bid":"xuyYUmZlb"},"show_type":0},{"card_type":9,"itemid":"1076031401527553_-_3372842698018712","scheme":"https:\/\/m.weibo.cn\/status\/xuyYdxE24?mblogid=xuyYdxE24&luicode=10000011&lfid=1076031401527553","mblog":{"created_at":"2011-10-26","id":"3372842698018712","idstr":"3372842698018712","mid":"3372842698018712","can_edit":false,"text":"\u8f6c\u53d1\u5fae\u535a","source":"\u5fae\u535a weibo.com","favorited":false,"is_paid":false,"mblog_vip_type":0,"user":{"id":1401527553,"screen_name":"tombkeeper","profile_image_url":"https:\/\/tva2.sinaimg.cn\/crop.0.0.180.180.180\/53899d01jw8fcb9qpe7vbj2050050mx8.jpg","profile_url":"https:\/\/m.weibo.cn\/u\/1401527553?uid=1401527553&luicode=10000011&lfid=1076031401527553","statuses_count":15425,"verified":true,"verified_type":0,"verified_type_ext":1,"verified_reason":"\u77e5\u540d\u4e92\u8054\u7f51\u8d44\u8baf\u535a\u4e3b","close_blue_v":false,"description":"\u5fae\u535a\u672c\u5730\u8d44\u8baf\u535a\u4e3b\uff08\u521a\u679c\u5e03\u62c9\u67f4\u7ef4\u5c14\uff09","gender":"m","mbtype":12,"urank":48,"mbrank":6,"follow_me":false,"following":false,"followers_count":192533,"follow_count":277,"cover_image_phone":"https:\/\/tva1.sinaimg.cn\/crop.0.0.640.640.640\/549d0121tw1egm1kjly3jj20hs0hsq4f.jpg","avatar_hd":"https:\/\/ww2.sinaimg.cn\/orj480\/53899d01jw8fcb9qpe7vbj2050050mx8.jpg","like":false,"like_me":false,"badge":{"bind_taobao":1,"dzwbqlx_2016":1,"follow_whitelist_video":1,"hongbao_2018":1}},"retweeted_status":{"created_at":"2011-10-26","id":"3372830697836098","idstr":"3372830697836098","mid":"3372830697836098","can_edit":false,"text":"\u6700\u8fd1\u7814\u7a76\u4e86\u9999\u6e2f18\u5bb6\u4fdd\u9669\u516c\u53f8\u7684\u4f4f\u9662\u533b\u7597\u5546\u4e1a\u4fdd\u9669\u4ee5\u53ca\u76f8\u5173\u4ea7\u54c1\uff0c\u611f\u53f9\u9999\u6e2f\u4fdd\u9669VS\u5185\u5730\u4fdd\u9669\u7684\u7edd\u5bf9\u4f18\u52bf\u3002\u4f60\u6709\u6ca1\u6709\u60f3\u8fc7\u6bcf\u5e74\u4ea42500\u5de6\u53f3\u7684\u4eba\u6c11\u5e01\uff0c\u7136\u540e\u75c5\u4e86\u968f\u65f6\u53ef\u4ee5\u53bb\u4f4f\u79c1\u7acb\u533b\u9662\u53cc\u4eba\u75c5\u623f\uff0c\u624b\u672f\u8d39\u3001\u6cbb\u7597\u8d39\u3001\u836f\u8d39\u3001\u9910\u8d39\u6b63\u5e38\u60c5\u51b5\u4e0b\u5168\u966a\uff0c\u5bb6\u5c5e\u966a\u5e8a\u4e5f\u5168\u966a\uff0c\u8fd8\u6bcf\u5929\u53d1\u4f60300\u6e2f\u5e01\u7684\u73b0\u91d1\u3002\u7136\u540e\u8fd8\u6709N\u591a\u7684\u5176\u4ed6\u670d\u52a1\u548c\u8d54\u507f\u3002 \u200b\u200b\u200b","source":"\u5fae\u535a weibo.com","favorited":false,"is_paid":false,"mblog_vip_type":0,"user":{"id":1737425044,"screen_name":"PP_r00t","profile_image_url":"https:\/\/tva2.sinaimg.cn\/crop.0.0.180.180.180\/678f0094jw1e8qgp5bmzyj2050050aa8.jpg","profile_url":"https:\/\/m.weibo.cn\/u\/1737425044?uid=1737425044&luicode=10000011&lfid=1076031401527553","statuses_count":2044,"verified":true,"verified_type":0,"verified_type_ext":0,"verified_reason":"\u7f51\u540dPP\uff0c\u77e5\u540d\u4fe1\u606f\u5b89\u5168\u4e13\u5bb6","close_blue_v":false,"description":"....","gender":"m","mbtype":0,"urank":19,"mbrank":0,"follow_me":false,"following":false,"followers_count":10234,"follow_count":303,"cover_image_phone":"https:\/\/tva1.sinaimg.cn\/crop.0.0.640.640.640\/549d0121tw1egm1kjly3jj20hs0hsq4f.jpg","avatar_hd":"https:\/\/ww2.sinaimg.cn\/orj480\/678f0094jw1e8qgp5bmzyj2050050aa8.jpg","like":false,"like_me":false,"badge":{"bind_taobao":1,"unread_pool":1,"unread_pool_ext":1}},"reposts_count":13,"comments_count":8,"attitudes_count":0,"pending_approval_count":0,"isLongText":false,"visible":{"type":0,"list_id":0},"more_info_type":0,"content_auth":0,"edit_config":{"edited":false},"bid":"xuyERwSwG"},"reposts_count":2,"comments_count":3,"attitudes_count":0,"pending_approval_count":0,"isLongText":false,"visible":{"type":0,"list_id":0},"more_info_type":0,"content_auth":0,"edit_config":{"edited":false},"mblogtype":0,"obj_ext":"","raw_text":"\u8f6c\u53d1\u5fae\u535a","bid":"xuyYdxE24"},"show_type":0},{"card_type":9,"itemid":"1076031401527553_-_3372768685119158","scheme":"https:\/\/m.weibo.cn\/status\/xux2QltJ4?mblogid=xux2QltJ4&luicode=10000011&lfid=1076031401527553","mblog":{"created_at":"2011-10-26","id":"3372768685119158","idstr":"3372768685119158","mid":"3372768685119158","can_edit":false,"text":"\u636e\u8bf4\u770b\u53cc\u80a9\u5305\u662f\u80cc\u5728\u80f8\u53e3\u8fd8\u662f\u80cc\u540e\u5c31\u53ef\u4ee5\u4ece\u832b\u832b\u4eba\u6d77\u4e2d\u5206\u8fa8\u51fa\u5e7f\u5dde\u4eba\u3002 \/\/<a href='https:\/\/m.weibo.cn\/n\/wollf'>@wollf<\/a>: \u5982\u679c\u4e0d\u662f\u532a\u7a9d\uff0c\u600e\u4f1a\u9700\u8981\u62ff\u68d2\u5b50\u7684\u4fdd\u5b89\uff1f<span class=\"url-icon\"><img src=\"\/\/h5.sinaimg.cn\/m\/emoticon\/icon\/default\/d_touxiao-3458a765a2.png\" style=\"width:1em;height:1em;\" alt=\"[\u5077\u7b11]\"><\/span> \/\/<a href='https:\/\/m.weibo.cn\/n\/Mister\u8bfa\u8bfa'>@Mister\u8bfa\u8bfa<\/a>\uff1a\u5e7f\u5dde\u4e00\u76f4\u5728\u5317\u65b9\u4eba\u6c11\u5fc3\u4e2d\u7684\u5370\u8c61\u5c31\u662f\u4e2a\u532a\u7a9d...\u4e0d\u6b62\u4e00\u6b21\u6709\u540c\u4e8b\u6216\u8005\u670b\u53cb\u8ddf\u6211\u8bf4\u8fc7\u3002\u5c3d\u7ba1\u6211\u89e3\u91ca\uff0c\u5982\u4eca\u6bcf\u4e2a\u516c\u4ea4\u8f66\u7ad9\u90fd\u4f1a\u6709\u4e2a\u62ff\u68d2\u5b50\u7684\u4fdd\u5b89...","source":"\u5fae\u535a weibo.com","favorited":false,"is_paid":false,"mblog_vip_type":0,"user":{"id":1401527553,"screen_name":"tombkeeper","profile_image_url":"https:\/\/tva2.sinaimg.cn\/crop.0.0.180.180.180\/53899d01jw8fcb9qpe7vbj2050050mx8.jpg","profile_url":"https:\/\/m.weibo.cn\/u\/1401527553?uid=1401527553&luicode=10000011&lfid=1076031401527553","statuses_count":15425,"verified":true,"verified_type":0,"verified_type_ext":1,"verified_reason":"\u77e5\u540d\u4e92\u8054\u7f51\u8d44\u8baf\u535a\u4e3b","close_blue_v":false,"description":"\u5fae\u535a\u672c\u5730\u8d44\u8baf\u535a\u4e3b\uff08\u521a\u679c\u5e03\u62c9\u67f4\u7ef4\u5c14\uff09","gender":"m","mbtype":12,"urank":48,"mbrank":6,"follow_me":false,"following":false,"followers_count":192533,"follow_count":277,"cover_image_phone":"https:\/\/tva1.sinaimg.cn\/crop.0.0.640.640.640\/549d0121tw1egm1kjly3jj20hs0hsq4f.jpg","avatar_hd":"https:\/\/ww2.sinaimg.cn\/orj480\/53899d01jw8fcb9qpe7vbj2050050mx8.jpg","like":false,"like_me":false,"badge":{"bind_taobao":1,"dzwbqlx_2016":1,"follow_whitelist_video":1,"hongbao_2018":1}},"retweeted_status":{"created_at":"2011-10-25","id":"3372454735397125","idstr":"3372454735397125","mid":"3372454735397125","can_edit":false,"text":"\u5e7f\u5dde\u4eba\u6c11\u7d20\u8d28\u9ad8\uff0c\u4e0b\u73ed\u65f6\u95f4\u516c\u4ea4\u8f66\u7ad9\u81ea\u89c9\u6392\u961f\u8fd1\u4e94\u5341\u7c73\uff0c\u4e95\u7136\u6709\u5e8f\u3002 \u200b\u200b\u200b","source":"Android\u5ba2\u6237\u7aef","favorited":false,"is_paid":false,"mblog_vip_type":0,"user":{"id":1873839387,"screen_name":"\u660e\u671d\u4e07\u8fbe\u738b\u5fd7\u6d77","profile_image_url":"https:\/\/tva3.sinaimg.cn\/crop.0.0.180.180.180\/6fb0851bjw1e8qgp5bmzyj2050050aa8.jpg","profile_url":"https:\/\/m.weibo.cn\/u\/1873839387?uid=1873839387&luicode=10000011&lfid=1076031401527553","statuses_count":8218,"verified":true,"verified_type":0,"verified_type_ext":0,"verified_reason":"\u5317\u4eac\u660e\u671d\u4e07\u8fbe\u79d1\u6280\u80a1\u4efd\u6709\u9650\u516c\u53f8\u8463\u4e8b\u957f","close_blue_v":false,"description":"\u4e13\u6ce8\u4e8e\u5bc6\u7801\u5b66\u5e94\u7528\u53ca\u6570\u636e\u5b89\u5168\u9886\u57df\uff0c\u81f4\u529b\u62d3\u5c55\u5bc6\u7801\u5b66\u6280\u672f\u5728\u8ba1\u7b97\u673a\u3001\u79fb\u52a8\u4fe1\u606f\u5316\u3001\u4e91\u8ba1\u7b97\u548c\u5404\u79cd\u4e1a\u52a1\u7cfb\u7edf\u4e2d\u7684\u6570\u636e\u5b89\u5168\u5e94\u7528\u3002","gender":"m","mbtype":13,"urank":40,"mbrank":6,"follow_me":false,"following":false,"followers_count":5589,"follow_count":618,"cover_image_phone":"https:\/\/tva1.sinaimg.cn\/crop.0.0.640.640.640\/549d0121tw1egm1kjly3jj20hs0hsq4f.jpg","avatar_hd":"https:\/\/ww3.sinaimg.cn\/orj480\/6fb0851bjw1e8qgp5bmzyj2050050aa8.jpg","like":false,"like_me":false,"badge":{"unread_pool":1,"unread_pool_ext":1}},"reposts_count":7,"comments_count":8,"attitudes_count":0,"pending_approval_count":0,"isLongText":false,"visible":{"type":0,"list_id":0},"more_info_type":0,"content_auth":0,"edit_config":{"edited":false},"bid":"xuoStmE2p"},"reposts_count":0,"comments_count":0,"attitudes_count":0,"pending_approval_count":0,"isLongText":false,"visible":{"type":0,"list_id":0},"more_info_type":0,"content_auth":0,"edit_config":{"edited":false},"mblogtype":0,"obj_ext":"","raw_text":"\u636e\u8bf4\u770b\u53cc\u80a9\u5305\u662f\u80cc\u5728\u80f8\u53e3\u8fd8\u662f\u80cc\u540e\u5c31\u53ef\u4ee5\u4ece\u832b\u832b\u4eba\u6d77\u4e2d\u5206\u8fa8\u51fa\u5e7f\u5dde\u4eba\u3002 \/\/@wollf: \u5982\u679c\u4e0d\u662f\u532a\u7a9d\uff0c\u600e\u4f1a\u9700\u8981\u62ff\u68d2\u5b50\u7684\u4fdd\u5b89\uff1f[\u5077\u7b11] \/\/@Mister\u8bfa\u8bfa\uff1a\u5e7f\u5dde\u4e00\u76f4\u5728\u5317\u65b9\u4eba\u6c11\u5fc3\u4e2d\u7684\u5370\u8c61\u5c31\u662f\u4e2a\u532a\u7a9d...\u4e0d\u6b62\u4e00\u6b21\u6709\u540c\u4e8b\u6216\u8005\u670b\u53cb\u8ddf\u6211\u8bf4\u8fc7\u3002\u5c3d\u7ba1\u6211\u89e3\u91ca\uff0c\u5982\u4eca\u6bcf\u4e2a\u516c\u4ea4\u8f66\u7ad9\u90fd\u4f1a\u6709\u4e2a\u62ff\u68d2\u5b50\u7684\u4fdd\u5b89...","bid":"xux2QltJ4"},"show_type":0},{"card_type":9,"itemid":"1076031401527553_-_3372711265182310","scheme":"https:\/\/m.weibo.cn\/status\/xuvyelK9E?mblogid=xuvyelK9E&luicode=10000011&lfid=1076031401527553","mblog":{"created_at":"2011-10-26","id":"3372711265182310","idstr":"3372711265182310","mid":"3372711265182310","can_edit":false,"text":"\u5206\u4eab\u56fe\u7247 \u200b\u200b\u200b","source":"\u5fae\u535a weibo.com","favorited":false,"thumbnail_pic":"http:\/\/ww1.sinaimg.cn\/thumbnail\/53899d01gw1dmhbnbu5tjj.jpg","bmiddle_pic":"http:\/\/ww1.sinaimg.cn\/bmiddle\/53899d01gw1dmhbnbu5tjj.jpg","original_pic":"http:\/\/ww1.sinaimg.cn\/large\/53899d01gw1dmhbnbu5tjj.jpg","is_paid":false,"mblog_vip_type":0,"user":{"id":1401527553,"screen_name":"tombkeeper","profile_image_url":"https:\/\/tva2.sinaimg.cn\/crop.0.0.180.180.180\/53899d01jw8fcb9qpe7vbj2050050mx8.jpg","profile_url":"https:\/\/m.weibo.cn\/u\/1401527553?uid=1401527553&luicode=10000011&lfid=1076031401527553","statuses_count":15425,"verified":true,"verified_type":0,"verified_type_ext":1,"verified_reason":"\u77e5\u540d\u4e92\u8054\u7f51\u8d44\u8baf\u535a\u4e3b","close_blue_v":false,"description":"\u5fae\u535a\u672c\u5730\u8d44\u8baf\u535a\u4e3b\uff08\u521a\u679c\u5e03\u62c9\u67f4\u7ef4\u5c14\uff09","gender":"m","mbtype":12,"urank":48,"mbrank":6,"follow_me":false,"following":false,"followers_count":192533,"follow_count":277,"cover_image_phone":"https:\/\/tva1.sinaimg.cn\/crop.0.0.640.640.640\/549d0121tw1egm1kjly3jj20hs0hsq4f.jpg","avatar_hd":"https:\/\/ww2.sinaimg.cn\/orj480\/53899d01jw8fcb9qpe7vbj2050050mx8.jpg","like":false,"like_me":false,"badge":{"bind_taobao":1,"dzwbqlx_2016":1,"follow_whitelist_video":1,"hongbao_2018":1}},"reposts_count":20,"comments_count":11,"attitudes_count":0,"pending_approval_count":0,"isLongText":false,"visible":{"type":0,"list_id":0},"more_info_type":0,"content_auth":0,"edit_config":{"edited":false},"mblogtype":0,"bid":"xuvyelK9E","pics":[{"pid":"53899d01gw1dmhbnbu5tjj","url":"https:\/\/ww1.sinaimg.cn\/orj360\/53899d01gw1dmhbnbu5tjj.jpg","size":"orj360","geo":false,"large":{"size":"large","url":"https:\/\/ww1.sinaimg.cn\/large\/53899d01gw1dmhbnbu5tjj.jpg","geo":false}}]},"show_type":0},{"card_type":9,"itemid":"1076031401527553_-_3372696556001717","scheme":"https:\/\/m.weibo.cn\/status\/xuvavpbjT?mblogid=xuvavpbjT&luicode=10000011&lfid=1076031401527553","mblog":{"created_at":"2011-10-26","id":"3372696556001717","idstr":"3372696556001717","mid":"3372696556001717","can_edit":false,"text":"\u56de\u590d<a href='https:\/\/m.weibo.cn\/n\/wguo3'>@wguo3<\/a>: \u6570\u5b66\u662f\u641e\u4e0d\u8fc7\uff0c\u6240\u4ee5\u6211\u5f3a\u8c03\u5965\u6570\u3002 \/\/<a href='https:\/\/m.weibo.cn\/n\/wguo3'>@wguo3<\/a>:\u56de\u590d<a href='https:\/\/m.weibo.cn\/n\/tombkeeper'>@tombkeeper<\/a>:\u5965\u6570\u6211\u89c9\u5f97\u771f\u641e\u4e0d\u5b9a\u4fc4\u7f57\u65af","source":"\u5fae\u535a weibo.com","favorited":false,"is_paid":false,"mblog_vip_type":0,"user":{"id":1401527553,"screen_name":"tombkeeper","profile_image_url":"https:\/\/tva2.sinaimg.cn\/crop.0.0.180.180.180\/53899d01jw8fcb9qpe7vbj2050050mx8.jpg","profile_url":"https:\/\/m.weibo.cn\/u\/1401527553?uid=1401527553&luicode=10000011&lfid=1076031401527553","statuses_count":15425,"verified":true,"verified_type":0,"verified_type_ext":1,"verified_reason":"\u77e5\u540d\u4e92\u8054\u7f51\u8d44\u8baf\u535a\u4e3b","close_blue_v":false,"description":"\u5fae\u535a\u672c\u5730\u8d44\u8baf\u535a\u4e3b\uff08\u521a\u679c\u5e03\u62c9\u67f4\u7ef4\u5c14\uff09","gender":"m","mbtype":12,"urank":48,"mbrank":6,"follow_me":false,"following":false,"followers_count":192533,"follow_count":277,"cover_image_phone":"https:\/\/tva1.sinaimg.cn\/crop.0.0.640.640.640\/549d0121tw1egm1kjly3jj20hs0hsq4f.jpg","avatar_hd":"https:\/\/ww2.sinaimg.cn\/orj480\/53899d01jw8fcb9qpe7vbj2050050mx8.jpg","like":false,"like_me":false,"badge":{"bind_taobao":1,"dzwbqlx_2016":1,"follow_whitelist_video":1,"hongbao_2018":1}},"retweeted_status":{"created_at":"2011-10-26","id":"3372658437893026","idstr":"3372658437893026","mid":"3372658437893026","can_edit":false,"text":"\u4e2d\u56fd vs \u4fc4\u7f57\u65af \u6bd4\u5206\uff1a0\uff1a15 \u731c\u731c\u54ea\u4e2a\u662f15\uff1f<span class=\"url-icon\"><img src=\"\/\/h5.sinaimg.cn\/m\/emoticon\/icon\/default\/d_xixi-ce63ce2629.png\" style=\"width:1em;height:1em;\" alt=\"[\u563b\u563b]\"><\/span><span class=\"url-icon\"><img src=\"\/\/h5.sinaimg.cn\/m\/emoticon\/icon\/default\/d_haha-bdd6ceb619.png\" style=\"width:1em;height:1em;\" alt=\"[\u54c8\u54c8]\"><\/span> \u200b\u200b\u200b","source":"\u5fae\u535a weibo.com","favorited":false,"thumbnail_pic":"http:\/\/ww2.sinaimg.cn\/thumbnail\/705693d7gw1dmh5kp9rffj.jpg","bmiddle_pic":"http:\/\/ww2.sinaimg.cn\/bmiddle\/705693d7gw1dmh5kp9rffj.jpg","original_pic":"http:\/\/ww2.sinaimg.cn\/large\/705693d7gw1dmh5kp9rffj.jpg","is_paid":false,"mblog_vip_type":0,"user":{"id":1884722135,"screen_name":"NAi\u9648","profile_image_url":"https:\/\/tva4.sinaimg.cn\/crop.284.4.711.711.180\/705693d7jw8ezhupbikpmj20zk0k0wgf.jpg","profile_url":"https:\/\/m.weibo.cn\/u\/1884722135?uid=1884722135&luicode=10000011&lfid=1076031401527553","statuses_count":1209,"verified":false,"verified_type":-1,"close_blue_v":false,"description":"\u597d\u597d\u5b66\u4e60 \u5929\u5929\u5411\u4e0a","gender":"m","mbtype":0,"urank":23,"mbrank":0,"follow_me":false,"following":false,"followers_count":924,"follow_count":525,"cover_image_phone":"https:\/\/tva1.sinaimg.cn\/crop.0.0.640.640.640\/549d0121tw1egm1kjly3jj20hs0hsq4f.jpg","avatar_hd":"https:\/\/ww4.sinaimg.cn\/orj480\/705693d7jw8ezhupbikpmj20zk0k0wgf.jpg","like":false,"like_me":false,"badge":{"bind_taobao":1,"unread_pool":1,"unread_pool_ext":1}},"reposts_count":19,"comments_count":12,"attitudes_count":0,"pending_approval_count":0,"isLongText":false,"visible":{"type":0,"list_id":0},"more_info_type":0,"content_auth":0,"edit_config":{"edited":false},"bid":"xuub1x7kS","pics":[{"pid":"705693d7gw1dmh5kp9rffj","url":"https:\/\/ww2.sinaimg.cn\/orj360\/705693d7gw1dmh5kp9rffj.jpg","size":"orj360","geo":false,"large":{"size":"large","url":"https:\/\/ww2.sinaimg.cn\/large\/705693d7gw1dmh5kp9rffj.jpg","geo":false}}]},"reposts_count":0,"comments_count":2,"attitudes_count":0,"pending_approval_count":0,"isLongText":false,"visible":{"type":0,"list_id":0},"more_info_type":0,"content_auth":0,"edit_config":{"edited":false},"mblogtype":0,"obj_ext":"","raw_text":"\u56de\u590d@wguo3: \u6570\u5b66\u662f\u641e\u4e0d\u8fc7\uff0c\u6240\u4ee5\u6211\u5f3a\u8c03\u5965\u6570\u3002 \/\/@wguo3:\u56de\u590d@tombkeeper:\u5965\u6570\u6211\u89c9\u5f97\u771f\u641e\u4e0d\u5b9a\u4fc4\u7f57\u65af","bid":"xuvavpbjT"},"show_type":0}],"showAppTips":0,"scheme":"sinaweibo:\/\/cardlist?containerid=1076031401527553&extparam=&luicode=10000011&lfid=&featurecode="}}