{"ok":1,"data":{"cardlistInfo":{"containerid":"1076031401527553","v_p":42,"show_style":1,"total":15518,"page":50},"cards":[{"card_type":9,"itemid":"1076031401527553_-_3370141488996529","scheme":"https:\/\/m.weibo.cn\/status\/xtqHqBKpj?mblogid=xtqHqBKpj&luicode=10000011&lfid=1076031401527553","mblog":{"created_at":"2011-10-19","id":"3370141488996529","idstr":"3370141488996529","mid":"3370141488996529","can_edit":false,"text":"\u8f6c\u53d1\u5fae\u535a","source":"S60\u5ba2\u6237\u7aef","favorited":false,"is_paid":false,"mblog_vip_type":0,"user":{"id":1401527553,"screen_name":"tombkeeper","profile_image_url":"https:\/\/tva2.sinaimg.cn\/crop.0.0.180.180.180\/53899d01jw8fcb9qpe7vbj2050050mx8.jpg","profile_url":"https:\/\/m.weibo.cn\/u\/1401527553?uid=1401527553&luicode=10000011&lfid=1076031401527553","statuses_count":15425,"verified":true,"verified_type":0,"verified_type_ext":1,"verified_reason":"\u77e5\u540d\u4e92\u8054\u7f51\u8d44\u8baf\u535a\u4e3b","close_blue_v":false,"description":"\u5fae\u535a\u672c\u5730\u8d44\u8baf\u535a\u4e3b\uff08\u521a\u679c\u5e03\u62c9\u67f4\u7ef4\u5c14\uff09","gender":"m","mbtype":12,"urank":48,"mbrank":6,"follow_me":false,"following":false,"followers_count":192533,"follow_count":277,"cover_image_phone":"https:\/\/tva1.sinaimg.cn\/crop.0.0.640.640.640\/549d0121tw1egm1kjly3jj20hs0hsq4f.jpg","avatar_hd":"https:\/\/ww2.sinaimg.cn\/orj480\/53899d01jw8fcb9qpe7vbj2050050mx8.jpg","like":false,"like_me":false,"badge":{"bind_taobao":1,"dzwbqlx_2016":1,"follow_whitelist_video":1,"hongbao_2018":1}},"retweeted_status":{"created_at":"2011-10-19","id":"3370137353471612","idstr":"3370137353471612","mid":"3370137353471612","can_edit":false,"text":"\u5728\u6587\u8054\u548c\u4f5c\u534f\u5ea7\u8c08\u4f1a\u4e0a\uff0c\u59dc\u6606\u53c8\u6307\u51fa\uff0c\u73b0\u5728\u4e0d\u5c11\u4eba\u8ffd\u6367\u4e00\u4e9b\u4e0b\u4e09\u6ee5\u7684\u6076\u4fd7\u827a\u672f\u3002\u5f15\u6765\u7f51\u53cb\u8981\u6c42\u59dc\u6606\u660e\u8bb2\u660e\u7a76\u7adf\u54ea\u4e9b\u827a\u672f\u7b97\u201c\u4e0b\u4e09\u6ee5\u201d\u2026\u2026<a data-url=\"http:\/\/t.cn\/SvZ4nD\" target=\"_blank\" href=\"https:\/\/weibo.cn\/sinaurl\/blocked73de6f18?luicode=10000011&lfid=1076031401527553&u=http%3A%2F%2Fviewpoint.inewsweek.cn%2Fcommentary%2Fcommentary-336-p-1.html&ep=xtqALez7K%252C1444865141%252CxtqALez7K%252C1444865141\" class=\"\"><span class=\"url-icon\"><img src=\"\/\/h5.sinaimg.cn\/upload\/2015\/09\/25\/3\/timeline_card_small_web_default.png\"><\/span><\/i><span class=\"surl-text\">\u7f51\u9875\u94fe\u63a5<\/a> \u8fd9\u5219\u65b0\u95fb\u5982\u4f55\uff0c\u4e0d\u4e88\u8bc4\u4ef7\uff0c\u4f46\u914d\u7684\u56fe\u7247\u5b9e\u5728\u662f\u592a\u6b20\u4e86\u2026\u2026 \u200b\u200b\u200b","source":"\u5fae\u535a weibo.com","favorited":false,"is_paid":false,"mblog_vip_type":0,"user":{"id":1444865141,"screen_name":"\u9a6c\u4f2f\u5eb8","profile_image_url":"https:\/\/tvax2.sinaimg.cn\/crop.0.0.1242.1242.180\/561ee475ly8fhlodxi1vjj20yi0yiwh3.jpg","profile_url":"https:\/\/m.weibo.cn\/u\/1444865141?uid=1444865141&luicode=10000011&lfid=1076031401527553","statuses_count":16507,"verified":true,"verified_type":0,"verified_type_ext":1,"verified_reason":"\u4f5c\u5bb6 \u5fae\u535a\u7b7e\u7ea6\u81ea\u5a92\u4f53","close_blue_v":false,"description":"\u6734\u5b9e\u521a\u5065\uff0c\u60c5\u7eea\u591a\u53d8\uff0c\u4e8b\u5c11\u98df\u70e6\uff0c\u4f4e\u8c03\u7231\u73b0\u3002","gender":"m","mbtype":12,"urank":47,"mbrank":6,"follow_me":false,"following":false,"followers_count":3841514,"follow_count":901,"cover_image_phone":"https:\/\/tva1.sinaimg.cn\/crop.0.0.640.640.640\/549d0121tw1egm1kjly3jj20hs0hsq4f.jpg","avatar_hd":"https:\/\/wx2.sinaimg.cn\/orj480\/561ee475ly8fhlodxi1vjj20yi0yiwh3.jpg","like":false,"like_me":false,"badge":{"bind_taobao":1,"self_media":1,"dzwbqlx_2016":1,"follow_whitelist_video":1,"hongbao_2018":1}},"reposts_count":304,"comments_count":212,"attitudes_count":0,"pending_approval_count":0,"isLongText":false,"visible":{"type":0,"list_id":0},"more_info_type":0,"content_auth":0,"edit_config":{"edited":false},"bid":"xtqALez7K"},"reposts_count":0,"comments_count":1,"attitudes_count":0,"pending_approval_count":0,"isLongText":false,"visible":{"type":0,"list_id":0},"more_info_type":0,"content_auth":0,"edit_config":{"edited":false},"mblogtype":0,"obj_ext":"","raw_text":"\u8f6c\u53d1\u5fae\u535a","bid":"xtqHqBKpj"},"show_type":0},{"card_type":9,"itemid":"1076031401527553_-_3369969259727481","scheme":"https:\/\/m.weibo.cn\/status\/xtmdDEOyR?mblogid=xtmdDEOyR&luicode=10000011&lfid=1076031401527553","mblog":{"created_at":"2011-10-18","id":"3369969259727481","idstr":"3369969259727481","mid":"3369969259727481","can_edit":false,"text":"\u4e0a\u5468\u672b\u7684\u300a\u975e\u8bda\u52ff\u6270\u300b\u6709\u70b9\u610f\u601d\uff0c\u7f8e\u7c4d\u534e\u4eba VS \u534e\u7c4d\u7f8e\u4eba\u3002\u8001\u5a46\u770b\u5230\u4e2d\u95f4\uff0c\u5ffd\u7136\u8bf4\u53d1\u73b0\u4e00\u4e2a\u95ee\u9898\uff1a\u5728\u7f8e\u56fd\u957f\u5927\u7684\u8fd9\u4e9b\u7537\u5609\u5bbe\u770b\u8d77\u6765\u4e3a\u4ec0\u4e48\u663e\u5f97\u6bd4\u5b9e\u9645\u5e74\u9f84\u5e74\u8f7b\u4e0d\u5c11\uff1f\u6211\u8bf4\uff1a\u4e5f\u8bb8\u662f\u56e0\u4e3a\u4ed6\u4eec\u7684\u751f\u6d3b\u6bd4\u8f83\u7b80\u5355\uff0c\u4e0d\u7528\u4ece\u5b66\u751f\u4f1a\u5c31\u5f00\u59cb\u52fe\u5fc3\u6597\u89d2\uff0c\u4e3a\u751f\u5b58\u751f\u6d3b\u751f\u80b2\u64cd\u7684\u5fc3\u4e5f\u5c11\uff0c\u6240\u4ee5\u6bd4\u8d77\u9ec4\u571f\u5730\u4e0a\u957f\u5927\u7684\u7537\u5609\u5bbe\u5c31\u663e\u5f97Naive\u591a\u4e86\u3002 \u200b\u200b\u200b","source":"\u5fae\u535a weibo.com","favorited":false,"is_paid":false,"mblog_vip_type":0,"user":{"id":1401527553,"screen_name":"tombkeeper","profile_image_url":"https:\/\/tva2.sinaimg.cn\/crop.0.0.180.180.180\/53899d01jw8fcb9qpe7vbj2050050mx8.jpg","profile_url":"https:\/\/m.weibo.cn\/u\/1401527553?uid=1401527553&luicode=10000011&lfid=1076031401527553","statuses_count":15425,"verified":true,"verified_type":0,"verified_type_ext":1,"verified_reason":"\u77e5\u540d\u4e92\u8054\u7f51\u8d44\u8baf\u535a\u4e3b","close_blue_v":false,"description":"\u5fae\u535a\u672c\u5730\u8d44\u8baf\u535a\u4e3b\uff08\u521a\u679c\u5e03\u62c9\u67f4\u7ef4\u5c14\uff09","gender":"m","mbtype":12,"urank":48,"mbrank":6,"follow_me":false,"following":false,"followers_count":192533,"follow_count":277,"cover_image_phone":"https:\/\/tva1.sinaimg.cn\/crop.0.0.640.640.640\/549d0121tw1egm1kjly3jj20hs0hsq4f.jpg","avatar_hd":"https:\/\/ww2.sinaimg.cn\/orj480\/53899d01jw8fcb9qpe7vbj2050050mx8.jpg","like":false,"like_me":false,"badge":{"bind_taobao":1,"dzwbqlx_2016":1,"follow_whitelist_video":1,"hongbao_2018":1}},"reposts_count":8,"comments_count":4,"attitudes_count":0,"pending_approval_count":0,"isLongText":false,"visible":{"type":0,"list_id":0},"more_info_type":0,"content_auth":0,"edit_config":{"edited":false},"mblogtype":0,"bid":"xtmdDEOyR"},"show_type":0},{"card_type":9,"itemid":"1076031401527553_-_3369923520911931","scheme":"https:\/\/m.weibo.cn\/status\/xtl1S3Pez?mblogid=xtl1S3Pez&luicode=10000011&lfid=1076031401527553","mblog":{"created_at":"2011-10-18","id":"3369923520911931","idstr":"3369923520911931","mid":"3369923520911931","can_edit":false,"text":"\u8f66\u7978\u4f24\u8005\u5f88\u53ef\u80fd\u6709\u9aa8\u6298\u3002\u4e0d\u61c2\u7684\u4eba\u4e0a\u53bb\u4e00\u642c\u52a8\uff0c\u518d\u5b66\u743c\u7476\u7247\u4f7f\u52b2\u6447\u6643\u5927\u558a\u201c\u9192\u9192\u201d\uff0c\u7834\u788e\u9aa8\u7247\u5c31\u53ef\u80fd\u523a\u4f24\u795e\u7ecf\u3001\u52a8\u8109\u751a\u81f3\u810a\u9ad3\u3002\u5bf9\u610f\u5916\u4f24\u5bb3\u7684\u6551\u63f4\uff0c\u539f\u672c\u5c31\u4e0d\u662f\u666e\u901a\u4eba\u7684\u804c\u8d23\uff0c\u800c\u662f\u653f\u5e9c\u5e94\u8be5\u7ef4\u62a4\u7684\u4f53\u7cfb\u3002","source":"\u5fae\u535a weibo.com","favorited":false,"is_paid":false,"mblog_vip_type":0,"user":{"id":1401527553,"screen_name":"tombkeeper","profile_image_url":"https:\/\/tva2.sinaimg.cn\/crop.0.0.180.180.180\/53899d01jw8fcb9qpe7vbj2050050mx8.jpg","profile_url":"https:\/\/m.weibo.cn\/u\/1401527553?uid=1401527553&luicode=10000011&lfid=1076031401527553","statuses_count":15425,"verified":true,"verified_type":0,"verified_type_ext":1,"verified_reason":"\u77e5\u540d\u4e92\u8054\u7f51\u8d44\u8baf\u535a\u4e3b","close_blue_v":false,"description":"\u5fae\u535a\u672c\u5730\u8d44\u8baf\u535a\u4e3b\uff08\u521a\u679c\u5e03\u62c9\u67f4\u7ef4\u5c14\uff09","gender":"m","mbtype":12,"urank":48,"mbrank":6,"follow_me":false,"following":false,"followers_count":192533,"follow_count":277,"cover_image_phone":"https:\/\/tva1.sinaimg.cn\/crop.0.0.640.640.640\/549d0121tw1egm1kjly3jj20hs0hsq4f.jpg","avatar_hd":"https:\/\/ww2.sinaimg.cn\/orj480\/53899d01jw8fcb9qpe7vbj2050050mx8.jpg","like":false,"like_me":false,"badge":{"bind_taobao":1,"dzwbqlx_2016":1,"follow_whitelist_video":1,"hongbao_2018":1}},"retweeted_status":{"created_at":"2011-10-18","id":"3369920526471635","idstr":"3369920526471635","mid":"3369920526471635","can_edit":false,"text":"\u5982\u679c\u6709\u4eba\u88ab\u8f66\u649e\u5230\uff0c\u6709\u53ef\u80fd\u5934\u3001\u9888\u3001\u80cc\u53d7\u4f24\uff0c\u6700\u597d\u4e0d\u8981\u53bb\u79fb\u52a8\u4ed6\uff0c\u907f\u514d\u9020\u6210\u4e8c\u6b21\u4f24\u5bb3\u3002\u8bbe\u7f6e\u8def\u969c\u4fdd\u62a4\u4f24\u8005\uff0c\u7acb\u5373\u62a5\u8b66\u548c\u53eb\u6551\u62a4\u8f66\u662f\u6700\u4f73\u9009\u62e9\u3002\u5982\u679c\u4f60\u6ca1\u6709\u53d7\u8fc7\u4e13\u4e1a\u7684\u6025\u6551\u8bad\u7ec3\uff0c\u5728\u6025\u6551\u4eba\u5458\u8d76\u5230\u4e4b\u524d\uff0c\u4f60\u80fd\u91c7\u53d6\u7684\u63aa\u65bd\u5f88\u5c11\u3002\u5982\u679c\u51fa\u8840\u4e25\u91cd\uff0c\u53ef\u5c1d\u8bd5\u7528\u5e72\u51c0\u8863\u670d\u538b\u4f4f\u4f24\u53e3\u6b62\u8840\u3002\u5982\u679c\u4f24\u8005\u5feb\u4f11\u514b\u4e86\uff0c\u53ef\u7ed9\u4ed6\u76d6\u6bef\u5b50\u4fdd\u6696\u3002 \u200b\u200b\u200b","source":"\u5fae\u535a weibo.com","favorited":false,"is_paid":false,"mblog_vip_type":0,"user":{"id":1195403385,"screen_name":"\u65b9\u821f\u5b50","profile_image_url":"https:\/\/tva2.sinaimg.cn\/crop.0.0.180.180.180\/47406879jw1e8qgp5bmzyj2050050aa8.jpg","profile_url":"https:\/\/m.weibo.cn\/u\/1195403385?uid=1195403385&luicode=10000011&lfid=1076031401527553","statuses_count":11700,"verified":true,"verified_type":0,"verified_type_ext":0,"verified_reason":"\u5b66\u8005\u3001\u79d1\u666e\u4f5c\u5bb6","close_blue_v":false,"description":"\u63e1\u7d27\u6211\u7684\u624b \/ \u8ba9\u6211\u7684\u56fe\u817e\u70d9\u5728\u4f60\u7684\u624b\u4e0a \/ \u8bf7\u4f20\u9012\u8fd9\u4e00\u628a\u706b\u3000\u76f4\u5230 \/ \u767e\u5e74\u4e4b\u540e\u3000\u6211\u6240\u6709\u7edd\u671b\u7684\u5636\u53eb\u51dd\u56fa","gender":"m","mbtype":2,"urank":24,"mbrank":2,"follow_me":false,"following":false,"followers_count":4755905,"follow_count":25,"cover_image_phone":"https:\/\/tva1.sinaimg.cn\/crop.0.0.640.640.640\/549d0121tw1egm1kjly3jj20hs0hsq4f.jpg","avatar_hd":"https:\/\/ww2.sinaimg.cn\/orj480\/47406879jw1e8qgp5bmzyj2050050aa8.jpg","like":false,"like_me":false},"reposts_count":1611,"comments_count":601,"attitudes_count":0,"pending_approval_count":0,"isLongText":false,"visible":{"type":0,"list_id":0},"more_info_type":0,"content_auth":0,"edit_config":{"edited":false},"bid":"xtkX2r9zd"},"reposts_count":6,"comments_count":2,"attitudes_count":0,"pending_approval_count":0,"isLongText":false,"visible":{"type":0,"list_id":0},"more_info_type":0,"content_auth":0,"edit_config":{"edited":false},"mblogtype":0,"obj_ext":"","raw_text":"\u8f66\u7978\u4f24\u8005\u5f88\u53ef\u80fd\u6709\u9aa8\u6298\u3002\u4e0d\u61c2\u7684\u4eba\u4e0a\u53bb\u4e00\u642c\u52a8\uff0c\u518d\u5b66\u743c\u7476\u7247\u4f7f\u52b2\u6447\u6643\u5927\u558a\u201c\u9192\u9192\u201d\uff0c\u7834\u788e\u9aa8\u7247\u5c31\u53ef\u80fd\u523a\u4f24\u795e\u7ecf\u3001\u52a8\u8109\u751a\u81f3\u810a\u9ad3\u3002\u5bf9\u610f\u5916\u4f24\u5bb3\u7684\u6551\u63f4\uff0c\u539f\u672c\u5c31\u4e0d\u662f\u666e\u901a\u4eba\u7684\u804c\u8d23\uff0c\u800c\u662f\u653f\u5e9c\u5e94\u8be5\u7ef4\u62a4\u7684\u4f53\u7cfb\u3002","bid":"xtl1S3Pez"},"show_type":0},{"card_type":9,"itemid":"1076031401527553_-_3369903004957020","scheme":"https:\/\/m.weibo.cn\/status\/xtkuMkNxW?mblogid=xtkuMkNxW&luicode=10000011&lfid=1076031401527553","mblog":{"created_at":"2011-10-18","id":"3369903004957020","idstr":"3369903004957020","mid":"3369903004957020","can_edit":false,"text":"2005\u5e74\u95f9\u201c\u82cf\u4e39\u7ea2\u201d\u7684\u65f6\u5019\uff0c\u6211\u5c31\u5bf9<a href='https:\/\/m.weibo.cn\/n\/\u7626\u8089\u4e01'>@\u7626\u8089\u4e01<\/a> \u7b49\u4eba\u8bf4\uff1aKFC\uff0c\u751a\u81f3\u662f\u542b\u201c\u82cf\u4e39\u7ea2\u201d\u7684KFC\u53ef\u80fd\u4ecd\u7136\u662f\u6211\u4eec\u5728\u4e2d\u56fd\u80fd\u4e70\u5230\u7684\u6700\u5b89\u5168\u7684\u98df\u7269\u4e4b\u4e00\u3002\u540e\u6765\uff0c\u4e00\u7cfb\u5217\u7684\u4e8b\u60c5\u8bc1\u660e\u6211\u6ca1\u8bf4\u9519\u3002","source":"\u5fae\u535a weibo.com","favorited":false,"is_paid":false,"mblog_vip_type":0,"user":{"id":1401527553,"screen_name":"tombkeeper","profile_image_url":"https:\/\/tva2.sinaimg.cn\/crop.0.0.180.180.180\/53899d01jw8fcb9qpe7vbj2050050mx8.jpg","profile_url":"https:\/\/m.weibo.cn\/u\/1401527553?uid=1401527553&luicode=10000011&lfid=1076031401527553","statuses_count":15425,"verified":true,"verified_type":0,"verified_type_ext":1,"verified_reason":"\u77e5\u540d\u4e92\u8054\u7f51\u8d44\u8baf\u535a\u4e3b","close_blue_v":false,"description":"\u5fae\u535a\u672c\u5730\u8d44\u8baf\u535a\u4e3b\uff08\u521a\u679c\u5e03\u62c9\u67f4\u7ef4\u5c14\uff09","gender":"m","mbtype":12,"urank":48,"mbrank":6,"follow_me":false,"following":false,"followers_count":192533,"follow_count":277,"cover_image_phone":"https:\/\/tva1.sinaimg.cn\/crop.0.0.640.640.640\/549d0121tw1egm1kjly3jj20hs0hsq4f.jpg","avatar_hd":"https:\/\/ww2.sinaimg.cn\/orj480\/53899d01jw8fcb9qpe7vbj2050050mx8.jpg","like":false,"like_me":false,"badge":{"bind_taobao":1,"dzwbqlx_2016":1,"follow_whitelist_video":1,"hongbao_2018":1}},"retweeted_status":{"created_at":"2011-10-18","id":"3369900057350153","idstr":"3369900057350153","mid":"3369900057350153","can_edit":false,"text":"\u3010\u8d70\uff0c\u8ba9\u6211\u4eec\u5230\u6c83\u5c14\u739b\u8d2d\u7269\u53bb\uff01\u301110\u67089\u65e5\uff0c\u7f8e\u56fd\u8fde\u9501\u8d85\u5e02\u6c83\u5c14\u739b\u5728\u91cd\u5e86\u7684\u5206\u5e97\u62ff\u666e\u901a\u732a\u8089\u5145\u5f53\u201c\u7eff\u8272\u732a\u8089\u201d\uff0c\u91cd\u5e86\u5e02\u653f\u5e9c\u4f9d\u6cd5\u505a\u51fa\u4e86\u5bf9\u6d89\u6848\u95e8\u5e97\u6ca1\u6536\u8fdd\u6cd5\u6240\u5f97\uff0c\u5e76\u5904\u8fdd\u6cd5\u6240\u5f97\u4e94\u500d\u7f5a\u6b3e269\u4e07\u5143\uff0c\u4ece\u5f53\u65e5\u8d77\u5bf97\u5bb6\u5206\u5e97\u5b9e\u65bd15\u5929\u505c\u4e1a\u6574\u987f\u7684\u51b3\u5b9a\u3002\u4ece.. \u67e5\u770b\u8be6\u60c5:<a data-url=\"http:\/\/t.cn\/SvZDwD\" target=\"_blank\" href=\"https:\/\/weibo.cn\/sinaurl\/blockedadd645d4?luicode=10000011&lfid=1076031401527553&u=http%3A%2F%2Fwww.yadian.cc%2Fblog%2F107204%2F&ep=xtkq1uQ6R%252C1645087787%252Cxtkq1uQ6R%252C1645087787\" class=\"\"><span class=\"url-icon\"><img src=\"\/\/h5.sinaimg.cn\/upload\/2015\/09\/25\/3\/timeline_card_small_web_default.png\"><\/span><\/i><span class=\"surl-text\">\u7f51\u9875\u94fe\u63a5<\/a> \u200b\u200b\u200b","source":"\u5fae\u535a\u52a9\u7406","favorited":false,"is_paid":false,"mblog_vip_type":0,"user":{"id":1645087787,"screen_name":"\u6cd5\u5929\u4e0b","profile_image_url":"https:\/\/tva4.sinaimg.cn\/crop.0.0.180.180.180\/620e0c2bjw1e8qgp5bmzyj2050050aa8.jpg","profile_url":"https:\/\/m.weibo.cn\/u\/1645087787?uid=1645087787&luicode=10000011&lfid=1076031401527553","statuses_count":3599,"verified":true,"verified_type":2,"verified_type_ext":0,"verified_reason":"\u6cd5\u5929\u4e0b\u7f51\u7ad9\u5b98\u65b9\u5fae\u535a","close_blue_v":false,"description":"\u6cd5\u5929\u4e0b( www.fatianxia.com )\u90ae\u4ef6\u671f\u520a\u7531\u6cd5\u5929\u4e0b\u7f51\u7ad9\u4e3b\u529e\uff0c\u90ae\u4ef6\u5185\u5bb9\u5305\u62ec\u96c5\u5178\u5b66\u56ed\u7f51\u7ad9\u6bcf\u6708\u7cbe\u9009\u65e5\u5fd7\u3001\u300a\u58f0\u97f3\u6cd5\u6cbb\u5468\u520a\u300b\u7b49\u5185\u5bb9\u3002\u65e8\u5728\u4e3a\u5e7f\u5927\u6cd5\u5f8b\u4eba\u63d0\u4f9b\u56fd\u5185\u5916\u6700\u65b0\u7684\u6cd5\u6cbb\u8d44\u8baf\u3001\u601d\u60f3\u6210\u679c\u3002\u6bcf\u5468\u6700\u591a\u53d1\u9001\u4e00\u5c01\u3002 \u8ba2\u9605\u5730\u5740\uff1a  http:\/\/t.cn\/hBUQss","gender":"m","mbtype":0,"urank":14,"mbrank":0,"follow_me":false,"following":false,"followers_count":18329,"follow_count":624,"cover_image_phone":"https:\/\/tva1.sinaimg.cn\/crop.0.0.640.640.640\/549d0121tw1egm1kjly3jj20hs0hsq4f.jpg","avatar_hd":"https:\/\/ww4.sinaimg.cn\/orj480\/620e0c2bjw1e8qgp5bmzyj2050050aa8.jpg","like":false,"like_me":false},"reposts_count":22,"comments_count":5,"attitudes_count":0,"pending_approval_count":0,"isLongText":false,"visible":{"type":0,"list_id":0},"more_info_type":0,"content_auth":0,"edit_config":{"edited":false},"bid":"xtkq1uQ6R"},"reposts_count":1,"comments_count":0,"attitudes_count":0,"pending_approval_count":0,"isLongText":false,"visible":{"type":0,"list_id":0},"more_info_type":0,"content_auth":0,"edit_config":{"edited":false},"mblogtype":0,"obj_ext":"","raw_text":"2005\u5e74\u95f9\u201c\u82cf\u4e39\u7ea2\u201d\u7684\u65f6\u5019\uff0c\u6211\u5c31\u5bf9@\u7626\u8089\u4e01 \u7b49\u4eba\u8bf4\uff1aKFC\uff0c\u751a\u81f3\u662f\u542b\u201c\u82cf\u4e39\u7ea2\u201d\u7684KFC\u53ef\u80fd\u4ecd\u7136\u662f\u6211\u4eec\u5728\u4e2d\u56fd\u80fd\u4e70\u5230\u7684\u6700\u5b89\u5168\u7684\u98df\u7269\u4e4b\u4e00\u3002\u540e\u6765\uff0c\u4e00\u7cfb\u5217\u7684\u4e8b\u60c5\u8bc1\u660e\u6211\u6ca1\u8bf4\u9519\u3002","bid":"xtkuMkNxW"},"show_type":0},{"card_type":9,"itemid":"1076031401527553_-_3369843521719191","scheme":"https:\/\/m.weibo.cn\/status\/xtiWQ7deT?mblogid=xtiWQ7deT&luicode=10000011&lfid=1076031401527553","mblog":{"created_at":"2011-10-18","id":"3369843521719191","idstr":"3369843521719191","mid":"3369843521719191","can_edit":false,"text":"\u4fb5\u534e\u65e5\u519b\u5bf9\u4e2d\u56fd\u5730\u65b9\u7279\u6027\u603b\u7ed3\uff1a\u201c\u957f\u6c5f\u6d41\u57df\u4e00\u822c\u61e6\u5f31\uff0c\u79fb\u4f4f\u5357\u65b9\u8005\u591a\u8840\u6027\u8fdb\u6b65\uff0c\u800c\u5317\u65b9\u4eba\u5219\u662f\u4fdd\u5b88\u7684\u201d\u3002\u201c\uff08\u5e7f\u4e1c\uff09\u5f53\u5730\u6c49\u65cf\u4eba\u5148\u5929\u4e0e\u4e00\u822c\u4e2d\u56fd\u4eba\u4e0d\u540c\uff0c\u6bd4\u5317\u65b9\u7684\u4e2d\u56fd\u4eba\u52c7\u6562\u5bcc\u6709\u56e2\u7ed3\u529b\uff0c\u654f\u6167\u3001\u72e1\u9ee0\u987d\u56fa\uff0c\u6027\u6781\u6b8b\u5fcd\u201d\u3002\u201c\u798f\u5dde\u4eba\u4f18\u67d4\uff0c\u53a6\u95e8\u4eba\u6562\u4e3a\u2026\u2026\u95fd\u5357\u5730\u65b9\uff0c\u4eba\u4eec\u4e0d\u6015\u5a01\u80c1\uff0c\u4ee5\u5a01\u4e25\u4f7f\u5176\u5c48\u670d\u5fc5\u7136\u4f1a\u62db\u81f4\u594b\u8d77\u53cd\u6297\u201d\u3002 \u200b\u200b\u200b","source":"\u5fae\u535a weibo.com","favorited":false,"is_paid":false,"mblog_vip_type":0,"user":{"id":1401527553,"screen_name":"tombkeeper","profile_image_url":"https:\/\/tva2.sinaimg.cn\/crop.0.0.180.180.180\/53899d01jw8fcb9qpe7vbj2050050mx8.jpg","profile_url":"https:\/\/m.weibo.cn\/u\/1401527553?uid=1401527553&luicode=10000011&lfid=1076031401527553","statuses_count":15425,"verified":true,"verified_type":0,"verified_type_ext":1,"verified_reason":"\u77e5\u540d\u4e92\u8054\u7f51\u8d44\u8baf\u535a\u4e3b","close_blue_v":false,"description":"\u5fae\u535a\u672c\u5730\u8d44\u8baf\u535a\u4e3b\uff08\u521a\u679c\u5e03\u62c9\u67f4\u7ef4\u5c14\uff09","gender":"m","mbtype":12,"urank":48,"mbrank":6,"follow_me":false,"following":false,"followers_count":192533,"follow_count":277,"cover_image_phone":"https:\/\/tva1.sinaimg.cn\/crop.0.0.640.640.640\/549d0121tw1egm1kjly3jj20hs0hsq4f.jpg","avatar_hd":"https:\/\/ww2.sinaimg.cn\/orj480\/53899d01jw8fcb9qpe7vbj2050050mx8.jpg","like":false,"like_me":false,"badge":{"bind_taobao":1,"dzwbqlx_2016":1,"follow_whitelist_video":1,"hongbao_2018":1}},"reposts_count":17,"comments_count":11,"attitudes_count":1,"pending_approval_count":0,"isLongText":false,"visible":{"type":0,"list_id":0},"more_info_type":0,"content_auth":0,"edit_config":{"edited":false},"mblogtype":0,"bid":"xtiWQ7deT"},"show_type":0},{"card_type":9,"itemid":"1076031401527553_-_3369805432948152","scheme":"https:\/\/m.weibo.cn\/status\/xthXpcmWQ?mblogid=xthXpcmWQ&luicode=10000011&lfid=1076031401527553","mblog":{"created_at":"2011-10-18","id":"3369805432948152","idstr":"3369805432948152","mid":"3369805432948152","can_edit":false,"text":"\u540c\u5fd7\u4eec\uff0c\u4e0d\u582a\u8bbe\u60f3\u554a\uff01\/\/<a href='https:\/\/m.weibo.cn\/n\/\u90d1\u8d24\u5e7f'>@\u90d1\u8d24\u5e7f<\/a>\uff1a\u98a0\u5012\u9ed1\u767d\u3002","source":"\u5fae\u535a weibo.com","favorited":false,"is_paid":false,"mblog_vip_type":0,"user":{"id":1401527553,"screen_name":"tombkeeper","profile_image_url":"https:\/\/tva2.sinaimg.cn\/crop.0.0.180.180.180\/53899d01jw8fcb9qpe7vbj2050050mx8.jpg","profile_url":"https:\/\/m.weibo.cn\/u\/1401527553?uid=1401527553&luicode=10000011&lfid=1076031401527553","statuses_count":15425,"verified":true,"verified_type":0,"verified_type_ext":1,"verified_reason":"\u77e5\u540d\u4e92\u8054\u7f51\u8d44\u8baf\u535a\u4e3b","close_blue_v":false,"description":"\u5fae\u535a\u672c\u5730\u8d44\u8baf\u535a\u4e3b\uff08\u521a\u679c\u5e03\u62c9\u67f4\u7ef4\u5c14\uff09","gender":"m","mbtype":12,"urank":48,"mbrank":6,"follow_me":false,"following":false,"followers_count":192533,"follow_count":277,"cover_image_phone":"https:\/\/tva1.sinaimg.cn\/crop.0.0.640.640.640\/549d0121tw1egm1kjly3jj20hs0hsq4f.jpg","avatar_hd":"https:\/\/ww2.sinaimg.cn\/orj480\/53899d01jw8fcb9qpe7vbj2050050mx8.jpg","like":false,"like_me":false,"badge":{"bind_taobao":1,"dzwbqlx_2016":1,"follow_whitelist_video":1,"hongbao_2018":1}},"pid":3369795953738784,"retweeted_status":{"created_at":"2011-10-18","id":"3369787218946670","idstr":"3369787218946670","mid":"3369787218946670","can_edit":false,"text":"\u3010\u65b0\u6d6a\u80a1\u7968\u4f30\u8ba1\u4f1a\u8dcc\u5427...\u3011\uff1a\u5317\u4eac\u65e5\u62a5\uff1a\u201c\u5fae\u535a\u5272\u88c2\u793e\u4f1a\u73b0\u5b9e\uff0c\u6210\u4e3a\u8d1f\u9762\u60c5\u7eea\u7684\u6269\u6563\u5668\u548c\u793e\u4f1a\u77db\u76fe\u7684\u52a9\u63a8\u5668\uff0c\u4efb\u7531\u4e00\u4e9b\u4eba\u5728\u7f51\u7edc\u4e0a\u5bf9\u7ecf\u6d4e\u793e\u4f1a\u548c\u5386\u53f2\u6587\u5316\u95ee\u9898\u6df7\u6dc6\u662f\u975e\u3001\u98a0\u8986\u89e3\u6784\uff0c\u717d\u98ce\u70b9\u706b\u3001\u6270\u4e71\u89c6\u542c\uff0c\u6d88\u89e3\u793e\u4f1a\u5171\u8bc6\u7684\u5f62\u6210\uff0c\u8086\u610f\u7a81\u7834\u793e\u4f1a\u9053\u5fb7\u5e95\u7ebf\u548c\u6cd5\u5f8b\u5e95\u7ebf\uff0c\u51b2\u649e\u793e\u4f1a\u4e3b\u4e49\u6838\u5fc3\u4ef7\u503c\u89c2... ...\u6076\u52a3\u540e\u679c\u4e0d\u582a\u8bbe\u60f3\u3002\u201d \u200b\u200b\u200b","source":"\u5fae\u535a weibo.com","favorited":false,"thumbnail_pic":"http:\/\/ww1.sinaimg.cn\/thumbnail\/6c8390bdtw1dm7ztqmct1j.jpg","bmiddle_pic":"http:\/\/ww1.sinaimg.cn\/bmiddle\/6c8390bdtw1dm7ztqmct1j.jpg","original_pic":"http:\/\/ww1.sinaimg.cn\/large\/6c8390bdtw1dm7ztqmct1j.jpg","is_paid":false,"mblog_vip_type":0,"user":{"id":1820561597,"screen_name":"\u7231\u4e0a\u5979","profile_image_url":"https:\/\/tvax2.sinaimg.cn\/crop.26.20.301.301.180\/6c8390bdly8fl1o7c2bcqj209q094gop.jpg","profile_url":"https:\/\/m.weibo.cn\/u\/1820561597?uid=1820561597&luicode=10000011&lfid=1076031401527553","statuses_count":17146,"verified":true,"verified_type":2,"verified_type_ext":0,"verified_reason":"\u7231\u4e0a\u5979\u5546\u57ce","close_blue_v":false,"description":"\u3010\u7231\u4e0a\u5979\u5546\u57ce\u3011\uff1a \u4ec5\u552e\u5168\u7403Top 3 \u60c5\u8da3\u7cbe\u54c1\uff0c15\u5206\u949f\u8d77\u901f\u8fbe\uff01","gender":"f","mbtype":0,"urank":31,"mbrank":0,"follow_me":false,"following":false,"followers_count":42350,"follow_count":338,"cover_image_phone":"https:\/\/tva1.sinaimg.cn\/crop.0.0.640.640.640\/549d0121tw1egm1kjly3jj20hs0hsq4f.jpg","avatar_hd":"https:\/\/wx2.sinaimg.cn\/orj480\/6c8390bdly8fl1o7c2bcqj209q094gop.jpg","like":false,"like_me":false,"badge":{"anniversary":1,"dailv":1,"dzwbqlx_2016":1,"hongbao_2018":1}},"reposts_count":174,"comments_count":82,"attitudes_count":0,"pending_approval_count":0,"isLongText":false,"visible":{"type":0,"list_id":0},"more_info_type":0,"content_auth":0,"edit_config":{"edited":false},"bid":"xthu1Bxr8","pics":[{"pid":"6c8390bdtw1dm7ztqmct1j","url":"https:\/\/ww1.sinaimg.cn\/orj360\/6c8390bdtw1dm7ztqmct1j.jpg","size":"orj360","geo":false,"large":{"size":"large","url":"https:\/\/ww1.sinaimg.cn\/large\/6c8390bdtw1dm7ztqmct1j.jpg","geo":false}}]},"reposts_count":2,"comments_count":3,"attitudes_count":0,"pending_approval_count":0,"isLongText":false,"visible":{"type":0,"list_id":0},"more_info_type":0,"content_auth":0,"edit_config":{"edited":false},"mblogtype":0,"obj_ext":"","raw_text":"\u540c\u5fd7\u4eec\uff0c\u4e0d\u582a\u8bbe\u60f3\u554a\uff01\/\/@\u90d1\u8d24\u5e7f\uff1a\u98a0\u5012\u9ed1\u767d\u3002","bid":"xthXpcmWQ"},"show_type":0},{"card_type":9,"itemid":"1076031401527553_-_3369772784609317","scheme":"https:\/\/m.weibo.cn\/status\/xth6Kjl5P?mblogid=xth6Kjl5P&luicode=10000011&lfid=1076031401527553","mblog":{"created_at":"2011-10-18","id":"3369772784609317","idstr":"3369772784609317","mid":"3369772784609317","can_edit":false,"text":"\u6628\u5929\u5feb\u9012\u9001\u6765\u4e2a\u5305\u88f9\u3002\u62c6\u5f00\u53d1\u73b0\u662f\u4e00\u4e2a\u8c79\u7eb9\u6591\u70b9\u60c5\u8da3\u5c0f\u73a9\u610f\u3002\u6211\u5f88\u5947\u602a\uff0c\u4e8e\u662f\u4ed4\u7ec6\u770b\u4e86\u4e00\u4e0b\u5feb\u9012\u5355\uff1a\u539f\u6765\u6536\u4ef6\u4eba\u5730\u5740\u662f\u659c\u5bf9\u9762\u90a3\u680b\u697c\uff0c\u4f46\u6536\u4ef6\u4eba\u548c\u6211\u540c\u540d\u540c\u59d3\uff0c\u6240\u4ee5\u5feb\u9012\u8bef\u6295\u4e86\u3002\u6ca1\u60f3\u5230\u6211\u8fd9\u4e48\u8be1\u5f02\u7684\u540d\u5b57\u5c45\u7136\u5728\u8fd9\u4e48\u5c0f\u8303\u56f4\u7684\u533a\u57df\u5185\u8fd8\u6709\u91cd\u540d\u3002 \u200b\u200b\u200b","source":"\u5fae\u535a weibo.com","favorited":false,"is_paid":false,"mblog_vip_type":0,"user":{"id":1401527553,"screen_name":"tombkeeper","profile_image_url":"https:\/\/tva2.sinaimg.cn\/crop.0.0.180.180.180\/53899d01jw8fcb9qpe7vbj2050050mx8.jpg","profile_url":"https:\/\/m.weibo.cn\/u\/1401527553?uid=1401527553&luicode=10000011&lfid=1076031401527553","statuses_count":15425,"verified":true,"verified_type":0,"verified_type_ext":1,"verified_reason":"\u77e5\u540d\u4e92\u8054\u7f51\u8d44\u8baf\u535a\u4e3b","close_blue_v":false,"description":"\u5fae\u535a\u672c\u5730\u8d44\u8baf\u535a\u4e3b\uff08\u521a\u679c\u5e03\u62c9\u67f4\u7ef4\u5c14\uff09","gender":"m","mbtype":12,"urank":48,"mbrank":6,"follow_me":false,"following":false,"followers_count":192533,"follow_count":277,"cover_image_phone":"https:\/\/tva1.sinaimg.cn\/crop.0.0.640.640.640\/549d0121tw1egm1kjly3jj20hs0hsq4f.jpg","avatar_hd":"https:\/\/ww2.sinaimg.cn\/orj480\/53899d01jw8fcb9qpe7vbj2050050mx8.jpg","like":false,"like_me":false,"badge":{"bind_taobao":1,"dzwbqlx_2016":1,"follow_whitelist_video":1,"hongbao_2018":1}},"reposts_count":3,"comments_count":13,"attitudes_count":0,"pending_approval_count":0,"isLongText":false,"visible":{"type":0,"list_id":0},"more_info_type":0,"content_auth":0,"edit_config":{"edited":false},"mblogtype":0,"bid":"xth6Kjl5P"},"show_type":0},{"card_type":9,"itemid":"1076031401527553_-_3369543120633300","scheme":"https:\/\/m.weibo.cn\/status\/xtb8k2EKw?mblogid=xtb8k2EKw&luicode=10000011&lfid=1076031401527553","mblog":{"created_at":"2011-10-17","id":"3369543120633300","idstr":"3369543120633300","mid":"3369543120633300","can_edit":false,"text":"\u5982\u679c\u4f60\u60f3\u5728\u5fae\u535a\u4e0a\u8bb0\u5f55\u4e00\u4e9b\u53ea\u6709\u81ea\u5df1\u80fd\u770b\u89c1\uff0c\u800c\u522b\u4eba\u90fd\u770b\u4e0d\u89c1\u7684\u5185\u5bb9\u3002\u8bd5\u8bd5\u770b\u52a0\u4e0a\u8fd9\u4e2a\u795e\u5947\u7684\u6807\u7b7e\uff1a \u200b\u200b\u200b","source":"\u5fae\u535a weibo.com","favorited":false,"thumbnail_pic":"http:\/\/ww1.sinaimg.cn\/thumbnail\/53899d01gw1dm77sf52wwj.jpg","bmiddle_pic":"http:\/\/ww1.sinaimg.cn\/bmiddle\/53899d01gw1dm77sf52wwj.jpg","original_pic":"http:\/\/ww1.sinaimg.cn\/large\/53899d01gw1dm77sf52wwj.jpg","is_paid":false,"mblog_vip_type":0,"user":{"id":1401527553,"screen_name":"tombkeeper","profile_image_url":"https:\/\/tva2.sinaimg.cn\/crop.0.0.180.180.180\/53899d01jw8fcb9qpe7vbj2050050mx8.jpg","profile_url":"https:\/\/m.weibo.cn\/u\/1401527553?uid=1401527553&luicode=10000011&lfid=1076031401527553","statuses_count":15425,"verified":true,"verified_type":0,"verified_type_ext":1,"verified_reason":"\u77e5\u540d\u4e92\u8054\u7f51\u8d44\u8baf\u535a\u4e3b","close_blue_v":false,"description":"\u5fae\u535a\u672c\u5730\u8d44\u8baf\u535a\u4e3b\uff08\u521a\u679c\u5e03\u62c9\u67f4\u7ef4\u5c14\uff09","gender":"m","mbtype":12,"urank":48,"mbrank":6,"follow_me":false,"following":false,"followers_count":192533,"follow_count":277,"cover_image_phone":"https:\/\/tva1.sinaimg.cn\/crop.0.0.640.640.640\/549d0121tw1egm1kjly3jj20hs0hsq4f.jpg","avatar_hd":"https:\/\/ww2.sinaimg.cn\/orj480\/53899d01jw8fcb9qpe7vbj2050050mx8.jpg","like":false,"like_me":false,"badge":{"bind_taobao":1,"dzwbqlx_2016":1,"follow_whitelist_video":1,"hongbao_2018":1}},"reposts_count":54,"comments_count":19,"attitudes_count":0,"pending_approval_count":0,"isLongText":false,"visible":{"type":0,"list_id":0},"more_info_type":0,"content_auth":0,"edit_config":{"edited":false},"mblogtype":0,"bid":"xtb8k2EKw","pics":[{"pid":"53899d01gw1dm77sf52wwj","url":"https:\/\/ww1.sinaimg.cn\/orj360\/53899d01gw1dm77sf52wwj.jpg","size":"orj360","geo":false,"large":{"size":"large","url":"https:\/\/ww1.sinaimg.cn\/large\/53899d01gw1dm77sf52wwj.jpg","geo":false}}]},"show_type":0}],"showAppTips":0,"scheme":"sinaweibo:\/\/cardlist?containerid=1076031401527553&extparam=&luicode=10000011&lfid=&featurecode="}}