{"ok":1,"data":{"cardlistInfo":{"containerid":"1076031401527553","v_p":42,"show_style":1,"total":15518,"page":50},"cards":[{"card_type":9,"itemid":"1076031401527553_-_3369521738735451","scheme":"https:\/\/m.weibo.cn\/status\/xtazPAEun?mblogid=xtazPAEun&luicode=10000011&lfid=1076031401527553","mblog":{"created_at":"2011-10-17","id":"3369521738735451","idstr":"3369521738735451","mid":"3369521738735451","can_edit":false,"text":"<a data-url=\"http:\/\/t.cn\/asE9iH\" target=\"_blank\" href=\"https:\/\/weibo.cn\/sinaurl\/blocked6de13dd4?luicode=10000011&lfid=1076031401527553&u=http%3A%2F%2Fcn.wsj.com%2Fgb%2F20111017%2FPHO100054.asp&ep=xtazPAEun%252C1401527553%252CxtazPAEun%252C1401527553\" class=\"\"><span class=\"url-icon\"><img src=\"\/\/h5.sinaimg.cn\/upload\/2015\/09\/25\/3\/timeline_card_small_web_default.png\"><\/span><\/i><span class=\"surl-text\">\u7f51\u9875\u94fe\u63a5<\/a> \u201c\u5360\u9886\u534e\u5c14\u8857\u201d\u5728\u6574\u4e2a\u897f\u65b9\u4e16\u754c\u5f00\u59cb\u8513\u5ef6\uff0c\u5c31\u50cf\u65e9\u4e9b\u65f6\u5019\u5728\u4e2d\u4e1c\u5317\u975e\u8513\u5ef6\u7684\u201c\u963f\u62c9\u4f2f\u4e4b\u6625\u201d\u4e00\u6837\u3002\u4e0d\u540c\u7684\u662f\uff0c\u201c\u5360\u9886\u534e\u5c14\u8857\u201d\u4e0d\u4f1a\u6210\u4e3aSensitive Words\u3002 \u200b\u200b\u200b","source":"\u5fae\u535a weibo.com","favorited":false,"is_paid":false,"mblog_vip_type":0,"user":{"id":1401527553,"screen_name":"tombkeeper","profile_image_url":"https:\/\/tva2.sinaimg.cn\/crop.0.0.180.180.180\/53899d01jw8fcb9qpe7vbj2050050mx8.jpg","profile_url":"https:\/\/m.weibo.cn\/u\/1401527553?uid=1401527553&luicode=10000011&lfid=1076031401527553","statuses_count":15425,"verified":true,"verified_type":0,"verified_type_ext":1,"verified_reason":"\u77e5\u540d\u4e92\u8054\u7f51\u8d44\u8baf\u535a\u4e3b","close_blue_v":false,"description":"\u5fae\u535a\u672c\u5730\u8d44\u8baf\u535a\u4e3b\uff08\u521a\u679c\u5e03\u62c9\u67f4\u7ef4\u5c14\uff09","gender":"m","mbtype":12,"urank":48,"mbrank":6,"follow_me":false,"following":false,"followers_count":192533,"follow_count":277,"cover_image_phone":"https:\/\/tva1.sinaimg.cn\/crop.0.0.640.640.640\/549d0121tw1egm1kjly3jj20hs0hsq4f.jpg","avatar_hd":"https:\/\/ww2.sinaimg.cn\/orj480\/53899d01jw8fcb9qpe7vbj2050050mx8.jpg","like":false,"like_me":false,"badge":{"bind_taobao":1,"dzwbqlx_2016":1,"follow_whitelist_video":1,"hongbao_2018":1}},"reposts_count":2,"comments_count":2,"attitudes_count":0,"pending_approval_count":0,"isLongText":false,"visible":{"type":0,"list_id":0},"more_info_type":0,"content_auth":0,"edit_config":{"edited":false},"mblogtype":0,"bid":"xtazPAEun"},"show_type":0},{"card_type":9,"itemid":"1076031401527553_-_3369433596658462","scheme":"https:\/\/m.weibo.cn\/status\/xt8hFrWay?mblogid=xt8hFrWay&luicode=10000011&lfid=1076031401527553","mblog":{"created_at":"2011-10-17","id":"3369433596658462","idstr":"3369433596658462","mid":"3369433596658462","can_edit":false,"text":"\u4e2d\u56fd\u9664\u4e86\u5404\u79cd\u4e2d\u6210\u836f\uff0c\u5176\u4f59\u7684\uff0c99.99%\u4eff\u5236\u56fd\u5916\uff0c\u4e5f\u5c31\u662f\u8bf4\uff0c\u8be5\u67e5\u7684\uff0cFDA\u90fd\u67e5\u8fc7\u4e86\u3002\u53e6\u5916\uff0c\u6240\u8c13\u201c\u65b0\u836f\u201d\uff0c\u53c8\u6709\u76f8\u5f53\u6bd4\u4f8b\u662f\u628a\u836f\u7247\u78be\u672b\u53d8\u80f6\u56ca\u3001\u80f6\u56ca\u6ce1\u6c34\u53d8\u53e3\u670d\u6db2\u8fd9\u4e48\u53d8\u51fa\u6765\u7684\u3002\u6240\u4ee5\u4e5f\u4e0d\u7528\u592a\u62c5\u5fc3\u3002","source":"\u5fae\u535a\u684c\u9762","favorited":false,"is_paid":false,"mblog_vip_type":0,"user":{"id":1401527553,"screen_name":"tombkeeper","profile_image_url":"https:\/\/tva2.sinaimg.cn\/crop.0.0.180.180.180\/53899d01jw8fcb9qpe7vbj2050050mx8.jpg","profile_url":"https:\/\/m.weibo.cn\/u\/1401527553?uid=1401527553&luicode=10000011&lfid=1076031401527553","statuses_count":15425,"verified":true,"verified_type":0,"verified_type_ext":1,"verified_reason":"\u77e5\u540d\u4e92\u8054\u7f51\u8d44\u8baf\u535a\u4e3b","close_blue_v":false,"description":"\u5fae\u535a\u672c\u5730\u8d44\u8baf\u535a\u4e3b\uff08\u521a\u679c\u5e03\u62c9\u67f4\u7ef4\u5c14\uff09","gender":"m","mbtype":12,"urank":48,"mbrank":6,"follow_me":false,"following":false,"followers_count":192533,"follow_count":277,"cover_image_phone":"https:\/\/tva1.sinaimg.cn\/crop.0.0.640.640.640\/549d0121tw1egm1kjly3jj20hs0hsq4f.jpg","avatar_hd":"https:\/\/ww2.sinaimg.cn\/orj480\/53899d01jw8fcb9qpe7vbj2050050mx8.jpg","like":false,"like_me":false,"badge":{"bind_taobao":1,"dzwbqlx_2016":1,"follow_whitelist_video":1,"hongbao_2018":1}},"retweeted_status":{"created_at":"2011-10-17","id":"3369430774018047","idstr":"3369430774018047","mid":"3369430774018047","can_edit":false,"text":"\u4e2d\u56fd2010\u5e74\u901a\u8fc7\u65b0\u836f127\u79cd\uff0c\u6279\u51c6\u836f\u54c1\u6ce8\u518c\u7533\u8bf71000\u4ef6\u3002\uff08\u4f5c\u4e3a\u5bf9\u6bd4\uff0c\u7f8e\u56fdFDA 2010\u5e74\u5ba1\u6279\u901a\u8fc7\u65b0\u836f\u53ea\u670921\u79cd\uff0c2009\u5e7425\u79cd\uff0c2008\u5e7424\u79cd\uff0c2007\u5e7418\u79cd\uff09\u3002 \u4e2d\u56fd\u7684SFDA\u6bd4\u7f8e\u56fdFDA\u725b\u5f88\u591a\uff0c\u8981\u4e48\u662f\u5de5\u4f5c\u6548\u7387\u9ad8\uff0c\u4f60\u4fe1\u4e0d\u4fe1\uff1f \u200b\u200b\u200b","source":"\u5fae\u535a weibo.com","favorited":false,"is_paid":false,"mblog_vip_type":0,"user":{"id":1577826897,"screen_name":"Fenng","profile_image_url":"https:\/\/tva3.sinaimg.cn\/crop.0.0.750.750.180\/5e0bba51jw8eznr420aofj20ku0kudgf.jpg","profile_url":"https:\/\/m.weibo.cn\/u\/1577826897?uid=1577826897&luicode=10000011&lfid=1076031401527553","statuses_count":25422,"verified":true,"verified_type":0,"verified_type_ext":1,"verified_reason":"\u300c\u5c0f\u9053\u6d88\u606f\u300d\u51fa\u54c1\u4eba","close_blue_v":false,"description":"\u624b\u827a\u4eba\uff0c\u5199\u5b57\u513f\u7684\u3002\u505a\u8fc7\u4e0d\u4f1a\u5199\u4ee3\u7801\u7684\u6c34\u8d27 CTO\u3002\u73b0\u5728\u6b63\u5728\u521b\u4e1a\u3002","gender":"m","mbtype":12,"urank":48,"mbrank":7,"follow_me":false,"following":false,"followers_count":1825690,"follow_count":3629,"cover_image_phone":"https:\/\/tva1.sinaimg.cn\/crop.0.0.640.640.640\/9d44112bjw1f1xl1c10tuj20hs0hs0tw.jpg","avatar_hd":"https:\/\/ww3.sinaimg.cn\/orj480\/5e0bba51jw8eznr420aofj20ku0kudgf.jpg","like":false,"like_me":false,"badge":{"bind_taobao":1,"self_media":1,"dzwbqlx_2016":1,"follow_whitelist_video":1,"hongbao_2018":1,"user_name_certificate":1}},"reposts_count":34,"comments_count":19,"attitudes_count":0,"pending_approval_count":0,"isLongText":false,"visible":{"type":0,"list_id":0},"more_info_type":0,"content_auth":0,"edit_config":{"edited":false},"bid":"xt8d7gRhd"},"reposts_count":1,"comments_count":0,"attitudes_count":0,"pending_approval_count":0,"isLongText":false,"visible":{"type":0,"list_id":0},"more_info_type":0,"content_auth":0,"edit_config":{"edited":false},"mblogtype":0,"obj_ext":"","raw_text":"\u4e2d\u56fd\u9664\u4e86\u5404\u79cd\u4e2d\u6210\u836f\uff0c\u5176\u4f59\u7684\uff0c99.99%\u4eff\u5236\u56fd\u5916\uff0c\u4e5f\u5c31\u662f\u8bf4\uff0c\u8be5\u67e5\u7684\uff0cFDA\u90fd\u67e5\u8fc7\u4e86\u3002\u53e6\u5916\uff0c\u6240\u8c13\u201c\u65b0\u836f\u201d\uff0c\u53c8\u6709\u76f8\u5f53\u6bd4\u4f8b\u662f\u628a\u836f\u7247\u78be\u672b\u53d8\u80f6\u56ca\u3001\u80f6\u56ca\u6ce1\u6c34\u53d8\u53e3\u670d\u6db2\u8fd9\u4e48\u53d8\u51fa\u6765\u7684\u3002\u6240\u4ee5\u4e5f\u4e0d\u7528\u592a\u62c5\u5fc3\u3002","bid":"xt8hFrWay"},"show_type":0},{"card_type":9,"itemid":"1076031401527553_-_3369419713741746","scheme":"https:\/\/m.weibo.cn\/status\/xt7VhfHoK?mblogid=xt7VhfHoK&luicode=10000011&lfid=1076031401527553","mblog":{"created_at":"2011-10-17","id":"3369419713741746","idstr":"3369419713741746","mid":"3369419713741746","can_edit":false,"text":"\u5728\u4e2d\u56fd\uff0c\u57fa\u7763\u6559\u53ef\u4ee5\u53d8\u4f5c\u201c\u62dc\u4e0a\u5e1d\u4f1a\u201d\uff0chacker\u53ef\u4ee5\u6ecb\u751f\u51fa\u201c\u9ed1\u9614\u201d\u3002Public Intellectuals\u672c\u6765\u4e5f\u662f\u633a\u597d\u7684\u8bcd\uff0c\u53d8\u6210\u201c\u516c\u5171\u77e5\u8bc6\u5206\u5b50\u201d\u540e\uff0c\u5219\u591a\u516c\u5171\u6709\u4f59\u800c\u77e5\u8bc6\u4e0d\u8db3\uff0c\u5374\u80fd\u51ed\u6124\u800c\u7d2b\u3002\u7f8e\u5e1d\u4e00\u4efd\u6742\u5fd7\u8bc4\u8fc7\u4e24\u5c4aPublic Intellectuals TOP 100\uff0c\u4e2d\u56fd\u4eba\u6709\uff1a\u6a0a\u521a\u3001\u6c6a\u6656\u3001\u960e\u5b66\u901a\u3001\u80e1\u8212\u7acb\u3001\u90d1\u5fc5\u575a\u3001\u738b\u7f09\u601d\u3002\u90fd\u5f88\u964c\u751f\u5427\uff1f \u200b\u200b\u200b","source":"\u5fae\u535a weibo.com","favorited":false,"is_paid":false,"mblog_vip_type":0,"user":{"id":1401527553,"screen_name":"tombkeeper","profile_image_url":"https:\/\/tva2.sinaimg.cn\/crop.0.0.180.180.180\/53899d01jw8fcb9qpe7vbj2050050mx8.jpg","profile_url":"https:\/\/m.weibo.cn\/u\/1401527553?uid=1401527553&luicode=10000011&lfid=1076031401527553","statuses_count":15425,"verified":true,"verified_type":0,"verified_type_ext":1,"verified_reason":"\u77e5\u540d\u4e92\u8054\u7f51\u8d44\u8baf\u535a\u4e3b","close_blue_v":false,"description":"\u5fae\u535a\u672c\u5730\u8d44\u8baf\u535a\u4e3b\uff08\u521a\u679c\u5e03\u62c9\u67f4\u7ef4\u5c14\uff09","gender":"m","mbtype":12,"urank":48,"mbrank":6,"follow_me":false,"following":false,"followers_count":192533,"follow_count":277,"cover_image_phone":"https:\/\/tva1.sinaimg.cn\/crop.0.0.640.640.640\/549d0121tw1egm1kjly3jj20hs0hsq4f.jpg","avatar_hd":"https:\/\/ww2.sinaimg.cn\/orj480\/53899d01jw8fcb9qpe7vbj2050050mx8.jpg","like":false,"like_me":false,"badge":{"bind_taobao":1,"dzwbqlx_2016":1,"follow_whitelist_video":1,"hongbao_2018":1}},"reposts_count":3,"comments_count":6,"attitudes_count":0,"pending_approval_count":0,"isLongText":false,"visible":{"type":0,"list_id":0},"more_info_type":0,"content_auth":0,"edit_config":{"edited":false},"mblogtype":0,"bid":"xt7VhfHoK"},"show_type":0},{"card_type":9,"itemid":"1076031401527553_-_3368885904871550","scheme":"https:\/\/m.weibo.cn\/status\/xsU2ikrjo?mblogid=xsU2ikrjo&luicode=10000011&lfid=1076031401527553","mblog":{"created_at":"2011-10-15","id":"3368885904871550","idstr":"3368885904871550","mid":"3368885904871550","can_edit":false,"text":"\u6fb3\u6d32\u9ebb\u5c0f\u4e0d\u9519","source":"\u5fae\u535a weibo.com","favorited":false,"is_paid":false,"mblog_vip_type":0,"user":{"id":1401527553,"screen_name":"tombkeeper","profile_image_url":"https:\/\/tva2.sinaimg.cn\/crop.0.0.180.180.180\/53899d01jw8fcb9qpe7vbj2050050mx8.jpg","profile_url":"https:\/\/m.weibo.cn\/u\/1401527553?uid=1401527553&luicode=10000011&lfid=1076031401527553","statuses_count":15425,"verified":true,"verified_type":0,"verified_type_ext":1,"verified_reason":"\u77e5\u540d\u4e92\u8054\u7f51\u8d44\u8baf\u535a\u4e3b","close_blue_v":false,"description":"\u5fae\u535a\u672c\u5730\u8d44\u8baf\u535a\u4e3b\uff08\u521a\u679c\u5e03\u62c9\u67f4\u7ef4\u5c14\uff09","gender":"m","mbtype":12,"urank":48,"mbrank":6,"follow_me":false,"following":false,"followers_count":192533,"follow_count":277,"cover_image_phone":"https:\/\/tva1.sinaimg.cn\/crop.0.0.640.640.640\/549d0121tw1egm1kjly3jj20hs0hsq4f.jpg","avatar_hd":"https:\/\/ww2.sinaimg.cn\/orj480\/53899d01jw8fcb9qpe7vbj2050050mx8.jpg","like":false,"like_me":false,"badge":{"bind_taobao":1,"dzwbqlx_2016":1,"follow_whitelist_video":1,"hongbao_2018":1}},"retweeted_status":{"created_at":"2011-10-14","id":"3368527612560658","idstr":"3368527612560658","mid":"3368527612560658","can_edit":false,"text":"\u8fd9\u5c31\u662f\u4eca\u5929\u665a\u4e0a\u5403\u7684----\u5916\u56fd\u6742\u70e9\u83dc\uff01 \u200b\u200b\u200b","source":"iPhone\u5ba2\u6237\u7aef","favorited":false,"thumbnail_pic":"http:\/\/ww3.sinaimg.cn\/thumbnail\/6e617873jw1dm3z5w1qe7j.jpg","bmiddle_pic":"http:\/\/ww3.sinaimg.cn\/bmiddle\/6e617873jw1dm3z5w1qe7j.jpg","original_pic":"http:\/\/ww3.sinaimg.cn\/large\/6e617873jw1dm3z5w1qe7j.jpg","is_paid":false,"mblog_vip_type":0,"user":{"id":1851881587,"screen_name":"\u4e8e\u8c26","profile_image_url":"https:\/\/tva4.sinaimg.cn\/crop.0.0.180.180.180\/6e617873jw1e8qgp5bmzyj2050050aa8.jpg","profile_url":"https:\/\/m.weibo.cn\/u\/1851881587?uid=1851881587&luicode=10000011&lfid=1076031401527553","statuses_count":1485,"verified":true,"verified_type":0,"verified_type_ext":0,"verified_reason":"\u5fb7\u4e91\u793e\u6210\u5458\u4e8e\u8c26\uff0c\u90ed\u5fb7\u7eb2\u642d\u6863","close_blue_v":false,"description":"","gender":"m","mbtype":12,"urank":32,"mbrank":5,"follow_me":false,"following":false,"followers_count":5813382,"follow_count":97,"cover_image_phone":"https:\/\/tva1.sinaimg.cn\/crop.0.0.640.640.640\/549d0121tw1egm1kjly3jj20hs0hsq4f.jpg","avatar_hd":"https:\/\/ww4.sinaimg.cn\/orj480\/6e617873jw1e8qgp5bmzyj2050050aa8.jpg","like":false,"like_me":false,"badge":{"olympic_2016":1,"dzwbqlx_2016":1,"follow_whitelist_video":1,"hongbao_2018":1}},"reposts_count":599,"comments_count":1012,"attitudes_count":6,"pending_approval_count":0,"isLongText":false,"visible":{"type":0,"list_id":0},"more_info_type":0,"content_auth":0,"edit_config":{"edited":false},"bid":"xsKIpaK8W","pics":[{"pid":"6e617873jw1dm3z5w1qe7j","url":"https:\/\/ww3.sinaimg.cn\/orj360\/6e617873jw1dm3z5w1qe7j.jpg","size":"orj360","geo":false,"large":{"size":"large","url":"https:\/\/ww3.sinaimg.cn\/large\/6e617873jw1dm3z5w1qe7j.jpg","geo":false}}]},"reposts_count":0,"comments_count":0,"attitudes_count":0,"pending_approval_count":0,"isLongText":false,"visible":{"type":0,"list_id":0},"more_info_type":0,"content_auth":0,"edit_config":{"edited":false},"mblogtype":0,"obj_ext":"","raw_text":"\u6fb3\u6d32\u9ebb\u5c0f\u4e0d\u9519","bid":"xsU2ikrjo"},"show_type":0},{"card_type":9,"itemid":"1076031401527553_-_3368885694865664","scheme":"https:\/\/m.weibo.cn\/status\/xsU1XkpMs?mblogid=xsU1XkpMs&luicode=10000011&lfid=1076031401527553","mblog":{"created_at":"2011-10-15","id":"3368885694865664","idstr":"3368885694865664","mid":"3368885694865664","can_edit":false,"text":"<span class=\"url-icon\"><img src=\"\/\/h5.sinaimg.cn\/m\/emoticon\/icon\/others\/h_good-55854d01bb.png\" style=\"width:1em;height:1em;\" alt=\"[good]\"><\/span>","source":"\u5fae\u535a weibo.com","favorited":false,"is_paid":false,"mblog_vip_type":0,"user":{"id":1401527553,"screen_name":"tombkeeper","profile_image_url":"https:\/\/tva2.sinaimg.cn\/crop.0.0.180.180.180\/53899d01jw8fcb9qpe7vbj2050050mx8.jpg","profile_url":"https:\/\/m.weibo.cn\/u\/1401527553?uid=1401527553&luicode=10000011&lfid=1076031401527553","statuses_count":15425,"verified":true,"verified_type":0,"verified_type_ext":1,"verified_reason":"\u77e5\u540d\u4e92\u8054\u7f51\u8d44\u8baf\u535a\u4e3b","close_blue_v":false,"description":"\u5fae\u535a\u672c\u5730\u8d44\u8baf\u535a\u4e3b\uff08\u521a\u679c\u5e03\u62c9\u67f4\u7ef4\u5c14\uff09","gender":"m","mbtype":12,"urank":48,"mbrank":6,"follow_me":false,"following":false,"followers_count":192533,"follow_count":277,"cover_image_phone":"https:\/\/tva1.sinaimg.cn\/crop.0.0.640.640.640\/549d0121tw1egm1kjly3jj20hs0hsq4f.jpg","avatar_hd":"https:\/\/ww2.sinaimg.cn\/orj480\/53899d01jw8fcb9qpe7vbj2050050mx8.jpg","like":false,"like_me":false,"badge":{"bind_taobao":1,"dzwbqlx_2016":1,"follow_whitelist_video":1,"hongbao_2018":1}},"retweeted_status":{"created_at":"2011-10-15","id":"3368880655413135","idstr":"3368880655413135","mid":"3368880655413135","can_edit":false,"text":"\u5fb7\u4e91\u793e\u5341\u4e94\u5468\u5e74\uff0c\u6fb3\u5927\u5229\u4e9a\u58a8\u5c14\u672c\u7ad9\u6f14\u51fa\u5927\u83b7\u6210\u529f\uff01\u8fd9\u91cc\u7684\u540c\u80de\u4eec\uff0c\u4f60\u4eec\u8ba9\u8eab\u5728\u5f02\u4e61\u7684\u6211\u4eec\uff0c\u611f\u5230\u4e86\u56de\u5bb6\u822c\u7684\u70ed\u60c5\uff01----\u8c22\u8c22\uff01\u4f60\u4eec\u8f9b\u82e6\u4e86\uff01\uff08\u6211\u4eec\u8ba9\u58a8\u5c14\u672c\u5e02\u653f\u5385\u54cd\u8d77\u4e86\u7af9\u677f\u58f0\uff09 \u200b\u200b\u200b","source":"iPhone\u5ba2\u6237\u7aef","favorited":false,"thumbnail_pic":"http:\/\/ww3.sinaimg.cn\/thumbnail\/6e617873jw1dm53pkdp4dj.jpg","bmiddle_pic":"http:\/\/ww3.sinaimg.cn\/bmiddle\/6e617873jw1dm53pkdp4dj.jpg","original_pic":"http:\/\/ww3.sinaimg.cn\/large\/6e617873jw1dm53pkdp4dj.jpg","is_paid":false,"mblog_vip_type":0,"user":{"id":1851881587,"screen_name":"\u4e8e\u8c26","profile_image_url":"https:\/\/tva4.sinaimg.cn\/crop.0.0.180.180.180\/6e617873jw1e8qgp5bmzyj2050050aa8.jpg","profile_url":"https:\/\/m.weibo.cn\/u\/1851881587?uid=1851881587&luicode=10000011&lfid=1076031401527553","statuses_count":1485,"verified":true,"verified_type":0,"verified_type_ext":0,"verified_reason":"\u5fb7\u4e91\u793e\u6210\u5458\u4e8e\u8c26\uff0c\u90ed\u5fb7\u7eb2\u642d\u6863","close_blue_v":false,"description":"","gender":"m","mbtype":12,"urank":32,"mbrank":5,"follow_me":false,"following":false,"followers_count":5813382,"follow_count":97,"cover_image_phone":"https:\/\/tva1.sinaimg.cn\/crop.0.0.640.640.640\/549d0121tw1egm1kjly3jj20hs0hsq4f.jpg","avatar_hd":"https:\/\/ww4.sinaimg.cn\/orj480\/6e617873jw1e8qgp5bmzyj2050050aa8.jpg","like":false,"like_me":false,"badge":{"olympic_2016":1,"dzwbqlx_2016":1,"follow_whitelist_video":1,"hongbao_2018":1}},"reposts_count":518,"comments_count":704,"attitudes_count":15,"pending_approval_count":0,"isLongText":false,"visible":{"type":0,"list_id":0},"more_info_type":0,"content_auth":0,"edit_config":{"edited":false},"bid":"xsTTPmIcD","pics":[{"pid":"6e617873jw1dm53pkdp4dj","url":"https:\/\/ww3.sinaimg.cn\/orj360\/6e617873jw1dm53pkdp4dj.jpg","size":"orj360","geo":false,"large":{"size":"large","url":"https:\/\/ww3.sinaimg.cn\/large\/6e617873jw1dm53pkdp4dj.jpg","geo":false}}]},"reposts_count":1,"comments_count":0,"attitudes_count":0,"pending_approval_count":0,"isLongText":false,"visible":{"type":0,"list_id":0},"more_info_type":0,"content_auth":0,"edit_config":{"edited":false},"mblogtype":0,"obj_ext":"","raw_text":"[good]","bid":"xsU1XkpMs"},"show_type":0},{"card_type":9,"itemid":"1076031401527553_-_3368885657111557","scheme":"https:\/\/m.weibo.cn\/status\/xsU1TtQ2x?mblogid=xsU1TtQ2x&luicode=10000011&lfid=1076031401527553","mblog":{"created_at":"2011-10-15","id":"3368885657111557","idstr":"3368885657111557","mid":"3368885657111557","can_edit":false,"text":"\u987a\u4fbf\u4ecb\u7ecd\u4e00\u4e0b\uff1a\u8fd9\u662f\u90ed\u5fb7\u7eb2\u7684\u7ecf\u7eaa\u4eba\u3002","source":"\u5fae\u535a weibo.com","favorited":false,"is_paid":false,"mblog_vip_type":0,"user":{"id":1401527553,"screen_name":"tombkeeper","profile_image_url":"https:\/\/tva2.sinaimg.cn\/crop.0.0.180.180.180\/53899d01jw8fcb9qpe7vbj2050050mx8.jpg","profile_url":"https:\/\/m.weibo.cn\/u\/1401527553?uid=1401527553&luicode=10000011&lfid=1076031401527553","statuses_count":15425,"verified":true,"verified_type":0,"verified_type_ext":1,"verified_reason":"\u77e5\u540d\u4e92\u8054\u7f51\u8d44\u8baf\u535a\u4e3b","close_blue_v":false,"description":"\u5fae\u535a\u672c\u5730\u8d44\u8baf\u535a\u4e3b\uff08\u521a\u679c\u5e03\u62c9\u67f4\u7ef4\u5c14\uff09","gender":"m","mbtype":12,"urank":48,"mbrank":6,"follow_me":false,"following":false,"followers_count":192533,"follow_count":277,"cover_image_phone":"https:\/\/tva1.sinaimg.cn\/crop.0.0.640.640.640\/549d0121tw1egm1kjly3jj20hs0hsq4f.jpg","avatar_hd":"https:\/\/ww2.sinaimg.cn\/orj480\/53899d01jw8fcb9qpe7vbj2050050mx8.jpg","like":false,"like_me":false,"badge":{"bind_taobao":1,"dzwbqlx_2016":1,"follow_whitelist_video":1,"hongbao_2018":1}},"retweeted_status":{"created_at":"2011-10-15","id":"3368762149662209","idstr":"3368762149662209","mid":"3368762149662209","can_edit":false,"text":"\u58a8\u5c14\u672c\u5e02\u653f\u5385\u59cb\u5efa\u4e8e1854\u5e74\uff0c\u89c1\u8bc1\u4e86\u58a8\u5c14\u672c\u7684\u5386\u53f2\u3002\u80fd\u5bb9\u7eb3\u4e24\u5343\u4eba\u7684\u5e02\u653f\u5385\u7968\u52a1\u4ee5\u5168\u90e8\u552e\u7f44\uff0c\u800c\u4e14\u5728\u534e\u4eba\u6f14\u51fa\u5e02\u573a\u53f2\u65e0\u524d\u4f8b\u51fa\u73b0\u4e86\u9ec4\u725b\u515a\u3002\u4eca\u665a\u5fb7\u4e91\u793e\u5c06\u5728\u8fd9\u91cc\u4e3a\u58a8\u5c14\u672c\u7684\u534e\u4eba\u732e\u4e0a\u4e00\u573a\u76f8\u58f0\u7684\u9955\u992e\u76db\u5bb4\uff01 \u200b\u200b\u200b","source":"iPhone\u5ba2\u6237\u7aef","favorited":false,"thumbnail_pic":"http:\/\/ww3.sinaimg.cn\/thumbnail\/4d718927jw1dm4q3lomwgj.jpg","bmiddle_pic":"http:\/\/ww3.sinaimg.cn\/bmiddle\/4d718927jw1dm4q3lomwgj.jpg","original_pic":"http:\/\/ww3.sinaimg.cn\/large\/4d718927jw1dm4q3lomwgj.jpg","is_paid":false,"mblog_vip_type":0,"user":{"id":1299286311,"screen_name":"\u738b\u6d77\u6211\u7231ARTHUR","profile_image_url":"https:\/\/tvax1.sinaimg.cn\/crop.0.0.512.512.180\/4d718927ly8fnxuyt0rnvj20e80e8t98.jpg","profile_url":"https:\/\/m.weibo.cn\/u\/1299286311?uid=1299286311&luicode=10000011&lfid=1076031401527553","statuses_count":1892,"verified":true,"verified_type":0,"verified_type_ext":0,"verified_reason":"\u90ed\u5fb7\u7eb2\u7ecf\u7eaa\u4eba\u738b\u6d77","close_blue_v":false,"description":"\u6211\u4e0d\u662f\u827a\u4eba\uff0c\u4f46\u6211\u4e00\u5bb6\u4eba\u5f88\u5feb\u4e50\uff01","gender":"m","mbtype":0,"urank":31,"mbrank":0,"follow_me":false,"following":false,"followers_count":97307,"follow_count":268,"cover_image_phone":"https:\/\/tva4.sinaimg.cn\/crop.0.0.640.640.640\/6ce2240djw1e8iktk4ohij20hs0hsmz6.jpg","avatar_hd":"https:\/\/wx1.sinaimg.cn\/orj480\/4d718927ly8fnxuyt0rnvj20e80e8t98.jpg","like":false,"like_me":false,"badge":{"unread_pool":1,"unread_pool_ext":1,"dzwbqlx_2016":1,"follow_whitelist_video":1,"travel_2017":1}},"reposts_count":303,"comments_count":119,"attitudes_count":0,"pending_approval_count":0,"isLongText":false,"visible":{"type":0,"list_id":0},"more_info_type":0,"content_auth":0,"edit_config":{"edited":false},"bid":"xsQOGExA5","pics":[{"pid":"4d718927jw1dm4q3lomwgj","url":"https:\/\/ww3.sinaimg.cn\/orj360\/4d718927jw1dm4q3lomwgj.jpg","size":"orj360","geo":false,"large":{"size":"large","url":"https:\/\/ww3.sinaimg.cn\/large\/4d718927jw1dm4q3lomwgj.jpg","geo":false}}]},"reposts_count":0,"comments_count":0,"attitudes_count":0,"pending_approval_count":0,"isLongText":false,"visible":{"type":0,"list_id":0},"more_info_type":0,"content_auth":0,"edit_config":{"edited":false},"mblogtype":0,"obj_ext":"","raw_text":"\u987a\u4fbf\u4ecb\u7ecd\u4e00\u4e0b\uff1a\u8fd9\u662f\u90ed\u5fb7\u7eb2\u7684\u7ecf\u7eaa\u4eba\u3002","bid":"xsU1TtQ2x"},"show_type":0},{"card_type":9,"itemid":"1076031401527553_-_3368879038405889","scheme":"https:\/\/m.weibo.cn\/status\/xsTRdzgKR?mblogid=xsTRdzgKR&luicode=10000011&lfid=1076031401527553","mblog":{"created_at":"2011-10-15","id":"3368879038405889","idstr":"3368879038405889","mid":"3368879038405889","can_edit":false,"text":"\u574f\u6d88\u606f\uff1aApple \u5b98\u65b9\u7f51\u7ad9\u7684 Siri FAQ \u521a\u521a\u8868\u793a\u5c06\u5728 2012 \u5e74\u652f\u6301\u5305\u62ec\u4e2d\u6587\u5728\u5185\u7684\u66f4\u591a\u8bed\u8a00\u3002\u55ef\uff0c\u90a3\u5565\u5f97\u8d76\u7d27\uff0c\u5f97\u8d76\u7d27\u3002 \u200b\u200b\u200b","source":"\u5fae\u535a weibo.com","favorited":false,"is_paid":false,"mblog_vip_type":0,"user":{"id":1401527553,"screen_name":"tombkeeper","profile_image_url":"https:\/\/tva2.sinaimg.cn\/crop.0.0.180.180.180\/53899d01jw8fcb9qpe7vbj2050050mx8.jpg","profile_url":"https:\/\/m.weibo.cn\/u\/1401527553?uid=1401527553&luicode=10000011&lfid=1076031401527553","statuses_count":15425,"verified":true,"verified_type":0,"verified_type_ext":1,"verified_reason":"\u77e5\u540d\u4e92\u8054\u7f51\u8d44\u8baf\u535a\u4e3b","close_blue_v":false,"description":"\u5fae\u535a\u672c\u5730\u8d44\u8baf\u535a\u4e3b\uff08\u521a\u679c\u5e03\u62c9\u67f4\u7ef4\u5c14\uff09","gender":"m","mbtype":12,"urank":48,"mbrank":6,"follow_me":false,"following":false,"followers_count":192533,"follow_count":277,"cover_image_phone":"https:\/\/tva1.sinaimg.cn\/crop.0.0.640.640.640\/549d0121tw1egm1kjly3jj20hs0hsq4f.jpg","avatar_hd":"https:\/\/ww2.sinaimg.cn\/orj480\/53899d01jw8fcb9qpe7vbj2050050mx8.jpg","like":false,"like_me":false,"badge":{"bind_taobao":1,"dzwbqlx_2016":1,"follow_whitelist_video":1,"hongbao_2018":1}},"reposts_count":3,"comments_count":3,"attitudes_count":0,"pending_approval_count":0,"isLongText":false,"visible":{"type":0,"list_id":0},"more_info_type":0,"content_auth":0,"edit_config":{"edited":false},"mblogtype":0,"bid":"xsTRdzgKR"},"show_type":0}],"showAppTips":0,"scheme":"sinaweibo:\/\/cardlist?containerid=1076031401527553&extparam=&luicode=10000011&lfid=&featurecode="}}