{"ok":1,"data":{"cardlistInfo":{"containerid":"1076031401527553","v_p":42,"show_style":1,"total":15519,"page":50},"cards":[{"card_type":9,"itemid":"1076031401527553_-_4117722130088924","scheme":"https:\/\/m.weibo.cn\/status\/F7r250n8g?mblogid=F7r250n8g&luicode=10000011&lfid=1076031401527553","mblog":{"created_at":"2017-06-12","id":"4117722130088924","idstr":"4117722130088924","mid":"4117722130088924","can_edit":false,"text":"\u5fae\u535a\u8fd9\u4e2a\u793e\u533a\u8fd8\u662f\u5f88\u6709\u610f\u601d\u7684\u2026\u2026 \u200b\u200b\u200b","textLength":30,"source":"\u5fae\u535a weibo.com","favorited":false,"thumbnail_pic":"http:\/\/wx4.sinaimg.cn\/thumbnail\/53899d01ly1fgi2ykx6ocj206407qglt.jpg","bmiddle_pic":"http:\/\/wx4.sinaimg.cn\/bmiddle\/53899d01ly1fgi2ykx6ocj206407qglt.jpg","original_pic":"http:\/\/wx4.sinaimg.cn\/large\/53899d01ly1fgi2ykx6ocj206407qglt.jpg","is_paid":false,"mblog_vip_type":0,"user":{"id":1401527553,"screen_name":"tombkeeper","profile_image_url":"https:\/\/tva2.sinaimg.cn\/crop.0.0.180.180.180\/53899d01jw8fcb9qpe7vbj2050050mx8.jpg","profile_url":"https:\/\/m.weibo.cn\/u\/1401527553?uid=1401527553&luicode=10000011&lfid=1076031401527553","statuses_count":15425,"verified":true,"verified_type":0,"verified_type_ext":1,"verified_reason":"\u77e5\u540d\u4e92\u8054\u7f51\u8d44\u8baf\u535a\u4e3b","close_blue_v":false,"description":"\u5fae\u535a\u672c\u5730\u8d44\u8baf\u535a\u4e3b\uff08\u521a\u679c\u5e03\u62c9\u67f4\u7ef4\u5c14\uff09","gender":"m","mbtype":12,"urank":48,"mbrank":6,"follow_me":false,"following":false,"followers_count":192533,"follow_count":277,"cover_image_phone":"https:\/\/tva1.sinaimg.cn\/crop.0.0.640.640.640\/549d0121tw1egm1kjly3jj20hs0hsq4f.jpg","avatar_hd":"https:\/\/ww2.sinaimg.cn\/orj480\/53899d01jw8fcb9qpe7vbj2050050mx8.jpg","like":false,"like_me":false,"badge":{"bind_taobao":1,"dzwbqlx_2016":1,"follow_whitelist_video":1,"hongbao_2018":1}},"reposts_count":68,"comments_count":58,"attitudes_count":89,"pending_approval_count":0,"isLongText":false,"visible":{"type":0,"list_id":0},"more_info_type":0,"content_auth":0,"edit_config":{"edited":false},"mblogtype":0,"bid":"F7r250n8g","pics":[{"pid":"53899d01ly1fgi2ykx6ocj206407qglt","url":"https:\/\/wx4.sinaimg.cn\/orj360\/53899d01ly1fgi2ykx6ocj206407qglt.jpg","size":"orj360","geo":{"width":"220","height":"278","croped":false},"large":{"size":"large","url":"https:\/\/wx4.sinaimg.cn\/large\/53899d01ly1fgi2ykx6ocj206407qglt.jpg","geo":{"width":"220","height":"278","croped":false}}}]},"show_type":0},{"card_type":9,"itemid":"1076031401527553_-_4117561546731576","scheme":"https:\/\/m.weibo.cn\/status\/F7mR4sfbO?mblogid=F7mR4sfbO&luicode=10000011&lfid=1076031401527553","mblog":{"created_at":"2017-06-11","id":"4117561546731576","idstr":"4117561546731576","mid":"4117561546731576","can_edit":false,"text":"\u5728\u5f53\u524d\u793e\u4f1a\u80cc\u666f\u4e0b\uff0c\u8fd9\u4e2a\u7ed3\u679c\u6beb\u4e0d\u4ee4\u4eba\u610f\u5916\u3002\u5982\u679c\u4e0d\u662f\u8fd9\u6837\u624d\u4f1a\u8ba9\u6211\u5947\u602a\u2014\u2014\u4f60\u4eec\u8fd8\u8bb0\u5f97\u53bb\u5e74\u5305\u8d1d\u5c14\u5a5a\u793c\u4e0a\u6254\u67f3\u5ca9\u90a3\u4e8b\u513f\u5417\uff1f \u200b\u200b\u200b","textLength":130,"source":"\u5fae\u535a weibo.com","favorited":false,"is_paid":false,"mblog_vip_type":0,"user":{"id":1401527553,"screen_name":"tombkeeper","profile_image_url":"https:\/\/tva2.sinaimg.cn\/crop.0.0.180.180.180\/53899d01jw8fcb9qpe7vbj2050050mx8.jpg","profile_url":"https:\/\/m.weibo.cn\/u\/1401527553?uid=1401527553&luicode=10000011&lfid=1076031401527553","statuses_count":15425,"verified":true,"verified_type":0,"verified_type_ext":1,"verified_reason":"\u77e5\u540d\u4e92\u8054\u7f51\u8d44\u8baf\u535a\u4e3b","close_blue_v":false,"description":"\u5fae\u535a\u672c\u5730\u8d44\u8baf\u535a\u4e3b\uff08\u521a\u679c\u5e03\u62c9\u67f4\u7ef4\u5c14\uff09","gender":"m","mbtype":12,"urank":48,"mbrank":6,"follow_me":false,"following":false,"followers_count":192533,"follow_count":277,"cover_image_phone":"https:\/\/tva1.sinaimg.cn\/crop.0.0.640.640.640\/549d0121tw1egm1kjly3jj20hs0hsq4f.jpg","avatar_hd":"https:\/\/ww2.sinaimg.cn\/orj480\/53899d01jw8fcb9qpe7vbj2050050mx8.jpg","like":false,"like_me":false,"badge":{"bind_taobao":1,"dzwbqlx_2016":1,"follow_whitelist_video":1,"hongbao_2018":1}},"reposts_count":25,"comments_count":29,"attitudes_count":36,"pending_approval_count":0,"isLongText":false,"visible":{"type":0,"list_id":0},"more_info_type":0,"content_auth":0,"edit_config":{"edited":false},"mblogtype":0,"page_info":{"page_pic":{"url":"https:\/\/tc.sinaimg.cn\/images\/tc.service.png"},"page_url":"http:\/\/media.weibo.cn\/article?object_id=1022%3A2309614117563557706364&luicode=10000011&lfid=1076031401527553&id=2309614117563557706364","page_title":"","content1":"\u9655\u897f\u4f34\u5a18\u88ab\u4e24\u7537\u5f3a\u884c\u6478\u80f8\u7325\u4eb5\u540e\u7eed\uff1a\u4e92\u76f8\u8ba4\u8bc6\uff0c\u4e0d\u6253\u7b97\u8ffd\u8d23","content2":"","icon":"https:\/\/h5.sinaimg.cn\/upload\/2016\/12\/28\/14\/feed_headlines_icon_flash20161228_2.png","type":"article"},"bid":"F7mR4sfbO"},"show_type":0},{"card_type":9,"itemid":"1076031401527553_-_4117534304880450","scheme":"https:\/\/m.weibo.cn\/status\/F7m98ktCW?mblogid=F7m98ktCW&luicode=10000011&lfid=1076031401527553","mblog":{"created_at":"2017-06-11","id":"4117534304880450","idstr":"4117534304880450","mid":"4117534304880450","can_edit":false,"text":"\u6d2a\u6d1e\u53bf\u8859\u6bd4\u8f83\u5bb9\u6613\u63a5\u53d7\u7684\u662f\u201c\u5927\u69d0\u6811\u65c1\u5b66\u9986\u91cc\u4e2a\u522b\u5148\u751f\u4e0d\u662f\u597d\u4eba\u201d\uff0c\u751a\u81f3\u201c\u6d2a\u6d1e\u53bf\u8859\u91cc\u4e2a\u522b\u8859\u5f79\u4e0d\u662f\u597d\u4eba\u201d\u4e5f\u884c\u3002\u4f46\u4f60\u4e0d\u80fd\u8bf4\u201c\u5b66\u9986\u91cc\u5f88\u591a\u5148\u751f\u90fd\u4e0d\u662f\u597d\u4eba\u201d\uff0c\u8fd9\u662f\u4e0d\u884c\u7684\u3002\u8981\u662f\u4e00\u65f6\u751f\u6c14\u53e3\u65e0\u906e\u62e6\u8bf4\u4e86\u201c\u6d2a\u6d1e\u53bf\u91cc\u6ca1\u597d\u4eba&quot;\uff0c\u90a3\u5c31\u4e0d\u6b62\u53bf\u8859\u4e0d\u5f00\u5fc3\uff0c\u8fde\u8def\u53e3\u4e70\u83dc\u7684\u90fd\u4e0d\u9976\u4f60\u3002\u6240\u4ee5\u554a\uff0c\u54ea\u6015\u574f\u4eba\u518d\u591a\uff0c\u8fd8\u662f\u5148\u53ea\u6311\u4e00\u4e2a\u5427\u3002 \u200b\u200b\u200b","textLength":277,"source":"\u5fae\u535a weibo.com","favorited":false,"is_paid":false,"mblog_vip_type":0,"user":{"id":1401527553,"screen_name":"tombkeeper","profile_image_url":"https:\/\/tva2.sinaimg.cn\/crop.0.0.180.180.180\/53899d01jw8fcb9qpe7vbj2050050mx8.jpg","profile_url":"https:\/\/m.weibo.cn\/u\/1401527553?uid=1401527553&luicode=10000011&lfid=1076031401527553","statuses_count":15425,"verified":true,"verified_type":0,"verified_type_ext":1,"verified_reason":"\u77e5\u540d\u4e92\u8054\u7f51\u8d44\u8baf\u535a\u4e3b","close_blue_v":false,"description":"\u5fae\u535a\u672c\u5730\u8d44\u8baf\u535a\u4e3b\uff08\u521a\u679c\u5e03\u62c9\u67f4\u7ef4\u5c14\uff09","gender":"m","mbtype":12,"urank":48,"mbrank":6,"follow_me":false,"following":false,"followers_count":192533,"follow_count":277,"cover_image_phone":"https:\/\/tva1.sinaimg.cn\/crop.0.0.640.640.640\/549d0121tw1egm1kjly3jj20hs0hsq4f.jpg","avatar_hd":"https:\/\/ww2.sinaimg.cn\/orj480\/53899d01jw8fcb9qpe7vbj2050050mx8.jpg","like":false,"like_me":false,"badge":{"bind_taobao":1,"dzwbqlx_2016":1,"follow_whitelist_video":1,"hongbao_2018":1}},"reposts_count":23,"comments_count":24,"attitudes_count":92,"pending_approval_count":0,"isLongText":false,"visible":{"type":0,"list_id":0},"more_info_type":0,"content_auth":0,"edit_config":{"edited":false},"mblogtype":0,"bid":"F7m98ktCW"},"show_type":0},{"card_type":9,"itemid":"1076031401527553_-_4117194872933713","scheme":"https:\/\/m.weibo.cn\/status\/F7djFcjbX?mblogid=F7djFcjbX&luicode=10000011&lfid=1076031401527553","mblog":{"created_at":"2017-06-10","id":"4117194872933713","idstr":"4117194872933713","mid":"4117194872933713","can_edit":false,"text":"\u7535\u996d\u9505\u6700\u91cd\u8981\u7684\u662f\u4fe1\u53f7\u8981\u597d\uff1a \u200b\u200b\u200b","textLength":26,"source":"","favorited":false,"thumbnail_pic":"http:\/\/wx2.sinaimg.cn\/thumbnail\/53899d01ly1fggees0wjrj20qo0qojw2.jpg","bmiddle_pic":"http:\/\/wx2.sinaimg.cn\/bmiddle\/53899d01ly1fggees0wjrj20qo0qojw2.jpg","original_pic":"http:\/\/wx2.sinaimg.cn\/large\/53899d01ly1fggees0wjrj20qo0qojw2.jpg","is_paid":false,"mblog_vip_type":0,"user":{"id":1401527553,"screen_name":"tombkeeper","profile_image_url":"https:\/\/tva2.sinaimg.cn\/crop.0.0.180.180.180\/53899d01jw8fcb9qpe7vbj2050050mx8.jpg","profile_url":"https:\/\/m.weibo.cn\/u\/1401527553?uid=1401527553&luicode=10000011&lfid=1076031401527553","statuses_count":15425,"verified":true,"verified_type":0,"verified_type_ext":1,"verified_reason":"\u77e5\u540d\u4e92\u8054\u7f51\u8d44\u8baf\u535a\u4e3b","close_blue_v":false,"description":"\u5fae\u535a\u672c\u5730\u8d44\u8baf\u535a\u4e3b\uff08\u521a\u679c\u5e03\u62c9\u67f4\u7ef4\u5c14\uff09","gender":"m","mbtype":12,"urank":48,"mbrank":6,"follow_me":false,"following":false,"followers_count":192533,"follow_count":277,"cover_image_phone":"https:\/\/tva1.sinaimg.cn\/crop.0.0.640.640.640\/549d0121tw1egm1kjly3jj20hs0hsq4f.jpg","avatar_hd":"https:\/\/ww2.sinaimg.cn\/orj480\/53899d01jw8fcb9qpe7vbj2050050mx8.jpg","like":false,"like_me":false,"badge":{"bind_taobao":1,"dzwbqlx_2016":1,"follow_whitelist_video":1,"hongbao_2018":1}},"reposts_count":13,"comments_count":37,"attitudes_count":107,"pending_approval_count":0,"isLongText":false,"visible":{"type":0,"list_id":0},"more_info_type":0,"content_auth":0,"edit_config":{"edited":false},"mblogtype":0,"bid":"F7djFcjbX","pics":[{"pid":"53899d01ly1fggees0wjrj20qo0qojw2","url":"https:\/\/wx2.sinaimg.cn\/orj360\/53899d01ly1fggees0wjrj20qo0qojw2.jpg","size":"orj360","geo":{"width":360,"height":360,"croped":false},"large":{"size":"large","url":"https:\/\/wx2.sinaimg.cn\/large\/53899d01ly1fggees0wjrj20qo0qojw2.jpg","geo":{"width":"960","height":"960","croped":false}}}]},"show_type":0},{"card_type":9,"itemid":"1076031401527553_-_4117072633540765","scheme":"https:\/\/m.weibo.cn\/status\/F7a8veR77?mblogid=F7a8veR77&luicode=10000011&lfid=1076031401527553","mblog":{"created_at":"2017-06-10","id":"4117072633540765","idstr":"4117072633540765","mid":"4117072633540765","can_edit":false,"text":"\u201c\u5728\u53d1\u751f\u4e0d\u826f\u53cd\u5e94\u7684\u836f\u54c1\u4e2d\uff0c\u5316\u5b66\u836f\u536081.2%\u3001\u4e2d\u836f\u536017.3%\u3002\u4e0e\u897f\u836f\u76f8\u6bd4\uff0c\u4e2d\u836f\u6ce8\u5c04\u6db2\u7684\u4e0d\u826f\u53cd\u5e94\u7387\u5e76\u4e0d\u9ad8\u201d\u2014\u2014\u4f60\u4eec\u5236\u6756\u4e13\u4e1a\u7684\u5c31\u522b\u6765\u8c08\u5236\u836f\u4e86\u5427\u2026\u2026<br\/>\u300e\u4eba\u6c11\u65e5\u62a5\uff1a\u4e2d\u836f\u6ce8\u5c04\u6db2\u4e3a\u5565\u88ab\u9ed1\uff1f\u5e94\u9f13\u52b1\u4f7f\u7528_\u624b\u673a\u65b0\u6d6a\u7f51\u300f<a data-url=\"http:\/\/t.cn\/RS8d1NC\" href=\"http:\/\/feed.mix.sina.com.cn\/link_card\/redirect?url=https%3A%2F%2Ffinance.sina.cn%2F2017-06-09%2Fdetail-ifyfzhpq6293502.d.html%3Fwm%3D3049_0016%26from%3Dqudao%26sendweibouid%3D1406355875&sendweibouid=1401527553&sinainternalbrowser=topnav&share_menu=1&luicode=10000011&lfid=1076031401527553&ep=F7a8veR77%252C1401527553%252CF7a8veR77%252C1401527553\" data-hide=\"\"><span class=\"url-icon\"><img src=\"https:\/\/h5.sinaimg.cn\/upload\/2015\/09\/25\/3\/timeline_card_small_web_default.png\"><\/span><\/i><span class=\"surl-text\">\u4eba\u6c11\u65e5\u62a5\uff1a\u4e2d\u836f\u6ce8\u5c04\u6db2\u4e3a\u5565\u88ab\u9ed1\uff1f\u5e94\u9f13\u52b1\u4f7f\u7528<\/a> \u200b\u200b\u200b","textLength":209,"source":"","favorited":false,"is_paid":false,"mblog_vip_type":0,"user":{"id":1401527553,"screen_name":"tombkeeper","profile_image_url":"https:\/\/tva2.sinaimg.cn\/crop.0.0.180.180.180\/53899d01jw8fcb9qpe7vbj2050050mx8.jpg","profile_url":"https:\/\/m.weibo.cn\/u\/1401527553?uid=1401527553&luicode=10000011&lfid=1076031401527553","statuses_count":15425,"verified":true,"verified_type":0,"verified_type_ext":1,"verified_reason":"\u77e5\u540d\u4e92\u8054\u7f51\u8d44\u8baf\u535a\u4e3b","close_blue_v":false,"description":"\u5fae\u535a\u672c\u5730\u8d44\u8baf\u535a\u4e3b\uff08\u521a\u679c\u5e03\u62c9\u67f4\u7ef4\u5c14\uff09","gender":"m","mbtype":12,"urank":48,"mbrank":6,"follow_me":false,"following":false,"followers_count":192533,"follow_count":277,"cover_image_phone":"https:\/\/tva1.sinaimg.cn\/crop.0.0.640.640.640\/549d0121tw1egm1kjly3jj20hs0hsq4f.jpg","avatar_hd":"https:\/\/ww2.sinaimg.cn\/orj480\/53899d01jw8fcb9qpe7vbj2050050mx8.jpg","like":false,"like_me":false,"badge":{"bind_taobao":1,"dzwbqlx_2016":1,"follow_whitelist_video":1,"hongbao_2018":1}},"reposts_count":163,"comments_count":55,"attitudes_count":67,"pending_approval_count":0,"isLongText":false,"visible":{"type":0,"list_id":0},"more_info_type":0,"content_auth":0,"edit_config":{"edited":false},"mblogtype":0,"page_info":{"page_pic":{"url":"https:\/\/n.sinaimg.cn\/finance\/20161110\/Z8Us-fxxswfv1275232.jpg"},"page_url":"http:\/\/feed.mix.sina.com.cn\/link_card\/redirect?url=https%3A%2F%2Ffinance.sina.cn%2F2017-06-09%2Fdetail-ifyfzhpq6293502.d.html%3Fwm%3D3049_0016%26from%3Dqudao%26sendweibouid%3D1406355875&sendweibouid=1401527553&sinainternalbrowser=topnav&share_menu=1&luicode=10000011&lfid=1076031401527553","page_title":"\u4eba\u6c11\u65e5\u62a5\uff1a\u4e2d\u836f\u6ce8\u5c04\u6db2\u4e3a\u5565\u88ab\u9ed1\uff1f\u5e94\u9f13\u52b1\u4f7f\u7528","content1":"\u4eba\u6c11\u65e5\u62a5\uff1a\u4e2d\u836f\u6ce8\u5c04\u6db2\u4e3a\u5565\u88ab\u9ed1\uff1f\u5e94\u9f13\u52b1\u4f7f\u7528","content2":"\u4e2d\u836f\u6ce8\u5c04\u6db2\u4e3a\u5565\u88ab\u201c\u9ed1\u201d\uff08\u4e0d\u5410\u4e0d\u5feb\uff09 \u4eba\u6c11\u65e5\u62a5 \u738b\u541b\u5e73 \u25cf\u9632\u8303\u4e2d\u836f\u6ce8\u5c04\u6db2\u7684\u5b89\u5168\u98ce\u9669\uff0c\u5b9c\u758f\u4e0d\u5b9c\u5835\uff0c\u4e0d\u5e94\u9650\u5236\u57fa\u5c42\u4f7f\u7528\uff0c\u5426\u5219\u4f1a\u56e0\u564e\u5e9f\u98df...","type":"webpage"},"bid":"F7a8veR77"},"show_type":0},{"card_type":9,"itemid":"1076031401527553_-_4116808014792475","scheme":"https:\/\/m.weibo.cn\/status\/F73fHk6JZ?mblogid=F73fHk6JZ&luicode=10000011&lfid=1076031401527553","mblog":{"created_at":"2017-06-09","id":"4116808014792475","idstr":"4116808014792475","mid":"4116808014792475","can_edit":false,"text":"\u300a\u6587\u6c47\u62a5\u300b2001\u5e743\u670829\u65e5\u520a\u8f7d\u8fc7\u4e00\u7bc7\u300a\u90aa\u6559\u7684\u5341\u4e2a\u7279\u5f81\u300b\u2014\u2014\u7cbe\u795e\u63a7\u5236\u3001\u5927\u8086\u655b\u8d22\u3001\u5185\u90e8\u6cd5\u5219\u9ad8\u4e8e\u793e\u4f1a\u6cd5\u89c4\u3001\u6027\u4fb5\u5987\u5973\u513f\u7ae5\u3001\u5438\u6536\u513f\u7ae5\u5165\u4f1a\u7b49\uff0c\u53ef\u53c2\u7167\u9605\u8bfb\uff1a<a data-url=\"http:\/\/t.cn\/hd2kCS\" target=\"_blank\" href=\"https:\/\/weibo.cn\/sinaurl\/blocked85795c07?luicode=10000011&lfid=1076031401527553&u=http%3A%2F%2Fwww.people.com.cn%2FGB%2Fguoji%2F24%2F20010329%2F428117.html&ep=F73fHk6JZ%252C1401527553%252CF739R6wve%252C1590753120\" class=\"\"><span class=\"url-icon\"><img src=\"\/\/h5.sinaimg.cn\/upload\/2015\/09\/25\/3\/timeline_card_small_web_default.png\"><\/span><\/i><span class=\"surl-text\">\u7f51\u9875\u94fe\u63a5<\/a> \u00a0\u00a0\/\/<a href='https:\/\/m.weibo.cn\/n\/\u6765\u53bb\u4e4b\u95f4'>@\u6765\u53bb\u4e4b\u95f4<\/a>: \/\/<a href='https:\/\/m.weibo.cn\/n\/\u5fae\u535a\u8f9f\u8c23'>@\u5fae\u535a\u8f9f\u8c23<\/a>:<a class='k' href='https:\/\/m.weibo.cn\/k\/%E5%BE%AE%E5%8D%9A%E8%BE%9F%E8%B0%A3?from=feed'>#\u5fae\u535a\u8f9f\u8c23#<\/a> <span class=\"url-icon\"><img src=\"\/\/h5.sinaimg.cn\/m\/emoticon\/icon\/others\/o_huatong-9f86617336.png\" style=\"width:1em;height:1em;\" alt=\"[\u8bdd\u7b52]\"><\/span>","source":"\u5fae\u535a weibo.com","favorited":false,"is_paid":false,"mblog_vip_type":0,"user":{"id":1401527553,"screen_name":"tombkeeper","profile_image_url":"https:\/\/tva2.sinaimg.cn\/crop.0.0.180.180.180\/53899d01jw8fcb9qpe7vbj2050050mx8.jpg","profile_url":"https:\/\/m.weibo.cn\/u\/1401527553?uid=1401527553&luicode=10000011&lfid=1076031401527553","statuses_count":15425,"verified":true,"verified_type":0,"verified_type_ext":1,"verified_reason":"\u77e5\u540d\u4e92\u8054\u7f51\u8d44\u8baf\u535a\u4e3b","close_blue_v":false,"description":"\u5fae\u535a\u672c\u5730\u8d44\u8baf\u535a\u4e3b\uff08\u521a\u679c\u5e03\u62c9\u67f4\u7ef4\u5c14\uff09","gender":"m","mbtype":12,"urank":48,"mbrank":6,"follow_me":false,"following":false,"followers_count":192533,"follow_count":277,"cover_image_phone":"https:\/\/tva1.sinaimg.cn\/crop.0.0.640.640.640\/549d0121tw1egm1kjly3jj20hs0hsq4f.jpg","avatar_hd":"https:\/\/ww2.sinaimg.cn\/orj480\/53899d01jw8fcb9qpe7vbj2050050mx8.jpg","like":false,"like_me":false,"badge":{"bind_taobao":1,"dzwbqlx_2016":1,"follow_whitelist_video":1,"hongbao_2018":1}},"pid":4116807663109314,"retweeted_status":{"created_at":"2017-06-09","id":"4116804391554912","idstr":"4116804391554912","mid":"4116804391554912","can_edit":false,"text":"<a class='k' href='https:\/\/m.weibo.cn\/k\/%E5%BE%AE%E5%8D%9A%E8%BE%9F%E8%B0%A3?from=feed'>#\u5fae\u535a\u8f9f\u8c23#<\/a> \u3010\u7f51\u4f20\u201c\u4eba\u6c11\u65e5\u62a5\u516c\u5e03\u90aa\u6559\u7ec4\u7ec7\u7684\u5341\u4e8c\u5927\u7279\u5f81\u201d\u7cfb\u8c23\u8a00<span class=\"url-icon\"><img src=\"\/\/h5.sinaimg.cn\/m\/emoticon\/icon\/others\/o_huatong-9f86617336.png\" style=\"width:1em;height:1em;\" alt=\"[\u8bdd\u7b52]\"><\/span>\u3011\u8fd1\u65e5\uff0c\u4e00\u7bc7\u9898\u4e3a\u201c\u4eba\u6c11\u65e5\u62a5\uff1a\u90aa\u6559\u7ec4\u7ec7\u7684\u5341\u4e8c\u5927\u7279\u5f81\u201d\u6587\u7ae0\u5728\u67d0\u5fae\u4fe1\u516c\u4f17\u53f7\u4e0a\u53d1\u5e03\uff0c\u5f15\u53d1\u7f51\u6c11\u5173\u6ce8\u3002\u6587\u7ae0\u76d7\u7528\u4eba\u6c11\u65e5\u62a5\u540d\u4e49\uff0c\u6076\u610f\u66f2\u89e3\u90aa\u6559\u7ec4\u7ec7\u5b9a\u4e49\uff0c\u7528\u7247\u9762\u4e14\u5177\u653b\u51fb\u6027\u7684\u8bed\u8a00\u6563\u5e03\u4e0d\u5b9e\u8a00\u8bba\uff0c\u6781\u5177\u86ca\u60d1\u6027\u548c\u6b3a\u9a97\u6027\u3002\u65e0\u90aa\u541b\u63d0\u9192\u5e7f\u5927\u7f51\u6c11\uff1a\u5207\u52ff \u200b\u200b\u200b...<a href=\"\/status\/4116804391554912\">\u5168\u6587<\/a>","textLength":352,"source":"\u5fae\u535a weibo.com","favorited":false,"is_paid":false,"mblog_vip_type":0,"user":{"id":1590753120,"screen_name":"\u4e2d\u56fd\u53cd\u90aa\u6559","profile_image_url":"https:\/\/tvax1.sinaimg.cn\/crop.0.0.1080.1080.180\/5ed0f760ly8fmfzqd3r0vj20u00u70u0.jpg","profile_url":"https:\/\/m.weibo.cn\/u\/1590753120?uid=1590753120&luicode=10000011&lfid=1076031401527553","statuses_count":27506,"verified":true,"verified_type":1,"verified_type_ext":0,"verified_reason":"\u4e2d\u56fd\u53cd\u90aa\u6559\u5b98\u65b9\u5fae\u535a","close_blue_v":false,"description":"\u5f18\u626c\u793e\u4f1a\u6b63\u80fd\u91cf \u5173\u6ce8\u6c11\u751f\u53d1\u5c55 \u7834\u9664\u611a\u6627\u8ff7\u4fe1 \u62b5\u5236\u90aa\u6559\u6d3b\u52a8 \u5171\u5efa\u548c\u8c10\u5bb6\u56ed","gender":"m","mbtype":12,"urank":42,"mbrank":5,"follow_me":false,"following":false,"followers_count":1400933,"follow_count":405,"cover_image_phone":"https:\/\/tva1.sinaimg.cn\/crop.0.0.640.640.640\/549d0121tw1egm1kjly3jj20hs0hsq4f.jpg","avatar_hd":"https:\/\/wx1.sinaimg.cn\/orj480\/5ed0f760ly8fmfzqd3r0vj20u00u70u0.jpg","like":false,"like_me":false,"badge":{"dailv":1,"zongyiji":1,"olympic_2016":1,"dzwbqlx_2016":1,"follow_whitelist_video":1,"league_badge":1,"lol_gm_2017":1,"panda":1,"hongbao_2018":1}},"reposts_count":1216,"comments_count":644,"attitudes_count":251,"pending_approval_count":0,"isLongText":true,"visible":{"type":0,"list_id":0},"expire_time":1497029288,"more_info_type":0,"content_auth":0,"edit_config":{"edited":false},"page_info":{"page_pic":{"url":"https:\/\/wx1.sinaimg.cn\/crop.0.0.1000.562.1000\/5ed0f760ly1fgf5eyaqlfj20rs0fmt9m.jpg"},"page_url":"http:\/\/media.weibo.cn\/article?object_id=1022%3A2309404116804388704038&luicode=10000011&lfid=1076031401527553&id=2309404116804388704038","page_title":"\u4e2d\u56fd\u53cd\u90aa\u6559","content1":"\u201c\u6cd5\u8f6e\u529f\u201d\u7ec4\u7ec7\u5177\u6709\u90aa\u6559\u7684\u6240\u6709\u91cd\u8981\u7279\u5f81","content2":"","icon":"https:\/\/h5.sinaimg.cn\/upload\/2016\/12\/28\/14\/feed_headlines_icon_flash20161228_2.png","type":"article"},"bid":"F739R6wve"},"reposts_count":31,"comments_count":22,"attitudes_count":26,"pending_approval_count":0,"isLongText":false,"visible":{"type":0,"list_id":0},"more_info_type":0,"content_auth":0,"edit_config":{"edited":false},"mblogtype":0,"obj_ext":"","raw_text":"\u300a\u6587\u6c47\u62a5\u300b2001\u5e743\u670829\u65e5\u520a\u8f7d\u8fc7\u4e00\u7bc7\u300a\u90aa\u6559\u7684\u5341\u4e2a\u7279\u5f81\u300b\u2014\u2014\u7cbe\u795e\u63a7\u5236\u3001\u5927\u8086\u655b\u8d22\u3001\u5185\u90e8\u6cd5\u5219\u9ad8\u4e8e\u793e\u4f1a\u6cd5\u89c4\u3001\u6027\u4fb5\u5987\u5973\u513f\u7ae5\u3001\u5438\u6536\u513f\u7ae5\u5165\u4f1a\u7b49\uff0c\u53ef\u53c2\u7167\u9605\u8bfb\uff1ahttp:\/\/t.cn\/hd2kCS \u00a0\u00a0\/\/@\u6765\u53bb\u4e4b\u95f4: \/\/@\u5fae\u535a\u8f9f\u8c23:#\u5fae\u535a\u8f9f\u8c23# [\u8bdd\u7b52]","bid":"F73fHk6JZ"},"show_type":0},{"card_type":9,"itemid":"1076031401527553_-_4116705514507763","scheme":"https:\/\/m.weibo.cn\/status\/F70AniUFR?mblogid=F70AniUFR&luicode=10000011&lfid=1076031401527553","mblog":{"created_at":"2017-06-09","id":"4116705514507763","idstr":"4116705514507763","mid":"4116705514507763","can_edit":false,"text":"\u7ffb\u4e86\u51e0\u9875\u6211\u5c31\u611f\u89c9\u8fd9\u5f88\u50cf\u662f\u7801\u519c\u5728 YY\u3002\u4e00\u67e5\uff0c\u4f5c\u8005\u679c\u7136\u662f\u4e2a\u65e5\u672c\u7801\u519c\u3002 \u200b\u200b\u200b","textLength":63,"source":"\u5fae\u535a weibo.com","favorited":false,"thumbnail_pic":"http:\/\/wx2.sinaimg.cn\/thumbnail\/53899d01ly1fgeu5ko0l3j20qo0qo0vx.jpg","bmiddle_pic":"http:\/\/wx2.sinaimg.cn\/bmiddle\/53899d01ly1fgeu5ko0l3j20qo0qo0vx.jpg","original_pic":"http:\/\/wx2.sinaimg.cn\/large\/53899d01ly1fgeu5ko0l3j20qo0qo0vx.jpg","is_paid":false,"mblog_vip_type":0,"user":{"id":1401527553,"screen_name":"tombkeeper","profile_image_url":"https:\/\/tva2.sinaimg.cn\/crop.0.0.180.180.180\/53899d01jw8fcb9qpe7vbj2050050mx8.jpg","profile_url":"https:\/\/m.weibo.cn\/u\/1401527553?uid=1401527553&luicode=10000011&lfid=1076031401527553","statuses_count":15425,"verified":true,"verified_type":0,"verified_type_ext":1,"verified_reason":"\u77e5\u540d\u4e92\u8054\u7f51\u8d44\u8baf\u535a\u4e3b","close_blue_v":false,"description":"\u5fae\u535a\u672c\u5730\u8d44\u8baf\u535a\u4e3b\uff08\u521a\u679c\u5e03\u62c9\u67f4\u7ef4\u5c14\uff09","gender":"m","mbtype":12,"urank":48,"mbrank":6,"follow_me":false,"following":false,"followers_count":192533,"follow_count":277,"cover_image_phone":"https:\/\/tva1.sinaimg.cn\/crop.0.0.640.640.640\/549d0121tw1egm1kjly3jj20hs0hsq4f.jpg","avatar_hd":"https:\/\/ww2.sinaimg.cn\/orj480\/53899d01jw8fcb9qpe7vbj2050050mx8.jpg","like":false,"like_me":false,"badge":{"bind_taobao":1,"dzwbqlx_2016":1,"follow_whitelist_video":1,"hongbao_2018":1}},"reposts_count":26,"comments_count":23,"attitudes_count":72,"pending_approval_count":0,"isLongText":false,"visible":{"type":0,"list_id":0},"more_info_type":0,"content_auth":0,"edit_config":{"edited":false},"mblogtype":0,"bid":"F70AniUFR","pics":[{"pid":"53899d01ly1fgeu5ko0l3j20qo0qo0vx","url":"https:\/\/wx2.sinaimg.cn\/orj360\/53899d01ly1fgeu5ko0l3j20qo0qo0vx.jpg","size":"orj360","geo":{"width":360,"height":360,"croped":false},"large":{"size":"large","url":"https:\/\/wx2.sinaimg.cn\/large\/53899d01ly1fgeu5ko0l3j20qo0qo0vx.jpg","geo":{"width":"960","height":"960","croped":false}}},{"pid":"53899d01ly1fgeu5m7sngj20qo0qoq6j","url":"https:\/\/wx1.sinaimg.cn\/orj360\/53899d01ly1fgeu5m7sngj20qo0qoq6j.jpg","size":"orj360","geo":{"width":360,"height":360,"croped":false},"large":{"size":"large","url":"https:\/\/wx1.sinaimg.cn\/large\/53899d01ly1fgeu5m7sngj20qo0qoq6j.jpg","geo":{"width":"960","height":"960","croped":false}}},{"pid":"53899d01ly1fgeu5o079rj20qo0qon1r","url":"https:\/\/wx3.sinaimg.cn\/orj360\/53899d01ly1fgeu5o079rj20qo0qon1r.jpg","size":"orj360","geo":{"width":360,"height":360,"croped":false},"large":{"size":"large","url":"https:\/\/wx3.sinaimg.cn\/large\/53899d01ly1fgeu5o079rj20qo0qon1r.jpg","geo":{"width":"960","height":"960","croped":false}}}]},"show_type":0},{"card_type":9,"itemid":"1076031401527553_-_4116694370633154","scheme":"https:\/\/m.weibo.cn\/status\/F70ip2EIa?mblogid=F70ip2EIa&luicode=10000011&lfid=1076031401527553","mblog":{"created_at":"2017-06-09","id":"4116694370633154","idstr":"4116694370633154","mid":"4116694370633154","can_edit":false,"text":"\u89e3\u51b3\u559d\u51b7\u996e\u548c\u201c\u5bd2\u6c14\u201d\u7684\u77db\u76fe\uff1a","source":"\u5fae\u535a weibo.com","favorited":false,"is_paid":false,"mblog_vip_type":0,"user":{"id":1401527553,"screen_name":"tombkeeper","profile_image_url":"https:\/\/tva2.sinaimg.cn\/crop.0.0.180.180.180\/53899d01jw8fcb9qpe7vbj2050050mx8.jpg","profile_url":"https:\/\/m.weibo.cn\/u\/1401527553?uid=1401527553&luicode=10000011&lfid=1076031401527553","statuses_count":15425,"verified":true,"verified_type":0,"verified_type_ext":1,"verified_reason":"\u77e5\u540d\u4e92\u8054\u7f51\u8d44\u8baf\u535a\u4e3b","close_blue_v":false,"description":"\u5fae\u535a\u672c\u5730\u8d44\u8baf\u535a\u4e3b\uff08\u521a\u679c\u5e03\u62c9\u67f4\u7ef4\u5c14\uff09","gender":"m","mbtype":12,"urank":48,"mbrank":6,"follow_me":false,"following":false,"followers_count":192533,"follow_count":277,"cover_image_phone":"https:\/\/tva1.sinaimg.cn\/crop.0.0.640.640.640\/549d0121tw1egm1kjly3jj20hs0hsq4f.jpg","avatar_hd":"https:\/\/ww2.sinaimg.cn\/orj480\/53899d01jw8fcb9qpe7vbj2050050mx8.jpg","like":false,"like_me":false,"badge":{"bind_taobao":1,"dzwbqlx_2016":1,"follow_whitelist_video":1,"hongbao_2018":1}},"retweeted_status":{"created_at":"2013-07-02","id":"3595612853034269","idstr":"3595612853034269","mid":"3595612853034269","can_edit":false,"text":"\u6211\u5988\u8ba4\u4e3a\u559d\u51b0\u7684\u996e\u6599\u4e0d\u597d\u3002\u4e8e\u662f\u6211\u4e70\u4e86\u4e00\u4e9b\u59dc\u6c41\u6c7d\u6c34\uff0c\u5bf9\u5979\u8bf4\uff1a\u867d\u7136\u51b0\u9547\u996e\u6599\u6709\u5bd2\u6c14\uff0c\u4f46\u59dc\u6c64\u795b\u5bd2\uff0c\u6240\u4ee5\u5c31\u4e0d\u6015\u4e86\u3002 \u200b\u200b\u200b","source":"\u5fae\u535a weibo.com","favorited":false,"is_paid":false,"mblog_vip_type":0,"user":{"id":1401527553,"screen_name":"tombkeeper","profile_image_url":"https:\/\/tva2.sinaimg.cn\/crop.0.0.180.180.180\/53899d01jw8fcb9qpe7vbj2050050mx8.jpg","profile_url":"https:\/\/m.weibo.cn\/u\/1401527553?uid=1401527553&luicode=10000011&lfid=1076031401527553","statuses_count":15425,"verified":true,"verified_type":0,"verified_type_ext":1,"verified_reason":"\u77e5\u540d\u4e92\u8054\u7f51\u8d44\u8baf\u535a\u4e3b","close_blue_v":false,"description":"\u5fae\u535a\u672c\u5730\u8d44\u8baf\u535a\u4e3b\uff08\u521a\u679c\u5e03\u62c9\u67f4\u7ef4\u5c14\uff09","gender":"m","mbtype":12,"urank":48,"mbrank":6,"follow_me":false,"following":false,"followers_count":192533,"follow_count":277,"cover_image_phone":"https:\/\/tva1.sinaimg.cn\/crop.0.0.640.640.640\/549d0121tw1egm1kjly3jj20hs0hsq4f.jpg","avatar_hd":"https:\/\/ww2.sinaimg.cn\/orj480\/53899d01jw8fcb9qpe7vbj2050050mx8.jpg","like":false,"like_me":false,"badge":{"bind_taobao":1,"dzwbqlx_2016":1,"follow_whitelist_video":1,"hongbao_2018":1}},"reposts_count":81,"comments_count":24,"attitudes_count":19,"pending_approval_count":0,"isLongText":false,"visible":{"type":0,"list_id":0},"more_info_type":0,"content_auth":0,"edit_config":{"edited":false},"bid":"zE7khcJlP"},"reposts_count":60,"comments_count":33,"attitudes_count":70,"pending_approval_count":0,"isLongText":false,"visible":{"type":0,"list_id":0},"more_info_type":0,"content_auth":0,"edit_config":{"edited":false},"mblogtype":0,"obj_ext":"","raw_text":"\u89e3\u51b3\u559d\u51b7\u996e\u548c\u201c\u5bd2\u6c14\u201d\u7684\u77db\u76fe\uff1a","bid":"F70ip2EIa"},"show_type":0},{"card_type":9,"itemid":"1076031401527553_-_4116659989446112","scheme":"https:\/\/m.weibo.cn\/status\/F6ZoWDDmE?mblogid=F6ZoWDDmE&luicode=10000011&lfid=1076031401527553","mblog":{"created_at":"2017-06-09","id":"4116659989446112","idstr":"4116659989446112","mid":"4116659989446112","can_edit":false,"text":"\u8f6c\u53d1\u5fae\u535a","source":"\u5fae\u535a\u641c\u7d22","favorited":false,"is_paid":false,"mblog_vip_type":0,"user":{"id":1401527553,"screen_name":"tombkeeper","profile_image_url":"https:\/\/tva2.sinaimg.cn\/crop.0.0.180.180.180\/53899d01jw8fcb9qpe7vbj2050050mx8.jpg","profile_url":"https:\/\/m.weibo.cn\/u\/1401527553?uid=1401527553&luicode=10000011&lfid=1076031401527553","statuses_count":15425,"verified":true,"verified_type":0,"verified_type_ext":1,"verified_reason":"\u77e5\u540d\u4e92\u8054\u7f51\u8d44\u8baf\u535a\u4e3b","close_blue_v":false,"description":"\u5fae\u535a\u672c\u5730\u8d44\u8baf\u535a\u4e3b\uff08\u521a\u679c\u5e03\u62c9\u67f4\u7ef4\u5c14\uff09","gender":"m","mbtype":12,"urank":48,"mbrank":6,"follow_me":false,"following":false,"followers_count":192533,"follow_count":277,"cover_image_phone":"https:\/\/tva1.sinaimg.cn\/crop.0.0.640.640.640\/549d0121tw1egm1kjly3jj20hs0hsq4f.jpg","avatar_hd":"https:\/\/ww2.sinaimg.cn\/orj480\/53899d01jw8fcb9qpe7vbj2050050mx8.jpg","like":false,"like_me":false,"badge":{"bind_taobao":1,"dzwbqlx_2016":1,"follow_whitelist_video":1,"hongbao_2018":1}},"retweeted_status":{"created_at":"2017-04-20","id":"4098717633876926","idstr":"4098717633876926","mid":"4098717633876926","can_edit":false,"text":"\u6211\u56f4\u89c2\u4e86<a href='https:\/\/m.weibo.cn\/n\/\u4e2d\u56fd\u7b2c\u4e00\u72d7\u4ed4\u5353\u4f1f'>@\u4e2d\u56fd\u7b2c\u4e00\u72d7\u4ed4\u5353\u4f1f<\/a> \u7684\u56de\u7b54\uff0c\u8be5\u95ee\u9898\u4ef7\u503c218.00\u5143\uff0c\u56f4\u89c2\u4ec51\u5143\uff0c\u5feb\u6765\u4e00\u8d77\u56f4\u89c2~ <a data-url=\"http:\/\/t.cn\/RXxOk6C\" href=\"http:\/\/media.weibo.cn\/wenda?object_id=1022%3A2310684097952531504482&luicode=10000011&lfid=1076031401527553&id=2310684097952531504482&ep=EFq5Zggz4%252C1111681197%252CEFq5Zggz4%252C1111681197\" data-hide=\"\"><span class=\"url-icon\"><img src=\"https:\/\/h5.sinaimg.cn\/upload\/2016\/11\/23\/433\/wenda_icon_default.png\"><\/span><\/i><span class=\"surl-text\">\u5fae\u535a\u95ee\u7b54<\/a> \u200b\u200b\u200b","textLength":98,"source":"\u5fae\u535a\u95ee\u7b54","favorited":false,"is_paid":false,"mblog_vip_type":0,"user":{"id":1111681197,"screen_name":"\u6765\u53bb\u4e4b\u95f4","profile_image_url":"https:\/\/tva2.sinaimg.cn\/crop.0.0.440.440.180\/4242e8adjw8elz58g3kyvj20c80c8myg.jpg","profile_url":"https:\/\/m.weibo.cn\/u\/1111681197?uid=1111681197&luicode=10000011&lfid=1076031401527553","statuses_count":65952,"verified":true,"verified_type":0,"verified_type_ext":1,"verified_reason":"\u79fb\u52a8\u4e92\u8054\u7f51\u5206\u6790\u5e08","close_blue_v":false,"description":"\u4e09\u4e0d\u4ee3\u8868\uff1a\u672c\u5e10\u53f7\u6240\u53d1\u8a00\u8bba\uff0c\u4e00\u4e0d\u4ee3\u8868\u672c\u4eba\uff0c\u4e8c\u4e0d\u4ee3\u8868\u90e8\u95e8\uff0c\u4e09\u4e0d\u4ee3\u8868\u516c\u53f8~~\u5173\u6ce8\u672c\u53f7\uff0c\u5982\u6709\u89c2\u70b9\u8bef\u5bfc\uff0c\u9020\u6210\u635f\u5931\u6982\u4e0d\u8d1f\u8d23\u2026\u2026","gender":"m","mbtype":12,"urank":48,"mbrank":7,"follow_me":false,"following":false,"followers_count":775827,"follow_count":3428,"cover_image_phone":"https:\/\/tva1.sinaimg.cn\/crop.0.0.640.640.640\/549d0121tw1egm1kjly3jj20hs0hsq4f.jpg","avatar_hd":"https:\/\/ww2.sinaimg.cn\/orj480\/4242e8adjw8elz58g3kyvj20c80c8myg.jpg","like":false,"like_me":false,"badge":{"gongyi":1,"gongyi_level":3,"bind_taobao":1,"dailv":1,"zongyiji":1,"unread_pool":1,"vip_activity2":3,"unread_pool_ext":1,"olympic_2016":1,"dzwbqlx_2016":1,"follow_whitelist_video":1,"league_badge":1,"suishoupai_2017":1,"super_star_2017":1,"travel_2017":1,"lol_gm_2017":1,"wbzy_2017":1,"panda":1,"hongbao_2018":1}},"reposts_count":11,"comments_count":54,"attitudes_count":45,"pending_approval_count":0,"isLongText":false,"visible":{"type":0,"list_id":0},"more_info_type":0,"cardid":"star_063","content_auth":0,"edit_config":{"edited":false},"page_info":{"page_pic":{"url":"https:\/\/h5.sinaimg.cn\/upload\/2016\/12\/06\/433\/wenda_default_pic.jpg"},"page_url":"http:\/\/media.weibo.cn\/wenda?object_id=1022%3A2310684097952531504482&luicode=10000011&lfid=1076031401527553&id=2310684097952531504482","page_title":"\u4e2d\u56fd\u7b2c\u4e00\u72d7\u4ed4\u5353\u4f1f \u5df2\u56de\u7b54","content1":"\u5353\u4f1f\u8001\u5e08\uff0c\u4f60\u77e5\u9053\u5a31\u4e50\u5708\u672a\u89e3\u4e4b\u8c1c\u4e4b\u4e00\uff0c\u666f\u751c\u7684\u540e\u53f0\u662f\u8c01\u5417\uff1f\u666f\u751c\u548c\u97e9\u96ea\u8c01\u7684\u80cc\u666f\u66f4\u5f3a\uff1f","content2":"11064\u4eba\u5df2\u56f4\u89c2\uff0c\u95ee\u9898\u4ef7\u503c\uffe5218.00","icon":"https:\/\/h5.sinaimg.cn\/upload\/2016\/12\/01\/433\/feed_questions_icon.png","type":"wenda"},"bid":"EFq5Zggz4"},"reposts_count":4,"comments_count":17,"attitudes_count":10,"pending_approval_count":0,"isLongText":false,"visible":{"type":0,"list_id":0},"more_info_type":0,"content_auth":0,"edit_config":{"edited":false},"mblogtype":0,"obj_ext":"","raw_text":"\u8f6c\u53d1\u5fae\u535a","bid":"F6ZoWDDmE"},"show_type":0}],"showAppTips":0,"scheme":"sinaweibo:\/\/cardlist?containerid=1076031401527553&extparam=&luicode=10000011&lfid=&featurecode="}}