{"ok":1,"data":{"cardlistInfo":{"containerid":"1076031401527553","v_p":42,"show_style":1,"total":15518,"page":50},"cards":[{"card_type":9,"itemid":"1076031401527553_-_3357549518716549","scheme":"https:\/\/m.weibo.cn\/status\/xo97NAzzv?mblogid=xo97NAzzv&luicode=10000011&lfid=1076031401527553","mblog":{"created_at":"2011-09-14","id":"3357549518716549","idstr":"3357549518716549","mid":"3357549518716549","can_edit":false,"text":"\u8fd8\u662f\u6f14\u300a\u7ffb\u56db\u8f88\u300b\u5427\u3002 \/\/<a href='https:\/\/m.weibo.cn\/n\/\u5927\u9c7c\u8bf4\u6f2b\u753b'>@\u5927\u9c7c\u8bf4\u6f2b\u753b<\/a>: \u542c\u8bf4\u672c\u5468\u672b\u5e7f\u8317\u9601\u8336\u9986\u7b2c\u4e8c\u73ed\u76f8\u58f0<a href='https:\/\/m.weibo.cn\/n\/\u5b66\u5f92\u738b\u81ea\u5065'>@\u5b66\u5f92\u738b\u81ea\u5065<\/a><a href='https:\/\/m.weibo.cn\/n\/\u8017\u5b50\u62db\u7b11\u513f'>@\u8017\u5b50\u62db\u7b11\u513f<\/a><a href='https:\/\/m.weibo.cn\/n\/\u82ae\u6210\u94a2'>@\u82ae\u6210\u94a2<\/a> \u8868\u6f14\u300a\u6252\u9a6c\u8902\u300b<span class=\"url-icon\"><img src=\"\/\/h5.sinaimg.cn\/m\/emoticon\/icon\/default\/d_ku-fbfdf1f09a.png\" style=\"width:1em;height:1em;\" alt=\"[\u9177]\"><\/span>","source":"\u5fae\u535aAIR","favorited":false,"is_paid":false,"mblog_vip_type":0,"user":{"id":1401527553,"screen_name":"tombkeeper","profile_image_url":"https:\/\/tva2.sinaimg.cn\/crop.0.0.180.180.180\/53899d01jw8fcb9qpe7vbj2050050mx8.jpg","profile_url":"https:\/\/m.weibo.cn\/u\/1401527553?uid=1401527553&luicode=10000011&lfid=1076031401527553","statuses_count":15425,"verified":true,"verified_type":0,"verified_type_ext":1,"verified_reason":"\u77e5\u540d\u4e92\u8054\u7f51\u8d44\u8baf\u535a\u4e3b","close_blue_v":false,"description":"\u5fae\u535a\u672c\u5730\u8d44\u8baf\u535a\u4e3b\uff08\u521a\u679c\u5e03\u62c9\u67f4\u7ef4\u5c14\uff09","gender":"m","mbtype":12,"urank":48,"mbrank":6,"follow_me":false,"following":false,"followers_count":192533,"follow_count":277,"cover_image_phone":"https:\/\/tva1.sinaimg.cn\/crop.0.0.640.640.640\/549d0121tw1egm1kjly3jj20hs0hsq4f.jpg","avatar_hd":"https:\/\/ww2.sinaimg.cn\/orj480\/53899d01jw8fcb9qpe7vbj2050050mx8.jpg","like":false,"like_me":false,"badge":{"bind_taobao":1,"dzwbqlx_2016":1,"follow_whitelist_video":1,"hongbao_2018":1}},"retweeted_status":{"created_at":"2011-09-14","id":"3357544703783063","idstr":"3357544703783063","mid":"3357544703783063","can_edit":false,"text":"\u82ae\u6210\u94a2\u5230\u5e95\u4ec0\u4e48\u65f6\u5019\u624d\u80fd\u4e0a\u592e\u89c6\u6625\u665a\u8bed\u8a00\u7c7b\u8282\u76ee\u554a\uff1f\u597d\u559c\u6b22\u4ed6\u81ea\u7136\u6d41\u9732\u7684\u90a3\u79cd\u9ad8\u9636\u641e\u7b11\u5929\u8d4b\u5440\u3002 \u200b\u200b\u200b","source":"FaWave","favorited":false,"is_paid":false,"mblog_vip_type":0,"user":{"id":1642037123,"screen_name":"\u5730\u4e0b\u5929\u9e45\u7ed2","profile_image_url":"https:\/\/tva4.sinaimg.cn\/crop.0.0.179.179.180\/61df7f83jw1e7wxdhosxfj2050050gln.jpg","profile_url":"https:\/\/m.weibo.cn\/u\/1642037123?uid=1642037123&luicode=10000011&lfid=1076031401527553","statuses_count":5822,"verified":true,"verified_type":0,"verified_type_ext":1,"verified_reason":"\u5f92\u7136\u66dc\u65e5\u521b\u59cb\u4eba","close_blue_v":false,"description":"\u7231\u56fd\uff0c\u521b\u65b0\uff0c\u5305\u5bb9\uff0c\u539a\u5fb7\uff0c\u90fd\u4e0d\u5360\u3002","gender":"m","mbtype":11,"urank":42,"mbrank":5,"follow_me":false,"following":false,"followers_count":203374,"follow_count":697,"cover_image_phone":"https:\/\/tva1.sinaimg.cn\/crop.0.0.640.640.640\/549d0121tw1egm1kjly3jj20hs0hsq4f.jpg","avatar_hd":"https:\/\/ww4.sinaimg.cn\/orj480\/61df7f83jw1e7wxdhosxfj2050050gln.jpg","like":false,"like_me":false,"badge":{"anniversary":1,"bind_taobao":1,"unread_pool":1,"vip_activity2":1,"unread_pool_ext":1,"dzwbqlx_2016":1,"follow_whitelist_video":1,"hongbao_2018":1}},"reposts_count":57,"comments_count":50,"attitudes_count":0,"pending_approval_count":0,"isLongText":false,"visible":{"type":0,"list_id":0},"more_info_type":0,"content_auth":0,"edit_config":{"edited":false},"bid":"xo902fS99"},"reposts_count":0,"comments_count":0,"attitudes_count":0,"pending_approval_count":0,"isLongText":false,"visible":{"type":0,"list_id":0},"more_info_type":0,"content_auth":0,"edit_config":{"edited":false},"mblogtype":0,"obj_ext":"","raw_text":"\u8fd8\u662f\u6f14\u300a\u7ffb\u56db\u8f88\u300b\u5427\u3002 \/\/@\u5927\u9c7c\u8bf4\u6f2b\u753b: \u542c\u8bf4\u672c\u5468\u672b\u5e7f\u8317\u9601\u8336\u9986\u7b2c\u4e8c\u73ed\u76f8\u58f0@\u5b66\u5f92\u738b\u81ea\u5065@\u8017\u5b50\u62db\u7b11\u513f@\u82ae\u6210\u94a2 \u8868\u6f14\u300a\u6252\u9a6c\u8902\u300b[\u9177]","bid":"xo97NAzzv"},"show_type":0},{"card_type":9,"itemid":"1076031401527553_-_3357543339392394","scheme":"https:\/\/m.weibo.cn\/status\/xo8XPDpoe?mblogid=xo8XPDpoe&luicode=10000011&lfid=1076031401527553","mblog":{"created_at":"2011-09-14","id":"3357543339392394","idstr":"3357543339392394","mid":"3357543339392394","can_edit":false,"text":"<a class='k' href='https:\/\/m.weibo.cn\/k\/%E8%9B%8B%E7%96%BC%E8%AE%B0?from=feed'>#\u86cb\u75bc\u8bb0#<\/a>[2\/2] \u8d76\u5230Q\u533b\u9662\uff0c\u533b\u751f\u634f\u4e86\u4e00\u628a\uff0c\u8bf4\u4f60\u8fd9\u662f\u777e\u4e38\u708e\u554a\uff0c\u4f46B\u8d85\u5ba4\u4e0b\u73ed\u4e86\uff0c\u53bbR\u533b\u9662\u5427\u3002\u8d76\u5230R\u533b\u9662\uff0c\u533b\u751f\u634f\u4e86\u4e00\u628a\uff0c\u8bf4\u4f60\u8fd9\u662f\u777e\u4e38\u708e\u554a\uff0c\u5f97\u7167B\u8d85\uff0c\u4e0d\u8fc7\u6211\u9a6c\u4e0a\u4e0b\u73ed\u4e86\uff0c\u5148\u628a\u836f\u5f00\u7ed9\u4f60\uff0c\u57fa\u672c\u4e0a\u4e0d\u4f1a\u6709\u95ee\u9898\uff0cB\u8d85\u7247\u5b50\u4f60\u56de\u5934\u7ed9\u522b\u7684\u533b\u751f\u770b\u770b\u3002 \u200b\u200b\u200b","source":"\u5fae\u535a weibo.com","favorited":false,"is_paid":false,"mblog_vip_type":0,"user":{"id":1401527553,"screen_name":"tombkeeper","profile_image_url":"https:\/\/tva2.sinaimg.cn\/crop.0.0.180.180.180\/53899d01jw8fcb9qpe7vbj2050050mx8.jpg","profile_url":"https:\/\/m.weibo.cn\/u\/1401527553?uid=1401527553&luicode=10000011&lfid=1076031401527553","statuses_count":15425,"verified":true,"verified_type":0,"verified_type_ext":1,"verified_reason":"\u77e5\u540d\u4e92\u8054\u7f51\u8d44\u8baf\u535a\u4e3b","close_blue_v":false,"description":"\u5fae\u535a\u672c\u5730\u8d44\u8baf\u535a\u4e3b\uff08\u521a\u679c\u5e03\u62c9\u67f4\u7ef4\u5c14\uff09","gender":"m","mbtype":12,"urank":48,"mbrank":6,"follow_me":false,"following":false,"followers_count":192533,"follow_count":277,"cover_image_phone":"https:\/\/tva1.sinaimg.cn\/crop.0.0.640.640.640\/549d0121tw1egm1kjly3jj20hs0hsq4f.jpg","avatar_hd":"https:\/\/ww2.sinaimg.cn\/orj480\/53899d01jw8fcb9qpe7vbj2050050mx8.jpg","like":false,"like_me":false,"badge":{"bind_taobao":1,"dzwbqlx_2016":1,"follow_whitelist_video":1,"hongbao_2018":1}},"reposts_count":1,"comments_count":1,"attitudes_count":0,"pending_approval_count":0,"isLongText":false,"visible":{"type":0,"list_id":0},"more_info_type":0,"content_auth":0,"edit_config":{"edited":false},"mblogtype":0,"bid":"xo8XPDpoe"},"show_type":0},{"card_type":9,"itemid":"1076031401527553_-_3357543096113424","scheme":"https:\/\/m.weibo.cn\/status\/xo8XrpEnC?mblogid=xo8XrpEnC&luicode=10000011&lfid=1076031401527553","mblog":{"created_at":"2011-09-14","id":"3357543096113424","idstr":"3357543096113424","mid":"3357543096113424","can_edit":false,"text":"<a class='k' href='https:\/\/m.weibo.cn\/k\/%E8%9B%8B%E7%96%BC%E8%AE%B0?from=feed'>#\u86cb\u75bc\u8bb0#<\/a>[1\/2] \u67d0\u8bba\u575b\u7248\u4e3b\u81ea\u8ff0\u4e86\u5e26\u513f\u5b50\u770b\u201c\u86cb\u75bc\u201d\u7684\u7ecf\u5386\u3002\u4e00\u5929\u665a\u4e0a\u4ed6\u513f\u5b50\u8bf4\u86cb\u75bc\uff0c\u4e8e\u662f\u4e00\u5bb6\u4eba\u8dd1\u5230O\u533b\u9662\uff08\u6b64\u65f6\u521a\u8fc7\u665a8\u70b9\uff0c\u79bb\u8be5\u533b\u9662\u95e8\u53e3\u5199\u7684\u4e0b\u73ed\u65f6\u95f4\u5c1a\u6709\u8fd1\u534a\u5c0f\u65f6\uff09\uff0c\u524d\u53f0\u8bf4\u533b\u751f\u4e0b\u73ed\u4e86\uff0c\u53bbP\u533b\u9662\u5427\u3002\u8d76\u5230P\u533b\u9662\uff0c\u533b\u751f\u634f\u4e86\u4e00\u628a\uff0c\u8bf4\u4f60\u8fd9\u662f\u777e\u4e38\u708e\u554a\uff0c\u6211\u4eec\u770b\u8fd9\u4e2a\u4e0d\u4e13\u4e1a\uff0c\u53bbQ\u533b\u9662\u5427\u3002 \u200b\u200b\u200b","source":"\u5fae\u535a weibo.com","favorited":false,"is_paid":false,"mblog_vip_type":0,"user":{"id":1401527553,"screen_name":"tombkeeper","profile_image_url":"https:\/\/tva2.sinaimg.cn\/crop.0.0.180.180.180\/53899d01jw8fcb9qpe7vbj2050050mx8.jpg","profile_url":"https:\/\/m.weibo.cn\/u\/1401527553?uid=1401527553&luicode=10000011&lfid=1076031401527553","statuses_count":15425,"verified":true,"verified_type":0,"verified_type_ext":1,"verified_reason":"\u77e5\u540d\u4e92\u8054\u7f51\u8d44\u8baf\u535a\u4e3b","close_blue_v":false,"description":"\u5fae\u535a\u672c\u5730\u8d44\u8baf\u535a\u4e3b\uff08\u521a\u679c\u5e03\u62c9\u67f4\u7ef4\u5c14\uff09","gender":"m","mbtype":12,"urank":48,"mbrank":6,"follow_me":false,"following":false,"followers_count":192533,"follow_count":277,"cover_image_phone":"https:\/\/tva1.sinaimg.cn\/crop.0.0.640.640.640\/549d0121tw1egm1kjly3jj20hs0hsq4f.jpg","avatar_hd":"https:\/\/ww2.sinaimg.cn\/orj480\/53899d01jw8fcb9qpe7vbj2050050mx8.jpg","like":false,"like_me":false,"badge":{"bind_taobao":1,"dzwbqlx_2016":1,"follow_whitelist_video":1,"hongbao_2018":1}},"reposts_count":0,"comments_count":0,"attitudes_count":0,"pending_approval_count":0,"isLongText":false,"visible":{"type":0,"list_id":0},"more_info_type":0,"content_auth":0,"edit_config":{"edited":false},"mblogtype":0,"bid":"xo8XrpEnC"},"show_type":0},{"card_type":9,"itemid":"1076031401527553_-_3357513119100556","scheme":"https:\/\/m.weibo.cn\/status\/xo8b5Cbta?mblogid=xo8b5Cbta&luicode=10000011&lfid=1076031401527553","mblog":{"created_at":"2011-09-14","id":"3357513119100556","idstr":"3357513119100556","mid":"3357513119100556","can_edit":false,"text":"\u6709\u4eba\u95ee\u201c\u515a\u5316\u6c11\u65cf\u4e3b\u4e49\u8005\u201d\u662f\u5565\u610f\u601d\uff0c\u89e3\u91ca\u4e00\u4e0b\uff1a1\u3001\u7c7b\u4f3c\u300a\u89e3\u4f53\u4ee5\u540e\uff1a\u6c11\u4e3b\u7684\u5e0c\u671b\u4e0e\u5931\u671b\u300b<a data-url=\"http:\/\/t.cn\/a1RckN\" target=\"_blank\" href=\"https:\/\/weibo.cn\/sinaurl\/blocked07fd6e21?luicode=10000011&lfid=1076031401527553&u=http%3A%2F%2Fcn.wsj.com%2Fgb%2F20110908%2FZTZ074329.asp&ep=xo8b5Cbta%252C1401527553%252Cxo8b5Cbta%252C1401527553\" class=\"\"><span class=\"url-icon\"><img src=\"\/\/h5.sinaimg.cn\/upload\/2015\/09\/25\/3\/timeline_card_small_web_default.png\"><\/span><\/i><span class=\"surl-text\">\u7f51\u9875\u94fe\u63a5<\/a> \u8fd9\u6837\u7684\u6587\u7ae0\uff0c\u4ed6\u4eec\u770b\u5230\u540e\u4f1a\u6709\u5982\u83b7\u81f3\u5b9d\u7684\u611f\u89c9\uff0c\u5fc3\u8df3\u660e\u663e\u52a0\u5feb\u30022\u3001\u770b\u5230\u201c\u515a\u5316\u6c11\u65cf\u4e3b\u4e49\u8005\u201d\u8fd9\u4e2a\u79f0\u547c\u7684\u65f6\u5019\uff0c\u666e\u901a\u4eba\u6839\u672c\u4e0d\u4f1a\u5f80\u81ea\u5df1\u8eab\u4e0a\u8054\u7cfb\u3002\u4ed6\u4eec\u4f1a\u4f7f\u52b2\u60f3\uff0c\u8fdb\u884c\u5404\u79cd\u903b\u8f91\u63a8\u7406\uff0c\u7ec8\u4e8e\u8bc1\u660e\u81ea\u5df1\u4e0d\u662f\u3002 \u200b\u200b\u200b","source":"\u5fae\u535a weibo.com","favorited":false,"is_paid":false,"mblog_vip_type":0,"user":{"id":1401527553,"screen_name":"tombkeeper","profile_image_url":"https:\/\/tva2.sinaimg.cn\/crop.0.0.180.180.180\/53899d01jw8fcb9qpe7vbj2050050mx8.jpg","profile_url":"https:\/\/m.weibo.cn\/u\/1401527553?uid=1401527553&luicode=10000011&lfid=1076031401527553","statuses_count":15425,"verified":true,"verified_type":0,"verified_type_ext":1,"verified_reason":"\u77e5\u540d\u4e92\u8054\u7f51\u8d44\u8baf\u535a\u4e3b","close_blue_v":false,"description":"\u5fae\u535a\u672c\u5730\u8d44\u8baf\u535a\u4e3b\uff08\u521a\u679c\u5e03\u62c9\u67f4\u7ef4\u5c14\uff09","gender":"m","mbtype":12,"urank":48,"mbrank":6,"follow_me":false,"following":false,"followers_count":192533,"follow_count":277,"cover_image_phone":"https:\/\/tva1.sinaimg.cn\/crop.0.0.640.640.640\/549d0121tw1egm1kjly3jj20hs0hsq4f.jpg","avatar_hd":"https:\/\/ww2.sinaimg.cn\/orj480\/53899d01jw8fcb9qpe7vbj2050050mx8.jpg","like":false,"like_me":false,"badge":{"bind_taobao":1,"dzwbqlx_2016":1,"follow_whitelist_video":1,"hongbao_2018":1}},"reposts_count":0,"comments_count":1,"attitudes_count":0,"pending_approval_count":0,"isLongText":false,"visible":{"type":0,"list_id":0},"more_info_type":0,"content_auth":0,"edit_config":{"edited":false},"mblogtype":0,"bid":"xo8b5Cbta"},"show_type":0},{"card_type":9,"itemid":"1076031401527553_-_3357478994069701","scheme":"https:\/\/m.weibo.cn\/status\/xo7i3h4Il?mblogid=xo7i3h4Il&luicode=10000011&lfid=1076031401527553","mblog":{"created_at":"2011-09-14","id":"3357478994069701","idstr":"3357478994069701","mid":"3357478994069701","can_edit":false,"text":"\u6211\u770b\u8fc7\u4e00\u4e2a\u8c08\u6e05\u534e\u5317\u5927\u4e4b\u5f02\u540c\u7684\u8bf4\u6cd5\uff1a\u5317\u5927\u5b66\u751f\u4e00\u8fb9\u9a82\u8fd9\u4e2a\u793e\u4f1a\u4e00\u8fb9\u51fa\u56fd\uff0c\u800c\u6e05\u534e\u5b66\u751f\u4e00\u8fb9\u8d5e\u626c\u8fd9\u4e2a\u793e\u4f1a\u4e00\u8fb9\u51fa\u56fd\u3002\u7136\u540e\u8bfbphd\uff0c\u627e\u5de5\u4f5c\uff0c\u62ff\u7eff\u5361\uff0c\u5b9a\u5c45\u3002","source":"\u5fae\u535a weibo.com","favorited":false,"is_paid":false,"mblog_vip_type":0,"user":{"id":1401527553,"screen_name":"tombkeeper","profile_image_url":"https:\/\/tva2.sinaimg.cn\/crop.0.0.180.180.180\/53899d01jw8fcb9qpe7vbj2050050mx8.jpg","profile_url":"https:\/\/m.weibo.cn\/u\/1401527553?uid=1401527553&luicode=10000011&lfid=1076031401527553","statuses_count":15425,"verified":true,"verified_type":0,"verified_type_ext":1,"verified_reason":"\u77e5\u540d\u4e92\u8054\u7f51\u8d44\u8baf\u535a\u4e3b","close_blue_v":false,"description":"\u5fae\u535a\u672c\u5730\u8d44\u8baf\u535a\u4e3b\uff08\u521a\u679c\u5e03\u62c9\u67f4\u7ef4\u5c14\uff09","gender":"m","mbtype":12,"urank":48,"mbrank":6,"follow_me":false,"following":false,"followers_count":192533,"follow_count":277,"cover_image_phone":"https:\/\/tva1.sinaimg.cn\/crop.0.0.640.640.640\/549d0121tw1egm1kjly3jj20hs0hsq4f.jpg","avatar_hd":"https:\/\/ww2.sinaimg.cn\/orj480\/53899d01jw8fcb9qpe7vbj2050050mx8.jpg","like":false,"like_me":false,"badge":{"bind_taobao":1,"dzwbqlx_2016":1,"follow_whitelist_video":1,"hongbao_2018":1}},"retweeted_status":{"created_at":"2011-09-14","id":"3357476890443073","idstr":"3357476890443073","mid":"3357476890443073","can_edit":false,"text":"<a href='https:\/\/m.weibo.cn\/n\/\u58f0\u97f3\u6cd5\u6cbb\u5468\u520a'>@\u58f0\u97f3\u6cd5\u6cbb\u5468\u520a<\/a>\u201c\u4f60\u5bf9911\u4e8b\u4ef6\u505a\u4f55\u53cd\u5e94?\u201d\uff0d\uff0d\u8bb0\u8005\u3000\u201c\u5f88\u9ad8\u5174\uff0c\u56e0\u4e3a\u5b83\u662f\u9738\u6743\u4e3b\u4e49\u3002\u201d\uff0d\uff0d\u5929\u5b89\u95e8\u54e5 \u201c\u7ed9\u4f60\u673a\u4f1a\u53bb\u7f8e\u56fd\u4f60\u613f\u610f\u5417?\u201d\uff0d\uff0d\u8bb0\u8005\u3000\u201c\u6211\u5df2\u7ecf\u7533\u8bf7\u53bb\u4e86\u3002\u201d\uff0d\uff0d\u5929\u5b89\u95e8\u54e5\u3000\u201c\u53bb\u591a\u4e45?\u201d\uff0d\uff0d\u8bb0\u8005\u3000\u201c\u80fd\u4e0d\u56de\u6765\u5c31\u4e0d\u56de\u6765\u4e86\u3002\u201d\uff0d\uff0d\u5929\u5b89\u95e8\u54e5\u3000\u51e4\u51f0\u7f51911\u5341\u5468\u5e74\u8282\u76ee\u5bf9\u201c\u5929\u5b89\u95e8\u54e5\u201d\u7684\u91c7\u8bbf<a data-url=\"http:\/\/t.cn\/a1uXbV\" target=\"_blank\" href=\"https:\/\/weibo.cn\/sinaurl\/blocked021ef023?luicode=10000011&lfid=1076031401527553&u=http%3A%2F%2Fnews.ifeng.com%2Fworld%2Fspecial%2F911shizhounian%2Fjilupian.shtml&ep=xo7eF1Rgl%252C1645087787%252Cxo7eF1Rgl%252C1645087787\" class=\"\"><span class=\"url-icon\"><img src=\"\/\/h5.sinaimg.cn\/upload\/2015\/09\/25\/3\/timeline_card_small_web_default.png\"><\/span><\/i><span class=\"surl-text\">\u7f51\u9875\u94fe\u63a5<\/a> \u200b\u200b\u200b","source":"\u6cd5\u5929\u4e0b","favorited":false,"thumbnail_pic":"http:\/\/ww3.sinaimg.cn\/thumbnail\/620e0c2bjw1dl4q011qm3j.jpg","bmiddle_pic":"http:\/\/ww3.sinaimg.cn\/bmiddle\/620e0c2bjw1dl4q011qm3j.jpg","original_pic":"http:\/\/ww3.sinaimg.cn\/large\/620e0c2bjw1dl4q011qm3j.jpg","is_paid":false,"mblog_vip_type":0,"user":{"id":1645087787,"screen_name":"\u6cd5\u5929\u4e0b","profile_image_url":"https:\/\/tva4.sinaimg.cn\/crop.0.0.180.180.180\/620e0c2bjw1e8qgp5bmzyj2050050aa8.jpg","profile_url":"https:\/\/m.weibo.cn\/u\/1645087787?uid=1645087787&luicode=10000011&lfid=1076031401527553","statuses_count":3599,"verified":true,"verified_type":2,"verified_type_ext":0,"verified_reason":"\u6cd5\u5929\u4e0b\u7f51\u7ad9\u5b98\u65b9\u5fae\u535a","close_blue_v":false,"description":"\u6cd5\u5929\u4e0b( www.fatianxia.com )\u90ae\u4ef6\u671f\u520a\u7531\u6cd5\u5929\u4e0b\u7f51\u7ad9\u4e3b\u529e\uff0c\u90ae\u4ef6\u5185\u5bb9\u5305\u62ec\u96c5\u5178\u5b66\u56ed\u7f51\u7ad9\u6bcf\u6708\u7cbe\u9009\u65e5\u5fd7\u3001\u300a\u58f0\u97f3\u6cd5\u6cbb\u5468\u520a\u300b\u7b49\u5185\u5bb9\u3002\u65e8\u5728\u4e3a\u5e7f\u5927\u6cd5\u5f8b\u4eba\u63d0\u4f9b\u56fd\u5185\u5916\u6700\u65b0\u7684\u6cd5\u6cbb\u8d44\u8baf\u3001\u601d\u60f3\u6210\u679c\u3002\u6bcf\u5468\u6700\u591a\u53d1\u9001\u4e00\u5c01\u3002 \u8ba2\u9605\u5730\u5740\uff1a  http:\/\/t.cn\/hBUQss","gender":"m","mbtype":0,"urank":14,"mbrank":0,"follow_me":false,"following":false,"followers_count":18329,"follow_count":624,"cover_image_phone":"https:\/\/tva1.sinaimg.cn\/crop.0.0.640.640.640\/549d0121tw1egm1kjly3jj20hs0hsq4f.jpg","avatar_hd":"https:\/\/ww4.sinaimg.cn\/orj480\/620e0c2bjw1e8qgp5bmzyj2050050aa8.jpg","like":false,"like_me":false},"reposts_count":31,"comments_count":13,"attitudes_count":0,"pending_approval_count":0,"isLongText":false,"visible":{"type":0,"list_id":0},"more_info_type":0,"content_auth":0,"edit_config":{"edited":false},"bid":"xo7eF1Rgl","pics":[{"pid":"620e0c2bjw1dl4q011qm3j","url":"https:\/\/ww3.sinaimg.cn\/orj360\/620e0c2bjw1dl4q011qm3j.jpg","size":"orj360","geo":false,"large":{"size":"large","url":"https:\/\/ww3.sinaimg.cn\/large\/620e0c2bjw1dl4q011qm3j.jpg","geo":false}}]},"reposts_count":12,"comments_count":4,"attitudes_count":0,"pending_approval_count":0,"isLongText":false,"visible":{"type":0,"list_id":0},"more_info_type":0,"content_auth":0,"edit_config":{"edited":false},"mblogtype":0,"obj_ext":"","raw_text":"\u6211\u770b\u8fc7\u4e00\u4e2a\u8c08\u6e05\u534e\u5317\u5927\u4e4b\u5f02\u540c\u7684\u8bf4\u6cd5\uff1a\u5317\u5927\u5b66\u751f\u4e00\u8fb9\u9a82\u8fd9\u4e2a\u793e\u4f1a\u4e00\u8fb9\u51fa\u56fd\uff0c\u800c\u6e05\u534e\u5b66\u751f\u4e00\u8fb9\u8d5e\u626c\u8fd9\u4e2a\u793e\u4f1a\u4e00\u8fb9\u51fa\u56fd\u3002\u7136\u540e\u8bfbphd\uff0c\u627e\u5de5\u4f5c\uff0c\u62ff\u7eff\u5361\uff0c\u5b9a\u5c45\u3002","bid":"xo7i3h4Il"},"show_type":0},{"card_type":9,"itemid":"1076031401527553_-_3357472954288236","scheme":"https:\/\/m.weibo.cn\/status\/xo78jhZz6?mblogid=xo78jhZz6&luicode=10000011&lfid=1076031401527553","mblog":{"created_at":"2011-09-14","id":"3357472954288236","idstr":"3357472954288236","mid":"3357472954288236","can_edit":false,"text":"\u770b\u8d77\u6765\u662f\u56fe\u50cf\u5904\u7406\u5e93\u7684\u95ee\u9898\uff0c\u65e0\u6cd5\u89e3\u6790\u67d0\u4e9bPNG\u56fe\u7247\u3002\u6240\u4ee5\u56fe\u7247\u4e0a\u6c34\u5370\u4e5f\u6ca1\u6253\u3002","source":"\u5fae\u535a weibo.com","favorited":false,"is_paid":false,"mblog_vip_type":0,"user":{"id":1401527553,"screen_name":"tombkeeper","profile_image_url":"https:\/\/tva2.sinaimg.cn\/crop.0.0.180.180.180\/53899d01jw8fcb9qpe7vbj2050050mx8.jpg","profile_url":"https:\/\/m.weibo.cn\/u\/1401527553?uid=1401527553&luicode=10000011&lfid=1076031401527553","statuses_count":15425,"verified":true,"verified_type":0,"verified_type_ext":1,"verified_reason":"\u77e5\u540d\u4e92\u8054\u7f51\u8d44\u8baf\u535a\u4e3b","close_blue_v":false,"description":"\u5fae\u535a\u672c\u5730\u8d44\u8baf\u535a\u4e3b\uff08\u521a\u679c\u5e03\u62c9\u67f4\u7ef4\u5c14\uff09","gender":"m","mbtype":12,"urank":48,"mbrank":6,"follow_me":false,"following":false,"followers_count":192533,"follow_count":277,"cover_image_phone":"https:\/\/tva1.sinaimg.cn\/crop.0.0.640.640.640\/549d0121tw1egm1kjly3jj20hs0hsq4f.jpg","avatar_hd":"https:\/\/ww2.sinaimg.cn\/orj480\/53899d01jw8fcb9qpe7vbj2050050mx8.jpg","like":false,"like_me":false,"badge":{"bind_taobao":1,"dzwbqlx_2016":1,"follow_whitelist_video":1,"hongbao_2018":1}},"retweeted_status":{"created_at":"2011-09-14","id":"3357470787389227","idstr":"3357470787389227","mid":"3357470787389227","can_edit":false,"text":"\u5fae\u535a\u4f3c\u4e4e\u6709\u4e2a\u4e0d\u5c0f\u7684Bug? \u8bf7\u770b\u8fd9\u6761\u5fae\u535a\uff1a<a data-url=\"http:\/\/weibo.com\/1735747402\/xo6Qt0Ou1\" href=\"http:\/\/weibo.com\/1735747402\/xo6Qt0Ou1?luicode=10000011&lfid=1076031401527553&ep=xo74Ov0h5%252C1577826897%252Cxo74Ov0h5%252C1577826897\" data-hide=\"\"><span class=\"url-icon\"><img src=\"\/\/h5.sinaimg.cn\/upload\/2015\/09\/25\/3\/timeline_card_small_web_default.png\"><\/span><\/i><span class=\"surl-text\">\u7f51\u9875\u94fe\u63a5<\/a> \u70b9\u51fb\u5927\u56fe\u8fd8\u662f\u6709\u56fe\u7247\u7684\uff0c\u7f29\u7565\u56fe\u4e3a\u4f55\u662f\u7a7a\u767d\uff1f\u5fae\u535a\u8d1f\u8d23\u524d\u7aef\u7684\u540c\u5b66\u770b\u8fc7\u6765... \u200b\u200b\u200b","source":"\u5fae\u535a weibo.com","favorited":false,"is_paid":false,"mblog_vip_type":0,"user":{"id":1577826897,"screen_name":"Fenng","profile_image_url":"https:\/\/tva3.sinaimg.cn\/crop.0.0.750.750.180\/5e0bba51jw8eznr420aofj20ku0kudgf.jpg","profile_url":"https:\/\/m.weibo.cn\/u\/1577826897?uid=1577826897&luicode=10000011&lfid=1076031401527553","statuses_count":25422,"verified":true,"verified_type":0,"verified_type_ext":1,"verified_reason":"\u300c\u5c0f\u9053\u6d88\u606f\u300d\u51fa\u54c1\u4eba","close_blue_v":false,"description":"\u624b\u827a\u4eba\uff0c\u5199\u5b57\u513f\u7684\u3002\u505a\u8fc7\u4e0d\u4f1a\u5199\u4ee3\u7801\u7684\u6c34\u8d27 CTO\u3002\u73b0\u5728\u6b63\u5728\u521b\u4e1a\u3002","gender":"m","mbtype":12,"urank":48,"mbrank":7,"follow_me":false,"following":false,"followers_count":1825690,"follow_count":3629,"cover_image_phone":"https:\/\/tva1.sinaimg.cn\/crop.0.0.640.640.640\/9d44112bjw1f1xl1c10tuj20hs0hs0tw.jpg","avatar_hd":"https:\/\/ww3.sinaimg.cn\/orj480\/5e0bba51jw8eznr420aofj20ku0kudgf.jpg","like":false,"like_me":false,"badge":{"bind_taobao":1,"self_media":1,"dzwbqlx_2016":1,"follow_whitelist_video":1,"hongbao_2018":1,"user_name_certificate":1}},"reposts_count":7,"comments_count":16,"attitudes_count":0,"pending_approval_count":0,"isLongText":false,"visible":{"type":0,"list_id":0},"more_info_type":0,"content_auth":0,"edit_config":{"edited":false},"bid":"xo74Ov0h5"},"reposts_count":0,"comments_count":1,"attitudes_count":0,"pending_approval_count":0,"isLongText":false,"visible":{"type":0,"list_id":0},"more_info_type":0,"content_auth":0,"edit_config":{"edited":false},"mblogtype":0,"obj_ext":"","raw_text":"\u770b\u8d77\u6765\u662f\u56fe\u50cf\u5904\u7406\u5e93\u7684\u95ee\u9898\uff0c\u65e0\u6cd5\u89e3\u6790\u67d0\u4e9bPNG\u56fe\u7247\u3002\u6240\u4ee5\u56fe\u7247\u4e0a\u6c34\u5370\u4e5f\u6ca1\u6253\u3002","bid":"xo78jhZz6"},"show_type":0},{"card_type":9,"itemid":"1076031401527553_-_3357470777619545","scheme":"https:\/\/m.weibo.cn\/status\/xo74NvYbT?mblogid=xo74NvYbT&luicode=10000011&lfid=1076031401527553","mblog":{"created_at":"2011-09-14","id":"3357470777619545","idstr":"3357470777619545","mid":"3357470777619545","can_edit":false,"text":"\u80a1\u6c11\uff1a\u8a93\u6b7b\u4e0e\u5238\u5546\u8840\u6218\u5230\u5e95\uff0c\u4e0d\u9000\u67e5\u4ef7\u8a93\u4e0d\u7f62\u4f11\uff01 \/\/<a href='https:\/\/m.weibo.cn\/n\/yuange1975'>@yuange1975<\/a>\uff1a\u623f\u4ef7\u5c31\u662f\u8fd9\u4e48\u88ab\u7092\u4e0a\u6765\u7684\uff0c\u5982\u679c\u964d\u4ef7\u90fd\u9000\u5dee\u4ef7\uff0c\u623f\u4ef7\u8fd8\u964d\u4e0d\u4e0b\u53bb\u3002","source":"\u5fae\u535a weibo.com","favorited":false,"is_paid":false,"mblog_vip_type":0,"user":{"id":1401527553,"screen_name":"tombkeeper","profile_image_url":"https:\/\/tva2.sinaimg.cn\/crop.0.0.180.180.180\/53899d01jw8fcb9qpe7vbj2050050mx8.jpg","profile_url":"https:\/\/m.weibo.cn\/u\/1401527553?uid=1401527553&luicode=10000011&lfid=1076031401527553","statuses_count":15425,"verified":true,"verified_type":0,"verified_type_ext":1,"verified_reason":"\u77e5\u540d\u4e92\u8054\u7f51\u8d44\u8baf\u535a\u4e3b","close_blue_v":false,"description":"\u5fae\u535a\u672c\u5730\u8d44\u8baf\u535a\u4e3b\uff08\u521a\u679c\u5e03\u62c9\u67f4\u7ef4\u5c14\uff09","gender":"m","mbtype":12,"urank":48,"mbrank":6,"follow_me":false,"following":false,"followers_count":192533,"follow_count":277,"cover_image_phone":"https:\/\/tva1.sinaimg.cn\/crop.0.0.640.640.640\/549d0121tw1egm1kjly3jj20hs0hsq4f.jpg","avatar_hd":"https:\/\/ww2.sinaimg.cn\/orj480\/53899d01jw8fcb9qpe7vbj2050050mx8.jpg","like":false,"like_me":false,"badge":{"bind_taobao":1,"dzwbqlx_2016":1,"follow_whitelist_video":1,"hongbao_2018":1}},"pid":3357470194587726,"retweeted_status":{"created_at":"2011-09-13","id":"3357301905883304","idstr":"3357301905883304","mid":"3357301905883304","can_edit":false,"text":"\u5317\u4eac\u901a\u5dde\u4eac\u8d38\u56fd\u9645\u57ce\u518d\u964d6000\u5143\uff0c\u7ef4\u6743\u7206\u53d1\u6d41\u8840\u51b2\u7a81\u2014\u2014\u53bb\u5e74\u5e95\u964d\u4ef77000\u5143\uff0c\u82e6\u649110\u6708\u4f9d\u7136\u65e0\u6cd5\u51fa\u8d27\uff0c\u524d\u4e0d\u4e45\u518d\u964d6000\u5143\uff0c\u4e0a\u5343\u8001\u4e1a\u4e3b\u4e00\u591c\u84b8\u53d1\u767e\u4e07.9\u670810\uff0c\u6124\u6012\u7684\u4e1a\u4e3b\u8fde\u7eed\u4e24\u5929\u6d8c\u81f3\u552e\u697c\u5904,11\u65e5\u4e0b\u5348,\u5f00\u53d1\u5546\u7684\u4e00\u4f4d\u526f\u603b\u90dd\u519b\u9189\u9152\u9a7e\u8f66\u51b2\u649e\u4e1a\u4e3b\uff0c\u5bfc\u81f4\u4e00\u4f4d\u8001\u5e74\u4e1a\u4e3b\u53d7\u4f24\u5012\u5730<a data-url=\"http:\/\/t.cn\/aBEjpU\" target=\"_blank\" href=\"https:\/\/weibo.cn\/sinaurl\/blockeda6eea8a5?luicode=10000011&lfid=1076031401527553&u=http%3A%2F%2Fhouse.focus.cn%2Fmsgview%2F7273%2F219219827.html&ep=xo2GqoGw0%252C1730913071%252Cxo2GqoGw0%252C1730913071\" class=\"\"><span class=\"url-icon\"><img src=\"\/\/h5.sinaimg.cn\/upload\/2015\/09\/25\/3\/timeline_card_small_web_default.png\"><\/span><\/i><span class=\"surl-text\">\u7f51\u9875\u94fe\u63a5<\/a> <a href='https:\/\/m.weibo.cn\/n\/\u641c\u72d0\u7126\u70b9\u53cc\u7389'>@\u641c\u72d0\u7126\u70b9\u53cc\u7389<\/a> \u200b\u200b\u200b","source":"\u5fae\u535a weibo.com","favorited":false,"thumbnail_pic":"http:\/\/ww2.sinaimg.cn\/thumbnail\/672ba32ftw1dl45wpxw2ej.jpg","bmiddle_pic":"http:\/\/ww2.sinaimg.cn\/bmiddle\/672ba32ftw1dl45wpxw2ej.jpg","original_pic":"http:\/\/ww2.sinaimg.cn\/large\/672ba32ftw1dl45wpxw2ej.jpg","is_paid":false,"mblog_vip_type":0,"user":{"id":1730913071,"screen_name":"\u8fd9\u4e2a\u56fd\u5bb6\u5b8c\u4e86","profile_image_url":"https:\/\/tva2.sinaimg.cn\/crop.0.0.180.180.180\/672ba32fjw1e8qgp5bmzyj2050050aa8.jpg","profile_url":"https:\/\/m.weibo.cn\/u\/1730913071?uid=1730913071&luicode=10000011&lfid=1076031401527553","statuses_count":1098,"verified":false,"verified_type":-1,"close_blue_v":false,"description":"@\u56fd\u5bb6\u771f\u76f8 \u5907\u7528\u5fae\u535a\uff01@\u56fd\u5bb6\u771f\u76f8 \u5fae\u535a\u5df2\u88ab\u5c01\u6740\uff0c\u65b0\u5f00@\u56fd\u5bb6\u7684\u771f\u76f8 \u5fae\u535a\uff0c\u6b22\u8fce\u5173\u6ce8\uff01","gender":"m","mbtype":0,"urank":4,"mbrank":0,"follow_me":false,"following":false,"followers_count":2038,"follow_count":1839,"cover_image_phone":"https:\/\/tva1.sinaimg.cn\/crop.0.0.640.640.640\/549d0121tw1egm1kjly3jj20hs0hsq4f.jpg","avatar_hd":"https:\/\/ww2.sinaimg.cn\/orj480\/672ba32fjw1e8qgp5bmzyj2050050aa8.jpg","like":false,"like_me":false},"reposts_count":1151,"comments_count":463,"attitudes_count":0,"pending_approval_count":0,"isLongText":false,"visible":{"type":0,"list_id":0},"more_info_type":0,"content_auth":0,"edit_config":{"edited":false},"bid":"xo2GqoGw0","pics":[{"pid":"672ba32ftw1dl45wpxw2ej","url":"https:\/\/ww2.sinaimg.cn\/orj360\/672ba32ftw1dl45wpxw2ej.jpg","size":"orj360","geo":false,"large":{"size":"large","url":"https:\/\/ww2.sinaimg.cn\/large\/672ba32ftw1dl45wpxw2ej.jpg","geo":false}}]},"reposts_count":1,"comments_count":0,"attitudes_count":0,"pending_approval_count":0,"isLongText":false,"visible":{"type":0,"list_id":0},"more_info_type":0,"content_auth":0,"edit_config":{"edited":false},"mblogtype":0,"obj_ext":"","raw_text":"\u80a1\u6c11\uff1a\u8a93\u6b7b\u4e0e\u5238\u5546\u8840\u6218\u5230\u5e95\uff0c\u4e0d\u9000\u67e5\u4ef7\u8a93\u4e0d\u7f62\u4f11\uff01 \/\/@yuange1975\uff1a\u623f\u4ef7\u5c31\u662f\u8fd9\u4e48\u88ab\u7092\u4e0a\u6765\u7684\uff0c\u5982\u679c\u964d\u4ef7\u90fd\u9000\u5dee\u4ef7\uff0c\u623f\u4ef7\u8fd8\u964d\u4e0d\u4e0b\u53bb\u3002","bid":"xo74NvYbT"},"show_type":0},{"card_type":9,"itemid":"1076031401527553_-_3357454902482808","scheme":"https:\/\/m.weibo.cn\/status\/xo6FcapTi?mblogid=xo6FcapTi&luicode=10000011&lfid=1076031401527553","mblog":{"created_at":"2011-09-14","id":"3357454902482808","idstr":"3357454902482808","mid":"3357454902482808","can_edit":false,"text":"\u8fd9\u662f\u7f16\u4e2d\u56fd\u5f0f\u4f20\u8bf4\u7684\u597d\u7d20\u6750\u554a\uff1a\u4e00\u4e2a\u524d\u4e16\u8d2a\u94b1\u5982\u547d\u7684\u4eba\u2026\u2026\uff08\u6b64\u5904\u7701\u7565\u82e5\u5e72\u4e3a\u5bcc\u4e0d\u4ec1\u7684\u60c5\u8282\uff09\u2026\u2026\u4e8e\u662f\u8f6c\u4e16\u4e3a\u6b64\u6811\uff0c\u53d7\u4e07\u94b1\u7a7f\u8eab\u4e4b\u82e6\u3002 \/\/<a href='https:\/\/m.weibo.cn\/n\/li_qun'>@li_qun<\/a>\uff1a\u6050\u6016\uff0c\u8fd9\u79cd\u6811\u80fd\u5b58\u6d3b\u4e0b\u6765\u771f\u4e0d\u5bb9\u6613\u3002","source":"\u5fae\u535a weibo.com","favorited":false,"is_paid":false,"mblog_vip_type":0,"user":{"id":1401527553,"screen_name":"tombkeeper","profile_image_url":"https:\/\/tva2.sinaimg.cn\/crop.0.0.180.180.180\/53899d01jw8fcb9qpe7vbj2050050mx8.jpg","profile_url":"https:\/\/m.weibo.cn\/u\/1401527553?uid=1401527553&luicode=10000011&lfid=1076031401527553","statuses_count":15425,"verified":true,"verified_type":0,"verified_type_ext":1,"verified_reason":"\u77e5\u540d\u4e92\u8054\u7f51\u8d44\u8baf\u535a\u4e3b","close_blue_v":false,"description":"\u5fae\u535a\u672c\u5730\u8d44\u8baf\u535a\u4e3b\uff08\u521a\u679c\u5e03\u62c9\u67f4\u7ef4\u5c14\uff09","gender":"m","mbtype":12,"urank":48,"mbrank":6,"follow_me":false,"following":false,"followers_count":192533,"follow_count":277,"cover_image_phone":"https:\/\/tva1.sinaimg.cn\/crop.0.0.640.640.640\/549d0121tw1egm1kjly3jj20hs0hsq4f.jpg","avatar_hd":"https:\/\/ww2.sinaimg.cn\/orj480\/53899d01jw8fcb9qpe7vbj2050050mx8.jpg","like":false,"like_me":false,"badge":{"bind_taobao":1,"dzwbqlx_2016":1,"follow_whitelist_video":1,"hongbao_2018":1}},"pid":3357452469105722,"retweeted_status":{"created_at":"2011-09-14","id":"3357433838597753","idstr":"3357433838597753","mid":"3357433838597753","can_edit":false,"text":"\u3010\u82f1\u60ca\u73b0\u6570\u68f5&quot;\u6447\u94b1\u6811&quot;\u3011\u4e2d\u65b0\u7f519\u670813\u65e5\u7535 \u636e\u5916\u5a9212\u65e5\u62a5\u9053\uff0c\u4fd7\u5728\u82f1\u56fd\u5317\u7ea6\u514b\u90e1\uff0c\u94b1\u7adf\u7136\u80fd\u4ece\u6811\u4e0a\u957f\u51fa\u6765\uff0c\u6811\u5e72\u4e2d\u5bc6\u5bc6\u9ebb\u9ebb\u5168\u662f\u786c\u5e01\uff0c\u6d3b\u8131\u8131\u662f\u4e00\u68f5\u540d\u526f\u5176\u5b9e\u7684\u201c\u6447\u94b1\u6811\u201d\u3002\u5f53\u5730\u5c45\u6c11\u8c03\u67e5\u53d1\u73b0\uff0c\u8fd9\u4e9b\u957f\u94b1\u7684\u6811\u66fe\u662f\u2018\u8bb8\u613f\u6811\u2019\u3002\u201d \u53e4\u4eba\u8ba4\u4e3a\u5c06\u786c\u5e01\u7838\u8fdb\u6811\u5e72\u53ef\u6d88\u707e\u8f6c\u8fd0\uff0c\u6240\u4ee5\u8bde\u751f\u4e86\u4e00\u68f5\u68f5\u201c\u6447\u94b1\u6811\u201d\u3002 \uff08\u4e2d\u65b0\u7f51\uff09 \u200b\u200b\u200b","source":"\u5fae\u535a weibo.com","favorited":false,"thumbnail_pic":"http:\/\/ww4.sinaimg.cn\/thumbnail\/61e64a12gw1dl4l20v50bj.jpg","bmiddle_pic":"http:\/\/ww4.sinaimg.cn\/bmiddle\/61e64a12gw1dl4l20v50bj.jpg","original_pic":"http:\/\/ww4.sinaimg.cn\/large\/61e64a12gw1dl4l20v50bj.jpg","is_paid":false,"mblog_vip_type":0,"user":{"id":1642482194,"screen_name":"\u521b\u4e1a\u5bb6\u4f20\u5a92","profile_image_url":"https:\/\/tvax1.sinaimg.cn\/crop.13.0.573.573.180\/61e64a12ly8fnhkwpa2hlj20go0go74l.jpg","profile_url":"https:\/\/m.weibo.cn\/u\/1642482194?uid=1642482194&luicode=10000011&lfid=1076031401527553","statuses_count":55384,"verified":true,"verified_type":2,"verified_type_ext":0,"verified_reason":"\u5317\u4eac\u521b\u4e1a\u672a\u6765\u4f20\u5a92\u6280\u672f\u6709\u9650\u516c\u53f8","close_blue_v":false,"description":"\u8bfb\u61c2\u4e2d\u56fd\u6700\u8d5a\u94b1\u76847000\u79cd\u751f\u610f\uff01","gender":"m","mbtype":11,"urank":48,"mbrank":6,"follow_me":false,"following":false,"followers_count":4330263,"follow_count":964,"cover_image_phone":"https:\/\/tva1.sinaimg.cn\/crop.0.0.640.640.640\/6cf8d7ebjw1ehfr4xa8psj20hs0hsgpg.jpg","avatar_hd":"https:\/\/wx1.sinaimg.cn\/orj480\/61e64a12ly8fnhkwpa2hlj20go0go74l.jpg","like":false,"like_me":false,"badge":{"anniversary":1,"bind_taobao":1,"olympic_2016":1,"dzwbqlx_2016":1,"hongbao_2018":1}},"reposts_count":622,"comments_count":219,"attitudes_count":0,"pending_approval_count":0,"isLongText":false,"visible":{"type":0,"list_id":0},"more_info_type":0,"content_auth":0,"edit_config":{"edited":false},"bid":"xo67dA4Fr","pics":[{"pid":"61e64a12gw1dl4l20v50bj","url":"https:\/\/ww4.sinaimg.cn\/orj360\/61e64a12gw1dl4l20v50bj.jpg","size":"orj360","geo":false,"large":{"size":"large","url":"https:\/\/ww4.sinaimg.cn\/large\/61e64a12gw1dl4l20v50bj.jpg","geo":false}}]},"reposts_count":3,"comments_count":1,"attitudes_count":0,"pending_approval_count":0,"isLongText":false,"visible":{"type":0,"list_id":0},"more_info_type":0,"content_auth":0,"edit_config":{"edited":false},"mblogtype":0,"obj_ext":"","raw_text":"\u8fd9\u662f\u7f16\u4e2d\u56fd\u5f0f\u4f20\u8bf4\u7684\u597d\u7d20\u6750\u554a\uff1a\u4e00\u4e2a\u524d\u4e16\u8d2a\u94b1\u5982\u547d\u7684\u4eba\u2026\u2026\uff08\u6b64\u5904\u7701\u7565\u82e5\u5e72\u4e3a\u5bcc\u4e0d\u4ec1\u7684\u60c5\u8282\uff09\u2026\u2026\u4e8e\u662f\u8f6c\u4e16\u4e3a\u6b64\u6811\uff0c\u53d7\u4e07\u94b1\u7a7f\u8eab\u4e4b\u82e6\u3002 \/\/@li_qun\uff1a\u6050\u6016\uff0c\u8fd9\u79cd\u6811\u80fd\u5b58\u6d3b\u4e0b\u6765\u771f\u4e0d\u5bb9\u6613\u3002","bid":"xo6FcapTi"},"show_type":0},{"card_type":9,"itemid":"1076031401527553_-_3357308516819824","scheme":"https:\/\/m.weibo.cn\/status\/xo2R5sC9a?mblogid=xo2R5sC9a&luicode=10000011&lfid=1076031401527553","mblog":{"created_at":"2011-09-13","id":"3357308516819824","idstr":"3357308516819824","mid":"3357308516819824","can_edit":false,"text":"\u4e00\u5f00\u573a\u6211\u4ee5\u4e3a\u662f\u51c9\u5e2d\u6210\u7cbe\uff0c\u540e\u6765\u4ee5\u4e3a\u91ce\u732a\u6210\u7cbe\uff0c\u518d\u540e\u6765\u53c8\u50cf\u662f\u74e6\u7f50\u6210\u7cbe\u3002\u53f7\u79f0\u6050\u6016\u7247\uff0c\u8fde\u5413\u4eba\u90fd\u4e0d\u4f1a\uff0c\u5b8c\u5168\u8c08\u4e0d\u4e0a\u638c\u63e1\u89c2\u4f17\u5fc3\u7406\u8282\u594f\u3002\u5267\u60c5\u57fa\u672c\u5c31\u662f\u963f\u52a0\u838e\u00b7\u514b\u91cc\u65af\u8482\u300a\u5341\u4e2a\u5370\u7b2c\u5b89\u5c0f\u4eba\u300b\u7684\u8111\u6b8b\u7248\u3002\u5f71\u7247\u6574\u4f53\u8fbe\u523080\u5e74\u4ee3\u4e2d\u671f\u4e8c\u6d41\u534a\u6e2f\u7247\u7684\u6c34\u5e73\u3002\u6211\u89c9\u5f97\u4ed6\u4eec\u6709\u671b\u57282046\u5e74\u524d\u8ffd\u523090\u5e74\u4ee3\u3002","source":"S60\u5ba2\u6237\u7aef","favorited":false,"is_paid":false,"mblog_vip_type":0,"user":{"id":1401527553,"screen_name":"tombkeeper","profile_image_url":"https:\/\/tva2.sinaimg.cn\/crop.0.0.180.180.180\/53899d01jw8fcb9qpe7vbj2050050mx8.jpg","profile_url":"https:\/\/m.weibo.cn\/u\/1401527553?uid=1401527553&luicode=10000011&lfid=1076031401527553","statuses_count":15425,"verified":true,"verified_type":0,"verified_type_ext":1,"verified_reason":"\u77e5\u540d\u4e92\u8054\u7f51\u8d44\u8baf\u535a\u4e3b","close_blue_v":false,"description":"\u5fae\u535a\u672c\u5730\u8d44\u8baf\u535a\u4e3b\uff08\u521a\u679c\u5e03\u62c9\u67f4\u7ef4\u5c14\uff09","gender":"m","mbtype":12,"urank":48,"mbrank":6,"follow_me":false,"following":false,"followers_count":192533,"follow_count":277,"cover_image_phone":"https:\/\/tva1.sinaimg.cn\/crop.0.0.640.640.640\/549d0121tw1egm1kjly3jj20hs0hsq4f.jpg","avatar_hd":"https:\/\/ww2.sinaimg.cn\/orj480\/53899d01jw8fcb9qpe7vbj2050050mx8.jpg","like":false,"like_me":false,"badge":{"bind_taobao":1,"dzwbqlx_2016":1,"follow_whitelist_video":1,"hongbao_2018":1}},"retweeted_status":{"created_at":"2011-09-13","id":"3356955008540094","idstr":"3356955008540094","mid":"3356955008540094","can_edit":false,"text":"\u300a\u5b64\u5c9b\u60ca\u9b42\u300b\u7528\u6237\u8bc4\u8bba\uff1a\u524d10\u5206\u949f\u5356\u70b9\u662f\u5c3c\u739b\u6768\u5e42\u7684\u80f8\u554a\uff01\u7136\u540e\u662f\u5c3c\u739b\u8131\u8863\u8d76\u9a6c\u8702\u554a\uff01\u63a5\u4e0b\u6765\u8be5\u662f\u5c3c\u739b\u548c10\u4e2a\u4ebaXX\u7684\u89c6\u89c9\u76db\u5bb4\u554a\u3002\u3002\u3002\u5230\u4ecb\u65f6\u5019\u90fd\u4ee5\u4e3a\u4ecb\u662f\u5c3c\u739b\u7231\u60c5\u52a8\u4f5c\u7535\u5f71\u554a\u3002\u3002\u3002\u4f46\u4ecb\u5c3c\u739b\u662f\u79d1\u5e7b\u7535... <a class='k' href='https:\/\/m.weibo.cn\/k\/%E7%94%B5%E9%A9%B4%E5%A4%A7%E5%85%A8?from=feed'>#\u7535\u9a74\u5927\u5168#<\/a> <a data-url=\"http:\/\/t.cn\/aOadXs\" target=\"_blank\" href=\"https:\/\/weibo.cn\/sinaurl\/blockedd9c5e968?luicode=10000011&lfid=1076031401527553&u=http%3A%2F%2Fwww.verycd.com%2Fentries%2F519194%2Fcomments%2F651108&ep=xnTEUzPFs%252C1642420854%252CxnTEUzPFs%252C1642420854\" class=\"\"><span class=\"url-icon\"><img src=\"\/\/h5.sinaimg.cn\/upload\/2015\/09\/25\/3\/timeline_card_small_web_default.png\"><\/span><\/i><span class=\"surl-text\">\u7f51\u9875\u94fe\u63a5<\/a> \u200b\u200b\u200b","source":"VeryCD\u7535\u9a74\u5171\u4eab","favorited":false,"thumbnail_pic":"http:\/\/ww1.sinaimg.cn\/thumbnail\/61e55a76jw1dl322h18zdj.jpg","bmiddle_pic":"http:\/\/ww1.sinaimg.cn\/bmiddle\/61e55a76jw1dl322h18zdj.jpg","original_pic":"http:\/\/ww1.sinaimg.cn\/large\/61e55a76jw1dl322h18zdj.jpg","is_paid":false,"mblog_vip_type":0,"user":{"id":1642420854,"screen_name":"\u9ec4\u4e00\u5b5f","profile_image_url":"https:\/\/tvax3.sinaimg.cn\/crop.39.0.1900.1900.180\/61e55a76ly8fiscne0fqlj21kw1kxneb.jpg","profile_url":"https:\/\/m.weibo.cn\/u\/1642420854?uid=1642420854&luicode=10000011&lfid=1076031401527553","statuses_count":3990,"verified":true,"verified_type":0,"verified_type_ext":0,"verified_reason":"\u5fc3\u52a8\u7f51\u7edcCEO\uff0cVeryCD\u521b\u59cb\u4eba","close_blue_v":false,"description":"\u5fc3\u52a8\u7f51\u7edcCEO\uff0cVeryCD\u521b\u59cb\u4eba","gender":"m","mbtype":12,"urank":42,"mbrank":7,"follow_me":false,"following":false,"followers_count":99230,"follow_count":598,"cover_image_phone":"https:\/\/tva1.sinaimg.cn\/crop.0.0.640.640.640\/549d0121tw1egm1kjly3jj20hs0hsq4f.jpg","avatar_hd":"https:\/\/wx3.sinaimg.cn\/orj480\/61e55a76ly8fiscne0fqlj21kw1kxneb.jpg","like":false,"like_me":false,"badge":{"anniversary":1,"bind_taobao":1,"unread_pool":1,"unread_pool_ext":1,"follow_whitelist_video":1,"user_name_certificate":1}},"reposts_count":7,"comments_count":9,"attitudes_count":0,"pending_approval_count":0,"isLongText":false,"visible":{"type":0,"list_id":0},"more_info_type":0,"content_auth":0,"edit_config":{"edited":false},"page_info":{"page_pic":{"url":"https:\/\/ww1.sinaimg.cn\/thumb150\/6b62eb84tw1edt5dl710kj2050050aal.jpg"},"page_url":"https:\/\/m.weibo.cn\/p\/index?containerid=10080812506d06c08962941cf2d3b8390c3d56&extparam=%E7%94%B5%E9%A9%B4%E5%A4%A7%E5%85%A8&luicode=10000011&lfid=1076031401527553","page_title":"#\u7535\u9a74\u5927\u5168#","content1":"\u3010\u6446\u8131\u4e0d\u4e86\u67d0\u4e00\u89d2\u8272\u7684\u6f14\u5458\u3011\u5851\u9020\u4e00\u4e2a\u7ecf\u5178\u7684\u89d2\u8272\u662f\u597d\u4e8b\u8fd8\u662f\u574f\u4e8b\u5462\uff1f\u90a3\u4e9b\u6f14\u5458\u56f0\u5728\u4e86\u81ea\u5df1\u5851\u9020\u7684\u4ec0\u4e48\u89d2\u8272\u4e4b\u4e2d\u4e86\u5462\uff1f\u6f14\u5458\u4eec\u505a\u4e86\u4e9b\u4ec0\u4e48\u6765\u6446\u8131\u8fd9\u6837\u7684\u201c\u7ecf\u5178\u89d2\u8272\u201d\u56f0\u5883\u5462\uff1f\u6b22\u8fce\u53c2\u52a0\u8fd9\u6b21\u8ba8\u8bba\uff0c\u8bf4\u8bf4\u90a3\u4e9b\u56f0\u5728\u7279\u5b9a\u89d2\u8272\u4e2d\u7684\u6f14\u5458\u4eec\u3002","content2":"50\u4eba\u5173\u6ce8","type":"topic"},"bid":"xnTEUzPFs","pics":[{"pid":"61e55a76jw1dl322h18zdj","url":"https:\/\/ww1.sinaimg.cn\/orj360\/61e55a76jw1dl322h18zdj.jpg","size":"orj360","geo":false,"large":{"size":"large","url":"https:\/\/ww1.sinaimg.cn\/large\/61e55a76jw1dl322h18zdj.jpg","geo":false}}]},"reposts_count":1,"comments_count":3,"attitudes_count":0,"pending_approval_count":0,"isLongText":false,"visible":{"type":0,"list_id":0},"more_info_type":0,"content_auth":0,"edit_config":{"edited":false},"mblogtype":0,"obj_ext":"","raw_text":"\u4e00\u5f00\u573a\u6211\u4ee5\u4e3a\u662f\u51c9\u5e2d\u6210\u7cbe\uff0c\u540e\u6765\u4ee5\u4e3a\u91ce\u732a\u6210\u7cbe\uff0c\u518d\u540e\u6765\u53c8\u50cf\u662f\u74e6\u7f50\u6210\u7cbe\u3002\u53f7\u79f0\u6050\u6016\u7247\uff0c\u8fde\u5413\u4eba\u90fd\u4e0d\u4f1a\uff0c\u5b8c\u5168\u8c08\u4e0d\u4e0a\u638c\u63e1\u89c2\u4f17\u5fc3\u7406\u8282\u594f\u3002\u5267\u60c5\u57fa\u672c\u5c31\u662f\u963f\u52a0\u838e\u00b7\u514b\u91cc\u65af\u8482\u300a\u5341\u4e2a\u5370\u7b2c\u5b89\u5c0f\u4eba\u300b\u7684\u8111\u6b8b\u7248\u3002\u5f71\u7247\u6574\u4f53\u8fbe\u523080\u5e74\u4ee3\u4e2d\u671f\u4e8c\u6d41\u534a\u6e2f\u7247\u7684\u6c34\u5e73\u3002\u6211\u89c9\u5f97\u4ed6\u4eec\u6709\u671b\u57282046\u5e74\u524d\u8ffd\u523090\u5e74\u4ee3\u3002","bid":"xo2R5sC9a"},"show_type":0},{"card_type":9,"itemid":"1076031401527553_-_3357250618479071","scheme":"https:\/\/m.weibo.cn\/status\/xo1lHzzNd?mblogid=xo1lHzzNd&luicode=10000011&lfid=1076031401527553","mblog":{"created_at":"2011-09-13","id":"3357250618479071","idstr":"3357250618479071","mid":"3357250618479071","can_edit":false,"text":"\u4ece\u8fd9\u4e2a\u8868\u7684\u53ef\u4ee5\u770b\u51fa\uff1a\u5728\u7f8e\u56fd\u505a\u5c0f\u65f6\u5de5\uff0c\u6bcf\u5929\u5de5\u4f5c8\u5c0f\u65f6\uff0c\u6bcf\u5468\u5de5\u4f5c5\u5929\uff0c\u6708\u6536\u5165\u7ea64500\u7f8e\u5143\uff0c\u76f8\u5f53\u4e8e800\u516c\u65a4\u732a\u8089\uff1b\u5728\u4e2d\u56fd\u4ece\u4e8b\u540c\u6837\u5de5\u4f5c\uff0c\u6536\u5165\u76f8\u5f53\u4e8e100\u516c\u65a4\u732a\u8089\uff0c\u4e3a\u7f8e\u56fd\u76841\/8\u3002 \/\/<a href='https:\/\/m.weibo.cn\/n\/wguo3'>@wguo3<\/a>\uff1a\u4f60\u73b0\u5728\u8ba9\u4eba\u514d\u8d39\u79fb\u6c11\uff0c\u4f60\u770b\u6709\u51e0\u4e2a\u6015\u7f8e\u56fd\u8d35\u7684\u3002","source":"\u5fae\u535a weibo.com","favorited":false,"is_paid":false,"mblog_vip_type":0,"user":{"id":1401527553,"screen_name":"tombkeeper","profile_image_url":"https:\/\/tva2.sinaimg.cn\/crop.0.0.180.180.180\/53899d01jw8fcb9qpe7vbj2050050mx8.jpg","profile_url":"https:\/\/m.weibo.cn\/u\/1401527553?uid=1401527553&luicode=10000011&lfid=1076031401527553","statuses_count":15425,"verified":true,"verified_type":0,"verified_type_ext":1,"verified_reason":"\u77e5\u540d\u4e92\u8054\u7f51\u8d44\u8baf\u535a\u4e3b","close_blue_v":false,"description":"\u5fae\u535a\u672c\u5730\u8d44\u8baf\u535a\u4e3b\uff08\u521a\u679c\u5e03\u62c9\u67f4\u7ef4\u5c14\uff09","gender":"m","mbtype":12,"urank":48,"mbrank":6,"follow_me":false,"following":false,"followers_count":192533,"follow_count":277,"cover_image_phone":"https:\/\/tva1.sinaimg.cn\/crop.0.0.640.640.640\/549d0121tw1egm1kjly3jj20hs0hsq4f.jpg","avatar_hd":"https:\/\/ww2.sinaimg.cn\/orj480\/53899d01jw8fcb9qpe7vbj2050050mx8.jpg","like":false,"like_me":false,"badge":{"bind_taobao":1,"dzwbqlx_2016":1,"follow_whitelist_video":1,"hongbao_2018":1}},"pid":3357181727050583,"retweeted_status":{"created_at":"2011-09-13","id":"3357176674889694","idstr":"3357176674889694","mid":"3357176674889694","can_edit":false,"text":"\u3010\u5a92\u4f53\u5206\u6790\u4e2d\u7f8e\u7269\u4ef7\u79f0\u5317\u4eac\u516c\u4ea4\u7b49\u6bd4\u7ebd\u7ea6\u4fbf\u5b9c\u5f97\u591a\u3011\u4eba\u6c11\u65e5\u62a5\u4eca\u65e5\u520a\u6587\u5206\u6790\u4e2d\u7f8e\u7269\u4ef7\uff0c\u79f0\u56fd\u5916\u54c1\u724c\u7684\u666e\u901a\u6d88\u8d39\u54c1\uff0c\u5728\u5317\u4eac\u7684\u786e\u6bd4\u7ebd\u7ea6\u7565\u8d35\uff0c\u8981\u662f\u88ab\u56fd\u4eba\u89c6\u4e3a\u201c\u5962\u4f88\u54c1\u201d\uff0c\u66f4\u662f\u8d35\u5f97\u79bb\u8c31\u3002\u4f46\u662f\u5e02\u5185\u516c\u4ea4\uff0c\u5982\u516c\u4ea4\u3001\u5730\u94c1\u8d39\u7528\uff0c\u7ebd\u7ea6\u662f\u5317\u4eac\u768410\u500d\u3002\u5982\u679c\u6ca1\u6709\u533b\u4fdd\u7684\u8bdd\uff0c\u7ebd\u7ea6\u7684\u533b\u7597\u670d\u52a1\u4ef7\u683c\u4e5f\u6bd4\u5317\u4eac\u8d35\u3002<a data-url=\"http:\/\/t.cn\/aB89yU\" href=\"http:\/\/finance.sina.com.cn\/g\/20110913\/070010469021.shtml?luicode=10000011&lfid=1076031401527553&ep=xnZqrkw22%252C1638782947%252CxnZqrkw22%252C1638782947\" data-hide=\"\"><span class=\"url-icon\"><img src=\"\/\/h5.sinaimg.cn\/upload\/2015\/09\/25\/3\/timeline_card_small_web_default.png\"><\/span><\/i><span class=\"surl-text\">\u7f51\u9875\u94fe\u63a5<\/a> \u200b\u200b\u200b","source":"\u5fae\u535a weibo.com","favorited":false,"thumbnail_pic":"http:\/\/ww2.sinaimg.cn\/thumbnail\/61add7e3tw1dl3rgk9cm2j.jpg","bmiddle_pic":"http:\/\/ww2.sinaimg.cn\/bmiddle\/61add7e3tw1dl3rgk9cm2j.jpg","original_pic":"http:\/\/ww2.sinaimg.cn\/large\/61add7e3tw1dl3rgk9cm2j.jpg","is_paid":false,"mblog_vip_type":0,"user":{"id":1638782947,"screen_name":"\u65b0\u6d6a\u8d22\u7ecf","profile_image_url":"https:\/\/tva1.sinaimg.cn\/crop.0.0.180.180.180\/61add7e3jw8elz207ln0lj2050050aad.jpg","profile_url":"https:\/\/m.weibo.cn\/u\/1638782947?uid=1638782947&luicode=10000011&lfid=1076031401527553","statuses_count":148909,"verified":true,"verified_type":3,"verified_type_ext":0,"verified_reason":"\u65b0\u6d6a\u8d22\u7ecf\u5b98\u65b9\u5fae\u535a","close_blue_v":false,"description":"\u65b0\u6d6a\u8d22\u7ecf\u63d0\u4f9b7*24\u8d22\u7ecf\u8d44\u8baf\u53ca\u5168\u7403\u5e02\u573a\u62a5\u4ef7\uff0c\u8986\u76d6\u80a1\u7968\u3001\u671f\u8d27\u7b49\u591a\u79cd\u9762\u5411\u4e2a\u4eba\u548c\u4f01\u4e1a\u670d\u52a1\uff0c\u4e3b\u6253\u4ea7\u54c1:\u65b0\u6d6a\u8d22\u7ecfAPP\uff0c\u4e3a\u5168\u7403\u534e\u4eba\u9996\u9009\u8d22\u7ecfAPP\uff0c\u5927\u6570\u636e\u8bca\u80a1\u5f00\u653e\u4f53\u9a8c\u4e2d\uff0c\u540d\u5bb6\u9ad8\u624b\u5728\u7ebf\u7b54\u7591\uff0cA\u80a1\u3001\u7f8e\u80a1\u3001\u6e2f\u80a1\u3001\u671f\u8d27\u3001\u5916\u6c47\u6240\u6709\u884c\u60c5\u5c3d\u5728\u638c\u63e1\u3002","gender":"m","mbtype":2,"urank":47,"mbrank":6,"follow_me":false,"following":false,"followers_count":14942204,"follow_count":2236,"cover_image_phone":"https:\/\/tva1.sinaimg.cn\/crop.0.0.640.640.640\/549d0121tw1egm1kjly3jj20hs0hsq4f.jpg","avatar_hd":"https:\/\/ww1.sinaimg.cn\/orj480\/61add7e3jw8elz207ln0lj2050050aad.jpg","like":false,"like_me":false,"badge":{"enterprise":1,"gongyi":1,"zongyiji":1,"olympic_2016":1,"dzwbqlx_2016":1,"follow_whitelist_video":1,"hongbao_2018":1}},"reposts_count":656,"comments_count":441,"attitudes_count":0,"pending_approval_count":0,"isLongText":false,"visible":{"type":0,"list_id":0},"more_info_type":0,"content_auth":0,"edit_config":{"edited":false},"bid":"xnZqrkw22","pics":[{"pid":"61add7e3tw1dl3rgk9cm2j","url":"https:\/\/ww2.sinaimg.cn\/orj360\/61add7e3tw1dl3rgk9cm2j.jpg","size":"orj360","geo":false,"large":{"size":"large","url":"https:\/\/ww2.sinaimg.cn\/large\/61add7e3tw1dl3rgk9cm2j.jpg","geo":false}}]},"reposts_count":5,"comments_count":6,"attitudes_count":0,"pending_approval_count":0,"isLongText":false,"visible":{"type":0,"list_id":0},"more_info_type":0,"content_auth":0,"edit_config":{"edited":false},"mblogtype":0,"obj_ext":"","raw_text":"\u4ece\u8fd9\u4e2a\u8868\u7684\u53ef\u4ee5\u770b\u51fa\uff1a\u5728\u7f8e\u56fd\u505a\u5c0f\u65f6\u5de5\uff0c\u6bcf\u5929\u5de5\u4f5c8\u5c0f\u65f6\uff0c\u6bcf\u5468\u5de5\u4f5c5\u5929\uff0c\u6708\u6536\u5165\u7ea64500\u7f8e\u5143\uff0c\u76f8\u5f53\u4e8e800\u516c\u65a4\u732a\u8089\uff1b\u5728\u4e2d\u56fd\u4ece\u4e8b\u540c\u6837\u5de5\u4f5c\uff0c\u6536\u5165\u76f8\u5f53\u4e8e100\u516c\u65a4\u732a\u8089\uff0c\u4e3a\u7f8e\u56fd\u76841\/8\u3002 \/\/@wguo3\uff1a\u4f60\u73b0\u5728\u8ba9\u4eba\u514d\u8d39\u79fb\u6c11\uff0c\u4f60\u770b\u6709\u51e0\u4e2a\u6015\u7f8e\u56fd\u8d35\u7684\u3002","bid":"xo1lHzzNd"},"show_type":0}],"showAppTips":0,"scheme":"sinaweibo:\/\/cardlist?containerid=1076031401527553&extparam=&luicode=10000011&lfid=&featurecode="}}