{"ok":1,"data":{"cardlistInfo":{"containerid":"1076031401527553","v_p":42,"show_style":1,"total":15518,"page":50},"cards":[{"card_type":9,"itemid":"1076031401527553_-_3352564922438886","scheme":"https:\/\/m.weibo.cn\/status\/xm3s8aesS?mblogid=xm3s8aesS&luicode=10000011&lfid=1076031401527553","mblog":{"created_at":"2011-08-31","id":"3352564922438886","idstr":"3352564922438886","mid":"3352564922438886","can_edit":false,"text":"\u521b\u53ef\u8d34\u4f5c\u4e3a\u901a\u7528\u7684\u9ad8\u5ea6\u5546\u54c1\u5316\u7684\u536b\u751f\u6750\u6599\uff0c\u663e\u7136\u4e0d\u4f1a\u662f\u5916\u4f24\u5904\u7406\u6700\u4f73\u9009\u62e9\u3002\u6211\u66f4\u559c\u6b22\u7528\u8f93\u6db2\u8d34\u3002\u5c0f\u4f24\u53e3\u7528\u666e\u901a\u8f93\u6db2\u8d34\u30025\u5206\u94b1\u4e00\u7247\uff0c\u4fbf\u5b9c\u53c8\u65b9\u4fbf\u3002\u5927\u4f24\u53e3\u53ef\u9009\u7528\u5404\u79cd\u5c3a\u5bf8\u7684\u7559\u7f6e\u9488\u8f93\u6db2\u8d34\u3002\u6700\u5c0f\u7684\u548c\u4fe1\u7528\u5361\u5dee\u4e0d\u591a\uff0c\u4e00\u5143\u94b1\u4e00\u7247\u3002\u9632\u6c34\u53c8\u900f\u6c14\uff0c\u8d34\u7740\u53ef\u4ee5\u6d17\u6fa1\u3002\u4e0d\u8fc7\u8fd9\u4e9b\u4e00\u822c\u836f\u5e97\u6ca1\u6709\uff0c\u5f97\u53bb\u5927\u70b9\u7684\u533b\u7597\u5668\u68b0\u5e97\u3002 \u200b\u200b\u200b","source":"\u5fae\u535a weibo.com","favorited":false,"thumbnail_pic":"http:\/\/ww1.sinaimg.cn\/thumbnail\/53899d01gw1dkp1ecix4xj.jpg","bmiddle_pic":"http:\/\/ww1.sinaimg.cn\/bmiddle\/53899d01gw1dkp1ecix4xj.jpg","original_pic":"http:\/\/ww1.sinaimg.cn\/large\/53899d01gw1dkp1ecix4xj.jpg","is_paid":false,"mblog_vip_type":0,"user":{"id":1401527553,"screen_name":"tombkeeper","profile_image_url":"https:\/\/tva2.sinaimg.cn\/crop.0.0.180.180.180\/53899d01jw8fcb9qpe7vbj2050050mx8.jpg","profile_url":"https:\/\/m.weibo.cn\/u\/1401527553?uid=1401527553&luicode=10000011&lfid=1076031401527553","statuses_count":15425,"verified":true,"verified_type":0,"verified_type_ext":1,"verified_reason":"\u77e5\u540d\u4e92\u8054\u7f51\u8d44\u8baf\u535a\u4e3b","close_blue_v":false,"description":"\u5fae\u535a\u672c\u5730\u8d44\u8baf\u535a\u4e3b\uff08\u521a\u679c\u5e03\u62c9\u67f4\u7ef4\u5c14\uff09","gender":"m","mbtype":12,"urank":48,"mbrank":6,"follow_me":false,"following":false,"followers_count":192533,"follow_count":277,"cover_image_phone":"https:\/\/tva1.sinaimg.cn\/crop.0.0.640.640.640\/549d0121tw1egm1kjly3jj20hs0hsq4f.jpg","avatar_hd":"https:\/\/ww2.sinaimg.cn\/orj480\/53899d01jw8fcb9qpe7vbj2050050mx8.jpg","like":false,"like_me":false,"badge":{"bind_taobao":1,"dzwbqlx_2016":1,"follow_whitelist_video":1,"hongbao_2018":1}},"reposts_count":5,"comments_count":5,"attitudes_count":0,"pending_approval_count":0,"isLongText":false,"visible":{"type":0,"list_id":0},"more_info_type":0,"content_auth":0,"edit_config":{"edited":false},"mblogtype":0,"bid":"xm3s8aesS","pics":[{"pid":"53899d01gw1dkp1ecix4xj","url":"https:\/\/ww1.sinaimg.cn\/orj360\/53899d01gw1dkp1ecix4xj.jpg","size":"orj360","geo":false,"large":{"size":"large","url":"https:\/\/ww1.sinaimg.cn\/large\/53899d01gw1dkp1ecix4xj.jpg","geo":false}}]},"show_type":0},{"card_type":9,"itemid":"1076031401527553_-_3352552620494521","scheme":"https:\/\/m.weibo.cn\/status\/xm38i24E9?mblogid=xm38i24E9&luicode=10000011&lfid=1076031401527553","mblog":{"created_at":"2011-08-31","id":"3352552620494521","idstr":"3352552620494521","mid":"3352552620494521","can_edit":false,"text":"\u5728\u7f8e\u56fd\u89c1\u5230\u4e00\u79cd\u8584\u8377\u7cd6\uff0c\u5438\u5851\u5305\u88c5\uff0c\u6bcf\u4e2a\u5305\u88c5\u91cc\u53ea\u6709\u4e00\u7c92\u3002\u8fd9\u4e00\u7c92\u5c31\u53565.6\u7f8e\u5143\u3002\u5305\u88c5\u4e0a\u5370\u7740\u8b66\u544a\u7684\u6587\u5b57\uff0c\u5927\u610f\u662f\uff1a\u6b64\u7cd6\u5a01\u529b\u5de8\u5927\uff0c\u975e\u4e00\u822c\u4eba\u6240\u80fd\u6d88\u53d7\uff0c\u5982\u679c\u4f60\u613f\u610f\u4e70\u613f\u610f\u5403\uff0c\u540e\u679c\u81ea\u8d1f\u3002 \u200b\u200b\u200b","source":"\u5fae\u535a weibo.com","favorited":false,"is_paid":false,"mblog_vip_type":0,"user":{"id":1401527553,"screen_name":"tombkeeper","profile_image_url":"https:\/\/tva2.sinaimg.cn\/crop.0.0.180.180.180\/53899d01jw8fcb9qpe7vbj2050050mx8.jpg","profile_url":"https:\/\/m.weibo.cn\/u\/1401527553?uid=1401527553&luicode=10000011&lfid=1076031401527553","statuses_count":15425,"verified":true,"verified_type":0,"verified_type_ext":1,"verified_reason":"\u77e5\u540d\u4e92\u8054\u7f51\u8d44\u8baf\u535a\u4e3b","close_blue_v":false,"description":"\u5fae\u535a\u672c\u5730\u8d44\u8baf\u535a\u4e3b\uff08\u521a\u679c\u5e03\u62c9\u67f4\u7ef4\u5c14\uff09","gender":"m","mbtype":12,"urank":48,"mbrank":6,"follow_me":false,"following":false,"followers_count":192533,"follow_count":277,"cover_image_phone":"https:\/\/tva1.sinaimg.cn\/crop.0.0.640.640.640\/549d0121tw1egm1kjly3jj20hs0hsq4f.jpg","avatar_hd":"https:\/\/ww2.sinaimg.cn\/orj480\/53899d01jw8fcb9qpe7vbj2050050mx8.jpg","like":false,"like_me":false,"badge":{"bind_taobao":1,"dzwbqlx_2016":1,"follow_whitelist_video":1,"hongbao_2018":1}},"reposts_count":1,"comments_count":3,"attitudes_count":0,"pending_approval_count":0,"isLongText":false,"visible":{"type":0,"list_id":0},"more_info_type":0,"content_auth":0,"edit_config":{"edited":false},"mblogtype":0,"bid":"xm38i24E9"},"show_type":0},{"card_type":9,"itemid":"1076031401527553_-_3352416066489950","scheme":"https:\/\/m.weibo.cn\/status\/xlZA2rekC?mblogid=xlZA2rekC&luicode=10000011&lfid=1076031401527553","mblog":{"created_at":"2011-08-31","id":"3352416066489950","idstr":"3352416066489950","mid":"3352416066489950","can_edit":false,"text":"\u5706\u6ee1\u4e86 \u200b\u200b\u200b","source":"\u5fae\u535a weibo.com","favorited":false,"thumbnail_pic":"http:\/\/ww3.sinaimg.cn\/thumbnail\/53899d01gw1dkokrytvmcj.jpg","bmiddle_pic":"http:\/\/ww3.sinaimg.cn\/bmiddle\/53899d01gw1dkokrytvmcj.jpg","original_pic":"http:\/\/ww3.sinaimg.cn\/large\/53899d01gw1dkokrytvmcj.jpg","is_paid":false,"mblog_vip_type":0,"user":{"id":1401527553,"screen_name":"tombkeeper","profile_image_url":"https:\/\/tva2.sinaimg.cn\/crop.0.0.180.180.180\/53899d01jw8fcb9qpe7vbj2050050mx8.jpg","profile_url":"https:\/\/m.weibo.cn\/u\/1401527553?uid=1401527553&luicode=10000011&lfid=1076031401527553","statuses_count":15425,"verified":true,"verified_type":0,"verified_type_ext":1,"verified_reason":"\u77e5\u540d\u4e92\u8054\u7f51\u8d44\u8baf\u535a\u4e3b","close_blue_v":false,"description":"\u5fae\u535a\u672c\u5730\u8d44\u8baf\u535a\u4e3b\uff08\u521a\u679c\u5e03\u62c9\u67f4\u7ef4\u5c14\uff09","gender":"m","mbtype":12,"urank":48,"mbrank":6,"follow_me":false,"following":false,"followers_count":192533,"follow_count":277,"cover_image_phone":"https:\/\/tva1.sinaimg.cn\/crop.0.0.640.640.640\/549d0121tw1egm1kjly3jj20hs0hsq4f.jpg","avatar_hd":"https:\/\/ww2.sinaimg.cn\/orj480\/53899d01jw8fcb9qpe7vbj2050050mx8.jpg","like":false,"like_me":false,"badge":{"bind_taobao":1,"dzwbqlx_2016":1,"follow_whitelist_video":1,"hongbao_2018":1}},"reposts_count":16,"comments_count":7,"attitudes_count":0,"pending_approval_count":0,"isLongText":false,"visible":{"type":0,"list_id":0},"more_info_type":0,"content_auth":0,"edit_config":{"edited":false},"mblogtype":0,"bid":"xlZA2rekC","pics":[{"pid":"53899d01gw1dkokrytvmcj","url":"https:\/\/ww3.sinaimg.cn\/orj360\/53899d01gw1dkokrytvmcj.jpg","size":"orj360","geo":false,"large":{"size":"large","url":"https:\/\/ww3.sinaimg.cn\/large\/53899d01gw1dkokrytvmcj.jpg","geo":false}}]},"show_type":0},{"card_type":9,"itemid":"1076031401527553_-_3352390309251694","scheme":"https:\/\/m.weibo.cn\/status\/xlYUuCOMS?mblogid=xlYUuCOMS&luicode=10000011&lfid=1076031401527553","mblog":{"created_at":"2011-08-31","id":"3352390309251694","idstr":"3352390309251694","mid":"3352390309251694","can_edit":false,"text":"<a href='https:\/\/m.weibo.cn\/n\/\u6c88\u6c89\u821f'>@\u6c88\u6c89\u821f<\/a>\uff1a\u5386\u53f2\u544a\u8bc9\u6211\u4eec\uff0c\u6210\u5927\u4e8b\u4e0e\u505a\u597d\u4eba\u662f\u77db\u76fe\u7684\uff01\u8fd9\u4e2a\u4e16\u754c\u662f\u6b8b\u9177\u7684\uff0c\u6210\u5927\u4e8b\u8005\u9700\u4e27\u5fc3\u75c5\u72c2\u3001\u516d\u4eb2\u4e0d\u8ba4\u3001\u767e\u6298\u4e0d\u6320\u3001\u679c\u6562\u575a\u6bc5\u3001\u52c7\u5f80\u76f4\u524d\u3002\u8fd9\u4e0d\u662f\u4ef7\u503c\u5224\u65ad\uff0c\u8fd9\u662f\u4e8b\u5b9e\u5224\u65ad\u3002\u6731\u68e3\u5c31\u662f\u8fd9\u6837\u7684\u4eba\u3002\u4f46\u5386\u53f2\u5e76\u4e0d\u53ea\u4f1a\u8bb0\u4f4f\u80dc\u5229\u8005\u3002\u603b\u6709\u4e00\u4e2a\u4e0d\u60f3\u6210\u4e3a\u897f\u5e1d\u7684\u5c24\u8fbe\u7ad9\u5728\u90a3\u91cc\u3002<a data-url=\"http:\/\/weibo.com\/1273725432\/xlULy2W7M\" href=\"http:\/\/weibo.com\/1273725432\/xlULy2W7M?luicode=10000011&lfid=1076031401527553&ep=xlYUuCOMS%252C1401527553%252CxlYUuCOMS%252C1401527553\" data-hide=\"\"><span class=\"url-icon\"><img src=\"\/\/h5.sinaimg.cn\/upload\/2015\/09\/25\/3\/timeline_card_small_web_default.png\"><\/span><\/i><span class=\"surl-text\">\u7f51\u9875\u94fe\u63a5<\/a> \u200b\u200b\u200b","source":"\u5fae\u535a weibo.com","favorited":false,"thumbnail_pic":"http:\/\/ww1.sinaimg.cn\/thumbnail\/53899d01gw1dkohths9m5j.jpg","bmiddle_pic":"http:\/\/ww1.sinaimg.cn\/bmiddle\/53899d01gw1dkohths9m5j.jpg","original_pic":"http:\/\/ww1.sinaimg.cn\/large\/53899d01gw1dkohths9m5j.jpg","is_paid":false,"mblog_vip_type":0,"user":{"id":1401527553,"screen_name":"tombkeeper","profile_image_url":"https:\/\/tva2.sinaimg.cn\/crop.0.0.180.180.180\/53899d01jw8fcb9qpe7vbj2050050mx8.jpg","profile_url":"https:\/\/m.weibo.cn\/u\/1401527553?uid=1401527553&luicode=10000011&lfid=1076031401527553","statuses_count":15425,"verified":true,"verified_type":0,"verified_type_ext":1,"verified_reason":"\u77e5\u540d\u4e92\u8054\u7f51\u8d44\u8baf\u535a\u4e3b","close_blue_v":false,"description":"\u5fae\u535a\u672c\u5730\u8d44\u8baf\u535a\u4e3b\uff08\u521a\u679c\u5e03\u62c9\u67f4\u7ef4\u5c14\uff09","gender":"m","mbtype":12,"urank":48,"mbrank":6,"follow_me":false,"following":false,"followers_count":192533,"follow_count":277,"cover_image_phone":"https:\/\/tva1.sinaimg.cn\/crop.0.0.640.640.640\/549d0121tw1egm1kjly3jj20hs0hsq4f.jpg","avatar_hd":"https:\/\/ww2.sinaimg.cn\/orj480\/53899d01jw8fcb9qpe7vbj2050050mx8.jpg","like":false,"like_me":false,"badge":{"bind_taobao":1,"dzwbqlx_2016":1,"follow_whitelist_video":1,"hongbao_2018":1}},"reposts_count":5,"comments_count":4,"attitudes_count":0,"pending_approval_count":0,"isLongText":false,"visible":{"type":0,"list_id":0},"more_info_type":0,"content_auth":0,"edit_config":{"edited":false},"mblogtype":0,"bid":"xlYUuCOMS","pics":[{"pid":"53899d01gw1dkohths9m5j","url":"https:\/\/ww1.sinaimg.cn\/orj360\/53899d01gw1dkohths9m5j.jpg","size":"orj360","geo":false,"large":{"size":"large","url":"https:\/\/ww1.sinaimg.cn\/large\/53899d01gw1dkohths9m5j.jpg","geo":false}}]},"show_type":0},{"card_type":9,"itemid":"1076031401527553_-_3352381250018335","scheme":"https:\/\/m.weibo.cn\/status\/xlYFT04LJ?mblogid=xlYFT04LJ&luicode=10000011&lfid=1076031401527553","mblog":{"created_at":"2011-08-31","id":"3352381250018335","idstr":"3352381250018335","mid":"3352381250018335","can_edit":false,"text":"\/\/<a href='https:\/\/m.weibo.cn\/n\/\u8d75\u7cae'>@\u8d75\u7cae<\/a>\uff1a\/\/<a href='https:\/\/m.weibo.cn\/n\/\u8001\u9648\u5728\u7ebf2011'>@\u8001\u9648\u5728\u7ebf2011<\/a>\uff1a<span class=\"url-icon\"><img src=\"\/\/h5.sinaimg.cn\/m\/emoticon\/icon\/default\/d_bishi-c1f9abcd15.png\" style=\"width:1em;height:1em;\" alt=\"[\u9119\u89c6]\"><\/span> \/\/<a href='https:\/\/m.weibo.cn\/n\/\u6211\u53eb\u90b1\u7acb\u5b8f'>@\u6211\u53eb\u90b1\u7acb\u5b8f<\/a>\uff1a\/\/<a href='https:\/\/m.weibo.cn\/n\/\u8001\u9716nsfocus'>@\u8001\u9716nsfocus<\/a>:\/\/ <a href='https:\/\/m.weibo.cn\/n\/tivoli_wang'>@tivoli_wang<\/a> :\/\/ <a href='https:\/\/m.weibo.cn\/n\/\u4e8e\u5efa\u5d58'>@\u4e8e\u5efa\u5d58<\/a> :\u8fd9\u6837\u4e0b\u53bb\uff0c\u8fd8\u771f\u7684\u53ef\u6015\u7684\uff0c\u6bcf\u4e00\u4e2a\u4eba\u90fd\u6709\u53ef\u80fd\u83ab\u540d\u5176\u5999\u5730\u5931\u8e2a\uff01\u5927\u5bb6\u90fd\u8ddf\u7740\u96f7\u6559\u6388\u543c\u4e00\u58f0\uff01","source":"\u5fae\u535a weibo.com","favorited":false,"is_paid":false,"mblog_vip_type":0,"user":{"id":1401527553,"screen_name":"tombkeeper","profile_image_url":"https:\/\/tva2.sinaimg.cn\/crop.0.0.180.180.180\/53899d01jw8fcb9qpe7vbj2050050mx8.jpg","profile_url":"https:\/\/m.weibo.cn\/u\/1401527553?uid=1401527553&luicode=10000011&lfid=1076031401527553","statuses_count":15425,"verified":true,"verified_type":0,"verified_type_ext":1,"verified_reason":"\u77e5\u540d\u4e92\u8054\u7f51\u8d44\u8baf\u535a\u4e3b","close_blue_v":false,"description":"\u5fae\u535a\u672c\u5730\u8d44\u8baf\u535a\u4e3b\uff08\u521a\u679c\u5e03\u62c9\u67f4\u7ef4\u5c14\uff09","gender":"m","mbtype":12,"urank":48,"mbrank":6,"follow_me":false,"following":false,"followers_count":192533,"follow_count":277,"cover_image_phone":"https:\/\/tva1.sinaimg.cn\/crop.0.0.640.640.640\/549d0121tw1egm1kjly3jj20hs0hsq4f.jpg","avatar_hd":"https:\/\/ww2.sinaimg.cn\/orj480\/53899d01jw8fcb9qpe7vbj2050050mx8.jpg","like":false,"like_me":false,"badge":{"bind_taobao":1,"dzwbqlx_2016":1,"follow_whitelist_video":1,"hongbao_2018":1}},"pid":3352364007142620,"retweeted_status":{"created_at":"2011-08-30","id":"3352216345906193","idstr":"3352216345906193","mid":"3352216345906193","can_edit":false,"text":"\u3010\u592a\u53ef\u6015\u3011\u5211\u8bc9\u6cd5\u4fee\u6b63\u6848\u89c4\u5b9a\u4ee5\u4e0b\u56db\u79cd\u60c5\u51b5\u53ef\u5c06\u4eba\u62d8\u7559\u800c\u4e0d\u901a\u77e5\u5bb6\u5c5e\uff1a\u4e00\uff0c\u65e0\u6cd5\u901a\u77e5\uff0c\u4e8c\uff0c\u6d89\u5acc\u5371\u5bb3\u56fd\u5bb6\u5b89\u5168\u72af\u7f6a\uff0c\u4e09\uff0c\u6050\u6016\u6d3b\u52a8\u72af\u7f6a\u7b49\u4e25\u91cd\u72af\u7f6a\uff0c\u56db\uff0c\u901a\u77e5\u53ef\u80fd\u6709\u788d\u4fa6\u67e5\u7684\u60c5\u5f62\u3002\u5982\u679c\u901a\u8fc7\uff0c\u610f\u5473\u516c\u5b89\u673a\u5173\u53ef\u4efb\u610f\u6293\u4eba\u800c\u4e0d\u5fc5\u901a\u77e5\u5bb6\u5c5e\u3002\u5c24\u5176\u7b2c\u56db\u70b9\uff0c\u51e0\u4e4e\u4efb\u4f55\u6848\u4ef6\u90fd\u53ef\u4ee5\u8bf4\u5982\u679c\u901a\u77e5\u5bb6\u5c5e\u201c\u6709\u788d\u4fa6\u5bdf\u201d\uff01\u6bcf\u4e2a\u4eba\u90fd\u65e0\u4fdd\u969c\u3002 \u200b\u200b\u200b","source":"\u5fae\u535a weibo.com","favorited":false,"is_paid":false,"mblog_vip_type":0,"user":{"id":1045529987,"screen_name":"\u96f7\u9890","profile_image_url":"https:\/\/tva2.sinaimg.cn\/crop.40.40.120.120.180\/3e518583jw1e8ailfn23gj205k05kmxh.jpg","profile_url":"https:\/\/m.weibo.cn\/u\/1045529987?uid=1045529987&luicode=10000011&lfid=1076031401527553","statuses_count":34488,"verified":true,"verified_type":0,"verified_type_ext":1,"verified_reason":"\u4e2d\u56fd\u5f53\u4ee3\u77e5\u540d\u5386\u53f2\u5b66\u5bb6\u96f7\u9890","close_blue_v":false,"description":"","gender":"m","mbtype":11,"urank":45,"mbrank":5,"follow_me":false,"following":false,"followers_count":7216346,"follow_count":1055,"cover_image_phone":"https:\/\/tva1.sinaimg.cn\/crop.0.0.640.640.640\/9d44112bjw1f1xl1c10tuj20hs0hs0tw.jpg","avatar_hd":"https:\/\/ww2.sinaimg.cn\/orj480\/3e518583jw1e8ailfn23gj205k05kmxh.jpg","like":false,"like_me":false,"badge":{"dzwbqlx_2016":1,"follow_whitelist_video":1,"suishoupai_2017":1,"super_star_2017":1}},"reposts_count":29349,"comments_count":10384,"attitudes_count":0,"pending_approval_count":0,"isLongText":false,"visible":{"type":0,"list_id":0},"more_info_type":0,"content_auth":0,"edit_config":{"edited":false},"bid":"xlUnUoMtb"},"reposts_count":12,"comments_count":0,"attitudes_count":0,"pending_approval_count":0,"isLongText":false,"visible":{"type":0,"list_id":0},"more_info_type":0,"content_auth":0,"edit_config":{"edited":false},"mblogtype":0,"obj_ext":"","raw_text":"\/\/@\u8d75\u7cae\uff1a\/\/@\u8001\u9648\u5728\u7ebf2011\uff1a[\u9119\u89c6] \/\/@\u6211\u53eb\u90b1\u7acb\u5b8f\uff1a\/\/@\u8001\u9716nsfocus:\/\/ @tivoli_wang :\/\/ @\u4e8e\u5efa\u5d58 :\u8fd9\u6837\u4e0b\u53bb\uff0c\u8fd8\u771f\u7684\u53ef\u6015\u7684\uff0c\u6bcf\u4e00\u4e2a\u4eba\u90fd\u6709\u53ef\u80fd\u83ab\u540d\u5176\u5999\u5730\u5931\u8e2a\uff01\u5927\u5bb6\u90fd\u8ddf\u7740\u96f7\u6559\u6388\u543c\u4e00\u58f0\uff01","bid":"xlYFT04LJ"},"show_type":0},{"card_type":9,"itemid":"1076031401527553_-_3352144099550845","scheme":"https:\/\/m.weibo.cn\/status\/xlSvnE4BT?mblogid=xlSvnE4BT&luicode=10000011&lfid=1076031401527553","mblog":{"created_at":"2011-08-30","id":"3352144099550845","idstr":"3352144099550845","mid":"3352144099550845","can_edit":false,"text":"\u5e90\u5c71\u7011\u5e03\u6c57","source":"\u5fae\u535a weibo.com","favorited":false,"is_paid":false,"mblog_vip_type":0,"user":{"id":1401527553,"screen_name":"tombkeeper","profile_image_url":"https:\/\/tva2.sinaimg.cn\/crop.0.0.180.180.180\/53899d01jw8fcb9qpe7vbj2050050mx8.jpg","profile_url":"https:\/\/m.weibo.cn\/u\/1401527553?uid=1401527553&luicode=10000011&lfid=1076031401527553","statuses_count":15425,"verified":true,"verified_type":0,"verified_type_ext":1,"verified_reason":"\u77e5\u540d\u4e92\u8054\u7f51\u8d44\u8baf\u535a\u4e3b","close_blue_v":false,"description":"\u5fae\u535a\u672c\u5730\u8d44\u8baf\u535a\u4e3b\uff08\u521a\u679c\u5e03\u62c9\u67f4\u7ef4\u5c14\uff09","gender":"m","mbtype":12,"urank":48,"mbrank":6,"follow_me":false,"following":false,"followers_count":192533,"follow_count":277,"cover_image_phone":"https:\/\/tva1.sinaimg.cn\/crop.0.0.640.640.640\/549d0121tw1egm1kjly3jj20hs0hsq4f.jpg","avatar_hd":"https:\/\/ww2.sinaimg.cn\/orj480\/53899d01jw8fcb9qpe7vbj2050050mx8.jpg","like":false,"like_me":false,"badge":{"bind_taobao":1,"dzwbqlx_2016":1,"follow_whitelist_video":1,"hongbao_2018":1}},"retweeted_status":{"created_at":"2011-08-30","id":"3352142505995974","idstr":"3352142505995974","mid":"3352142505995974","can_edit":false,"text":"\u60ca\u4e86\u3002\u521a\u624d\u4e70\u706b\u8f66\u7968\uff0c\u521a\u5230\u516c\u53f8\u5750\u4e0b\u3002\u6709\u4e2a\u672a\u77e5\u7535\u8bdd\u6253\u8fc7\u6765\uff0c\u63a5\u8d77\u6765\u539f\u6765\u662f\u552e\u7968\u5904\u7684\u5c0f\u4f19\u5b50\u6253\u6765\u7684\uff0c\u8bf4\u6211\u8eab\u4efd\u8bc1\u5fd8\u4e86\u7ed9\u6211\u3002\u6211\u8bf4\u600e\u4e48\u77e5\u9053\u6211\u7684\u7535\u8bdd\u7684\uff1f\u7f51\u4e0a\u67e5\u7684\u3002\u5230\u4e86\u552e\u7968\u5904\uff0c\u53c8\u95ee\u4e86\u4e00\u4e0b\u4ed6\u7528\u6211\u7684\u540d\u5b57\u8fd8\u662f\u8eab\u4efd\u8bc1\u67e5\u7684\uff0c\u5c0f\u4f19\u5b50\u544a\u8bc9\u6211\u662f\u516c\u5b89\u7f51\u4e0a\u67e5\u7684... \u7535\u8bdd\u8fc7\u53bb\u5c31\u80fd\u67e5\u3002\u5929\u7f51\u770b\u6765\u5efa\u6210\u4e86\u3002 \u200b\u200b\u200b","source":"\u5fae\u535a weibo.com","favorited":false,"is_paid":false,"mblog_vip_type":0,"user":{"id":1577826897,"screen_name":"Fenng","profile_image_url":"https:\/\/tva3.sinaimg.cn\/crop.0.0.750.750.180\/5e0bba51jw8eznr420aofj20ku0kudgf.jpg","profile_url":"https:\/\/m.weibo.cn\/u\/1577826897?uid=1577826897&luicode=10000011&lfid=1076031401527553","statuses_count":25422,"verified":true,"verified_type":0,"verified_type_ext":1,"verified_reason":"\u300c\u5c0f\u9053\u6d88\u606f\u300d\u51fa\u54c1\u4eba","close_blue_v":false,"description":"\u624b\u827a\u4eba\uff0c\u5199\u5b57\u513f\u7684\u3002\u505a\u8fc7\u4e0d\u4f1a\u5199\u4ee3\u7801\u7684\u6c34\u8d27 CTO\u3002\u73b0\u5728\u6b63\u5728\u521b\u4e1a\u3002","gender":"m","mbtype":12,"urank":48,"mbrank":7,"follow_me":false,"following":false,"followers_count":1825690,"follow_count":3629,"cover_image_phone":"https:\/\/tva1.sinaimg.cn\/crop.0.0.640.640.640\/9d44112bjw1f1xl1c10tuj20hs0hs0tw.jpg","avatar_hd":"https:\/\/ww3.sinaimg.cn\/orj480\/5e0bba51jw8eznr420aofj20ku0kudgf.jpg","like":false,"like_me":false,"badge":{"bind_taobao":1,"self_media":1,"dzwbqlx_2016":1,"follow_whitelist_video":1,"hongbao_2018":1,"user_name_certificate":1}},"reposts_count":343,"comments_count":143,"attitudes_count":0,"pending_approval_count":0,"isLongText":false,"visible":{"type":0,"list_id":0},"more_info_type":0,"content_auth":0,"edit_config":{"edited":false},"bid":"xlSsOp9Pg"},"reposts_count":7,"comments_count":4,"attitudes_count":0,"pending_approval_count":0,"isLongText":false,"visible":{"type":0,"list_id":0},"more_info_type":0,"content_auth":0,"edit_config":{"edited":false},"mblogtype":0,"obj_ext":"","raw_text":"\u5e90\u5c71\u7011\u5e03\u6c57","bid":"xlSvnE4BT"},"show_type":0},{"card_type":9,"itemid":"1076031401527553_-_3352135140603251","scheme":"https:\/\/m.weibo.cn\/status\/xlSgW2wVR?mblogid=xlSgW2wVR&luicode=10000011&lfid=1076031401527553","mblog":{"created_at":"2011-08-30","id":"3352135140603251","idstr":"3352135140603251","mid":"3352135140603251","can_edit":false,"text":"\u8f6c\u53d1\u5fae\u535a\u3002","source":"\u5fae\u535a weibo.com","favorited":false,"is_paid":false,"mblog_vip_type":0,"user":{"id":1401527553,"screen_name":"tombkeeper","profile_image_url":"https:\/\/tva2.sinaimg.cn\/crop.0.0.180.180.180\/53899d01jw8fcb9qpe7vbj2050050mx8.jpg","profile_url":"https:\/\/m.weibo.cn\/u\/1401527553?uid=1401527553&luicode=10000011&lfid=1076031401527553","statuses_count":15425,"verified":true,"verified_type":0,"verified_type_ext":1,"verified_reason":"\u77e5\u540d\u4e92\u8054\u7f51\u8d44\u8baf\u535a\u4e3b","close_blue_v":false,"description":"\u5fae\u535a\u672c\u5730\u8d44\u8baf\u535a\u4e3b\uff08\u521a\u679c\u5e03\u62c9\u67f4\u7ef4\u5c14\uff09","gender":"m","mbtype":12,"urank":48,"mbrank":6,"follow_me":false,"following":false,"followers_count":192533,"follow_count":277,"cover_image_phone":"https:\/\/tva1.sinaimg.cn\/crop.0.0.640.640.640\/549d0121tw1egm1kjly3jj20hs0hsq4f.jpg","avatar_hd":"https:\/\/ww2.sinaimg.cn\/orj480\/53899d01jw8fcb9qpe7vbj2050050mx8.jpg","like":false,"like_me":false,"badge":{"bind_taobao":1,"dzwbqlx_2016":1,"follow_whitelist_video":1,"hongbao_2018":1}},"retweeted_status":{"created_at":"2011-08-30","id":"3352058376327516","idstr":"3352058376327516","mid":"3352058376327516","can_edit":false,"text":"\u3010\u5927\u5b66\u751f\u6591\u9a6c\u7ebf\u649e\u4eba\u9003\u9038 \u79f0\u8d54100\u4e07\u79c1\u4e86\u3011\u65e5\u524d\uff0c\u4e2d\u5357\u5927\u5b66\u4e00\u5728\u6821\u5927\u4e09\u5b66\u751f\u9a6c\u67d0\uff0c\u9a7e\u9a76\u65b0\u8f66\u5728\u957f\u6c99\u5e02\u4eba\u6c11\u8def\u66d9\u5149\u8def\u53e3\u6591\u9a6c\u7ebf\u649e\u98de\u4e00\u5bf9\u60c5\u4fa3\u540e\u98de\u8f66\u9003\u9038\uff0c\u88ab\u8b66\u65b9\u63a7\u5236\u540e\uff0c\u9a6c\u67d0\u7adf\u516c\u5f00\u58f0\u79f0\uff0c\u201c\u4f60\u4eec\u4ea4\u8b66\u8981\u7684\u5c31\u662f\u94b1\uff0c\u6211\u7ed9100\u4e07\u5c31\u884c\u4e86\u3002\u8fd9\u79cd\u6f20\u89c6\u4ed6\u4eba\u751f\u547d\u7684\u884c\u4e3a\u771f\u662f\u8ba9\u4eba\u6124\u6012\uff01<span class=\"url-icon\"><img src=\"\/\/h5.sinaimg.cn\/m\/emoticon\/icon\/default\/d_nu-3895b46600.png\" style=\"width:1em;height:1em;\" alt=\"[\u6012]\"><\/span> <a data-url=\"http:\/\/t.cn\/aupIrB\" target=\"_blank\" href=\"https:\/\/weibo.cn\/sinaurl\/blocked86e60b35?url_type=1&object_type=&pos=1&luicode=10000011&lfid=1076031401527553&u=http%3A%2F%2Fv.youku.com%2Fv_show%2Fid_XMjk5MjUxOTQ0.html%3Furl_type%3D1%26object_type%3D%26pos%3D1&ep=xlQh7qy4I%252C1642904381%252CxlQh7qy4I%252C1642904381\" class=\"\"><span class=\"url-icon\"><img src=\"http:\/\/u1.sinaimg.cn\/upload\/2014\/10\/16\/timeline_card_small_video_default.png\"><\/span><\/i><span class=\"surl-text\">\u89c6\u9891<\/a> \u200b\u200b\u200b","source":"\u5fae\u535a weibo.com","favorited":false,"is_paid":false,"mblog_vip_type":0,"user":{"id":1642904381,"screen_name":"\u4f18\u9177","profile_image_url":"https:\/\/tva1.sinaimg.cn\/crop.0.0.521.521.180\/61ecbb3djw8faxp879p84j20eh0eh74r.jpg","profile_url":"https:\/\/m.weibo.cn\/u\/1642904381?uid=1642904381&luicode=10000011&lfid=1076031401527553","statuses_count":38405,"verified":true,"verified_type":3,"verified_type_ext":0,"verified_reason":"\u4f18\u9177\u5b98\u65b9\u5fae\u535a","close_blue_v":false,"description":"","gender":"m","mbtype":12,"urank":46,"mbrank":6,"follow_me":false,"following":false,"followers_count":13619885,"follow_count":2661,"cover_image_phone":"https:\/\/wx3.sinaimg.cn\/crop.0.0.640.640.640\/61ecbb3dly1foxl5jc4tqj20e80e8myt.jpg","avatar_hd":"https:\/\/ww1.sinaimg.cn\/orj480\/61ecbb3djw8faxp879p84j20eh0eh74r.jpg","like":false,"like_me":false,"badge":{"bind_taobao":1,"zongyiji":1,"olympic_2016":1,"dzwbqlx_2016":1,"follow_whitelist_video":1,"hongbao_2018":1}},"reposts_count":826,"comments_count":250,"attitudes_count":0,"pending_approval_count":0,"isLongText":false,"visible":{"type":0,"list_id":0},"more_info_type":0,"content_auth":0,"edit_config":{"edited":false},"bid":"xlQh7qy4I"},"reposts_count":0,"comments_count":1,"attitudes_count":0,"pending_approval_count":0,"isLongText":false,"visible":{"type":0,"list_id":0},"more_info_type":0,"content_auth":0,"edit_config":{"edited":false},"mblogtype":0,"obj_ext":"","raw_text":"\u8f6c\u53d1\u5fae\u535a\u3002","bid":"xlSgW2wVR"},"show_type":0},{"card_type":9,"itemid":"1076031401527553_-_3352113430681417","scheme":"https:\/\/m.weibo.cn\/status\/xlRHV2RgB?mblogid=xlRHV2RgB&luicode=10000011&lfid=1076031401527553","mblog":{"created_at":"2011-08-30","id":"3352113430681417","idstr":"3352113430681417","mid":"3352113430681417","can_edit":false,"text":"\u8fd9\u4e2a\u5f53\u65f6\u8ba8\u8bba\u4e86\uff0c\u533a\u5206\u70b9\u5728\u201c\u4e13\u95e8\u8bbe\u8ba1\u7528\u4e8e\u201d\u4e0a\u3002\u6f0f\u6d1e\u9a8c\u8bc1\u7a0b\u5e8f\u5177\u6709\u4e24\u9762\u6027\uff0c\u4e0d\u5c5e\u4e8e\u201c\u4e13\u95e8\u201d\u3002\u7c7b\u4f3c\u83dc\u5200\u548c\u5b54\u96c0\u7fce\u7684\u533a\u522b\u3002\/\/<a href='https:\/\/m.weibo.cn\/n\/yuange1975'>@yuange1975<\/a>\uff1a\u4f5c\u6848\u548c\u7814\u7a76\u5e94\u8be5\u533a\u5206\u3002\u83dc\u5200\u80fd\u6740\u4eba\uff0c\u63d0\u4f9b\u83dc\u5200\u7684\u6293\u8d77\u6765\u3002","source":"\u5fae\u535a weibo.com","favorited":false,"is_paid":false,"mblog_vip_type":0,"user":{"id":1401527553,"screen_name":"tombkeeper","profile_image_url":"https:\/\/tva2.sinaimg.cn\/crop.0.0.180.180.180\/53899d01jw8fcb9qpe7vbj2050050mx8.jpg","profile_url":"https:\/\/m.weibo.cn\/u\/1401527553?uid=1401527553&luicode=10000011&lfid=1076031401527553","statuses_count":15425,"verified":true,"verified_type":0,"verified_type_ext":1,"verified_reason":"\u77e5\u540d\u4e92\u8054\u7f51\u8d44\u8baf\u535a\u4e3b","close_blue_v":false,"description":"\u5fae\u535a\u672c\u5730\u8d44\u8baf\u535a\u4e3b\uff08\u521a\u679c\u5e03\u62c9\u67f4\u7ef4\u5c14\uff09","gender":"m","mbtype":12,"urank":48,"mbrank":6,"follow_me":false,"following":false,"followers_count":192533,"follow_count":277,"cover_image_phone":"https:\/\/tva1.sinaimg.cn\/crop.0.0.640.640.640\/549d0121tw1egm1kjly3jj20hs0hsq4f.jpg","avatar_hd":"https:\/\/ww2.sinaimg.cn\/orj480\/53899d01jw8fcb9qpe7vbj2050050mx8.jpg","like":false,"like_me":false,"badge":{"bind_taobao":1,"dzwbqlx_2016":1,"follow_whitelist_video":1,"hongbao_2018":1}},"pid":3352110234740984,"retweeted_status":{"created_at":"2011-08-30","id":"3352038004517170","idstr":"3352038004517170","mid":"3352038004517170","can_edit":false,"text":"\u5211\u6cd5\u7b2c\u4e03\u4fee\u6b63\u6848\u4fe1\u606f\u72af\u7f6a\u76f8\u5173\u7684\u53f8\u6cd5\u89e3\u91ca\u7ec8\u4e8e\u51fa\u6765\u4e86\uff1a<a data-url=\"http:\/\/t.cn\/auEewZ\" target=\"_blank\" href=\"https:\/\/weibo.cn\/sinaurl\/blocked74ec5c03?luicode=10000011&lfid=1076031401527553&u=http%3A%2F%2Flegal.people.com.cn%2FGB%2F15534885.html&ep=xlPKgiX7A%252C1401527553%252CxlPKgiX7A%252C1401527553\" class=\"\"><span class=\"url-icon\"><img src=\"\/\/h5.sinaimg.cn\/upload\/2015\/09\/25\/3\/timeline_card_small_web_default.png\"><\/span><\/i><span class=\"surl-text\">\u7f51\u9875\u94fe\u63a5<\/a>\u3002 \u200b\u200b\u200b","source":"\u5fae\u535a weibo.com","favorited":false,"is_paid":false,"mblog_vip_type":0,"user":{"id":1401527553,"screen_name":"tombkeeper","profile_image_url":"https:\/\/tva2.sinaimg.cn\/crop.0.0.180.180.180\/53899d01jw8fcb9qpe7vbj2050050mx8.jpg","profile_url":"https:\/\/m.weibo.cn\/u\/1401527553?uid=1401527553&luicode=10000011&lfid=1076031401527553","statuses_count":15425,"verified":true,"verified_type":0,"verified_type_ext":1,"verified_reason":"\u77e5\u540d\u4e92\u8054\u7f51\u8d44\u8baf\u535a\u4e3b","close_blue_v":false,"description":"\u5fae\u535a\u672c\u5730\u8d44\u8baf\u535a\u4e3b\uff08\u521a\u679c\u5e03\u62c9\u67f4\u7ef4\u5c14\uff09","gender":"m","mbtype":12,"urank":48,"mbrank":6,"follow_me":false,"following":false,"followers_count":192533,"follow_count":277,"cover_image_phone":"https:\/\/tva1.sinaimg.cn\/crop.0.0.640.640.640\/549d0121tw1egm1kjly3jj20hs0hsq4f.jpg","avatar_hd":"https:\/\/ww2.sinaimg.cn\/orj480\/53899d01jw8fcb9qpe7vbj2050050mx8.jpg","like":false,"like_me":false,"badge":{"bind_taobao":1,"dzwbqlx_2016":1,"follow_whitelist_video":1,"hongbao_2018":1}},"reposts_count":38,"comments_count":12,"attitudes_count":0,"pending_approval_count":0,"isLongText":false,"visible":{"type":0,"list_id":0},"more_info_type":0,"content_auth":0,"edit_config":{"edited":false},"bid":"xlPKgiX7A"},"reposts_count":1,"comments_count":1,"attitudes_count":0,"pending_approval_count":0,"isLongText":false,"visible":{"type":0,"list_id":0},"more_info_type":0,"content_auth":0,"edit_config":{"edited":false},"mblogtype":0,"obj_ext":"","raw_text":"\u8fd9\u4e2a\u5f53\u65f6\u8ba8\u8bba\u4e86\uff0c\u533a\u5206\u70b9\u5728\u201c\u4e13\u95e8\u8bbe\u8ba1\u7528\u4e8e\u201d\u4e0a\u3002\u6f0f\u6d1e\u9a8c\u8bc1\u7a0b\u5e8f\u5177\u6709\u4e24\u9762\u6027\uff0c\u4e0d\u5c5e\u4e8e\u201c\u4e13\u95e8\u201d\u3002\u7c7b\u4f3c\u83dc\u5200\u548c\u5b54\u96c0\u7fce\u7684\u533a\u522b\u3002\/\/@yuange1975\uff1a\u4f5c\u6848\u548c\u7814\u7a76\u5e94\u8be5\u533a\u5206\u3002\u83dc\u5200\u80fd\u6740\u4eba\uff0c\u63d0\u4f9b\u83dc\u5200\u7684\u6293\u8d77\u6765\u3002","bid":"xlRHV2RgB"},"show_type":0},{"card_type":9,"itemid":"1076031401527553_-_3352110423854886","scheme":"https:\/\/m.weibo.cn\/status\/xlRD4gaPA?mblogid=xlRD4gaPA&luicode=10000011&lfid=1076031401527553","mblog":{"created_at":"2011-08-30","id":"3352110423854886","idstr":"3352110423854886","mid":"3352110423854886","can_edit":false,"text":"<a href='https:\/\/m.weibo.cn\/n\/\u90ed\u5fb7\u7eb2'>@\u90ed\u5fb7\u7eb2<\/a> \u8bf4\u8fc7\u8fd9\u4e48\u4e00\u6bb5\uff1a<a href='https:\/\/m.weibo.cn\/n\/\u4e8e\u8c26'>@\u4e8e\u8c26<\/a> \u5c0f\u65f6\u5019\u7279\u806a\u660e\uff0c\u5211\u8b66\u961f\u7834\u6848\u90fd\u8bf7\u4ed6\u53bb\u3002\u6709\u5929\u53d1\u751f\u788e\u5c38\u6848\uff0c\u961f\u957f\u95ee\u4e8e\u8c26\u8ba4\u4e3a\u662f\u600e\u4e48\u56de\u4e8b\u3002\u671b\u7740\u6ee1\u5730\u4e71\u4e03\u516b\u7cdf\u7684\u5c38\u4f53\uff0c\u4e8e\u8c26\u80f8\u6709\u6210\u7af9\u5730\u8bf4\uff1a\u201c\u6211\u8ba4\u4e3a\u662f\u81ea\u6740\u201d\uff01\u961f\u957f\u8bf4\uff1a\u201c\u4f60\u8981\u662f\u4ed6\u8be5\u591a\u597d\u201d\uff01\/\/<a href='https:\/\/m.weibo.cn\/n\/wguo3'>@wguo3<\/a>\uff1a\u786e\u5b9e\u795e\u5947 \u5e94\u8be5\u8bf7\u4e09\u5927CSI\u8054\u5408\u8c03\u67e5 <a href='https:\/\/m.weibo.cn\/n\/\u6cd5\u6613\u7f51'>@\u6cd5\u6613\u7f51<\/a> <a href='https:\/\/m.weibo.cn\/n\/lawyer80\u5f8b\u5e08'>@lawyer80\u5f8b\u5e08<\/a> <a href='https:\/\/m.weibo.cn\/n\/\u6731\u9648\u5eb7\u5f8b\u5e08'>@\u6731\u9648\u5eb7\u5f8b\u5e08<\/a> <a href='https:\/\/m.weibo.cn\/n\/\u9ad8\u5168\u5f8b\u5e08'>@\u9ad8\u5168\u5f8b\u5e08<\/a>","source":"\u5fae\u535a weibo.com","favorited":false,"is_paid":false,"mblog_vip_type":0,"user":{"id":1401527553,"screen_name":"tombkeeper","profile_image_url":"https:\/\/tva2.sinaimg.cn\/crop.0.0.180.180.180\/53899d01jw8fcb9qpe7vbj2050050mx8.jpg","profile_url":"https:\/\/m.weibo.cn\/u\/1401527553?uid=1401527553&luicode=10000011&lfid=1076031401527553","statuses_count":15425,"verified":true,"verified_type":0,"verified_type_ext":1,"verified_reason":"\u77e5\u540d\u4e92\u8054\u7f51\u8d44\u8baf\u535a\u4e3b","close_blue_v":false,"description":"\u5fae\u535a\u672c\u5730\u8d44\u8baf\u535a\u4e3b\uff08\u521a\u679c\u5e03\u62c9\u67f4\u7ef4\u5c14\uff09","gender":"m","mbtype":12,"urank":48,"mbrank":6,"follow_me":false,"following":false,"followers_count":192533,"follow_count":277,"cover_image_phone":"https:\/\/tva1.sinaimg.cn\/crop.0.0.640.640.640\/549d0121tw1egm1kjly3jj20hs0hsq4f.jpg","avatar_hd":"https:\/\/ww2.sinaimg.cn\/orj480\/53899d01jw8fcb9qpe7vbj2050050mx8.jpg","like":false,"like_me":false,"badge":{"bind_taobao":1,"dzwbqlx_2016":1,"follow_whitelist_video":1,"hongbao_2018":1}},"pid":3352090471296884,"retweeted_status":{"created_at":"2011-08-30","id":"3352064974061915","idstr":"3352064974061915","mid":"3352064974061915","can_edit":false,"text":"\u3010\u5348\u95f4\u4f11\u606f\u3011\u672c\u4eba\u6a21\u62df11\u5200\u81ea\u6740\u6848\u53d1\u73b0\u573a\u3002\u8bf7\u52ff\u8f6c\u8f7d\u30021 \u200b\u200b\u200b","source":"\u5fae\u535a weibo.com","favorited":false,"thumbnail_pic":"http:\/\/ww3.sinaimg.cn\/thumbnail\/53d05f4agw1dkngg4wdlvg.gif","bmiddle_pic":"http:\/\/ww3.sinaimg.cn\/bmiddle\/53d05f4agw1dkngg4wdlvg.gif","original_pic":"http:\/\/ww3.sinaimg.cn\/large\/53d05f4agw1dkngg4wdlvg.gif","is_paid":false,"mblog_vip_type":0,"user":{"id":1406164810,"screen_name":"flyliao","profile_image_url":"https:\/\/tva3.sinaimg.cn\/crop.0.0.180.180.180\/53d05f4ajw1e8qgp5bmzyj2050050aa8.jpg","profile_url":"https:\/\/m.weibo.cn\/u\/1406164810?uid=1406164810&luicode=10000011&lfid=1076031401527553","statuses_count":8184,"verified":true,"verified_type":0,"verified_type_ext":0,"verified_reason":"\u7f51\u7edc\u8457\u540d\u64ad\u5ba2\u3001\u62cd\u5ba2\uff0c\u8363\u83b72008\u65b0\u6d6a\u7f51\u7edc\u76db\u5178\u5e74\u5ea6\u5341\u5927\u611f\u52a8\u64ad\u5ba2","close_blue_v":false,"description":"\u804a\uff1a\u56fd\u4e8b\u548c\u5929\u4e0b\u4e8b qq\uff1a15019779","gender":"m","mbtype":0,"urank":34,"mbrank":0,"follow_me":false,"following":false,"followers_count":37615,"follow_count":954,"cover_image_phone":"https:\/\/tva1.sinaimg.cn\/crop.0.0.640.640.640\/549d0121tw1egm1kjly3jj20hs0hsq4f.jpg","avatar_hd":"https:\/\/ww3.sinaimg.cn\/orj480\/53d05f4ajw1e8qgp5bmzyj2050050aa8.jpg","like":false,"like_me":false,"badge":{"bind_taobao":1,"unread_pool":1,"unread_pool_ext":1,"olympic_2016":1,"travel_2017":1,"user_name_certificate":1}},"reposts_count":4152,"comments_count":1525,"attitudes_count":0,"pending_approval_count":0,"isLongText":false,"visible":{"type":0,"list_id":0},"more_info_type":0,"content_auth":0,"edit_config":{"edited":false},"bid":"xlQrLh2GL","pics":[{"pid":"53d05f4agw1dkngg4wdlvg","url":"https:\/\/ww3.sinaimg.cn\/orj360\/53d05f4agw1dkngg4wdlvg.gif","size":"orj360","geo":false,"large":{"size":"large","url":"https:\/\/ww3.sinaimg.cn\/large\/53d05f4agw1dkngg4wdlvg.gif","geo":false}}]},"reposts_count":2,"comments_count":2,"attitudes_count":0,"pending_approval_count":0,"isLongText":false,"visible":{"type":0,"list_id":0},"more_info_type":0,"content_auth":0,"edit_config":{"edited":false},"mblogtype":0,"obj_ext":"","raw_text":"@\u90ed\u5fb7\u7eb2 \u8bf4\u8fc7\u8fd9\u4e48\u4e00\u6bb5\uff1a@\u4e8e\u8c26 \u5c0f\u65f6\u5019\u7279\u806a\u660e\uff0c\u5211\u8b66\u961f\u7834\u6848\u90fd\u8bf7\u4ed6\u53bb\u3002\u6709\u5929\u53d1\u751f\u788e\u5c38\u6848\uff0c\u961f\u957f\u95ee\u4e8e\u8c26\u8ba4\u4e3a\u662f\u600e\u4e48\u56de\u4e8b\u3002\u671b\u7740\u6ee1\u5730\u4e71\u4e03\u516b\u7cdf\u7684\u5c38\u4f53\uff0c\u4e8e\u8c26\u80f8\u6709\u6210\u7af9\u5730\u8bf4\uff1a\u201c\u6211\u8ba4\u4e3a\u662f\u81ea\u6740\u201d\uff01\u961f\u957f\u8bf4\uff1a\u201c\u4f60\u8981\u662f\u4ed6\u8be5\u591a\u597d\u201d\uff01\/\/@wguo3\uff1a\u786e\u5b9e\u795e\u5947 \u5e94\u8be5\u8bf7\u4e09\u5927CSI\u8054\u5408\u8c03\u67e5 @\u6cd5\u6613\u7f51 @lawyer80\u5f8b\u5e08 @\u6731\u9648\u5eb7\u5f8b\u5e08 @\u9ad8\u5168\u5f8b\u5e08","bid":"xlRD4gaPA"},"show_type":0}],"showAppTips":0,"scheme":"sinaweibo:\/\/cardlist?containerid=1076031401527553&extparam=&luicode=10000011&lfid=&featurecode="}}