{"ok":1,"data":{"cardlistInfo":{"containerid":"1076031401527553","v_p":42,"show_style":1,"total":15518,"page":50},"cards":[{"card_type":9,"itemid":"1076031401527553_-_3349851333906262","scheme":"https:\/\/m.weibo.cn\/status\/xkURngoce?mblogid=xkURngoce&luicode=10000011&lfid=1076031401527553","mblog":{"created_at":"2011-08-24","id":"3349851333906262","idstr":"3349851333906262","mid":"3349851333906262","can_edit":false,"text":"\u6211\u5c0f\u65f6\u5019\u4ece\u4e00\u4e2a\u65e7\u4e66\u644a\u4e70\u5230\u7684\u8fd9\u672c1985\u5e74\u7248\u300a\u6027\u77e5\u8bc6\u624b\u518c\u300b\uff0c\u662f\u89e3\u653e\u540e\u7b2c\u4e00\u672c\u6027\u77e5\u8bc6\u79d1\u666e\u4e66\u7c4d\u3002\u7f16\u8457\u8005\u662f\u4e00\u6279\u5f53\u65f6\u56fd\u5185\u6700\u6709\u540d\u7684\u533b\u5b66\u4e13\u5bb6\uff0c\u5434\u9636\u5e73\u5199\u7684\u5e8f\u3002\u4e2d\u56fd\u591a\u5c11\u5e74\u6765\u8bb3\u8c08\u8fd9\u4ef6\u65e0\u6bd4\u6b63\u5e38\u53c8\u65e0\u6cd5\u56de\u907f\u7684\u4e8b\uff0c\u5c31\u5bfc\u81f4\u4e86\u6027\u6559\u80b2\u4e3b\u8981\u9760<a href='https:\/\/m.weibo.cn\/n\/\u82cd\u4e95\u7a7a'>@\u82cd\u4e95\u7a7a<\/a> \u7b49\u56fd\u9645\u53cb\u4eba\u3002\u4f60\u66f4\u613f\u610f\u5b69\u5b50\u4ece\u8fd9\u7c7b\u4e66\u7c4d\u4e2d\u83b7\u5f97\u6027\u77e5\u8bc6\uff0c\u8fd8\u662f\u4ece\u56fd\u9645\u53cb\u4eba\u90a3\u91cc\u83b7\u5f97\uff1f \u200b\u200b\u200b","source":"\u5fae\u535a weibo.com","favorited":false,"thumbnail_pic":"http:\/\/ww4.sinaimg.cn\/thumbnail\/53899d01gw1dkge73qzw6j.jpg","bmiddle_pic":"http:\/\/ww4.sinaimg.cn\/bmiddle\/53899d01gw1dkge73qzw6j.jpg","original_pic":"http:\/\/ww4.sinaimg.cn\/large\/53899d01gw1dkge73qzw6j.jpg","is_paid":false,"mblog_vip_type":0,"user":{"id":1401527553,"screen_name":"tombkeeper","profile_image_url":"https:\/\/tva2.sinaimg.cn\/crop.0.0.180.180.180\/53899d01jw8fcb9qpe7vbj2050050mx8.jpg","profile_url":"https:\/\/m.weibo.cn\/u\/1401527553?uid=1401527553&luicode=10000011&lfid=1076031401527553","statuses_count":15425,"verified":true,"verified_type":0,"verified_type_ext":1,"verified_reason":"\u77e5\u540d\u4e92\u8054\u7f51\u8d44\u8baf\u535a\u4e3b","close_blue_v":false,"description":"\u5fae\u535a\u672c\u5730\u8d44\u8baf\u535a\u4e3b\uff08\u521a\u679c\u5e03\u62c9\u67f4\u7ef4\u5c14\uff09","gender":"m","mbtype":12,"urank":48,"mbrank":6,"follow_me":false,"following":false,"followers_count":192533,"follow_count":277,"cover_image_phone":"https:\/\/tva1.sinaimg.cn\/crop.0.0.640.640.640\/549d0121tw1egm1kjly3jj20hs0hsq4f.jpg","avatar_hd":"https:\/\/ww2.sinaimg.cn\/orj480\/53899d01jw8fcb9qpe7vbj2050050mx8.jpg","like":false,"like_me":false,"badge":{"bind_taobao":1,"dzwbqlx_2016":1,"follow_whitelist_video":1,"hongbao_2018":1}},"reposts_count":140,"comments_count":12,"attitudes_count":26,"pending_approval_count":0,"isLongText":false,"visible":{"type":0,"list_id":0},"more_info_type":0,"content_auth":0,"edit_config":{"edited":false},"mblogtype":0,"bid":"xkURngoce","pics":[{"pid":"53899d01gw1dkge73qzw6j","url":"https:\/\/ww4.sinaimg.cn\/orj360\/53899d01gw1dkge73qzw6j.jpg","size":"orj360","geo":false,"large":{"size":"large","url":"https:\/\/ww4.sinaimg.cn\/large\/53899d01gw1dkge73qzw6j.jpg","geo":false}}]},"show_type":0},{"card_type":9,"itemid":"1076031401527553_-_3349847474964916","scheme":"https:\/\/m.weibo.cn\/status\/xkUL9kPBi?mblogid=xkUL9kPBi&luicode=10000011&lfid=1076031401527553","mblog":{"created_at":"2011-08-24","id":"3349847474964916","idstr":"3349847474964916","mid":"3349847474964916","can_edit":false,"text":"<a class='k' href='https:\/\/m.weibo.cn\/k\/%E6%80%A7%E6%95%99%E8%82%B2%E8%AF%BE%E6%9C%AC?from=feed'>#\u6027\u6559\u80b2\u8bfe\u672c#<\/a> \u6700\u8fd1\u53c8\u5728\u626f\u6027\u6559\u80b2\u8bfe\u672c\u3002\u5176\u5b9e\u8fd9\u6279\u8bfe\u672c\u7684\u5185\u5bb9\u548c\u897f\u65b9\u5404\u56fd\uff0c\u4e1c\u5357\u4e9a\u53d1\u8fbe\u70b9\u7684\u5730\u65b9\u662f\u8fd1\u4f3c\u7684\u3002\u8fd9\u4e8b\u672c\u8d28\u4e0a\u8fd8\u662f\u7a0b\u6731\u9057\u6bd2\uff08<a data-url=\"http:\/\/t.cn\/759Az\" target=\"_blank\" href=\"https:\/\/weibo.cn\/sinaurl\/blocked7e211575?luicode=10000011&lfid=1076031401527553&u=http%3A%2F%2Fhi.baidu.com%2Ftombkeeper%2Fblog%2Fitem%2F9a69ef0385c08285d53f7c42.html&ep=xkUL9kPBi%252C1401527553%252CxkUL9kPBi%252C1401527553\" class=\"\"><span class=\"url-icon\"><img src=\"\/\/h5.sinaimg.cn\/upload\/2015\/09\/25\/3\/timeline_card_small_web_default.png\"><\/span><\/i><span class=\"surl-text\">\u7f51\u9875\u94fe\u63a5<\/a>\uff09\u3002\u6211\u4ee5\u524d\u7ecf\u5e38\u8ddf\u4eba\u8bf4\u201c\u5468\u603b\u7406\u4e34\u7ec8\u524d\u90fd\u653e\u5fc3\u4e0d\u4e0b\u9752\u5c11\u5e74\u6027\u6559\u80b2\u95ee\u9898\u201d\uff0c\u5927\u5bb6\u90fd\u4ee5\u4e3a\u6211\u5f00\u73a9\u7b11\uff0c\u5176\u5b9e\u662f\u771f\u7684\u3002\u5468\u6069\u6765\u6bd5\u7adf\u5728\u6b27\u6d32\u8f6c\u8fc7\u4e00\u5708\uff0c\u4e0d\u662f\u571f\u5305\u5b50\u3002 \u200b\u200b\u200b","source":"\u5fae\u535a weibo.com","favorited":false,"is_paid":false,"mblog_vip_type":0,"user":{"id":1401527553,"screen_name":"tombkeeper","profile_image_url":"https:\/\/tva2.sinaimg.cn\/crop.0.0.180.180.180\/53899d01jw8fcb9qpe7vbj2050050mx8.jpg","profile_url":"https:\/\/m.weibo.cn\/u\/1401527553?uid=1401527553&luicode=10000011&lfid=1076031401527553","statuses_count":15425,"verified":true,"verified_type":0,"verified_type_ext":1,"verified_reason":"\u77e5\u540d\u4e92\u8054\u7f51\u8d44\u8baf\u535a\u4e3b","close_blue_v":false,"description":"\u5fae\u535a\u672c\u5730\u8d44\u8baf\u535a\u4e3b\uff08\u521a\u679c\u5e03\u62c9\u67f4\u7ef4\u5c14\uff09","gender":"m","mbtype":12,"urank":48,"mbrank":6,"follow_me":false,"following":false,"followers_count":192533,"follow_count":277,"cover_image_phone":"https:\/\/tva1.sinaimg.cn\/crop.0.0.640.640.640\/549d0121tw1egm1kjly3jj20hs0hsq4f.jpg","avatar_hd":"https:\/\/ww2.sinaimg.cn\/orj480\/53899d01jw8fcb9qpe7vbj2050050mx8.jpg","like":false,"like_me":false,"badge":{"bind_taobao":1,"dzwbqlx_2016":1,"follow_whitelist_video":1,"hongbao_2018":1}},"reposts_count":31,"comments_count":6,"attitudes_count":19,"pending_approval_count":0,"isLongText":false,"visible":{"type":0,"list_id":0},"more_info_type":0,"content_auth":0,"edit_config":{"edited":false},"mblogtype":0,"page_info":{"page_pic":{"url":"https:\/\/wx2.sinaimg.cn\/thumb180\/a50b0fd1ly9fltxlszj8rj20500500sn.jpg"},"page_url":"https:\/\/m.weibo.cn\/p\/index?containerid=100808426699e721eb0d0fd77b04cedbacdd7f&extparam=%E6%80%A7%E6%95%99%E8%82%B2%E8%AF%BE%E6%9C%AC&luicode=10000011&lfid=1076031401527553","page_title":"#\u6027\u6559\u80b2\u8bfe\u672c#","content1":"","content2":"4\u4eba\u5173\u6ce8","type":"topic"},"bid":"xkUL9kPBi"},"show_type":0},{"card_type":9,"itemid":"1076031401527553_-_3349839396905178","scheme":"https:\/\/m.weibo.cn\/status\/xkUy7sYlQ?mblogid=xkUy7sYlQ&luicode=10000011&lfid=1076031401527553","mblog":{"created_at":"2011-08-24","id":"3349839396905178","idstr":"3349839396905178","mid":"3349839396905178","can_edit":false,"text":"\u540c\u65f6\u6298\u5c04\u51fa\u4f01\u4e1a\u6587\u5316\u548c\u7ba1\u7406\u5c42\u7684\u7fa4\u4f53\u6027\u683c\u3002","source":"\u5fae\u535a weibo.com","favorited":false,"is_paid":false,"mblog_vip_type":0,"user":{"id":1401527553,"screen_name":"tombkeeper","profile_image_url":"https:\/\/tva2.sinaimg.cn\/crop.0.0.180.180.180\/53899d01jw8fcb9qpe7vbj2050050mx8.jpg","profile_url":"https:\/\/m.weibo.cn\/u\/1401527553?uid=1401527553&luicode=10000011&lfid=1076031401527553","statuses_count":15425,"verified":true,"verified_type":0,"verified_type_ext":1,"verified_reason":"\u77e5\u540d\u4e92\u8054\u7f51\u8d44\u8baf\u535a\u4e3b","close_blue_v":false,"description":"\u5fae\u535a\u672c\u5730\u8d44\u8baf\u535a\u4e3b\uff08\u521a\u679c\u5e03\u62c9\u67f4\u7ef4\u5c14\uff09","gender":"m","mbtype":12,"urank":48,"mbrank":6,"follow_me":false,"following":false,"followers_count":192533,"follow_count":277,"cover_image_phone":"https:\/\/tva1.sinaimg.cn\/crop.0.0.640.640.640\/549d0121tw1egm1kjly3jj20hs0hsq4f.jpg","avatar_hd":"https:\/\/ww2.sinaimg.cn\/orj480\/53899d01jw8fcb9qpe7vbj2050050mx8.jpg","like":false,"like_me":false,"badge":{"bind_taobao":1,"dzwbqlx_2016":1,"follow_whitelist_video":1,"hongbao_2018":1}},"retweeted_status":{"created_at":"2011-08-24","id":"3349707447942752","idstr":"3349707447942752","mid":"3349707447942752","can_edit":false,"text":"\u4e00\u5bb6\u6709\u4e00\u5b9a\u89c4\u6a21\u7684\u4e92\u8054\u7f51\u516c\u53f8\uff0c\u5982\u679c\u5458\u5de5\u5728\u5fae\u535a\u4e0a\u6652\u7684\u90fd\u662f\u4ef7\u503c\u89c2\u76f8\u5173\u7684\u611f\u609f\uff0c\u90a3\u4e48\uff0c\u8981\u4e48\u662f\u5728\u4ed6\u7684\u4e3b\u7ba1\u548cHR\u9762\u524d\u523b\u610f\u8868\u73b0\uff0c\u8981\u4e48\u5c31\u662f\uff0c\u8fd9\u5bb6\u516c\u53f8\u7684\u5458\u5de5\u5185\u5fc3\u90fd\u6b63\u5728\u7ea0\u7ed3\u3002 \u200b\u200b\u200b","source":"\u5fae\u535a weibo.com","favorited":false,"is_paid":false,"mblog_vip_type":0,"user":{"id":1577826897,"screen_name":"Fenng","profile_image_url":"https:\/\/tva3.sinaimg.cn\/crop.0.0.750.750.180\/5e0bba51jw8eznr420aofj20ku0kudgf.jpg","profile_url":"https:\/\/m.weibo.cn\/u\/1577826897?uid=1577826897&luicode=10000011&lfid=1076031401527553","statuses_count":25422,"verified":true,"verified_type":0,"verified_type_ext":1,"verified_reason":"\u300c\u5c0f\u9053\u6d88\u606f\u300d\u51fa\u54c1\u4eba","close_blue_v":false,"description":"\u624b\u827a\u4eba\uff0c\u5199\u5b57\u513f\u7684\u3002\u505a\u8fc7\u4e0d\u4f1a\u5199\u4ee3\u7801\u7684\u6c34\u8d27 CTO\u3002\u73b0\u5728\u6b63\u5728\u521b\u4e1a\u3002","gender":"m","mbtype":12,"urank":48,"mbrank":7,"follow_me":false,"following":false,"followers_count":1825690,"follow_count":3629,"cover_image_phone":"https:\/\/tva1.sinaimg.cn\/crop.0.0.640.640.640\/9d44112bjw1f1xl1c10tuj20hs0hs0tw.jpg","avatar_hd":"https:\/\/ww3.sinaimg.cn\/orj480\/5e0bba51jw8eznr420aofj20ku0kudgf.jpg","like":false,"like_me":false,"badge":{"bind_taobao":1,"self_media":1,"dzwbqlx_2016":1,"follow_whitelist_video":1,"hongbao_2018":1,"user_name_certificate":1}},"reposts_count":143,"comments_count":80,"attitudes_count":0,"pending_approval_count":0,"isLongText":false,"visible":{"type":0,"list_id":0},"more_info_type":0,"content_auth":0,"edit_config":{"edited":false},"bid":"xkR7ixkgU"},"reposts_count":3,"comments_count":1,"attitudes_count":0,"pending_approval_count":0,"isLongText":false,"visible":{"type":0,"list_id":0},"more_info_type":0,"content_auth":0,"edit_config":{"edited":false},"mblogtype":0,"obj_ext":"","raw_text":"\u540c\u65f6\u6298\u5c04\u51fa\u4f01\u4e1a\u6587\u5316\u548c\u7ba1\u7406\u5c42\u7684\u7fa4\u4f53\u6027\u683c\u3002","bid":"xkUy7sYlQ"},"show_type":0},{"card_type":9,"itemid":"1076031401527553_-_3349823072729897","scheme":"https:\/\/m.weibo.cn\/status\/xkU7NbsaB?mblogid=xkU7NbsaB&luicode=10000011&lfid=1076031401527553","mblog":{"created_at":"2011-08-24","id":"3349823072729897","idstr":"3349823072729897","mid":"3349823072729897","can_edit":false,"text":"\/\/<a href='https:\/\/m.weibo.cn\/n\/\u9ec4\u4e00\u5b5f'>@\u9ec4\u4e00\u5b5f<\/a>\uff1a\u8fd9\u4e2a\u4f8b\u5b50\u4e3e\u5f97\u592a\u597d\u4e86\uff0c\u76f4\u63a5\u62d4\u4e86\u4e2d\u975e\u5e0c\u671b\u5de5\u7a0b\u7684\u5e95\u88e4\/\/<a href='https:\/\/m.weibo.cn\/n\/\u5f90\u5ba5\u7bb4'>@\u5f90\u5ba5\u7bb4<\/a>\uff1a\u6211\u5e0c\u671b\u901a\u8fc7\u6148\u5584\u7ec4\u7ec7\u5b9a\u5411\u6350\u6b3e\u7ed9\u6211\u5728\u52a0\u62ff\u5927\u7684\u8868\u5f1f\uff0c\u4ed6\u5f97\u4e86\u611f\u5192\uff0c\u5f88\u4e25\u91cd\u5f88\u53ef\u601c\uff0c\u6211\u5e0c\u671b\u6350\u6b3e3000\u4e07\uff0c\u8bf7\u516c\u5e73\u4f9d\u6cd5\u6279\u51c6\u514d\u7a0e\uff01\u8c22\u8c22\u3002\u6211\u4e0d\u5411\u4ed6\u4eba\u529d\u52df\uff0c\u6bd4\u8fd9\u4ec0\u4e48\u534f\u4f1a\u505a\u7684\u66f4\u5149\u660e\u6b63\u5927","source":"\u5fae\u535a weibo.com","favorited":false,"is_paid":false,"mblog_vip_type":0,"user":{"id":1401527553,"screen_name":"tombkeeper","profile_image_url":"https:\/\/tva2.sinaimg.cn\/crop.0.0.180.180.180\/53899d01jw8fcb9qpe7vbj2050050mx8.jpg","profile_url":"https:\/\/m.weibo.cn\/u\/1401527553?uid=1401527553&luicode=10000011&lfid=1076031401527553","statuses_count":15425,"verified":true,"verified_type":0,"verified_type_ext":1,"verified_reason":"\u77e5\u540d\u4e92\u8054\u7f51\u8d44\u8baf\u535a\u4e3b","close_blue_v":false,"description":"\u5fae\u535a\u672c\u5730\u8d44\u8baf\u535a\u4e3b\uff08\u521a\u679c\u5e03\u62c9\u67f4\u7ef4\u5c14\uff09","gender":"m","mbtype":12,"urank":48,"mbrank":6,"follow_me":false,"following":false,"followers_count":192533,"follow_count":277,"cover_image_phone":"https:\/\/tva1.sinaimg.cn\/crop.0.0.640.640.640\/549d0121tw1egm1kjly3jj20hs0hsq4f.jpg","avatar_hd":"https:\/\/ww2.sinaimg.cn\/orj480\/53899d01jw8fcb9qpe7vbj2050050mx8.jpg","like":false,"like_me":false,"badge":{"bind_taobao":1,"dzwbqlx_2016":1,"follow_whitelist_video":1,"hongbao_2018":1}},"pid":3349727765504981,"retweeted_status":{"created_at":"2011-08-24","id":"3349715347333608","idstr":"3349715347333608","mid":"3349715347333608","can_edit":false,"text":"\u5bf9<a href='https:\/\/m.weibo.cn\/n\/\u6e29\u67d4\u5927\u76d7DONEWS'>@\u6e29\u67d4\u5927\u76d7DONEWS<\/a>: \u5173\u4e8e\u8d22\u7a0e[2004]39\u53f7\u6587\u514d\u7a0e\u89c4\u5b9a\u662f\u5426\u9002\u7528\u4e8e<a class='k' href='https:\/\/m.weibo.cn\/k\/%E4%B8%AD%E9%9D%9E%E5%B8%8C%E6%9C%9B%E5%B7%A5%E7%A8%8B?from=feed'>#\u4e2d\u975e\u5e0c\u671b\u5de5\u7a0b#<\/a>\u7684\u7b54\u590d\u3002\u7eaf\u5c5e\u4e2a\u4eba\u610f\u89c1\u3002 \u200b\u200b\u200b","source":"\u5fae\u535a weibo.com","favorited":false,"thumbnail_pic":"http:\/\/ww1.sinaimg.cn\/thumbnail\/49164303jw1dkfykubvbcj.jpg","bmiddle_pic":"http:\/\/ww1.sinaimg.cn\/bmiddle\/49164303jw1dkfykubvbcj.jpg","original_pic":"http:\/\/ww1.sinaimg.cn\/large\/49164303jw1dkfykubvbcj.jpg","is_paid":false,"mblog_vip_type":0,"user":{"id":1226195715,"screen_name":"\u560e\u739b\u683c\u5217-\u5218\u5de5\u5f8b\u5e08","profile_image_url":"https:\/\/tva2.sinaimg.cn\/crop.0.0.180.180.180\/49164303jw1e8qgp5bmzyj2050050aa8.jpg","profile_url":"https:\/\/m.weibo.cn\/u\/1226195715?uid=1226195715&luicode=10000011&lfid=1076031401527553","statuses_count":3146,"verified":true,"verified_type":0,"verified_type_ext":0,"verified_reason":"\u5317\u4eac\u534e\u9e4f\u5f8b\u5e08\u4e8b\u52a1\u6240 \u5f8b\u5e08 \u5408\u4f19\u4eba","close_blue_v":false,"description":"\u56e0\u4e3a\u770b\u4e0d\u900f\u4e4c\u4e91\uff0c\u6240\u4ee5\u96be\u89c1\u6674\u5929\uff0c\u56e0\u4e3a\u770b\u4e0d\u900f\u81ea\u5df1\uff0c\u6240\u4ee5\u4e0d\u89c1\u5982\u6765\u3002","gender":"m","mbtype":0,"urank":22,"mbrank":0,"follow_me":false,"following":false,"followers_count":1350,"follow_count":217,"cover_image_phone":"https:\/\/tva1.sinaimg.cn\/crop.0.0.640.640.640\/549d0121tw1egm1kjly3jj20hs0hsq4f.jpg","avatar_hd":"https:\/\/ww2.sinaimg.cn\/orj480\/49164303jw1e8qgp5bmzyj2050050aa8.jpg","like":false,"like_me":false,"badge":{"unread_pool":1,"unread_pool_ext":1}},"reposts_count":34,"comments_count":10,"attitudes_count":0,"pending_approval_count":0,"isLongText":false,"visible":{"type":0,"list_id":0},"more_info_type":0,"content_auth":0,"edit_config":{"edited":false},"page_info":{"page_pic":{"url":"https:\/\/ww2.sinaimg.cn\/thumb180\/74f67c55jw9exzdqwpjowj20500503ye.jpg"},"page_url":"https:\/\/m.weibo.cn\/p\/index?containerid=1008089d33f8b1c636a8b2d76be51fb8291c2a&extparam=%E4%B8%AD%E9%9D%9E%E5%B8%8C%E6%9C%9B%E5%B7%A5%E7%A8%8B&luicode=10000011&lfid=1076031401527553","page_title":"#\u4e2d\u975e\u5e0c\u671b\u5de5\u7a0b#","content1":"","content2":"1\u4eba\u5173\u6ce8","type":"topic"},"bid":"xkRk2uLO0","pics":[{"pid":"49164303jw1dkfykubvbcj","url":"https:\/\/ww1.sinaimg.cn\/orj360\/49164303jw1dkfykubvbcj.jpg","size":"orj360","geo":false,"large":{"size":"large","url":"https:\/\/ww1.sinaimg.cn\/large\/49164303jw1dkfykubvbcj.jpg","geo":false}}]},"reposts_count":2,"comments_count":1,"attitudes_count":0,"pending_approval_count":0,"isLongText":false,"visible":{"type":0,"list_id":0},"more_info_type":0,"content_auth":0,"edit_config":{"edited":false},"mblogtype":0,"obj_ext":"","raw_text":"\/\/@\u9ec4\u4e00\u5b5f\uff1a\u8fd9\u4e2a\u4f8b\u5b50\u4e3e\u5f97\u592a\u597d\u4e86\uff0c\u76f4\u63a5\u62d4\u4e86\u4e2d\u975e\u5e0c\u671b\u5de5\u7a0b\u7684\u5e95\u88e4\/\/@\u5f90\u5ba5\u7bb4\uff1a\u6211\u5e0c\u671b\u901a\u8fc7\u6148\u5584\u7ec4\u7ec7\u5b9a\u5411\u6350\u6b3e\u7ed9\u6211\u5728\u52a0\u62ff\u5927\u7684\u8868\u5f1f\uff0c\u4ed6\u5f97\u4e86\u611f\u5192\uff0c\u5f88\u4e25\u91cd\u5f88\u53ef\u601c\uff0c\u6211\u5e0c\u671b\u6350\u6b3e3000\u4e07\uff0c\u8bf7\u516c\u5e73\u4f9d\u6cd5\u6279\u51c6\u514d\u7a0e\uff01\u8c22\u8c22\u3002\u6211\u4e0d\u5411\u4ed6\u4eba\u529d\u52df\uff0c\u6bd4\u8fd9\u4ec0\u4e48\u534f\u4f1a\u505a\u7684\u66f4\u5149\u660e\u6b63\u5927","bid":"xkU7NbsaB"},"show_type":0},{"card_type":9,"itemid":"1076031401527553_-_3349691874116289","scheme":"https:\/\/m.weibo.cn\/status\/xkQIbhgPL?mblogid=xkQIbhgPL&luicode=10000011&lfid=1076031401527553","mblog":{"created_at":"2011-08-23","id":"3349691874116289","idstr":"3349691874116289","mid":"3349691874116289","can_edit":false,"text":"\u5c0f\u65f6\u5019\u5b66\u65e0\u7ebf\u7535\uff0c\u5728\u5bb6\u67b6\u4e86\u6839T\u5f62\u5929\u7ebf\uff0c\u63a5\u5230\u5c0f\u534a\u5bfc\u4f53\u6536\u97f3\u673a\u4e0a\uff0c\u5c31\u80fd\u52c9\u5f3a\u6536\u5230\u4e0a\u6d77\u7684\u4e2d\u6ce2\u53f0\u3002\u4e0a\u6d77\u53f0\u5f53\u65f6\u5728\u5168\u56fd\u7387\u5148\u641e\u4e86\u4e2a\u5348\u591c\u6084\u6084\u8bdd\u8282\u76ee\uff0c\u90a3\u4f1a\u513f\u4e07\u5cf0\u8001\u5e08\u8fd8\u6ca1\u51fa\u9053\u5462\u3002\u6211\u5c31\u8bb0\u5f97\u6709\u6b21\u4e00\u4e2a\u5929\u6d25\u53e3\u97f3\u7684\u4eba\u6253\u8fdb\u70ed\u7ebf\u6765\uff0c\u95ee\u7535\u53f0\u8bf7\u6765\u7684\u533b\u751f\uff1a\u201c\u5927\u592b\uff0c\u5927\u592b\uff0c\u6211\u542c\u68ad\uff0c\u623f\u56db\u513f\u5b8c\u4e86\u4e0d\u80fd\u5472\u51c9\u5730\uff0c\u5472\u51c9\u5730\u9633\u840e\uff0c\u56db\u561b\uff1f\u56db\u561b\uff1f\u201d \u200b\u200b\u200b","source":"\u5fae\u535a weibo.com","favorited":false,"is_paid":false,"mblog_vip_type":0,"user":{"id":1401527553,"screen_name":"tombkeeper","profile_image_url":"https:\/\/tva2.sinaimg.cn\/crop.0.0.180.180.180\/53899d01jw8fcb9qpe7vbj2050050mx8.jpg","profile_url":"https:\/\/m.weibo.cn\/u\/1401527553?uid=1401527553&luicode=10000011&lfid=1076031401527553","statuses_count":15425,"verified":true,"verified_type":0,"verified_type_ext":1,"verified_reason":"\u77e5\u540d\u4e92\u8054\u7f51\u8d44\u8baf\u535a\u4e3b","close_blue_v":false,"description":"\u5fae\u535a\u672c\u5730\u8d44\u8baf\u535a\u4e3b\uff08\u521a\u679c\u5e03\u62c9\u67f4\u7ef4\u5c14\uff09","gender":"m","mbtype":12,"urank":48,"mbrank":6,"follow_me":false,"following":false,"followers_count":192533,"follow_count":277,"cover_image_phone":"https:\/\/tva1.sinaimg.cn\/crop.0.0.640.640.640\/549d0121tw1egm1kjly3jj20hs0hsq4f.jpg","avatar_hd":"https:\/\/ww2.sinaimg.cn\/orj480\/53899d01jw8fcb9qpe7vbj2050050mx8.jpg","like":false,"like_me":false,"badge":{"bind_taobao":1,"dzwbqlx_2016":1,"follow_whitelist_video":1,"hongbao_2018":1}},"reposts_count":20,"comments_count":17,"attitudes_count":4,"pending_approval_count":0,"isLongText":false,"visible":{"type":0,"list_id":0},"more_info_type":0,"content_auth":0,"edit_config":{"edited":false},"mblogtype":0,"bid":"xkQIbhgPL"},"show_type":0},{"card_type":9,"itemid":"1076031401527553_-_3349681635686442","scheme":"https:\/\/m.weibo.cn\/status\/xkQrFnRiO?mblogid=xkQrFnRiO&luicode=10000011&lfid=1076031401527553","mblog":{"created_at":"2011-08-23","id":"3349681635686442","idstr":"3349681635686442","mid":"3349681635686442","can_edit":false,"text":"\u957f\u671f\u8131\u79bb\u4e00\u7ebf\u5de5\u4f5c\uff0c\u5076\u7136\u51fa\u624b\uff0c\u8fd8\u80fd\u6709\u8fd9\u6837\u7684\u6548\u679c\u3002\u8fd9\u662f\u5565\uff1f\u8fd9\u5c31\u662f\u539f\u529b\uff0c\u800c\u4e14\u8fd8\u662fDarth Vader\u90a3\u79cd\uff0c\u9ed1\u6697\u7684\u539f\u529b\u3002","source":"\u5fae\u535a weibo.com","favorited":false,"is_paid":false,"mblog_vip_type":0,"user":{"id":1401527553,"screen_name":"tombkeeper","profile_image_url":"https:\/\/tva2.sinaimg.cn\/crop.0.0.180.180.180\/53899d01jw8fcb9qpe7vbj2050050mx8.jpg","profile_url":"https:\/\/m.weibo.cn\/u\/1401527553?uid=1401527553&luicode=10000011&lfid=1076031401527553","statuses_count":15425,"verified":true,"verified_type":0,"verified_type_ext":1,"verified_reason":"\u77e5\u540d\u4e92\u8054\u7f51\u8d44\u8baf\u535a\u4e3b","close_blue_v":false,"description":"\u5fae\u535a\u672c\u5730\u8d44\u8baf\u535a\u4e3b\uff08\u521a\u679c\u5e03\u62c9\u67f4\u7ef4\u5c14\uff09","gender":"m","mbtype":12,"urank":48,"mbrank":6,"follow_me":false,"following":false,"followers_count":192533,"follow_count":277,"cover_image_phone":"https:\/\/tva1.sinaimg.cn\/crop.0.0.640.640.640\/549d0121tw1egm1kjly3jj20hs0hsq4f.jpg","avatar_hd":"https:\/\/ww2.sinaimg.cn\/orj480\/53899d01jw8fcb9qpe7vbj2050050mx8.jpg","like":false,"like_me":false,"badge":{"bind_taobao":1,"dzwbqlx_2016":1,"follow_whitelist_video":1,"hongbao_2018":1}},"retweeted_status":{"created_at":"2011-08-23","id":"3349680298049713","idstr":"3349680298049713","mid":"3349680298049713","can_edit":false,"text":"\u4f5c\u4e3a\u5df2\u7ecf\u8131\u79bb\u4e00\u7ebf\u5f88\u4e45\u5f88\u4e45\u7684\u8001\u9ed1\u5ba2tt\uff0c\u4eca\u5929\u53c8\u8ba9\u6211\u666f\u4ef0\u4e86\u4e00\u56de\u3002\u80fd\u5728\u4e00\u4e2a\u957f\u671f\u672a\u5173\u95ed\u7684\u95f2\u7f6e\u7740\u7684IDA Pro\u7a97\u53e3\u4e2d\u4e0d\u7ecf\u610f\u5730\u53d1\u73b0\u4e00\u4e2a\u90aa\u6076\u7684\u79d8\u5bc6\uff0c\u5e76\u6700\u7ec8\u5f97\u901e\uff0c\u8fd9\u53ea\u80fd\u8bf4\u660e\u4e00\u4ef6\u4e8b\uff0c\u8fd9\u662f\u4e00\u4e2a\u90aa\u6076\u800c\u6709\u5929\u8d4b\u7684\u4eba\u3002\u53ea\u6709\u5185\u5fc3\u90aa\u6076\u3001\u4e0b\u4f5c\u3001\u65e0\u803b\u3001\u6d41\u6c13\u7684\u4eba\uff0c\u624d\u80fd\u5bf9\u4ed8\u6d41\u6c13\u3002 \u200b\u200b\u200b","source":"\u5fae\u535a weibo.com","favorited":false,"is_paid":false,"mblog_vip_type":0,"user":{"id":1273725432,"screen_name":"\u6c88\u6c89\u821f","profile_image_url":"https:\/\/tva1.sinaimg.cn\/crop.0.0.180.180.180\/4beb81f8jw1e8qgp5bmzyj2050050aa8.jpg","profile_url":"https:\/\/m.weibo.cn\/u\/1273725432?uid=1273725432&luicode=10000011&lfid=1076031401527553","statuses_count":1863,"verified":false,"verified_type":-1,"close_blue_v":false,"description":"C\/ASM\u7a0b\u5e8f\u5458scz(\u5c0f\u56db)","gender":"m","mbtype":0,"urank":37,"mbrank":0,"follow_me":false,"following":false,"followers_count":18016,"follow_count":329,"cover_image_phone":"https:\/\/tva2.sinaimg.cn\/crop.0.0.640.640.640\/a1d3feabjw1ecat8op0e1j20hs0hswgu.jpg","avatar_hd":"https:\/\/ww1.sinaimg.cn\/orj480\/4beb81f8jw1e8qgp5bmzyj2050050aa8.jpg","like":false,"like_me":false,"badge":{"dzwbqlx_2016":1,"follow_whitelist_video":1}},"reposts_count":9,"comments_count":10,"attitudes_count":0,"pending_approval_count":0,"isLongText":false,"visible":{"type":0,"list_id":0},"more_info_type":0,"content_auth":0,"edit_config":{"edited":false},"bid":"xkQpvxM65"},"reposts_count":1,"comments_count":0,"attitudes_count":0,"pending_approval_count":0,"isLongText":false,"visible":{"type":0,"list_id":0},"more_info_type":0,"content_auth":0,"edit_config":{"edited":false},"mblogtype":0,"obj_ext":"","raw_text":"\u957f\u671f\u8131\u79bb\u4e00\u7ebf\u5de5\u4f5c\uff0c\u5076\u7136\u51fa\u624b\uff0c\u8fd8\u80fd\u6709\u8fd9\u6837\u7684\u6548\u679c\u3002\u8fd9\u662f\u5565\uff1f\u8fd9\u5c31\u662f\u539f\u529b\uff0c\u800c\u4e14\u8fd8\u662fDarth Vader\u90a3\u79cd\uff0c\u9ed1\u6697\u7684\u539f\u529b\u3002","bid":"xkQrFnRiO"},"show_type":0},{"card_type":9,"itemid":"1076031401527553_-_3349679702038429","scheme":"https:\/\/m.weibo.cn\/status\/xkQoy8yhT?mblogid=xkQoy8yhT&luicode=10000011&lfid=1076031401527553","mblog":{"created_at":"2011-08-23","id":"3349679702038429","idstr":"3349679702038429","mid":"3349679702038429","can_edit":false,"text":"\u5728\u533b\u9662\u5e38\u9047\u5230\u4e00\u4e9b\u532a\u5937\u6240\u601d\u7684\u4e8b\u3002\u5e38\u5e38\u662f\u6211\u8bf4\u4e86\u522b\u4eba\u4e5f\u4e0d\u4fe1\u3002\u4e8e\u662f\u6211\u5c31\u53bb\u68c0\u7d22\u533b\u5b66\u8bba\u6587\uff0c\u627e\u4e00\u4e9b\u7c7b\u4f3c\u7684\u6848\u4f8b\u7ed9\u4ed6\u4eec\u770b\u3002\u6709\u4e86\u4f50\u8bc1\uff0c\u4ed6\u4eec\u624d\u4fe1\u3002\u8b6c\u5982\u8fd9\u7bc7\u8bba\u6587\uff1a\u300a\u7535\u52a8\u624b\u63d0\u7802\u8f6e\u5feb\u901f\u5207\u5272\u89e3\u9664\u9634\u830e\u8f74\u627f\u94a2\u677f\u5d4c\u987f1\u4f8b\u300b <a data-url=\"http:\/\/t.cn\/am6hk9\" target=\"_blank\" href=\"https:\/\/weibo.cn\/sinaurl\/blocked618cc158?luicode=10000011&lfid=1076031401527553&u=http%3A%2F%2Fd.wanfangdata.com.cn%2FPeriodical_shandyy200102063.aspx&ep=xkQoy8yhT%252C1401527553%252CxkQoy8yhT%252C1401527553\" class=\"\"><span class=\"url-icon\"><img src=\"\/\/h5.sinaimg.cn\/upload\/2015\/09\/25\/3\/timeline_card_small_web_default.png\"><\/span><\/i><span class=\"surl-text\">\u7f51\u9875\u94fe\u63a5<\/a> \u200b\u200b\u200b","source":"\u5fae\u535a weibo.com","favorited":false,"is_paid":false,"mblog_vip_type":0,"user":{"id":1401527553,"screen_name":"tombkeeper","profile_image_url":"https:\/\/tva2.sinaimg.cn\/crop.0.0.180.180.180\/53899d01jw8fcb9qpe7vbj2050050mx8.jpg","profile_url":"https:\/\/m.weibo.cn\/u\/1401527553?uid=1401527553&luicode=10000011&lfid=1076031401527553","statuses_count":15425,"verified":true,"verified_type":0,"verified_type_ext":1,"verified_reason":"\u77e5\u540d\u4e92\u8054\u7f51\u8d44\u8baf\u535a\u4e3b","close_blue_v":false,"description":"\u5fae\u535a\u672c\u5730\u8d44\u8baf\u535a\u4e3b\uff08\u521a\u679c\u5e03\u62c9\u67f4\u7ef4\u5c14\uff09","gender":"m","mbtype":12,"urank":48,"mbrank":6,"follow_me":false,"following":false,"followers_count":192533,"follow_count":277,"cover_image_phone":"https:\/\/tva1.sinaimg.cn\/crop.0.0.640.640.640\/549d0121tw1egm1kjly3jj20hs0hsq4f.jpg","avatar_hd":"https:\/\/ww2.sinaimg.cn\/orj480\/53899d01jw8fcb9qpe7vbj2050050mx8.jpg","like":false,"like_me":false,"badge":{"bind_taobao":1,"dzwbqlx_2016":1,"follow_whitelist_video":1,"hongbao_2018":1}},"reposts_count":4,"comments_count":8,"attitudes_count":0,"pending_approval_count":0,"isLongText":false,"visible":{"type":0,"list_id":0},"more_info_type":0,"content_auth":0,"edit_config":{"edited":false},"mblogtype":0,"bid":"xkQoy8yhT"},"show_type":0},{"card_type":9,"itemid":"1076031401527553_-_3349676640479196","scheme":"https:\/\/m.weibo.cn\/status\/xkQjC20EY?mblogid=xkQjC20EY&luicode=10000011&lfid=1076031401527553","mblog":{"created_at":"2011-08-23","id":"3349676640479196","idstr":"3349676640479196","mid":"3349676640479196","can_edit":false,"text":"\u63a8\u8350\u4e00\u79cd\u5904\u7406\u8f7b\u5fae\u70eb\u4f24\u7684\u65b9\u6cd5\u3002\u8f7b\u5fae\u70eb\u4f24\uff0c\u5c31\u662f\u7092\u83dc\u65f6\u80f3\u818a\u78b0\u5230\u9505\u8fd9\u79cd\u3002\u53d1\u7ea2\uff0c\u5f88\u75bc\uff0c\u4f46\u6ca1\u8d77\u6ce1\u3002\u8fd9\u5728\u533b\u5b66\u4e0a\u53eb\u4e00\u5ea6\u70eb\u4f24\u3002\u8fd9\u79cd\u70eb\u4f24\u53ea\u8981\u4fdd\u62a4\u5c40\u90e8\u76ae\u80a4\u7684\u6e7f\u6da6\uff0c\u75bc\u75db\u53ef\u4ee5\u5f88\u5feb\u6b62\u4f4f\uff0c\u6108\u5408\u4e5f\u5f88\u5feb\u3002\u5927\u591a\u6570\u70eb\u4f24\u818f\u90fd\u662f\u6cb9\u6027\u7684\uff0c\u4e3b\u8981\u76ee\u7684\u5c31\u662f\u7ef4\u6301\u5c40\u90e8\u6e7f\u6da6\u3002\u800c\u6bd4\u5404\u79cd\u70eb\u4f24\u836f\u818f\u90fd\u65b9\u4fbf\u4e14\u4e0d\u6613\u8e6d\u6389\u4e0d\u6c61\u8863\u7684\u5c31\u662f\u8d34\u4e00\u5757\u7eb8\u80f6\u5e03\u3002 \u200b\u200b\u200b","source":"\u5fae\u535a weibo.com","favorited":false,"is_paid":false,"mblog_vip_type":0,"user":{"id":1401527553,"screen_name":"tombkeeper","profile_image_url":"https:\/\/tva2.sinaimg.cn\/crop.0.0.180.180.180\/53899d01jw8fcb9qpe7vbj2050050mx8.jpg","profile_url":"https:\/\/m.weibo.cn\/u\/1401527553?uid=1401527553&luicode=10000011&lfid=1076031401527553","statuses_count":15425,"verified":true,"verified_type":0,"verified_type_ext":1,"verified_reason":"\u77e5\u540d\u4e92\u8054\u7f51\u8d44\u8baf\u535a\u4e3b","close_blue_v":false,"description":"\u5fae\u535a\u672c\u5730\u8d44\u8baf\u535a\u4e3b\uff08\u521a\u679c\u5e03\u62c9\u67f4\u7ef4\u5c14\uff09","gender":"m","mbtype":12,"urank":48,"mbrank":6,"follow_me":false,"following":false,"followers_count":192533,"follow_count":277,"cover_image_phone":"https:\/\/tva1.sinaimg.cn\/crop.0.0.640.640.640\/549d0121tw1egm1kjly3jj20hs0hsq4f.jpg","avatar_hd":"https:\/\/ww2.sinaimg.cn\/orj480\/53899d01jw8fcb9qpe7vbj2050050mx8.jpg","like":false,"like_me":false,"badge":{"bind_taobao":1,"dzwbqlx_2016":1,"follow_whitelist_video":1,"hongbao_2018":1}},"reposts_count":4,"comments_count":4,"attitudes_count":1,"pending_approval_count":0,"isLongText":false,"visible":{"type":0,"list_id":0},"more_info_type":0,"content_auth":0,"edit_config":{"edited":false},"mblogtype":0,"bid":"xkQjC20EY"},"show_type":0},{"card_type":9,"itemid":"1076031401527553_-_3349668503497498","scheme":"https:\/\/m.weibo.cn\/status\/xkQ6ueFRg?mblogid=xkQ6ueFRg&luicode=10000011&lfid=1076031401527553","mblog":{"created_at":"2011-08-23","id":"3349668503497498","idstr":"3349668503497498","mid":"3349668503497498","can_edit":false,"text":"\u8fd9\u96c6\u5f88\u6709\u610f\u601d\u3002CIA\u7b56\u53cd\u4e86\u4e00\u4e2a\u4e09\u5ce1\u6c34\u5229\u4e13\u5bb6\u3002\u5f04\u8fc7\u6765\u540e\u53d1\u73b0\u8be5\u4e13\u5bb6\u5df2\u88ab\u6295\u6bd2\uff0c\u7528\u7684\u662f\u948b\u3002\u8fd9\u660e\u663e\u6284\u88ad\u4e86\u4fc4\u7f57\u65af\u4eba\u6bd2\u6740\u5229\u7279\u7ef4\u5e74\u79d1\u7684\u7ecf\u5178\u6848\u4f8b\u3002\u4f46\u7f16\u5267\u592a\u7f3a\u4e4f\u7269\u7406\u5b66\u77e5\u8bc6\uff0c\u4ee5\u4e3a\u76d6\u9769\u8ba1\u6570\u5668\u80fd\u5305\u6253\u4e00\u5207\u653e\u5c04\u6027\u7269\u8d28\u3002\u5b9e\u9645\u4e0a\u948b\u7684\u5389\u5bb3\u4e4b\u5904\u9664\u4e86\u6bd2\u6027\u662f\u6c30\u5316\u7269\u7684\u51e0\u4ebf\u500d\uff0c\u5c31\u662f\u56e0\u4e3a\u5176\u03b1\u8f90\u5c04\u5f88\u96be\u68c0\u6d4b\u3002","source":"\u5fae\u535a weibo.com","favorited":false,"is_paid":false,"mblog_vip_type":0,"user":{"id":1401527553,"screen_name":"tombkeeper","profile_image_url":"https:\/\/tva2.sinaimg.cn\/crop.0.0.180.180.180\/53899d01jw8fcb9qpe7vbj2050050mx8.jpg","profile_url":"https:\/\/m.weibo.cn\/u\/1401527553?uid=1401527553&luicode=10000011&lfid=1076031401527553","statuses_count":15425,"verified":true,"verified_type":0,"verified_type_ext":1,"verified_reason":"\u77e5\u540d\u4e92\u8054\u7f51\u8d44\u8baf\u535a\u4e3b","close_blue_v":false,"description":"\u5fae\u535a\u672c\u5730\u8d44\u8baf\u535a\u4e3b\uff08\u521a\u679c\u5e03\u62c9\u67f4\u7ef4\u5c14\uff09","gender":"m","mbtype":12,"urank":48,"mbrank":6,"follow_me":false,"following":false,"followers_count":192533,"follow_count":277,"cover_image_phone":"https:\/\/tva1.sinaimg.cn\/crop.0.0.640.640.640\/549d0121tw1egm1kjly3jj20hs0hsq4f.jpg","avatar_hd":"https:\/\/ww2.sinaimg.cn\/orj480\/53899d01jw8fcb9qpe7vbj2050050mx8.jpg","like":false,"like_me":false,"badge":{"bind_taobao":1,"dzwbqlx_2016":1,"follow_whitelist_video":1,"hongbao_2018":1}},"retweeted_status":{"created_at":"2011-08-17","id":"3347504620049008","idstr":"3347504620049008","mid":"3347504620049008","can_edit":false,"text":"<a class='k' href='https:\/\/m.weibo.cn\/k\/%E8%B0%8D%E5%BD%B1%E8%BF%B7%E6%83%85?from=feed'>#\u8c0d\u5f71\u8ff7\u60c5#<\/a> \u7b80\u4ecb:<a data-url=\"http:\/\/t.cn\/alcHK0\" target=\"_blank\" href=\"https:\/\/weibo.cn\/sinaurl\/blocked59e65101?tid=344771&extra=page%3D2&luicode=10000011&lfid=1076031401527553&u=http%3A%2F%2Fbbs.sfile2012.com%2Fviewthread.php%3Ftid%3D344771%26extra%3Dpage%253D2&ep=xjVOm0cKs%252C1774330692%252CxjVOm0cKs%252C1774330692\" class=\"\"><span class=\"url-icon\"><img src=\"\/\/h5.sinaimg.cn\/upload\/2015\/09\/25\/3\/timeline_card_small_web_default.png\"><\/span><\/i><span class=\"surl-text\">\u7f51\u9875\u94fe\u63a5<\/a> \u4e0a\u534a\u5b63\u64ad\u5b8c \u540e\u534a\u5b63\u51ac\u5b63\u56de\u5f52 ed2k:\/\/|file|Covert.Affairs.Season2.EP10_S-Files.rmvb|193135597|CB93BF0C4AAC6BDC9C73DD76512E1789|\/ \u200b\u200b\u200b","source":"\u5fae\u535a weibo.com","favorited":false,"thumbnail_pic":"http:\/\/ww2.sinaimg.cn\/thumbnail\/69c22344tw1dk8wpf5zqbj.jpg","bmiddle_pic":"http:\/\/ww2.sinaimg.cn\/bmiddle\/69c22344tw1dk8wpf5zqbj.jpg","original_pic":"http:\/\/ww2.sinaimg.cn\/large\/69c22344tw1dk8wpf5zqbj.jpg","is_paid":false,"mblog_vip_type":0,"user":{"id":1774330692,"screen_name":"\u4f0a\u7538\u56ed\u8bba\u575b","profile_image_url":"https:\/\/tva3.sinaimg.cn\/crop.0.0.180.180.180\/69c22344jw1e8qgp5bmzyj2050050aa8.jpg","profile_url":"https:\/\/m.weibo.cn\/u\/1774330692?uid=1774330692&luicode=10000011&lfid=1076031401527553","statuses_count":16495,"verified":false,"verified_type":-1,"close_blue_v":false,"description":"\u4f0a\u7538\u56ed\u56fd\u5916\u8fde\u7eed\u5267\u4ea4\u6d41\u7ad9 http:\/\/bbs.sfile2012.com\/ \u7ffb\u8bd1\u3001\u65f6\u95f4\u8f74\u62db\u52df\u7fa4222182562 \u79c1\u4fe1\u8bf7\u6055\u65e0\u6cd5\u4e00\u4e00\u56de\u590d","gender":"m","mbtype":0,"urank":34,"mbrank":0,"follow_me":false,"following":false,"followers_count":2067004,"follow_count":11,"cover_image_phone":"https:\/\/tva1.sinaimg.cn\/crop.0.0.640.640.640\/549d0121tw1egm1kjly3jj20hs0hsq4f.jpg","avatar_hd":"https:\/\/ww3.sinaimg.cn\/orj480\/69c22344jw1e8qgp5bmzyj2050050aa8.jpg","like":false,"like_me":false,"badge":{"anniversary":1,"dzwbqlx_2016":1,"follow_whitelist_video":1}},"reposts_count":15,"comments_count":14,"attitudes_count":0,"pending_approval_count":0,"isLongText":false,"visible":{"type":0,"list_id":0},"more_info_type":0,"content_auth":0,"edit_config":{"edited":false},"bid":"xjVOm0cKs","pics":[{"pid":"69c22344tw1dk8wpf5zqbj","url":"https:\/\/ww2.sinaimg.cn\/orj360\/69c22344tw1dk8wpf5zqbj.jpg","size":"orj360","geo":false,"large":{"size":"large","url":"https:\/\/ww2.sinaimg.cn\/large\/69c22344tw1dk8wpf5zqbj.jpg","geo":false}}]},"reposts_count":1,"comments_count":1,"attitudes_count":0,"pending_approval_count":0,"isLongText":false,"visible":{"type":0,"list_id":0},"more_info_type":0,"content_auth":0,"edit_config":{"edited":false},"mblogtype":0,"obj_ext":"","raw_text":"\u8fd9\u96c6\u5f88\u6709\u610f\u601d\u3002CIA\u7b56\u53cd\u4e86\u4e00\u4e2a\u4e09\u5ce1\u6c34\u5229\u4e13\u5bb6\u3002\u5f04\u8fc7\u6765\u540e\u53d1\u73b0\u8be5\u4e13\u5bb6\u5df2\u88ab\u6295\u6bd2\uff0c\u7528\u7684\u662f\u948b\u3002\u8fd9\u660e\u663e\u6284\u88ad\u4e86\u4fc4\u7f57\u65af\u4eba\u6bd2\u6740\u5229\u7279\u7ef4\u5e74\u79d1\u7684\u7ecf\u5178\u6848\u4f8b\u3002\u4f46\u7f16\u5267\u592a\u7f3a\u4e4f\u7269\u7406\u5b66\u77e5\u8bc6\uff0c\u4ee5\u4e3a\u76d6\u9769\u8ba1\u6570\u5668\u80fd\u5305\u6253\u4e00\u5207\u653e\u5c04\u6027\u7269\u8d28\u3002\u5b9e\u9645\u4e0a\u948b\u7684\u5389\u5bb3\u4e4b\u5904\u9664\u4e86\u6bd2\u6027\u662f\u6c30\u5316\u7269\u7684\u51e0\u4ebf\u500d\uff0c\u5c31\u662f\u56e0\u4e3a\u5176\u03b1\u8f90\u5c04\u5f88\u96be\u68c0\u6d4b\u3002","bid":"xkQ6ueFRg"},"show_type":0}],"showAppTips":0,"scheme":"sinaweibo:\/\/cardlist?containerid=1076031401527553&extparam=&luicode=10000011&lfid=&featurecode="}}