{"ok":1,"data":{"cardlistInfo":{"containerid":"1076031401527553","v_p":42,"show_style":1,"total":15518,"page":50},"cards":[{"card_type":9,"itemid":"1076031401527553_-_3349605769497657","scheme":"https:\/\/m.weibo.cn\/status\/xkOtiDQM1?mblogid=xkOtiDQM1&luicode=10000011&lfid=1076031401527553","mblog":{"created_at":"2011-08-23","id":"3349605769497657","idstr":"3349605769497657","mid":"3349605769497657","can_edit":false,"text":"<a data-url=\"http:\/\/t.cn\/amI9zj\" target=\"_blank\" href=\"https:\/\/weibo.cn\/sinaurl\/blockedabbfb942?luicode=10000011&lfid=1076031401527553&u=http%3A%2F%2Fnews.cn.yahoo.com%2Fypen%2F20110823%2F545685.html&ep=xkOtiDQM1%252C1401527553%252CxjSUUdYcQ%252C1739591861\" class=\"\"><span class=\"url-icon\"><img src=\"\/\/h5.sinaimg.cn\/upload\/2015\/09\/25\/3\/timeline_card_small_web_default.png\"><\/span><\/i><span class=\"surl-text\">\u7f51\u9875\u94fe\u63a5<\/a> \u300a\u4eac\u6caa\u591c\u7a7a\u540c\u73b0\u4e0d\u660e\u53d1\u5149\u4f53\u300b \u201c\u6839\u636e\u822a\u8def\u7ba1\u63a7\u8bb0\u5f55\uff0c\u5f53\u65f6\u786e\u5b9e\u6709\u4e0d\u5c11\u673a\u7ec4\u53d1\u6765\u62a5\u544a\uff0c\u63cf\u8ff0\u4e86\u540c\u6837\u7684\u60c5\u51b5\u3002\u201d \u201c\u5b9e\u9645\u4e0a\uff0c\u5c31\u57283\u5929\u524d\uff0c\u91cd\u5e86\u673a\u573a\u4e0a\u7a7a\u4e5f\u51fa\u73b0\u4e86\u8ba9\u4eba\u65e0\u6cd5\u8fa8\u522b\u7684\u7269\u4f53\u3002\u201d \/\/<a href='https:\/\/m.weibo.cn\/n\/\u98ce\u773c\u54e5\u6881\u9cad'>@\u98ce\u773c\u54e5\u6881\u9cad<\/a>:<a href='https:\/\/m.weibo.cn\/n\/NAi\u9648'>@NAi\u9648<\/a> <a href='https:\/\/m.weibo.cn\/n\/tombkeeper'>@tombkeeper<\/a> \u6c42\u8bc1\u8fbe\u4eba\u89e3\u91ca","source":"\u5fae\u535a weibo.com","favorited":false,"is_paid":false,"mblog_vip_type":0,"user":{"id":1401527553,"screen_name":"tombkeeper","profile_image_url":"https:\/\/tva2.sinaimg.cn\/crop.0.0.180.180.180\/53899d01jw8fcb9qpe7vbj2050050mx8.jpg","profile_url":"https:\/\/m.weibo.cn\/u\/1401527553?uid=1401527553&luicode=10000011&lfid=1076031401527553","statuses_count":15425,"verified":true,"verified_type":0,"verified_type_ext":1,"verified_reason":"\u77e5\u540d\u4e92\u8054\u7f51\u8d44\u8baf\u535a\u4e3b","close_blue_v":false,"description":"\u5fae\u535a\u672c\u5730\u8d44\u8baf\u535a\u4e3b\uff08\u521a\u679c\u5e03\u62c9\u67f4\u7ef4\u5c14\uff09","gender":"m","mbtype":12,"urank":48,"mbrank":6,"follow_me":false,"following":false,"followers_count":192533,"follow_count":277,"cover_image_phone":"https:\/\/tva1.sinaimg.cn\/crop.0.0.640.640.640\/549d0121tw1egm1kjly3jj20hs0hsq4f.jpg","avatar_hd":"https:\/\/ww2.sinaimg.cn\/orj480\/53899d01jw8fcb9qpe7vbj2050050mx8.jpg","like":false,"like_me":false,"badge":{"bind_taobao":1,"dzwbqlx_2016":1,"follow_whitelist_video":1,"hongbao_2018":1}},"pid":3347443094273590,"retweeted_status":{"created_at":"2011-08-17","id":"3347393363329700","idstr":"3347393363329700","mid":"3347393363329700","can_edit":false,"text":"\u91cd\u5e86\u6c5f\u5317\u673a\u573a\u4e00\u5ea6\u56e0\u4e0d\u660e\u6f02\u6d6e\u7269\u6682\u505c\u964d\u843d | 2011\u5e748\u670817\u65e5\u4e2d\u534812\u70b940\u5206\u5de6\u53f3\uff0c\u5fae\u535a\u7f51\u53cb\u7206\u6599\u79f0\uff0c\u91cd\u5e86\u6c5f\u5317\u56fd\u9645\u673a\u573a\u201c\u4e0d\u77e5\u4f55\u539f\u56e0\u5173\u95ed\uff0c\u591a\u822a\u73ed\u88ab\u964d\u5f02\u5730\u3002\u201d\u91cd\u5e86\u6668\u7f51\u8bb0\u8005\u968f\u540e\u4e86\u89e3\u5230\uff0c\u5f53\u5929\u6709\u4e24\u67b6\u822a\u73ed\u56e0\u4e3a\u964d\u843d\u822a\u9053\u4e0a\u51fa <a data-url=\"http:\/\/t.cn\/an7sQh\" target=\"_blank\" href=\"https:\/\/weibo.cn\/sinaurl\/blocked40c42766?mod=viewthread&tid=188231&fromuid=2&luicode=10000011&lfid=1076031401527553&u=http%3A%2F%2Fbbs.cq6.com%2Fforum.php%3Fmod%3Dviewthread%26tid%3D188231%26fromuid%3D2&ep=xjSUUdYcQ%252C1739591861%252CxjSUUdYcQ%252C1739591861\" class=\"\"><span class=\"url-icon\"><img src=\"\/\/h5.sinaimg.cn\/upload\/2015\/09\/25\/3\/timeline_card_small_web_default.png\"><\/span><\/i><span class=\"surl-text\">\u7f51\u9875\u94fe\u63a5<\/a> \u200b\u200b\u200b","source":"\u91cd\u5e86\u6e9c","favorited":false,"thumbnail_pic":"http:\/\/ww4.sinaimg.cn\/thumbnail\/67b010b5jw1dk8jxf8byxj.jpg","bmiddle_pic":"http:\/\/ww4.sinaimg.cn\/bmiddle\/67b010b5jw1dk8jxf8byxj.jpg","original_pic":"http:\/\/ww4.sinaimg.cn\/large\/67b010b5jw1dk8jxf8byxj.jpg","is_paid":false,"mblog_vip_type":0,"user":{"id":1739591861,"screen_name":"\u91cd\u5e86\u6e9c","profile_image_url":"https:\/\/tva1.sinaimg.cn\/crop.0.0.180.180.180\/67b010b5jw1e8qgp5bmzyj2050050aa8.jpg","profile_url":"https:\/\/m.weibo.cn\/u\/1739591861?uid=1739591861&luicode=10000011&lfid=1076031401527553","statuses_count":8510,"verified":true,"verified_type":2,"verified_type_ext":0,"verified_reason":"\u91cd\u5e86\u6e9c\u5b98\u65b9\u5fae\u535a","close_blue_v":false,"description":"www.cq6.cc\uff1aphp\u5b9a\u5236\u5f00\u53d1\u3001\u5fae\u4fe1\u63a5\u53e3\u529f\u80fd\u5f00\u53d1\u3001\u8bba\u575b\u95e8\u6237\u89e3\u51b3\u65b9\u6848\u3001\u7f51\u7edc\u8425\u9500\u63a8\u5e7f\u3001app\u5f00\u53d1\u3001\u4f01\u4e1a\u57f9\u8bad\u3001\u7f51\u7ad9\u6258\u7ba1\u3001\u94fe\u63a5\u7b49\u8bf7\u79c1\u4fe1\u6216\u8054\u7cfb\u4f01\u4e1aQQ\uff1a800097888","gender":"f","mbtype":0,"urank":17,"mbrank":0,"follow_me":false,"following":false,"followers_count":17566,"follow_count":1627,"cover_image_phone":"https:\/\/tva1.sinaimg.cn\/crop.0.0.640.640.640\/549d0121tw1egm1kjly3jj20hs0hsq4f.jpg","avatar_hd":"https:\/\/ww1.sinaimg.cn\/orj480\/67b010b5jw1e8qgp5bmzyj2050050aa8.jpg","like":false,"like_me":false},"reposts_count":26,"comments_count":4,"attitudes_count":0,"pending_approval_count":0,"isLongText":false,"visible":{"type":0,"list_id":0},"more_info_type":0,"content_auth":0,"edit_config":{"edited":false},"bid":"xjSUUdYcQ","pics":[{"pid":"67b010b5jw1dk8jxf8byxj","url":"https:\/\/ww4.sinaimg.cn\/orj360\/67b010b5jw1dk8jxf8byxj.jpg","size":"orj360","geo":false,"large":{"size":"large","url":"https:\/\/ww4.sinaimg.cn\/large\/67b010b5jw1dk8jxf8byxj.jpg","geo":false}}]},"reposts_count":3,"comments_count":2,"attitudes_count":0,"pending_approval_count":0,"isLongText":false,"visible":{"type":0,"list_id":0},"more_info_type":0,"content_auth":0,"edit_config":{"edited":false},"mblogtype":0,"obj_ext":"","raw_text":"http:\/\/t.cn\/amI9zj \u300a\u4eac\u6caa\u591c\u7a7a\u540c\u73b0\u4e0d\u660e\u53d1\u5149\u4f53\u300b \u201c\u6839\u636e\u822a\u8def\u7ba1\u63a7\u8bb0\u5f55\uff0c\u5f53\u65f6\u786e\u5b9e\u6709\u4e0d\u5c11\u673a\u7ec4\u53d1\u6765\u62a5\u544a\uff0c\u63cf\u8ff0\u4e86\u540c\u6837\u7684\u60c5\u51b5\u3002\u201d \u201c\u5b9e\u9645\u4e0a\uff0c\u5c31\u57283\u5929\u524d\uff0c\u91cd\u5e86\u673a\u573a\u4e0a\u7a7a\u4e5f\u51fa\u73b0\u4e86\u8ba9\u4eba\u65e0\u6cd5\u8fa8\u522b\u7684\u7269\u4f53\u3002\u201d \/\/@\u98ce\u773c\u54e5\u6881\u9cad:@NAi\u9648 @tombkeeper \u6c42\u8bc1\u8fbe\u4eba\u89e3\u91ca","bid":"xkOtiDQM1"},"show_type":0},{"card_type":9,"itemid":"1076031401527553_-_3349577017122063","scheme":"https:\/\/m.weibo.cn\/status\/xkNIVtSLZ?mblogid=xkNIVtSLZ&luicode=10000011&lfid=1076031401527553","mblog":{"created_at":"2011-08-23","id":"3349577017122063","idstr":"3349577017122063","mid":"3349577017122063","can_edit":false,"text":"\u5229\u6bd4\u4e9a\u9a7b\u534e\u5927\u4f7f\u9986\u5df2\u7ecf\u5347\u8d77\u65b0\u5229\u6bd4\u4e9a\u56fd\u65d7  <a data-url=\"http:\/\/t.cn\/amADPY\" href=\"http:\/\/video.sina.com.cn\/v\/b\/59335512-1341572584.html?url_type=1&object_type=&pos=1&luicode=10000011&lfid=1076031401527553&ep=xkNIVtSLZ%252C1401527553%252CxkNIVtSLZ%252C1401527553\" data-hide=\"\"><span class=\"url-icon\"><img src=\"http:\/\/u1.sinaimg.cn\/upload\/2014\/10\/16\/timeline_card_small_video_default.png\"><\/span><\/i><span class=\"surl-text\">\u89c6\u9891<\/a> \u200b\u200b\u200b","source":"\u5fae\u535a weibo.com","favorited":false,"is_paid":false,"mblog_vip_type":0,"user":{"id":1401527553,"screen_name":"tombkeeper","profile_image_url":"https:\/\/tva2.sinaimg.cn\/crop.0.0.180.180.180\/53899d01jw8fcb9qpe7vbj2050050mx8.jpg","profile_url":"https:\/\/m.weibo.cn\/u\/1401527553?uid=1401527553&luicode=10000011&lfid=1076031401527553","statuses_count":15425,"verified":true,"verified_type":0,"verified_type_ext":1,"verified_reason":"\u77e5\u540d\u4e92\u8054\u7f51\u8d44\u8baf\u535a\u4e3b","close_blue_v":false,"description":"\u5fae\u535a\u672c\u5730\u8d44\u8baf\u535a\u4e3b\uff08\u521a\u679c\u5e03\u62c9\u67f4\u7ef4\u5c14\uff09","gender":"m","mbtype":12,"urank":48,"mbrank":6,"follow_me":false,"following":false,"followers_count":192533,"follow_count":277,"cover_image_phone":"https:\/\/tva1.sinaimg.cn\/crop.0.0.640.640.640\/549d0121tw1egm1kjly3jj20hs0hsq4f.jpg","avatar_hd":"https:\/\/ww2.sinaimg.cn\/orj480\/53899d01jw8fcb9qpe7vbj2050050mx8.jpg","like":false,"like_me":false,"badge":{"bind_taobao":1,"dzwbqlx_2016":1,"follow_whitelist_video":1,"hongbao_2018":1}},"reposts_count":1,"comments_count":0,"attitudes_count":0,"pending_approval_count":0,"isLongText":false,"visible":{"type":0,"list_id":0},"more_info_type":0,"content_auth":0,"edit_config":{"edited":false},"mblogtype":0,"bid":"xkNIVtSLZ"},"show_type":0},{"card_type":9,"itemid":"1076031401527553_-_3349574131759704","scheme":"https:\/\/m.weibo.cn\/status\/xkNEh7nMk?mblogid=xkNEh7nMk&luicode=10000011&lfid=1076031401527553","mblog":{"created_at":"2011-08-23","id":"3349574131759704","idstr":"3349574131759704","mid":"3349574131759704","can_edit":false,"text":"\u592a\u591a\u4e86\u3002\u4e0d\u9a8c\u5c38\uff0c\u4e0d\u505a\u6bd2\u7406\u5206\u6790\uff0c\u6839\u672c\u4e0d\u53ef\u80fd\u660e\u786e\u5224\u65ad\u662f\u5fc3\u810f\u75c5\u3002 \/\/<a href='https:\/\/m.weibo.cn\/n\/wguo3'>@wguo3<\/a>\uff1a\u4ec0\u4e48\u65b9\u5f0f\u53ef\u4ee5\u5bfc\u81f4\u770b\u8d77\u6765\u50cf\u5fc3\u810f\u75c5 <a href='https:\/\/m.weibo.cn\/n\/tombkeeper'>@tombkeeper<\/a>","source":"\u5fae\u535a weibo.com","favorited":false,"is_paid":false,"mblog_vip_type":0,"user":{"id":1401527553,"screen_name":"tombkeeper","profile_image_url":"https:\/\/tva2.sinaimg.cn\/crop.0.0.180.180.180\/53899d01jw8fcb9qpe7vbj2050050mx8.jpg","profile_url":"https:\/\/m.weibo.cn\/u\/1401527553?uid=1401527553&luicode=10000011&lfid=1076031401527553","statuses_count":15425,"verified":true,"verified_type":0,"verified_type_ext":1,"verified_reason":"\u77e5\u540d\u4e92\u8054\u7f51\u8d44\u8baf\u535a\u4e3b","close_blue_v":false,"description":"\u5fae\u535a\u672c\u5730\u8d44\u8baf\u535a\u4e3b\uff08\u521a\u679c\u5e03\u62c9\u67f4\u7ef4\u5c14\uff09","gender":"m","mbtype":12,"urank":48,"mbrank":6,"follow_me":false,"following":false,"followers_count":192533,"follow_count":277,"cover_image_phone":"https:\/\/tva1.sinaimg.cn\/crop.0.0.640.640.640\/549d0121tw1egm1kjly3jj20hs0hsq4f.jpg","avatar_hd":"https:\/\/ww2.sinaimg.cn\/orj480\/53899d01jw8fcb9qpe7vbj2050050mx8.jpg","like":false,"like_me":false,"badge":{"bind_taobao":1,"dzwbqlx_2016":1,"follow_whitelist_video":1,"hongbao_2018":1}},"pid":3349571368110058,"retweeted_status":{"created_at":"2011-08-23","id":"3349571137413398","idstr":"3349571137413398","mid":"3349571137413398","can_edit":false,"text":"\u3010\u4e2d\u56fd\u94c1\u8def\u901a\u4fe1\u4fe1\u53f7\u96c6\u56e2\u8463\u4e8b\u957f\u9a6c\u9a8b\u7a81\u7136\u53bb\u4e16\u30118\u670822\u65e5\u4e0a\u5348\uff0c7\u00b723\u4e8b\u6545\u68c0\u67e5\u7ec4\u5230\u4e2d\u56fd\u94c1\u8def\u901a\u4fe1\u4fe1\u53f7\u96c6\u56e2\u516c\u53f8\u68c0\u67e5\u65f6\uff0c\u8463\u4e8b\u957f\u9a6c\u9a8b\u5fc3\u810f\u75c5\u7a81\u53d1\u53bb\u4e16\u3002\u9a6c\u9a8b\u662f\u901a\u53f7\u96c6\u56e2\u524d\u4efb\u603b\u7ecf\u7406\uff0c\u53bb\u5e74\u5e95\u6210\u4e3a\u8463\u4e8b\u957f\u3002\u4ed6\u88ab\u4e1a\u5185\u8ba4\u4e3a\u662f\u4e2d\u56fd\u9ad8\u94c1\u4fe1\u53f7\u6280\u672f\u7684\u5e26\u5934\u4eba\u3002\u4ed6\u539f\u6765\u6ca1\u6709\u5fc3\u810f\u75c5\u53f2\uff0c\u73b0\u8bca\u65ad\u4e3a\u5fc3\u810f\u75c5\u7a81\u53d1 \u3002<a data-url=\"http:\/\/t.cn\/amtlPF\" href=\"http:\/\/feed.mix.sina.com.cn\/link_card\/redirect?url=http%3A%2F%2Ftech.sina.com.cn%2Ft%2F2011-08-23%2F13255967772.shtml&sendweibouid=1401527553&sinainternalbrowser=topnav&share_menu=1&luicode=10000011&lfid=1076031401527553&ep=xkNzrv6yW%252C1627825392%252CxkNzrv6yW%252C1627825392\" data-hide=\"\"><span class=\"url-icon\"><img src=\"https:\/\/h5.sinaimg.cn\/upload\/2015\/09\/25\/3\/timeline_card_small_web_default.png\"><\/span><\/i><span class=\"surl-text\">\u94c1\u8def\u901a\u4fe1\u4fe1\u53f7\u8463\u4e8b\u957f\u7a81\u7136\u53bb\u4e16<\/a> \u200b\u200b\u200b","source":"\u5fae\u535a weibo.com","favorited":false,"thumbnail_pic":"http:\/\/ww4.sinaimg.cn\/thumbnail\/6106a4f0gw1dkfi1i0jm1j.jpg","bmiddle_pic":"http:\/\/ww4.sinaimg.cn\/bmiddle\/6106a4f0gw1dkfi1i0jm1j.jpg","original_pic":"http:\/\/ww4.sinaimg.cn\/large\/6106a4f0gw1dkfi1i0jm1j.jpg","is_paid":false,"mblog_vip_type":0,"user":{"id":1627825392,"screen_name":"\u4e92\u8054\u7f51\u7684\u90a3\u70b9\u4e8b","profile_image_url":"https:\/\/tva3.sinaimg.cn\/crop.0.0.180.180.180\/6106a4f0jw1e8qgp5bmzyj2050050aa8.jpg","profile_url":"https:\/\/m.weibo.cn\/u\/1627825392?uid=1627825392&luicode=10000011&lfid=1076031401527553","statuses_count":42992,"verified":true,"verified_type":0,"verified_type_ext":1,"verified_reason":"\u5fae\u535a\u77e5\u540d\u4e92\u8054\u7f51\u89c2\u5bdf\u5bb6 \u8d44\u8baf\u89c6\u9891\u81ea\u5a92\u4f53","close_blue_v":false,"description":"Q\uff1a605522552","gender":"f","mbtype":13,"urank":48,"mbrank":7,"follow_me":false,"following":false,"followers_count":3775688,"follow_count":1300,"cover_image_phone":"https:\/\/tva4.sinaimg.cn\/crop.0.0.0.0\/6106a4f0jw1ethjpohuadj20v90v9diy.jpg","avatar_hd":"https:\/\/ww3.sinaimg.cn\/orj480\/6106a4f0jw1e8qgp5bmzyj2050050aa8.jpg","like":false,"like_me":false,"badge":{"anniversary":1,"bind_taobao":1,"olympic_2016":1,"dzwbqlx_2016":1,"follow_whitelist_video":1,"super_star_2017":1,"hongbao_2018":1}},"reposts_count":457,"comments_count":164,"attitudes_count":0,"pending_approval_count":0,"isLongText":false,"visible":{"type":0,"list_id":0},"more_info_type":0,"content_auth":0,"edit_config":{"edited":false},"page_info":{"page_pic":{"url":"https:\/\/ww1.sinaimg.cn\/thumbnail\/dbc0ba47jw1f1a9zsl17fj2050050q2t.jpg"},"page_url":"http:\/\/feed.mix.sina.com.cn\/link_card\/redirect?url=http%3A%2F%2Ftech.sina.com.cn%2Ft%2F2011-08-23%2F13255967772.shtml&sendweibouid=1401527553&sinainternalbrowser=topnav&share_menu=1&luicode=10000011&lfid=1076031401527553","page_title":"\u94c1\u8def\u901a\u4fe1\u4fe1\u53f7\u8463\u4e8b\u957f\u7a81\u7136\u53bb\u4e16","content1":"\u94c1\u8def\u901a\u4fe1\u4fe1\u53f7\u8463\u4e8b\u957f\u7a81\u7136\u53bb\u4e16","content2":" \u3010\u8d22\u65b0\u7f51\u3011(\u8bb0\u8005\u4e8e\u5b81 \u66f9\u6d77\u4e3d)\u6628\u5929(8\u670822\u65e5)\u4e0a\u5348\uff0c7\u00b723\u4e8b\u6545\u68c0\u67e5\u7ec4\u5230\u4e2d\u56fd\u94c1\u8def\u901a\u4fe1\u4fe1\u53f7\u96c6\u56e2\u516c\u53f8(\u4e0b\u79f0\u901a\u53f7\u96c6\u56e2)\u68c0\u67e5\u65f6\uff0c\u8463\u4e8b\u957f\u9a6c\u9a8b\u5fc3\u810f\u75c5\u7a81\u53d1\u53bb\u4e16\u3002","type":"webpage"},"bid":"xkNzrv6yW","pics":[{"pid":"6106a4f0gw1dkfi1i0jm1j","url":"https:\/\/ww4.sinaimg.cn\/orj360\/6106a4f0gw1dkfi1i0jm1j.jpg","size":"orj360","geo":false,"large":{"size":"large","url":"https:\/\/ww4.sinaimg.cn\/large\/6106a4f0gw1dkfi1i0jm1j.jpg","geo":false}}]},"reposts_count":4,"comments_count":0,"attitudes_count":0,"pending_approval_count":0,"isLongText":false,"visible":{"type":0,"list_id":0},"more_info_type":0,"content_auth":0,"edit_config":{"edited":false},"mblogtype":0,"obj_ext":"","raw_text":"\u592a\u591a\u4e86\u3002\u4e0d\u9a8c\u5c38\uff0c\u4e0d\u505a\u6bd2\u7406\u5206\u6790\uff0c\u6839\u672c\u4e0d\u53ef\u80fd\u660e\u786e\u5224\u65ad\u662f\u5fc3\u810f\u75c5\u3002 \/\/@wguo3\uff1a\u4ec0\u4e48\u65b9\u5f0f\u53ef\u4ee5\u5bfc\u81f4\u770b\u8d77\u6765\u50cf\u5fc3\u810f\u75c5 @tombkeeper","bid":"xkNEh7nMk"},"show_type":0},{"card_type":9,"itemid":"1076031401527553_-_3349552650342720","scheme":"https:\/\/m.weibo.cn\/status\/xkN5D1r9K?mblogid=xkN5D1r9K&luicode=10000011&lfid=1076031401527553","mblog":{"created_at":"2011-08-23","id":"3349552650342720","idstr":"3349552650342720","mid":"3349552650342720","can_edit":false,"text":"<span class=\"url-icon\"><img src=\"\/\/h5.sinaimg.cn\/m\/emoticon\/icon\/default\/d_nu-3895b46600.png\" style=\"width:1em;height:1em;\" alt=\"[\u6012]\"><\/span>\u7167\u4f60\u8fd9\u4e48\u8bf4\uff0c\u6211\u4eec\u4e09\u4e2a\u7ad9\u4e00\u6392\u90fd\u6709\u7f6a\u3002 \/\/<a href='https:\/\/m.weibo.cn\/n\/ballbasket'>@ballbasket<\/a>: \u73b0\u5728\u60f3\u4e86\u60f3\uff0c\u4ed6\u53ef\u80fd\u662f\u6697\u6307\u201c\u94c1\u9053\u90e8\uff0c\u5148\u57cb\u8bc1\u636e\u540e\u6551\u4eba\u201d\uff1f\u8fd9\u8981\u662f\u6587\u9769\u65f6\u671f\u54b1\u4eec\u5c31\u53ef\u4ee5\u53bb\u6284\u5bb6\u4e86\u3002 \/\/<a href='https:\/\/m.weibo.cn\/n\/tombkeeper'>@tombkeeper<\/a>:<a href='https:\/\/m.weibo.cn\/n\/\u6c88\u6c89\u821f'>@\u6c88\u6c89\u821f<\/a> <a href='https:\/\/m.weibo.cn\/n\/\u7626\u8089\u4e01'>@\u7626\u8089\u4e01<\/a> \uff0c\u4f60\u4eec\u6765\u770b\u8fd9\u4e09\u5f20\u56fe\u3002\u6211\u89c9\u5f97\u4f3c\u4e4e\u6709\u6240\u6307\u3002","source":"\u5fae\u535aAIR","favorited":false,"is_paid":false,"mblog_vip_type":0,"user":{"id":1401527553,"screen_name":"tombkeeper","profile_image_url":"https:\/\/tva2.sinaimg.cn\/crop.0.0.180.180.180\/53899d01jw8fcb9qpe7vbj2050050mx8.jpg","profile_url":"https:\/\/m.weibo.cn\/u\/1401527553?uid=1401527553&luicode=10000011&lfid=1076031401527553","statuses_count":15425,"verified":true,"verified_type":0,"verified_type_ext":1,"verified_reason":"\u77e5\u540d\u4e92\u8054\u7f51\u8d44\u8baf\u535a\u4e3b","close_blue_v":false,"description":"\u5fae\u535a\u672c\u5730\u8d44\u8baf\u535a\u4e3b\uff08\u521a\u679c\u5e03\u62c9\u67f4\u7ef4\u5c14\uff09","gender":"m","mbtype":12,"urank":48,"mbrank":6,"follow_me":false,"following":false,"followers_count":192533,"follow_count":277,"cover_image_phone":"https:\/\/tva1.sinaimg.cn\/crop.0.0.640.640.640\/549d0121tw1egm1kjly3jj20hs0hsq4f.jpg","avatar_hd":"https:\/\/ww2.sinaimg.cn\/orj480\/53899d01jw8fcb9qpe7vbj2050050mx8.jpg","like":false,"like_me":false,"badge":{"bind_taobao":1,"dzwbqlx_2016":1,"follow_whitelist_video":1,"hongbao_2018":1}},"retweeted_status":{"created_at":"2011-08-18","id":"3347832333458162","idstr":"3347832333458162","mid":"3347832333458162","can_edit":false,"text":"\u4e00\u4f4d\u54f2\u4eba\u8bf4\u8fc7\uff1a\u6bcf\u4e2a\u4eba\u90fd\u662f\u5929\u624d\uff0c\u4f46\u5982\u679c\u4f60\u9009\u9519\u4e86\u804c\u4e1a\uff0c\u4f60\u5c31\u6bc1\u4e86\u4e24\u4e2a\u884c\u4e1a\u3002 \u200b\u200b\u200b","source":"\u5fae\u535a weibo.com","favorited":false,"thumbnail_pic":"http:\/\/ww2.sinaimg.cn\/thumbnail\/64d8fb27gw1dk9y4xs8lyj.jpg","bmiddle_pic":"http:\/\/ww2.sinaimg.cn\/bmiddle\/64d8fb27gw1dk9y4xs8lyj.jpg","original_pic":"http:\/\/ww2.sinaimg.cn\/large\/64d8fb27gw1dk9y4xs8lyj.jpg","is_paid":false,"mblog_vip_type":0,"user":{"id":1691941671,"screen_name":"\u6c88\u7ee7\u4e1a","profile_image_url":"https:\/\/tva3.sinaimg.cn\/crop.0.0.180.180.180\/64d8fb27jw1e8qgp5bmzyj2050050aa8.jpg","profile_url":"https:\/\/m.weibo.cn\/u\/1691941671?uid=1691941671&luicode=10000011&lfid=1076031401527553","statuses_count":910,"verified":true,"verified_type":0,"verified_type_ext":0,"verified_reason":"\u7eff\u76df\u79d1\u6280 CEO \u6c88\u7ee7\u4e1a","close_blue_v":false,"description":"2013\u5e74 \u5317\u9a6c3:06:59\uff0c\u592a\u9a6c3:06:50\uff0c\u4e0a\u9a6c3:06:13","gender":"m","mbtype":2,"urank":27,"mbrank":4,"follow_me":false,"following":false,"followers_count":5551,"follow_count":34,"cover_image_phone":"https:\/\/tva1.sinaimg.cn\/crop.0.0.640.640.640\/549d0121tw1egm1kjly3jj20hs0hsq4f.jpg","avatar_hd":"https:\/\/ww3.sinaimg.cn\/orj480\/64d8fb27jw1e8qgp5bmzyj2050050aa8.jpg","like":false,"like_me":false,"badge":{"unread_pool":1,"unread_pool_ext":1}},"reposts_count":36,"comments_count":18,"attitudes_count":0,"pending_approval_count":0,"isLongText":false,"visible":{"type":0,"list_id":0},"more_info_type":0,"content_auth":0,"edit_config":{"edited":false},"bid":"xk4kVevCO","pics":[{"pid":"64d8fb27gw1dk9y4xs8lyj","url":"https:\/\/ww2.sinaimg.cn\/orj360\/64d8fb27gw1dk9y4xs8lyj.jpg","size":"orj360","geo":false,"large":{"size":"large","url":"https:\/\/ww2.sinaimg.cn\/large\/64d8fb27gw1dk9y4xs8lyj.jpg","geo":false}}]},"reposts_count":2,"comments_count":2,"attitudes_count":0,"pending_approval_count":0,"isLongText":false,"visible":{"type":0,"list_id":0},"more_info_type":0,"content_auth":0,"edit_config":{"edited":false},"mblogtype":0,"obj_ext":"","raw_text":"[\u6012]\u7167\u4f60\u8fd9\u4e48\u8bf4\uff0c\u6211\u4eec\u4e09\u4e2a\u7ad9\u4e00\u6392\u90fd\u6709\u7f6a\u3002 \/\/@ballbasket: \u73b0\u5728\u60f3\u4e86\u60f3\uff0c\u4ed6\u53ef\u80fd\u662f\u6697\u6307\u201c\u94c1\u9053\u90e8\uff0c\u5148\u57cb\u8bc1\u636e\u540e\u6551\u4eba\u201d\uff1f\u8fd9\u8981\u662f\u6587\u9769\u65f6\u671f\u54b1\u4eec\u5c31\u53ef\u4ee5\u53bb\u6284\u5bb6\u4e86\u3002 \/\/@tombkeeper:@\u6c88\u6c89\u821f @\u7626\u8089\u4e01 \uff0c\u4f60\u4eec\u6765\u770b\u8fd9\u4e09\u5f20\u56fe\u3002\u6211\u89c9\u5f97\u4f3c\u4e4e\u6709\u6240\u6307\u3002","bid":"xkN5D1r9K"},"show_type":0},{"card_type":9,"itemid":"1076031401527553_-_3349491606314671","scheme":"https:\/\/m.weibo.cn\/status\/xkLvaquJx?mblogid=xkLvaquJx&luicode=10000011&lfid=1076031401527553","mblog":{"created_at":"2011-08-23","id":"3349491606314671","idstr":"3349491606314671","mid":"3349491606314671","can_edit":false,"text":"\u6211\u4e00\u4e2a\u4eb2\u621a\u968f\u5355\u4f4d\u7ec4\u7ec7\u53bb\u4e5d\u534e\u5c71\u65c5\u6e38\u3002\u81f3\u5c71\u4e0b\u4e00\u5361\u5566OK\uff0c\u89c1\u4e24\u4e2a\u5c11\u5e74\u548c\u5c1a\u5305\u4e86\u95f4\u623f\uff0c\u5728\u91cc\u9762\u9ad8\u5531\u6d41\u884c\u6b4c\u66f2\uff0c\u89c9\u5f97\u9887\u4e3a\u602a\u5f02\uff0c\u5c31\u6500\u8c08\u8d77\u6765\uff1a\u201c\u4f60\u4eec\u5e74\u7eaa\u8f7b\u8f7b\u5c31\u5f53\u548c\u5c1a\uff0c\u4e0d\u7ed3\u5a5a\uff0c\u7236\u6bcd\u4e0d\u7ba1\u4e48\uff1f\u201d\u548c\u5c1a\u7b54\u66f0\uff1a\u201c\u5e74\u8f7b\u4eba\uff0c\u5148\u4e8b\u4e1a\uff0c\u540e\u5bb6\u5ead\u3002\u201d","source":"\u5fae\u535aAIR","favorited":false,"is_paid":false,"mblog_vip_type":0,"user":{"id":1401527553,"screen_name":"tombkeeper","profile_image_url":"https:\/\/tva2.sinaimg.cn\/crop.0.0.180.180.180\/53899d01jw8fcb9qpe7vbj2050050mx8.jpg","profile_url":"https:\/\/m.weibo.cn\/u\/1401527553?uid=1401527553&luicode=10000011&lfid=1076031401527553","statuses_count":15425,"verified":true,"verified_type":0,"verified_type_ext":1,"verified_reason":"\u77e5\u540d\u4e92\u8054\u7f51\u8d44\u8baf\u535a\u4e3b","close_blue_v":false,"description":"\u5fae\u535a\u672c\u5730\u8d44\u8baf\u535a\u4e3b\uff08\u521a\u679c\u5e03\u62c9\u67f4\u7ef4\u5c14\uff09","gender":"m","mbtype":12,"urank":48,"mbrank":6,"follow_me":false,"following":false,"followers_count":192533,"follow_count":277,"cover_image_phone":"https:\/\/tva1.sinaimg.cn\/crop.0.0.640.640.640\/549d0121tw1egm1kjly3jj20hs0hsq4f.jpg","avatar_hd":"https:\/\/ww2.sinaimg.cn\/orj480\/53899d01jw8fcb9qpe7vbj2050050mx8.jpg","like":false,"like_me":false,"badge":{"bind_taobao":1,"dzwbqlx_2016":1,"follow_whitelist_video":1,"hongbao_2018":1}},"pid":3349482259916594,"retweeted_status":{"created_at":"2011-08-20","id":"3348533055707532","idstr":"3348533055707532","mid":"3348533055707532","can_edit":false,"text":"\u524d\u4e0d\u4e45\u548c\u4e00\u5e2e\u4eba\u5403\u996d\uff0c\u996d\u684c\u4e0a\u4e00\u4f4d\u670b\u53cb\u662f\u5e99\u91cc\u7684\u4e3b\u6301\uff0c37\u5c81\uff0c\u9ad8\u4e2d\u6bd5\u4e1a\u5c31\u51fa\u6765\u505a\u548c\u5c1a\uff0c\u73b0\u5728\u53d1\u5927\u8d22\u4e86\uff0c2\u4e2a\u5b69\u5b50\u5728\u8001\u5bb6\u8bfb\u4e66\uff0c\u5f00\u774060\u591a\u4e07\u7684\u5b9d\u9a6c\u8f66\uff0c\u4e0a\u6d77\u5f90\u5bb6\u6c47\u8fd8\u67092\u5957\u623f\u5b50\u3002\u4ed6\u8bf4\u8001\u5bb6\u662f\u201c\u548c\u5c1a\u6751\u201d\uff0c\u5e74\u8f7b\u4eba\u9ad8\u4e2d\u4e00\u6bd5\u4e1a\u5c31\u53bb\u505a\u548c\u5c1a\uff0c\u4ed6\u4e00\u5e74\u7684\u6536\u5165\u572850\u4e07\u5de6\u53f3\uff0c\u6625\u8282\u671f\u95f4\u662f\u201c\u6700\u6765\u94b1\u201d\u7684\u3002\u8bf7\u5927\u5bb6\u8f6c \u200b\u200b\u200b","source":"\u5fae\u535a weibo.com","favorited":false,"thumbnail_pic":"http:\/\/ww3.sinaimg.cn\/thumbnail\/83e32564gw1dkc6thz88mj.jpg","bmiddle_pic":"http:\/\/ww3.sinaimg.cn\/bmiddle\/83e32564gw1dkc6thz88mj.jpg","original_pic":"http:\/\/ww3.sinaimg.cn\/large\/83e32564gw1dkc6thz88mj.jpg","is_paid":false,"mblog_vip_type":0,"user":{"id":2212701540,"screen_name":"\u534e\u4eba\u73b0\u573a\u62a5\u9053","profile_image_url":"https:\/\/tva4.sinaimg.cn\/crop.0.0.180.180.180\/83e32564jw1e8qgp5bmzyj2050050aa8.jpg","profile_url":"https:\/\/m.weibo.cn\/u\/2212701540?uid=2212701540&luicode=10000011&lfid=1076031401527553","statuses_count":5272,"verified":false,"verified_type":-1,"close_blue_v":false,"description":"\u6bcb\u4ee5\u6076\u5c0f\u800c\u4e3a\u4e4b\u3001\u6bcb\u4ee5\u5584\u5c0f\u800c\u4e0d\u4e3a","gender":"f","mbtype":0,"urank":18,"mbrank":0,"follow_me":false,"following":false,"followers_count":8766,"follow_count":1596,"cover_image_phone":"https:\/\/tva1.sinaimg.cn\/crop.0.0.640.640.640\/549d0121tw1egm1kjly3jj20hs0hsq4f.jpg","avatar_hd":"https:\/\/ww4.sinaimg.cn\/orj480\/83e32564jw1e8qgp5bmzyj2050050aa8.jpg","like":false,"like_me":false,"badge":{"user_name_certificate":1}},"reposts_count":1587,"comments_count":459,"attitudes_count":0,"pending_approval_count":0,"isLongText":false,"visible":{"type":0,"list_id":0},"more_info_type":0,"content_auth":0,"edit_config":{"edited":false},"bid":"xkmz7nWMY","pics":[{"pid":"83e32564gw1dkc6thz88mj","url":"https:\/\/ww3.sinaimg.cn\/orj360\/83e32564gw1dkc6thz88mj.jpg","size":"orj360","geo":false,"large":{"size":"large","url":"https:\/\/ww3.sinaimg.cn\/large\/83e32564gw1dkc6thz88mj.jpg","geo":false}}]},"reposts_count":6,"comments_count":8,"attitudes_count":0,"pending_approval_count":0,"isLongText":false,"visible":{"type":0,"list_id":0},"more_info_type":0,"content_auth":0,"edit_config":{"edited":false},"mblogtype":0,"obj_ext":"","raw_text":"\u6211\u4e00\u4e2a\u4eb2\u621a\u968f\u5355\u4f4d\u7ec4\u7ec7\u53bb\u4e5d\u534e\u5c71\u65c5\u6e38\u3002\u81f3\u5c71\u4e0b\u4e00\u5361\u5566OK\uff0c\u89c1\u4e24\u4e2a\u5c11\u5e74\u548c\u5c1a\u5305\u4e86\u95f4\u623f\uff0c\u5728\u91cc\u9762\u9ad8\u5531\u6d41\u884c\u6b4c\u66f2\uff0c\u89c9\u5f97\u9887\u4e3a\u602a\u5f02\uff0c\u5c31\u6500\u8c08\u8d77\u6765\uff1a\u201c\u4f60\u4eec\u5e74\u7eaa\u8f7b\u8f7b\u5c31\u5f53\u548c\u5c1a\uff0c\u4e0d\u7ed3\u5a5a\uff0c\u7236\u6bcd\u4e0d\u7ba1\u4e48\uff1f\u201d\u548c\u5c1a\u7b54\u66f0\uff1a\u201c\u5e74\u8f7b\u4eba\uff0c\u5148\u4e8b\u4e1a\uff0c\u540e\u5bb6\u5ead\u3002\u201d","bid":"xkLvaquJx"},"show_type":0},{"card_type":9,"itemid":"1076031401527553_-_3349489566248922","scheme":"https:\/\/m.weibo.cn\/status\/xkLrSqdD4?mblogid=xkLrSqdD4&luicode=10000011&lfid=1076031401527553","mblog":{"created_at":"2011-08-23","id":"3349489566248922","idstr":"3349489566248922","mid":"3349489566248922","can_edit":false,"text":"\u6211\u8fd9\u79cd\u65e0\u8da3\u7684\u7406\u79d1\u751f\u770b\u5230\u8fd9\u7c7b\u9e21\u6c64\u667a\u6167\u8111\u5b50\u91cc\u5c31\u5c55\u5f00\u4e86\u6fc0\u70c8\u7684\u8ba1\u7b97\uff1a\u5982\u679c\u8fd9\u9e1f\u6ca1\u7ec3\u8fc7\u8e6c\u840d\u6e21\u6c34\u4e4b\u7c7b\u7684\u8f7b\u529f\uff0c\u90a3\u4e48\u81f3\u5c11\u8981\u53fc\u4e00\u6839\u81ea\u8eab\u91cd\u91cf\u4e24\u500d\u7684\u6811\u679d\u624d\u80fd\u63d0\u4f9b\u8db3\u591f\u6d6e\u529b\u3002 \/\/<a href='https:\/\/m.weibo.cn\/n\/\u4ef7\u503c\u5206\u6790'>@\u4ef7\u503c\u5206\u6790<\/a>\uff1a\u5148\u53bb\u6c42\u8bc1\u5230\u5e95\u6709\u6ca1\u6709\u8fd9\u79cd\u9e1f\u5427","source":"\u5fae\u535a weibo.com","favorited":false,"is_paid":false,"mblog_vip_type":0,"user":{"id":1401527553,"screen_name":"tombkeeper","profile_image_url":"https:\/\/tva2.sinaimg.cn\/crop.0.0.180.180.180\/53899d01jw8fcb9qpe7vbj2050050mx8.jpg","profile_url":"https:\/\/m.weibo.cn\/u\/1401527553?uid=1401527553&luicode=10000011&lfid=1076031401527553","statuses_count":15425,"verified":true,"verified_type":0,"verified_type_ext":1,"verified_reason":"\u77e5\u540d\u4e92\u8054\u7f51\u8d44\u8baf\u535a\u4e3b","close_blue_v":false,"description":"\u5fae\u535a\u672c\u5730\u8d44\u8baf\u535a\u4e3b\uff08\u521a\u679c\u5e03\u62c9\u67f4\u7ef4\u5c14\uff09","gender":"m","mbtype":12,"urank":48,"mbrank":6,"follow_me":false,"following":false,"followers_count":192533,"follow_count":277,"cover_image_phone":"https:\/\/tva1.sinaimg.cn\/crop.0.0.640.640.640\/549d0121tw1egm1kjly3jj20hs0hsq4f.jpg","avatar_hd":"https:\/\/ww2.sinaimg.cn\/orj480\/53899d01jw8fcb9qpe7vbj2050050mx8.jpg","like":false,"like_me":false,"badge":{"bind_taobao":1,"dzwbqlx_2016":1,"follow_whitelist_video":1,"hongbao_2018":1}},"pid":3349483145297353,"retweeted_status":{"created_at":"2011-08-23","id":"3349453550912888","idstr":"3349453550912888","mid":"3349453550912888","can_edit":false,"text":"\u636e\u8bf4\u6709\u4e00\u79cd\u9e1f\u80fd\u98de\u8d8a\u592a\u5e73\u6d0b\uff0c\u5b83\u9700\u8981\u7684\u53ea\u662f\u4e00\u5c0f\u622a\u6811\u679d\u3002\u2029\u628a\u6811\u679d\u8854\u5728\u5634\u91cc\uff0c\u7d2f\u4e86\u5c31\u628a\u6811\u679d\u6254\u5230\u6c34\u9762\uff0c\u98de\u843d\u5230\u4e0a\u9762\u4f11\u606f\uff1b\u997f\u4e86\u5c31\u7ad9\u5728\u6811\u679d\u4e0a\u6355\u9c7c\uff1b\u56f0\u4e86\u5c31\u7ad9\u5728\u6811\u679d\u4e0a\u7761\u89c9\u3002\u5982\u679c\u5c0f\u9e1f\u8854\u7684\u4e0d\u662f\u6811\u679d\uff0c\u800c\u662f\u9e1f\u7a9d\u548c\u98df\u7269\u7b49\uff0c\u90a3\u5b83\u80fd\u98de\u90a3\u4e48\u4e45\u5417\uff1f \u4eba\u751f\u4ea6\u5982\u6b64\uff0c\u80fd\u820d\u5f97\uff0c\u66f4\u80fd\u6210\u529f\uff1b\u653e\u4e0b\u5305\u88b1\uff0c\u65b9\u80fd\u6500\u767b\u9ad8\u5cf0\uff01\u5404\u4f4d\u65e9\u5b89\uff01 \u200b\u200b\u200b","source":"\u5b9a\u65f6V","favorited":false,"thumbnail_pic":"http:\/\/ww2.sinaimg.cn\/thumbnail\/6206ffb0jw1dkf4jcw83hj.jpg","bmiddle_pic":"http:\/\/ww2.sinaimg.cn\/bmiddle\/6206ffb0jw1dkf4jcw83hj.jpg","original_pic":"http:\/\/ww2.sinaimg.cn\/large\/6206ffb0jw1dkf4jcw83hj.jpg","is_paid":false,"mblog_vip_type":0,"user":{"id":1644625840,"screen_name":"\u963f\u91cc\u5df4\u5df41688","profile_image_url":"https:\/\/tvax3.sinaimg.cn\/crop.111.111.277.277.180\/6206ffb0ly8fmhbzvxxqnj20dw0dwmxk.jpg","profile_url":"https:\/\/m.weibo.cn\/u\/1644625840?uid=1644625840&luicode=10000011&lfid=1076031401527553","statuses_count":12169,"verified":true,"verified_type":2,"verified_type_ext":0,"verified_reason":"\u963f\u91cc\u5df4\u5df4\uff08\u4e2d\u56fd\uff09\u7f51\u7edc\u6280\u672f\u6709\u9650\u516c\u53f8\u5b98\u65b9\u5fae\u535a","close_blue_v":false,"description":"1999\u5e74\u7531\u9a6c\u4e91\u56e2\u961f\u521b\u7acb\uff0c\u963f\u91cc\u5df4\u5df4\u96c6\u56e2\u65d7\u4e0b\u5386\u53f2\u6700\u60a0\u4e45\u7684\u516c\u53f8\uff0c\u65e8\u5728\u6253\u9020\u5168\u7403\u6700\u5927\u7684\u91c7\u8d2d\u6279\u53d1\u5e73\u53f0\uff081688.com\uff09\u3002\u6709\u68a6\u60f3\uff0c\u6709\u6d3b\u529b\uff0c\u8bda\u4fe1\u52a1\u5b9e\uff0c\u662f\u5e2e\u60a8\u505a\u751f\u610f\u53ef\u9760\u7684\u4f19\u4f34\uff01","gender":"m","mbtype":2,"urank":35,"mbrank":1,"follow_me":false,"following":false,"followers_count":1682409,"follow_count":298,"cover_image_phone":"https:\/\/wx2.sinaimg.cn\/crop.0.0.640.640.640\/6206ffb0ly1fgjnko8vtej20e80e8t98.jpg","avatar_hd":"https:\/\/wx3.sinaimg.cn\/orj480\/6206ffb0ly8fmhbzvxxqnj20dw0dwmxk.jpg","like":false,"like_me":false,"badge":{"anniversary":1,"zongyiji":1,"olympic_2016":1,"dzwbqlx_2016":1}},"reposts_count":800,"comments_count":200,"attitudes_count":0,"pending_approval_count":0,"isLongText":false,"visible":{"type":0,"list_id":0},"more_info_type":0,"content_auth":0,"edit_config":{"edited":false},"bid":"xkKvN3Pu0","pics":[{"pid":"6206ffb0jw1dkf4jcw83hj","url":"https:\/\/ww2.sinaimg.cn\/orj360\/6206ffb0jw1dkf4jcw83hj.jpg","size":"orj360","geo":false,"large":{"size":"large","url":"https:\/\/ww2.sinaimg.cn\/large\/6206ffb0jw1dkf4jcw83hj.jpg","geo":false}}]},"reposts_count":2,"comments_count":9,"attitudes_count":0,"pending_approval_count":0,"isLongText":false,"visible":{"type":0,"list_id":0},"more_info_type":0,"content_auth":0,"edit_config":{"edited":false},"mblogtype":0,"obj_ext":"","raw_text":"\u6211\u8fd9\u79cd\u65e0\u8da3\u7684\u7406\u79d1\u751f\u770b\u5230\u8fd9\u7c7b\u9e21\u6c64\u667a\u6167\u8111\u5b50\u91cc\u5c31\u5c55\u5f00\u4e86\u6fc0\u70c8\u7684\u8ba1\u7b97\uff1a\u5982\u679c\u8fd9\u9e1f\u6ca1\u7ec3\u8fc7\u8e6c\u840d\u6e21\u6c34\u4e4b\u7c7b\u7684\u8f7b\u529f\uff0c\u90a3\u4e48\u81f3\u5c11\u8981\u53fc\u4e00\u6839\u81ea\u8eab\u91cd\u91cf\u4e24\u500d\u7684\u6811\u679d\u624d\u80fd\u63d0\u4f9b\u8db3\u591f\u6d6e\u529b\u3002 \/\/@\u4ef7\u503c\u5206\u6790\uff1a\u5148\u53bb\u6c42\u8bc1\u5230\u5e95\u6709\u6ca1\u6709\u8fd9\u79cd\u9e1f\u5427","bid":"xkLrSqdD4"},"show_type":0},{"card_type":9,"itemid":"1076031401527553_-_3349477469666021","scheme":"https:\/\/m.weibo.cn\/status\/xkL8mEyzz?mblogid=xkL8mEyzz&luicode=10000011&lfid=1076031401527553","mblog":{"created_at":"2011-08-23","id":"3349477469666021","idstr":"3349477469666021","mid":"3349477469666021","can_edit":false,"text":"\u201c\u5b98\u5458\u5c65\u884c\u804c\u52a1\u65f6\uff0c\u4eab\u6709\u8a00\u8bba\u514d\u8d23\u6743\u2026\u2026\u90a3\u6279\u8bc4\u5b98\u5458\u7684\u516c\u6c11\u4e5f\u5e94\u5f53\u4eab\u6709\u540c\u7b49\u7279\u6743\u3002\u201d\u5224\u51b3\u4e66\u4e2d\u8fd9\u6837\u5199\u9053\uff0c\u201c\u516c\u6c11\u5c65\u884c\u6279\u8bc4\u5b98\u5458\u7684\u804c\u8d23\uff0c\u5982\u540c\u5b98\u5458\u606a\u5c3d\u7ba1\u7406\u793e\u4f1a\u7684\u804c\u8d23\u3002\u201d \u300a\u4e2d\u56fd\u9752\u5e74\u62a5\u300b2011\u5e7408\u670817\u65e512\u7248\uff0c\u300a\u6279\u8bc4\u5b98\u5458\u7684\u81ea\u7531\u300b\uff1a<a data-url=\"http:\/\/t.cn\/aEFTCK\" target=\"_blank\" href=\"https:\/\/weibo.cn\/sinaurl\/blocked281a651d?luicode=10000011&lfid=1076031401527553&u=http%3A%2F%2Fzqb.cyol.com%2Fhtml%2F2011-08%2F17%2Fnw.D110000zgqnb_20110817_1-12.htm&ep=xkL8mEyzz%252C1401527553%252CxkL8mEyzz%252C1401527553\" class=\"\"><span class=\"url-icon\"><img src=\"\/\/h5.sinaimg.cn\/upload\/2015\/09\/25\/3\/timeline_card_small_web_default.png\"><\/span><\/i><span class=\"surl-text\">\u7f51\u9875\u94fe\u63a5<\/a> \u200b\u200b\u200b","source":"\u5fae\u535a weibo.com","favorited":false,"is_paid":false,"mblog_vip_type":0,"user":{"id":1401527553,"screen_name":"tombkeeper","profile_image_url":"https:\/\/tva2.sinaimg.cn\/crop.0.0.180.180.180\/53899d01jw8fcb9qpe7vbj2050050mx8.jpg","profile_url":"https:\/\/m.weibo.cn\/u\/1401527553?uid=1401527553&luicode=10000011&lfid=1076031401527553","statuses_count":15425,"verified":true,"verified_type":0,"verified_type_ext":1,"verified_reason":"\u77e5\u540d\u4e92\u8054\u7f51\u8d44\u8baf\u535a\u4e3b","close_blue_v":false,"description":"\u5fae\u535a\u672c\u5730\u8d44\u8baf\u535a\u4e3b\uff08\u521a\u679c\u5e03\u62c9\u67f4\u7ef4\u5c14\uff09","gender":"m","mbtype":12,"urank":48,"mbrank":6,"follow_me":false,"following":false,"followers_count":192533,"follow_count":277,"cover_image_phone":"https:\/\/tva1.sinaimg.cn\/crop.0.0.640.640.640\/549d0121tw1egm1kjly3jj20hs0hsq4f.jpg","avatar_hd":"https:\/\/ww2.sinaimg.cn\/orj480\/53899d01jw8fcb9qpe7vbj2050050mx8.jpg","like":false,"like_me":false,"badge":{"bind_taobao":1,"dzwbqlx_2016":1,"follow_whitelist_video":1,"hongbao_2018":1}},"reposts_count":4,"comments_count":0,"attitudes_count":1,"pending_approval_count":0,"isLongText":false,"visible":{"type":0,"list_id":0},"more_info_type":0,"content_auth":0,"edit_config":{"edited":false},"mblogtype":0,"bid":"xkL8mEyzz"},"show_type":0},{"card_type":9,"itemid":"1076031401527553_-_3349339619601794","scheme":"https:\/\/m.weibo.cn\/status\/xkHy1EhRE?mblogid=xkHy1EhRE&luicode=10000011&lfid=1076031401527553","mblog":{"created_at":"2011-08-22","id":"3349339619601794","idstr":"3349339619601794","mid":"3349339619601794","can_edit":false,"text":"\u8fd9\u8bf4\u660e\u7f8e\u56fd\u5df2\u7ecf\u6709\u4e86\u6210\u719f\u53ef\u9760\u7684\u4fa6\u6d4bB2\u7684\u6280\u672f\u3002","source":"S60\u5ba2\u6237\u7aef","favorited":false,"is_paid":false,"mblog_vip_type":0,"user":{"id":1401527553,"screen_name":"tombkeeper","profile_image_url":"https:\/\/tva2.sinaimg.cn\/crop.0.0.180.180.180\/53899d01jw8fcb9qpe7vbj2050050mx8.jpg","profile_url":"https:\/\/m.weibo.cn\/u\/1401527553?uid=1401527553&luicode=10000011&lfid=1076031401527553","statuses_count":15425,"verified":true,"verified_type":0,"verified_type_ext":1,"verified_reason":"\u77e5\u540d\u4e92\u8054\u7f51\u8d44\u8baf\u535a\u4e3b","close_blue_v":false,"description":"\u5fae\u535a\u672c\u5730\u8d44\u8baf\u535a\u4e3b\uff08\u521a\u679c\u5e03\u62c9\u67f4\u7ef4\u5c14\uff09","gender":"m","mbtype":12,"urank":48,"mbrank":6,"follow_me":false,"following":false,"followers_count":192533,"follow_count":277,"cover_image_phone":"https:\/\/tva1.sinaimg.cn\/crop.0.0.640.640.640\/549d0121tw1egm1kjly3jj20hs0hsq4f.jpg","avatar_hd":"https:\/\/ww2.sinaimg.cn\/orj480\/53899d01jw8fcb9qpe7vbj2050050mx8.jpg","like":false,"like_me":false,"badge":{"bind_taobao":1,"dzwbqlx_2016":1,"follow_whitelist_video":1,"hongbao_2018":1}},"retweeted_status":{"created_at":"2011-08-22","id":"3349329477702523","idstr":"3349329477702523","mid":"3349329477702523","can_edit":false,"text":"\u5916\u4f20\u7f8e\u56fd\u51c6\u5907\u4ee5B-2\u8f70\u70b8\u673a\u7684\u9690\u5f62\u6280\u672f\uff0c\u5305\u62ec\u9690\u5f62\u6750\u6599\u3001\u6d82\u6599\u548c\u76f8\u5173\u8ba1\u5212\u8d44\u6599\uff0c\u4e0e\u4e2d\u56fd\u4ea4\u6362\u62b5\u9500500\u4ebf\u7f8e\u5143\u56fd\u503a\u3002 \u200b\u200b\u200b","source":"\u5fae\u535a weibo.com","favorited":false,"thumbnail_pic":"http:\/\/ww3.sinaimg.cn\/thumbnail\/47222fdfjw1dkeqabfz5gj.jpg","bmiddle_pic":"http:\/\/ww3.sinaimg.cn\/bmiddle\/47222fdfjw1dkeqabfz5gj.jpg","original_pic":"http:\/\/ww3.sinaimg.cn\/large\/47222fdfjw1dkeqabfz5gj.jpg","is_paid":false,"mblog_vip_type":0,"user":{"id":1193422815,"screen_name":"\u795d\u5fd7\u519b","profile_image_url":"https:\/\/tva4.sinaimg.cn\/crop.0.0.180.180.180\/47222fdfjw1e8qgp5bmzyj2050050aa8.jpg","profile_url":"https:\/\/m.weibo.cn\/u\/1193422815?uid=1193422815&luicode=10000011&lfid=1076031401527553","statuses_count":1296,"verified":true,"verified_type":0,"verified_type_ext":0,"verified_reason":"\u5343\u94a7\u4e07\u535a\u516c\u53f8\u6267\u884c\u8463\u4e8b\uff0cTechWeb\u521b\u59cb\u4eba\u3002","close_blue_v":false,"description":"www.techweb.com.cn\u3001www.candou.com","gender":"m","mbtype":0,"urank":19,"mbrank":0,"follow_me":false,"following":false,"followers_count":94051,"follow_count":1985,"cover_image_phone":"https:\/\/tva1.sinaimg.cn\/crop.0.0.640.640.640\/549d0121tw1egm1kjly3jj20hs0hsq4f.jpg","avatar_hd":"https:\/\/ww4.sinaimg.cn\/orj480\/47222fdfjw1e8qgp5bmzyj2050050aa8.jpg","like":false,"like_me":false,"badge":{"unread_pool":1,"unread_pool_ext":1}},"reposts_count":85,"comments_count":49,"attitudes_count":1,"pending_approval_count":0,"isLongText":false,"visible":{"type":0,"list_id":0},"more_info_type":0,"content_auth":0,"edit_config":{"edited":false},"bid":"xkHhFwjMf","pics":[{"pid":"47222fdfjw1dkeqabfz5gj","url":"https:\/\/ww3.sinaimg.cn\/orj360\/47222fdfjw1dkeqabfz5gj.jpg","size":"orj360","geo":false,"large":{"size":"large","url":"https:\/\/ww3.sinaimg.cn\/large\/47222fdfjw1dkeqabfz5gj.jpg","geo":false}}]},"reposts_count":2,"comments_count":3,"attitudes_count":0,"pending_approval_count":0,"isLongText":false,"visible":{"type":0,"list_id":0},"more_info_type":0,"content_auth":0,"edit_config":{"edited":false},"mblogtype":0,"obj_ext":"","raw_text":"\u8fd9\u8bf4\u660e\u7f8e\u56fd\u5df2\u7ecf\u6709\u4e86\u6210\u719f\u53ef\u9760\u7684\u4fa6\u6d4bB2\u7684\u6280\u672f\u3002","bid":"xkHy1EhRE"},"show_type":0},{"card_type":9,"itemid":"1076031401527553_-_3349308611078696","scheme":"https:\/\/m.weibo.cn\/status\/xkGK14wCk?mblogid=xkGK14wCk&luicode=10000011&lfid=1076031401527553","mblog":{"created_at":"2011-08-22","id":"3349308611078696","idstr":"3349308611078696","mid":"3349308611078696","can_edit":false,"text":"w3\u8bf4\u53bb\u7f8e\u56fd\u4e00\u5b9a\u8981\u5c1d\u5c1d\u4e2d\u9910\uff0c\u6bd4\u56fd\u5185\u7684\u597d\u5403\u3002\u6211\u5f53\u65f6\u8fd8\u4e0d\u592a\u4fe1\uff0c\u5403\u4e86\u624d\u77e5\u9053\u786e\u5b9e\u5982\u6b64\u3002\u56e0\u65e5\u7a0b\u8f83\u7d27\uff0c\u5e76\u672a\u523b\u610f\u53bb\u5bfb\u540d\u5e97\uff0c\u53ea\u5728\u4e00\u5bb6\u5c0f\u7c89\u9762\u9986\u5403\u4e86\u4e24\u9910\u3002\u725b\u8169\u97627\u7f8e\u91d1\uff0c\u7897\u5927\u5982\u76c6\uff0c\u6709\u5341\u51e0\u5927\u5757\u725b\u8169\uff0c\u6c64\u9c9c\u7f8e\u800c\u8089\u6781\u9999\u3002\u5e72\u7092\u725b\u6cb37\u7f8e\u91d1\uff0c\u5206\u91cf\u8db3\u6709\u91d1\u9f0e\u8f69\u5e72\u7092\u725b\u6cb3\u7684\u4e24\u500d\u3002\u6211\u731c\u4ed6\u4eec\u5e76\u4e0d\u5f3a\u5728\u624b\u827a\u4e0a\uff0c\u4e3b\u8981\u662f\u539f\u6599\u6ca1\u90a3\u4e48\u591a\u732b\u817b\u3002 \u200b\u200b\u200b","source":"\u5fae\u535a weibo.com","favorited":false,"is_paid":false,"mblog_vip_type":0,"user":{"id":1401527553,"screen_name":"tombkeeper","profile_image_url":"https:\/\/tva2.sinaimg.cn\/crop.0.0.180.180.180\/53899d01jw8fcb9qpe7vbj2050050mx8.jpg","profile_url":"https:\/\/m.weibo.cn\/u\/1401527553?uid=1401527553&luicode=10000011&lfid=1076031401527553","statuses_count":15425,"verified":true,"verified_type":0,"verified_type_ext":1,"verified_reason":"\u77e5\u540d\u4e92\u8054\u7f51\u8d44\u8baf\u535a\u4e3b","close_blue_v":false,"description":"\u5fae\u535a\u672c\u5730\u8d44\u8baf\u535a\u4e3b\uff08\u521a\u679c\u5e03\u62c9\u67f4\u7ef4\u5c14\uff09","gender":"m","mbtype":12,"urank":48,"mbrank":6,"follow_me":false,"following":false,"followers_count":192533,"follow_count":277,"cover_image_phone":"https:\/\/tva1.sinaimg.cn\/crop.0.0.640.640.640\/549d0121tw1egm1kjly3jj20hs0hsq4f.jpg","avatar_hd":"https:\/\/ww2.sinaimg.cn\/orj480\/53899d01jw8fcb9qpe7vbj2050050mx8.jpg","like":false,"like_me":false,"badge":{"bind_taobao":1,"dzwbqlx_2016":1,"follow_whitelist_video":1,"hongbao_2018":1}},"reposts_count":6,"comments_count":2,"attitudes_count":0,"pending_approval_count":0,"isLongText":false,"visible":{"type":0,"list_id":0},"more_info_type":0,"content_auth":0,"edit_config":{"edited":false},"mblogtype":0,"bid":"xkGK14wCk"},"show_type":0}],"showAppTips":0,"scheme":"sinaweibo:\/\/cardlist?containerid=1076031401527553&extparam=&luicode=10000011&lfid=&featurecode="}}