{"ok":1,"data":{"cardlistInfo":{"containerid":"1076031401527553","v_p":42,"show_style":1,"total":15518,"page":50},"cards":[{"card_type":9,"itemid":"1076031401527553_-_3347441047234620","scheme":"https:\/\/m.weibo.cn\/status\/xjU9Oum3q?mblogid=xjU9Oum3q&luicode=10000011&lfid=1076031401527553","mblog":{"created_at":"2011-08-17","id":"3347441047234620","idstr":"3347441047234620","mid":"3347441047234620","can_edit":false,"text":"2001\u5e74\uff0c<a href='https:\/\/m.weibo.cn\/n\/glacier'>@glacier<\/a> \u4f19\u540c ilsy\u7b49\u4eba\u66fe\u5728whitecell\u8bba\u575b\u4e0a\u7528\u8fd9\u62db\u5ffd\u60a0\u6211\uff0c\u88ab\u6211\u65e0\u60c5\u63ed\u7a7f\u3002","source":"\u5fae\u535a weibo.com","favorited":false,"is_paid":false,"mblog_vip_type":0,"user":{"id":1401527553,"screen_name":"tombkeeper","profile_image_url":"https:\/\/tva2.sinaimg.cn\/crop.0.0.180.180.180\/53899d01jw8fcb9qpe7vbj2050050mx8.jpg","profile_url":"https:\/\/m.weibo.cn\/u\/1401527553?uid=1401527553&luicode=10000011&lfid=1076031401527553","statuses_count":15425,"verified":true,"verified_type":0,"verified_type_ext":1,"verified_reason":"\u77e5\u540d\u4e92\u8054\u7f51\u8d44\u8baf\u535a\u4e3b","close_blue_v":false,"description":"\u5fae\u535a\u672c\u5730\u8d44\u8baf\u535a\u4e3b\uff08\u521a\u679c\u5e03\u62c9\u67f4\u7ef4\u5c14\uff09","gender":"m","mbtype":12,"urank":48,"mbrank":6,"follow_me":false,"following":false,"followers_count":192533,"follow_count":277,"cover_image_phone":"https:\/\/tva1.sinaimg.cn\/crop.0.0.640.640.640\/549d0121tw1egm1kjly3jj20hs0hsq4f.jpg","avatar_hd":"https:\/\/ww2.sinaimg.cn\/orj480\/53899d01jw8fcb9qpe7vbj2050050mx8.jpg","like":false,"like_me":false,"badge":{"bind_taobao":1,"dzwbqlx_2016":1,"follow_whitelist_video":1,"hongbao_2018":1}},"retweeted_status":{"created_at":"2011-08-16","id":"3347014968719754","idstr":"3347014968719754","mid":"3347014968719754","can_edit":false,"text":"\u6211\u4eec\u8be5\u76f8\u4fe1\u81ea\u5df1\u7684\u773c\u775b\u5417\uff1f\u5c31\u5728\u51e0\u5929\u524d\uff0c\u6211\u4eec\u7684\u4e00\u4e2a\u5ba2\u6237\u63d0\u4ea4\u4e86\u4e00\u4e2a\u75c5\u6bd2\u6837\u672c\uff0c\u8fd9\u4e2a\u6728\u9a6c\u52ab\u6301\u4e86vk.com\u548cvkontakte.ru\u57df\u540d\uff08\u8fd9\u4e24\u4e2a\u90fd\u662f\u4fc4\u7f57\u65af\u7684\u793e\u4ea4\u7f51\u7ad9\uff09\u5e76\u5c06\u4ed6\u4eec\u91cd\u5b9a\u5411\u5230\u4e8692.38.209.252\u8fd9\u4e2aip\uff0c\u4f46\u662f\u4ed6\u4eec\u4f7f\u7528\u4e86\u4e00\u79cd\u4e0d\u592a\u5bfb\u5e38\u7684\u65b9\u5f0f... <a data-url=\"http:\/\/t.cn\/aE3o6i\" target=\"_blank\" href=\"https:\/\/weibo.cn\/sinaurl\/blockede2caa0ac?luicode=10000011&lfid=1076031401527553&u=http%3A%2F%2Fheikezhi.com%2F2011%2F08%2F15%2Fcan-we-believe-our-eyes%2F&ep=xjJ4AAApc%252C2038124650%252CxjJ4AAApc%252C2038124650\" class=\"\"><span class=\"url-icon\"><img src=\"\/\/h5.sinaimg.cn\/upload\/2015\/09\/25\/3\/timeline_card_small_web_default.png\"><\/span><\/i><span class=\"surl-text\">\u7f51\u9875\u94fe\u63a5<\/a> \u200b\u200b\u200b","source":"\u5fae\u535a weibo.com","favorited":false,"thumbnail_pic":"http:\/\/ww1.sinaimg.cn\/thumbnail\/797b506agw1dk7cgv4hz0j.jpg","bmiddle_pic":"http:\/\/ww1.sinaimg.cn\/bmiddle\/797b506agw1dk7cgv4hz0j.jpg","original_pic":"http:\/\/ww1.sinaimg.cn\/large\/797b506agw1dk7cgv4hz0j.jpg","is_paid":false,"mblog_vip_type":0,"user":{"id":2038124650,"screen_name":"\u9ed1\u5ba2\u5fd7","profile_image_url":"https:\/\/tva1.sinaimg.cn\/crop.0.0.180.180.180\/797b506ajw1e8qgp5bmzyj2050050aa8.jpg","profile_url":"https:\/\/m.weibo.cn\/u\/2038124650?uid=2038124650&luicode=10000011&lfid=1076031401527553","statuses_count":165,"verified":false,"verified_type":-1,"close_blue_v":false,"description":"\u9ed1\u5ba2\u5fd7\u662f\u4e00\u4e2a\u591a\u4eba\u534f\u4f5c\u7684\u7fa4\u4f53Blog\uff0c\u65e8\u5728\u4e3a\u56fd\u5185\u5f00\u53d1\u8005\u63d0\u4f9b\u65b0\u9c9c\u548c\u9ad8\u8d28\u91cf\u7684\u9ed1\u5ba2\u6587\u7ae0\u3002","gender":"m","mbtype":0,"urank":6,"mbrank":0,"follow_me":false,"following":false,"followers_count":1344,"follow_count":0,"cover_image_phone":"https:\/\/tva1.sinaimg.cn\/crop.0.0.640.640.640\/549d0121tw1egm1kjly3jj20hs0hsq4f.jpg","avatar_hd":"https:\/\/ww1.sinaimg.cn\/orj480\/797b506ajw1e8qgp5bmzyj2050050aa8.jpg","like":false,"like_me":false,"badge":{"user_name_certificate":1}},"reposts_count":12,"comments_count":11,"attitudes_count":0,"pending_approval_count":0,"isLongText":false,"visible":{"type":0,"list_id":0},"more_info_type":0,"content_auth":0,"edit_config":{"edited":false},"bid":"xjJ4AAApc","pics":[{"pid":"797b506agw1dk7cgv4hz0j","url":"https:\/\/ww1.sinaimg.cn\/orj360\/797b506agw1dk7cgv4hz0j.jpg","size":"orj360","geo":false,"large":{"size":"large","url":"https:\/\/ww1.sinaimg.cn\/large\/797b506agw1dk7cgv4hz0j.jpg","geo":false}}]},"reposts_count":3,"comments_count":4,"attitudes_count":0,"pending_approval_count":0,"isLongText":false,"visible":{"type":0,"list_id":0},"more_info_type":0,"content_auth":0,"edit_config":{"edited":false},"mblogtype":0,"obj_ext":"","raw_text":"2001\u5e74\uff0c@glacier \u4f19\u540c ilsy\u7b49\u4eba\u66fe\u5728whitecell\u8bba\u575b\u4e0a\u7528\u8fd9\u62db\u5ffd\u60a0\u6211\uff0c\u88ab\u6211\u65e0\u60c5\u63ed\u7a7f\u3002","bid":"xjU9Oum3q"},"show_type":0},{"card_type":9,"itemid":"1076031401527553_-_3347438161472178","scheme":"https:\/\/m.weibo.cn\/status\/xjU5a6aYO?mblogid=xjU5a6aYO&luicode=10000011&lfid=1076031401527553","mblog":{"created_at":"2011-08-17","id":"3347438161472178","idstr":"3347438161472178","mid":"3347438161472178","can_edit":false,"text":"\u4e0a\u5c0f\u5b66\u65f6\u5019\uff0c\u6709\u95e8\u201c\u81ea\u7136\u5e38\u8bc6\u201d\u8bfe\u3002\u6709\u5929\u8001\u5e08\u62ff\u6765\u51e0\u5e45\u6302\u56fe\uff0c\u6709\u8783\u87f9\u548c\u8718\u86db\u3002\u7136\u540e\u4ed6\u5f00\u59cb\u8bb2\u6606\u866b\u3002\u6700\u540e\u6307\u7740\u56fe\u8bf4\u8783\u87f9\u548c\u8718\u86db\u90fd\u662f\u6606\u866b\u3002\u6211\u4e3e\u624b\u53d1\u8a00\u7ea0\u6b63\u4e86\u8fd9\u4e2a\u8bf4\u6cd5\u3002\u540e\u6765\u8fd9\u4f4d\u5c45\u7136\u8fd8\u6709\u8138\u544a\u8bc9\u4e86\u6211\u4eec\u73ed\u4e3b\u4efb\uff0c\u800c\u73ed\u4e3b\u4efb\u544a\u8bc9\u4e86\u6211\u5988\u3002\u6211\u5988\u8ba9\u6211\u6539\u6539\u8fd9\u813e\u6c14\uff0c\u6211\u81f3\u4eca\u672a\u6539\u3002\u6240\u4ee5\u8bf4\u5b69\u5b50\u8981\u662f10\u5c81\u524d\u6ca1\u6559\u597d\uff0c\u5f80\u540e\u4e5f\u62e7\u4e0d\u8fc7\u6765\u3002 \u200b\u200b\u200b","source":"\u5fae\u535a weibo.com","favorited":false,"is_paid":false,"mblog_vip_type":0,"user":{"id":1401527553,"screen_name":"tombkeeper","profile_image_url":"https:\/\/tva2.sinaimg.cn\/crop.0.0.180.180.180\/53899d01jw8fcb9qpe7vbj2050050mx8.jpg","profile_url":"https:\/\/m.weibo.cn\/u\/1401527553?uid=1401527553&luicode=10000011&lfid=1076031401527553","statuses_count":15425,"verified":true,"verified_type":0,"verified_type_ext":1,"verified_reason":"\u77e5\u540d\u4e92\u8054\u7f51\u8d44\u8baf\u535a\u4e3b","close_blue_v":false,"description":"\u5fae\u535a\u672c\u5730\u8d44\u8baf\u535a\u4e3b\uff08\u521a\u679c\u5e03\u62c9\u67f4\u7ef4\u5c14\uff09","gender":"m","mbtype":12,"urank":48,"mbrank":6,"follow_me":false,"following":false,"followers_count":192533,"follow_count":277,"cover_image_phone":"https:\/\/tva1.sinaimg.cn\/crop.0.0.640.640.640\/549d0121tw1egm1kjly3jj20hs0hsq4f.jpg","avatar_hd":"https:\/\/ww2.sinaimg.cn\/orj480\/53899d01jw8fcb9qpe7vbj2050050mx8.jpg","like":false,"like_me":false,"badge":{"bind_taobao":1,"dzwbqlx_2016":1,"follow_whitelist_video":1,"hongbao_2018":1}},"reposts_count":6,"comments_count":6,"attitudes_count":0,"pending_approval_count":0,"isLongText":false,"visible":{"type":0,"list_id":0},"more_info_type":0,"content_auth":0,"edit_config":{"edited":false},"mblogtype":0,"bid":"xjU5a6aYO"},"show_type":0},{"card_type":9,"itemid":"1076031401527553_-_3347376081277402","scheme":"https:\/\/m.weibo.cn\/status\/xjSt25mjg?mblogid=xjSt25mjg&luicode=10000011&lfid=1076031401527553","mblog":{"created_at":"2011-08-17","id":"3347376081277402","idstr":"3347376081277402","mid":"3347376081277402","can_edit":false,"text":"\u5728\u5f02\u7b5b\u73af\u5883\u91cc\uff0c\u4ed6\u88ab\u9009\u4e0a\u4e86\u624d\u662f\u602a\u4e8b\u3002 \/\/<a href='https:\/\/m.weibo.cn\/n\/Fenng'>@Fenng<\/a>\uff1a\u4e2d\u56fd\u5b66\u672f\u754c\u7684\u60b2\u54c0\uff0c\u4e5f\u662f\u803b\u8fb1\u3002","source":"\u5fae\u535a weibo.com","favorited":false,"is_paid":false,"mblog_vip_type":0,"user":{"id":1401527553,"screen_name":"tombkeeper","profile_image_url":"https:\/\/tva2.sinaimg.cn\/crop.0.0.180.180.180\/53899d01jw8fcb9qpe7vbj2050050mx8.jpg","profile_url":"https:\/\/m.weibo.cn\/u\/1401527553?uid=1401527553&luicode=10000011&lfid=1076031401527553","statuses_count":15425,"verified":true,"verified_type":0,"verified_type_ext":1,"verified_reason":"\u77e5\u540d\u4e92\u8054\u7f51\u8d44\u8baf\u535a\u4e3b","close_blue_v":false,"description":"\u5fae\u535a\u672c\u5730\u8d44\u8baf\u535a\u4e3b\uff08\u521a\u679c\u5e03\u62c9\u67f4\u7ef4\u5c14\uff09","gender":"m","mbtype":12,"urank":48,"mbrank":6,"follow_me":false,"following":false,"followers_count":192533,"follow_count":277,"cover_image_phone":"https:\/\/tva1.sinaimg.cn\/crop.0.0.640.640.640\/549d0121tw1egm1kjly3jj20hs0hsq4f.jpg","avatar_hd":"https:\/\/ww2.sinaimg.cn\/orj480\/53899d01jw8fcb9qpe7vbj2050050mx8.jpg","like":false,"like_me":false,"badge":{"bind_taobao":1,"dzwbqlx_2016":1,"follow_whitelist_video":1,"hongbao_2018":1}},"pid":3347373971854350,"retweeted_status":{"created_at":"2011-08-17","id":"3347344721434305","idstr":"3347344721434305","mid":"3347344721434305","can_edit":false,"text":"\u3010\u9976\u6bc5\u843d\u9009\u4e2d\u56fd\u9662\u58eb\u7684\u60b2\u54c0\u3011\u5728\u53bb\u54c8\u5c14\u6ee8\u7684\u706b\u8f66\u4e0a\uff0c\u4ece\u670b\u53cb\u7535\u8bdd\u4e2d\u60ca\u6089\u9976\u6bc5\u8001\u5e08\u6298\u621f\u4e2d\u79d1\u9662\u9662\u58eb\u589e\u9009\u3002\u9976\u6bc5\u51fa\u4efb\u5317\u5927\u751f\u79d1\u9662\u9662\u957f\u524d\uff0c\u662f\u7f8e\u56fd\u897f\u5317\u5927\u5b66\u8bb2\u5ea7\u6559\u6388\u3002\u4ed6\u653e\u5f03\u4e86\u7f8e\u56fd\u56fd\u7c4d\u3002\u4ed6\u4e3a\u4eba\u5766\u8361\uff0c\u8bf4\u8bdd\u505a\u4e8b\u5f97\u7f6a\u4e0d\u5c11\u4eba\uff0c\u5305\u62ec\u4e00\u4e9b\u8001\u9662\u58eb\u3002\u9976\u6bc5\u7684\u5b66\u672f\u8d21\u732e\u5927\u8fc7\u5f88\u591a\u4e2d\u79d1\u9662\u9662\u58eb\uff0c\u4ed6\u7684\u843d\u9009\u662f\u4e2d\u56fd\u5b66\u672f\u754c\u7684\u60b2\u54c0\u3002 \u200b\u200b\u200b","source":"\u77ed\u4fe1","favorited":false,"is_paid":false,"mblog_vip_type":0,"user":{"id":1196833854,"screen_name":"\u674e\u864e\u519b","profile_image_url":"https:\/\/tva2.sinaimg.cn\/crop.0.0.180.180.180\/47563c3ejw1e8qgp5bmzyj2050050aa8.jpg","profile_url":"https:\/\/m.weibo.cn\/u\/1196833854?uid=1196833854&luicode=10000011&lfid=1076031401527553","statuses_count":1544,"verified":true,"verified_type":0,"verified_type_ext":0,"verified_reason":"\u524d \u300a\u521b\u4e1a\u5bb6\u300b\u6267\u884c\u4e3b\u7f16","close_blue_v":false,"description":"\u5929\u4e0b\u7f51\u5546\u4e3b\u7f16\u3002\u70d9\u5370: \u521b\u4e1a\u5bb6\u3001\u8d22\u65b0&amp;\u300a\u8d22\u7ecf\u300b\u3001 \u5357\u65b9\u5468\u672b\u3001\u9ebb\u7701\u7406\u5de5\u5b66\u9662Knight fellow","gender":"m","mbtype":0,"urank":29,"mbrank":0,"follow_me":false,"following":false,"followers_count":21188,"follow_count":635,"cover_image_phone":"https:\/\/tva1.sinaimg.cn\/crop.0.0.640.640.640\/549d0121tw1egm1kjly3jj20hs0hsq4f.jpg","avatar_hd":"https:\/\/ww2.sinaimg.cn\/orj480\/47563c3ejw1e8qgp5bmzyj2050050aa8.jpg","like":false,"like_me":false,"badge":{"bind_taobao":1,"zongyiji":1,"unread_pool":1,"unread_pool_ext":1}},"reposts_count":1100,"comments_count":463,"attitudes_count":0,"pending_approval_count":0,"isLongText":false,"visible":{"type":0,"list_id":0},"more_info_type":0,"content_auth":0,"edit_config":{"edited":false},"bid":"xjREs617X"},"reposts_count":3,"comments_count":2,"attitudes_count":0,"pending_approval_count":0,"isLongText":false,"visible":{"type":0,"list_id":0},"more_info_type":0,"content_auth":0,"edit_config":{"edited":false},"mblogtype":0,"obj_ext":"","raw_text":"\u5728\u5f02\u7b5b\u73af\u5883\u91cc\uff0c\u4ed6\u88ab\u9009\u4e0a\u4e86\u624d\u662f\u602a\u4e8b\u3002 \/\/@Fenng\uff1a\u4e2d\u56fd\u5b66\u672f\u754c\u7684\u60b2\u54c0\uff0c\u4e5f\u662f\u803b\u8fb1\u3002","bid":"xjSt25mjg"},"show_type":0},{"card_type":9,"itemid":"1076031401527553_-_3347352018554911","scheme":"https:\/\/m.weibo.cn\/status\/xjRQdzTwr?mblogid=xjRQdzTwr&luicode=10000011&lfid=1076031401527553","mblog":{"created_at":"2011-08-17","id":"3347352018554911","idstr":"3347352018554911","mid":"3347352018554911","can_edit":false,"text":"\u6ca1\u9519\u3002\u6211\u6d4b\u8bd5\u51e0\u4e2a\u4ee3\u7801\uff0c\u5728IE6~IE8\u4e0a\u8fd0\u884c\u7ed3\u679c\u90fd\u5dee\u4e0d\u591a\uff0c\u4f46IE9\u4e0a\u5c31\u6709\u533a\u522b\u3002 \/\/<a href='https:\/\/m.weibo.cn\/n\/yuange1975'>@yuange1975<\/a>\uff1aie9\u4fee\u6539\u6bd4\u8f83\u5927\uff0c\u5185\u6838\u6709\u4e9b\u4e1c\u897f\u5df2\u7ecf\u662f\u91cd\u5199\uff0c\u51e0\u4e4e\u53ef\u4ee5\u8bf4\u662f\u4e2a\u65b0\u7684ie\u3002","source":"\u5fae\u535a weibo.com","favorited":false,"is_paid":false,"mblog_vip_type":0,"user":{"id":1401527553,"screen_name":"tombkeeper","profile_image_url":"https:\/\/tva2.sinaimg.cn\/crop.0.0.180.180.180\/53899d01jw8fcb9qpe7vbj2050050mx8.jpg","profile_url":"https:\/\/m.weibo.cn\/u\/1401527553?uid=1401527553&luicode=10000011&lfid=1076031401527553","statuses_count":15425,"verified":true,"verified_type":0,"verified_type_ext":1,"verified_reason":"\u77e5\u540d\u4e92\u8054\u7f51\u8d44\u8baf\u535a\u4e3b","close_blue_v":false,"description":"\u5fae\u535a\u672c\u5730\u8d44\u8baf\u535a\u4e3b\uff08\u521a\u679c\u5e03\u62c9\u67f4\u7ef4\u5c14\uff09","gender":"m","mbtype":12,"urank":48,"mbrank":6,"follow_me":false,"following":false,"followers_count":192533,"follow_count":277,"cover_image_phone":"https:\/\/tva1.sinaimg.cn\/crop.0.0.640.640.640\/549d0121tw1egm1kjly3jj20hs0hsq4f.jpg","avatar_hd":"https:\/\/ww2.sinaimg.cn\/orj480\/53899d01jw8fcb9qpe7vbj2050050mx8.jpg","like":false,"like_me":false,"badge":{"bind_taobao":1,"dzwbqlx_2016":1,"follow_whitelist_video":1,"hongbao_2018":1}},"pid":3347351230706849,"retweeted_status":{"created_at":"2011-08-17","id":"3347343668081938","idstr":"3347343668081938","mid":"3347343668081938","can_edit":false,"text":"\u6d4b\u8bd5\u4e86\u4e00\u4e0bIE9\uff0c\u53d1\u73b0\u5728HTML\u3001DOM\u7b49\u65b9\u9762\u6539\u53d8\u6bd4\u8f83\u5927\uff0c\u6bd4\u4eceIE7\u5230IE8\u53d8\u5316\u5927\u3002\u6211\u89c9\u5f97\u8fd9\u91cc\u9762\u53ef\u80fd\u5f97\u51fa\u65b0\u95ee\u9898\u3002\u53e6\u5916IE9\u4fee\u590d\u4e86\u4e00\u4e2aIE8\u7684BUG\uff0c\u800c\u8fd9\u4e2aBUG\u5728\u5ba2\u89c2\u4e0a\u4f1a\u963b\u788d\u4e00\u79cd\u6f0f\u6d1e\u5229\u7528\u65b9\u6cd5\u7684\u5b9e\u65bd\u3002 \u200b\u200b\u200b","source":"\u5fae\u535a weibo.com","favorited":false,"is_paid":false,"mblog_vip_type":0,"user":{"id":1401527553,"screen_name":"tombkeeper","profile_image_url":"https:\/\/tva2.sinaimg.cn\/crop.0.0.180.180.180\/53899d01jw8fcb9qpe7vbj2050050mx8.jpg","profile_url":"https:\/\/m.weibo.cn\/u\/1401527553?uid=1401527553&luicode=10000011&lfid=1076031401527553","statuses_count":15425,"verified":true,"verified_type":0,"verified_type_ext":1,"verified_reason":"\u77e5\u540d\u4e92\u8054\u7f51\u8d44\u8baf\u535a\u4e3b","close_blue_v":false,"description":"\u5fae\u535a\u672c\u5730\u8d44\u8baf\u535a\u4e3b\uff08\u521a\u679c\u5e03\u62c9\u67f4\u7ef4\u5c14\uff09","gender":"m","mbtype":12,"urank":48,"mbrank":6,"follow_me":false,"following":false,"followers_count":192533,"follow_count":277,"cover_image_phone":"https:\/\/tva1.sinaimg.cn\/crop.0.0.640.640.640\/549d0121tw1egm1kjly3jj20hs0hsq4f.jpg","avatar_hd":"https:\/\/ww2.sinaimg.cn\/orj480\/53899d01jw8fcb9qpe7vbj2050050mx8.jpg","like":false,"like_me":false,"badge":{"bind_taobao":1,"dzwbqlx_2016":1,"follow_whitelist_video":1,"hongbao_2018":1}},"reposts_count":2,"comments_count":1,"attitudes_count":0,"pending_approval_count":0,"isLongText":false,"visible":{"type":0,"list_id":0},"more_info_type":0,"content_auth":0,"edit_config":{"edited":false},"bid":"xjRCKxUtQ"},"reposts_count":1,"comments_count":1,"attitudes_count":0,"pending_approval_count":0,"isLongText":false,"visible":{"type":0,"list_id":0},"more_info_type":0,"content_auth":0,"edit_config":{"edited":false},"mblogtype":0,"obj_ext":"","raw_text":"\u6ca1\u9519\u3002\u6211\u6d4b\u8bd5\u51e0\u4e2a\u4ee3\u7801\uff0c\u5728IE6~IE8\u4e0a\u8fd0\u884c\u7ed3\u679c\u90fd\u5dee\u4e0d\u591a\uff0c\u4f46IE9\u4e0a\u5c31\u6709\u533a\u522b\u3002 \/\/@yuange1975\uff1aie9\u4fee\u6539\u6bd4\u8f83\u5927\uff0c\u5185\u6838\u6709\u4e9b\u4e1c\u897f\u5df2\u7ecf\u662f\u91cd\u5199\uff0c\u51e0\u4e4e\u53ef\u4ee5\u8bf4\u662f\u4e2a\u65b0\u7684ie\u3002","bid":"xjRQdzTwr"},"show_type":0},{"card_type":9,"itemid":"1076031401527553_-_3347343668081938","scheme":"https:\/\/m.weibo.cn\/status\/xjRCKxUtQ?mblogid=xjRCKxUtQ&luicode=10000011&lfid=1076031401527553","mblog":{"created_at":"2011-08-17","id":"3347343668081938","idstr":"3347343668081938","mid":"3347343668081938","can_edit":false,"text":"\u6d4b\u8bd5\u4e86\u4e00\u4e0bIE9\uff0c\u53d1\u73b0\u5728HTML\u3001DOM\u7b49\u65b9\u9762\u6539\u53d8\u6bd4\u8f83\u5927\uff0c\u6bd4\u4eceIE7\u5230IE8\u53d8\u5316\u5927\u3002\u6211\u89c9\u5f97\u8fd9\u91cc\u9762\u53ef\u80fd\u5f97\u51fa\u65b0\u95ee\u9898\u3002\u53e6\u5916IE9\u4fee\u590d\u4e86\u4e00\u4e2aIE8\u7684BUG\uff0c\u800c\u8fd9\u4e2aBUG\u5728\u5ba2\u89c2\u4e0a\u4f1a\u963b\u788d\u4e00\u79cd\u6f0f\u6d1e\u5229\u7528\u65b9\u6cd5\u7684\u5b9e\u65bd\u3002 \u200b\u200b\u200b","source":"\u5fae\u535a weibo.com","favorited":false,"is_paid":false,"mblog_vip_type":0,"user":{"id":1401527553,"screen_name":"tombkeeper","profile_image_url":"https:\/\/tva2.sinaimg.cn\/crop.0.0.180.180.180\/53899d01jw8fcb9qpe7vbj2050050mx8.jpg","profile_url":"https:\/\/m.weibo.cn\/u\/1401527553?uid=1401527553&luicode=10000011&lfid=1076031401527553","statuses_count":15425,"verified":true,"verified_type":0,"verified_type_ext":1,"verified_reason":"\u77e5\u540d\u4e92\u8054\u7f51\u8d44\u8baf\u535a\u4e3b","close_blue_v":false,"description":"\u5fae\u535a\u672c\u5730\u8d44\u8baf\u535a\u4e3b\uff08\u521a\u679c\u5e03\u62c9\u67f4\u7ef4\u5c14\uff09","gender":"m","mbtype":12,"urank":48,"mbrank":6,"follow_me":false,"following":false,"followers_count":192533,"follow_count":277,"cover_image_phone":"https:\/\/tva1.sinaimg.cn\/crop.0.0.640.640.640\/549d0121tw1egm1kjly3jj20hs0hsq4f.jpg","avatar_hd":"https:\/\/ww2.sinaimg.cn\/orj480\/53899d01jw8fcb9qpe7vbj2050050mx8.jpg","like":false,"like_me":false,"badge":{"bind_taobao":1,"dzwbqlx_2016":1,"follow_whitelist_video":1,"hongbao_2018":1}},"reposts_count":2,"comments_count":1,"attitudes_count":0,"pending_approval_count":0,"isLongText":false,"visible":{"type":0,"list_id":0},"more_info_type":0,"content_auth":0,"edit_config":{"edited":false},"mblogtype":0,"bid":"xjRCKxUtQ"},"show_type":0},{"card_type":9,"itemid":"1076031401527553_-_3347333060250647","scheme":"https:\/\/m.weibo.cn\/status\/xjRlE13cH?mblogid=xjRlE13cH&luicode=10000011&lfid=1076031401527553","mblog":{"created_at":"2011-08-17","id":"3347333060250647","idstr":"3347333060250647","mid":"3347333060250647","can_edit":false,"text":"\u56de\u590d<a href='https:\/\/m.weibo.cn\/n\/humeafo'>@humeafo<\/a>: \u90a3\u51e0\u4e2a\u90fd\u60f3\u4e86\uff0c\u4f46\u89c9\u5f97\u4e0d\u5f88\u50cf\u3002\u542c\u4e00\u4e9b\u8001\u5927\u8bf4\uff0c\u53ef\u80fd\u6839\u672c\u5c31\u662fCCTV\u81ea\u5df1\u60f3\u6574BAIDU\u3002BAIDU\u4f5c\u4e3a\u4e92\u8054\u7f51\u65b0\u5a92\u4f53\u7684\u4ee3\u8868\uff0c\u548cCCTV\u662f\u76f4\u63a5\u7ade\u4e89\u5173\u7cfb\uff0c\u800c\u4e14\u773c\u7785\u7740\u6536\u5165\u5c31\u8981\u8d85\u8fc7CCTV\u4e86\u3002\u6211\u89c9\u5f97\u8fd9\u4e2a\u8bf4\u6cd5\u6bd4\u8f83\u9760\u8c31\u3002 \/\/<a href='https:\/\/m.weibo.cn\/n\/humeafo'>@humeafo<\/a>:\u641c\u7d22\u4e5f\u662f\u5757\u5927\u80a5\u8089\uff0c\u51e0\u5927\u4e0a\u5934\u6709\u4eba\u7684\u5de8\u5934\u90fd\u6709\u4f5c\u6897\u52a8\u673a\u3002","source":"\u5fae\u535a weibo.com","favorited":false,"is_paid":false,"mblog_vip_type":0,"user":{"id":1401527553,"screen_name":"tombkeeper","profile_image_url":"https:\/\/tva2.sinaimg.cn\/crop.0.0.180.180.180\/53899d01jw8fcb9qpe7vbj2050050mx8.jpg","profile_url":"https:\/\/m.weibo.cn\/u\/1401527553?uid=1401527553&luicode=10000011&lfid=1076031401527553","statuses_count":15425,"verified":true,"verified_type":0,"verified_type_ext":1,"verified_reason":"\u77e5\u540d\u4e92\u8054\u7f51\u8d44\u8baf\u535a\u4e3b","close_blue_v":false,"description":"\u5fae\u535a\u672c\u5730\u8d44\u8baf\u535a\u4e3b\uff08\u521a\u679c\u5e03\u62c9\u67f4\u7ef4\u5c14\uff09","gender":"m","mbtype":12,"urank":48,"mbrank":6,"follow_me":false,"following":false,"followers_count":192533,"follow_count":277,"cover_image_phone":"https:\/\/tva1.sinaimg.cn\/crop.0.0.640.640.640\/549d0121tw1egm1kjly3jj20hs0hsq4f.jpg","avatar_hd":"https:\/\/ww2.sinaimg.cn\/orj480\/53899d01jw8fcb9qpe7vbj2050050mx8.jpg","like":false,"like_me":false,"badge":{"bind_taobao":1,"dzwbqlx_2016":1,"follow_whitelist_video":1,"hongbao_2018":1}},"retweeted_status":{"created_at":"2011-08-17","id":"3347317461683647","idstr":"3347317461683647","mid":"3347317461683647","can_edit":false,"text":"Baidu\u88ab\u6574\u524d\uff0c\u5e02\u573a\u4e0a\u6709\u6ca1\u6709\u51fa\u73b0\u5bf9NASDAQ:BIDU\u8ba4\u6cbd\u6743\u8bc1\u7684\u5927\u4e70\u5bb6\uff1f \u200b\u200b\u200b","source":"\u5fae\u535a weibo.com","favorited":false,"is_paid":false,"mblog_vip_type":0,"user":{"id":1401527553,"screen_name":"tombkeeper","profile_image_url":"https:\/\/tva2.sinaimg.cn\/crop.0.0.180.180.180\/53899d01jw8fcb9qpe7vbj2050050mx8.jpg","profile_url":"https:\/\/m.weibo.cn\/u\/1401527553?uid=1401527553&luicode=10000011&lfid=1076031401527553","statuses_count":15425,"verified":true,"verified_type":0,"verified_type_ext":1,"verified_reason":"\u77e5\u540d\u4e92\u8054\u7f51\u8d44\u8baf\u535a\u4e3b","close_blue_v":false,"description":"\u5fae\u535a\u672c\u5730\u8d44\u8baf\u535a\u4e3b\uff08\u521a\u679c\u5e03\u62c9\u67f4\u7ef4\u5c14\uff09","gender":"m","mbtype":12,"urank":48,"mbrank":6,"follow_me":false,"following":false,"followers_count":192533,"follow_count":277,"cover_image_phone":"https:\/\/tva1.sinaimg.cn\/crop.0.0.640.640.640\/549d0121tw1egm1kjly3jj20hs0hsq4f.jpg","avatar_hd":"https:\/\/ww2.sinaimg.cn\/orj480\/53899d01jw8fcb9qpe7vbj2050050mx8.jpg","like":false,"like_me":false,"badge":{"bind_taobao":1,"dzwbqlx_2016":1,"follow_whitelist_video":1,"hongbao_2018":1}},"reposts_count":6,"comments_count":9,"attitudes_count":0,"pending_approval_count":0,"isLongText":false,"visible":{"type":0,"list_id":0},"more_info_type":0,"content_auth":0,"edit_config":{"edited":false},"bid":"xjQWu73ZB"},"reposts_count":2,"comments_count":3,"attitudes_count":0,"pending_approval_count":0,"isLongText":false,"visible":{"type":0,"list_id":0},"more_info_type":0,"content_auth":0,"edit_config":{"edited":false},"mblogtype":0,"obj_ext":"","raw_text":"\u56de\u590d@humeafo: \u90a3\u51e0\u4e2a\u90fd\u60f3\u4e86\uff0c\u4f46\u89c9\u5f97\u4e0d\u5f88\u50cf\u3002\u542c\u4e00\u4e9b\u8001\u5927\u8bf4\uff0c\u53ef\u80fd\u6839\u672c\u5c31\u662fCCTV\u81ea\u5df1\u60f3\u6574BAIDU\u3002BAIDU\u4f5c\u4e3a\u4e92\u8054\u7f51\u65b0\u5a92\u4f53\u7684\u4ee3\u8868\uff0c\u548cCCTV\u662f\u76f4\u63a5\u7ade\u4e89\u5173\u7cfb\uff0c\u800c\u4e14\u773c\u7785\u7740\u6536\u5165\u5c31\u8981\u8d85\u8fc7CCTV\u4e86\u3002\u6211\u89c9\u5f97\u8fd9\u4e2a\u8bf4\u6cd5\u6bd4\u8f83\u9760\u8c31\u3002 \/\/@humeafo:\u641c\u7d22\u4e5f\u662f\u5757\u5927\u80a5\u8089\uff0c\u51e0\u5927\u4e0a\u5934\u6709\u4eba\u7684\u5de8\u5934\u90fd\u6709\u4f5c\u6897\u52a8\u673a\u3002","bid":"xjRlE13cH"},"show_type":0},{"card_type":9,"itemid":"1076031401527553_-_3347317461683647","scheme":"https:\/\/m.weibo.cn\/status\/xjQWu73ZB?mblogid=xjQWu73ZB&luicode=10000011&lfid=1076031401527553","mblog":{"created_at":"2011-08-17","id":"3347317461683647","idstr":"3347317461683647","mid":"3347317461683647","can_edit":false,"text":"Baidu\u88ab\u6574\u524d\uff0c\u5e02\u573a\u4e0a\u6709\u6ca1\u6709\u51fa\u73b0\u5bf9NASDAQ:BIDU\u8ba4\u6cbd\u6743\u8bc1\u7684\u5927\u4e70\u5bb6\uff1f \u200b\u200b\u200b","source":"\u5fae\u535a weibo.com","favorited":false,"is_paid":false,"mblog_vip_type":0,"user":{"id":1401527553,"screen_name":"tombkeeper","profile_image_url":"https:\/\/tva2.sinaimg.cn\/crop.0.0.180.180.180\/53899d01jw8fcb9qpe7vbj2050050mx8.jpg","profile_url":"https:\/\/m.weibo.cn\/u\/1401527553?uid=1401527553&luicode=10000011&lfid=1076031401527553","statuses_count":15425,"verified":true,"verified_type":0,"verified_type_ext":1,"verified_reason":"\u77e5\u540d\u4e92\u8054\u7f51\u8d44\u8baf\u535a\u4e3b","close_blue_v":false,"description":"\u5fae\u535a\u672c\u5730\u8d44\u8baf\u535a\u4e3b\uff08\u521a\u679c\u5e03\u62c9\u67f4\u7ef4\u5c14\uff09","gender":"m","mbtype":12,"urank":48,"mbrank":6,"follow_me":false,"following":false,"followers_count":192533,"follow_count":277,"cover_image_phone":"https:\/\/tva1.sinaimg.cn\/crop.0.0.640.640.640\/549d0121tw1egm1kjly3jj20hs0hsq4f.jpg","avatar_hd":"https:\/\/ww2.sinaimg.cn\/orj480\/53899d01jw8fcb9qpe7vbj2050050mx8.jpg","like":false,"like_me":false,"badge":{"bind_taobao":1,"dzwbqlx_2016":1,"follow_whitelist_video":1,"hongbao_2018":1}},"reposts_count":6,"comments_count":9,"attitudes_count":0,"pending_approval_count":0,"isLongText":false,"visible":{"type":0,"list_id":0},"more_info_type":0,"content_auth":0,"edit_config":{"edited":false},"mblogtype":0,"bid":"xjQWu73ZB"},"show_type":0},{"card_type":9,"itemid":"1076031401527553_-_3347311313288596","scheme":"https:\/\/m.weibo.cn\/status\/xjQMzdNvS?mblogid=xjQMzdNvS&luicode=10000011&lfid=1076031401527553","mblog":{"created_at":"2011-08-17","id":"3347311313288596","idstr":"3347311313288596","mid":"3347311313288596","can_edit":false,"text":"\u56de\u590d<a href='https:\/\/m.weibo.cn\/n\/\u9759-\u82f1\u8bed\u7ffb\u8bd1'>@\u9759-\u82f1\u8bed\u7ffb\u8bd1<\/a>: \u6211\u5c31\u662f\u5f00\u4e2a\u73a9\u7b11\u3002\u4f60\u60f3\uff0c\u5927\u849c\u6ce1\u7eff\u8336\uff0c\u90a3\u5f97\u662f\u4ec0\u4e48\u5473\u513f\uff1f\u4eba\u5bb6\u4e5f\u6ca1\u7279\u522b\u9488\u5bf9\u4e2d\u56fd\u98df\u54c1\u3002\u7f8e\u56fdBBQ\u662f\u70e7\u70e4\uff0c\u65e5\u672c\u5929\u5987\u7f57\u662f\u6cb9\u70b8\u3002\u7f50\u5934\u3001\u751c\u70b9\u3001\u78b3\u9178\u996e\u6599\u7b49\u66f4\u662f\u5404\u56fd\u90fd\u6709\u3002\u4e0d\u7528\u90a3\u4e48\u654f\u611f\u3002 \/\/<a href='https:\/\/m.weibo.cn\/n\/\u9759-\u82f1\u8bed\u7ffb\u8bd1'>@\u9759-\u82f1\u8bed\u7ffb\u8bd1<\/a>:\u8fd9\u4e0d\u662f\u6545\u610f\u5efa\u8bae\u5927\u5bb6\u4e0d\u8981\u5403\u4e2d\u56fd\u98df\u54c1\u5566\uff1f\u54ea\u6709\u90a3\u4e48\u5783\u573e\u4e86\uff0c\u6240\u8c13\u7684\u5783\u573e\u4e2d\u56fd\u98df\u54c1\uff0c\u5176\u5b9e\u53ea\u662f\u8c03\u5473\uff0c","source":"\u5fae\u535a weibo.com","favorited":false,"is_paid":false,"mblog_vip_type":0,"user":{"id":1401527553,"screen_name":"tombkeeper","profile_image_url":"https:\/\/tva2.sinaimg.cn\/crop.0.0.180.180.180\/53899d01jw8fcb9qpe7vbj2050050mx8.jpg","profile_url":"https:\/\/m.weibo.cn\/u\/1401527553?uid=1401527553&luicode=10000011&lfid=1076031401527553","statuses_count":15425,"verified":true,"verified_type":0,"verified_type_ext":1,"verified_reason":"\u77e5\u540d\u4e92\u8054\u7f51\u8d44\u8baf\u535a\u4e3b","close_blue_v":false,"description":"\u5fae\u535a\u672c\u5730\u8d44\u8baf\u535a\u4e3b\uff08\u521a\u679c\u5e03\u62c9\u67f4\u7ef4\u5c14\uff09","gender":"m","mbtype":12,"urank":48,"mbrank":6,"follow_me":false,"following":false,"followers_count":192533,"follow_count":277,"cover_image_phone":"https:\/\/tva1.sinaimg.cn\/crop.0.0.640.640.640\/549d0121tw1egm1kjly3jj20hs0hsq4f.jpg","avatar_hd":"https:\/\/ww2.sinaimg.cn\/orj480\/53899d01jw8fcb9qpe7vbj2050050mx8.jpg","like":false,"like_me":false,"badge":{"bind_taobao":1,"dzwbqlx_2016":1,"follow_whitelist_video":1,"hongbao_2018":1}},"pid":3347302873998776,"retweeted_status":{"created_at":"2011-08-17","id":"3347301427729438","idstr":"3347301427729438","mid":"3347301427729438","can_edit":false,"text":"\u4e16\u754c\u536b\u751f\u7ec4\u7ec7\u516c\u5e03\u7684\u5341\u5927\u5065\u5eb7\u98df\u54c1\u548c\u5783\u573e\u98df\u54c1 \u200b\u200b\u200b","source":"\u5fae\u535a weibo.com","favorited":false,"thumbnail_pic":"http:\/\/ww4.sinaimg.cn\/thumbnail\/4a564ec1gw1dk89ctp8ixj.jpg","bmiddle_pic":"http:\/\/ww4.sinaimg.cn\/bmiddle\/4a564ec1gw1dk89ctp8ixj.jpg","original_pic":"http:\/\/ww4.sinaimg.cn\/large\/4a564ec1gw1dk89ctp8ixj.jpg","is_paid":false,"mblog_vip_type":0,"user":{"id":1247170241,"screen_name":"lao_shan","profile_image_url":"https:\/\/tva3.sinaimg.cn\/crop.0.0.180.180.180\/4a564ec1jw1e8qgp5bmzyj2050050aa8.jpg","profile_url":"https:\/\/m.weibo.cn\/u\/1247170241?uid=1247170241&luicode=10000011&lfid=1076031401527553","statuses_count":3336,"verified":false,"verified_type":220,"close_blue_v":false,"description":"\u53e4\u5178\u81ea\u7531\u4e3b\u4e49\u8005","gender":"m","mbtype":13,"urank":38,"mbrank":6,"follow_me":false,"following":false,"followers_count":1305,"follow_count":269,"cover_image_phone":"https:\/\/tva1.sinaimg.cn\/crop.0.0.640.640.640\/549d0121tw1egm1kjly3jj20hs0hsq4f.jpg","avatar_hd":"https:\/\/ww3.sinaimg.cn\/orj480\/4a564ec1jw1e8qgp5bmzyj2050050aa8.jpg","like":false,"like_me":false,"badge":{"bind_taobao":1,"unread_pool":1,"unread_pool_ext":1}},"reposts_count":73,"comments_count":20,"attitudes_count":0,"pending_approval_count":0,"isLongText":false,"visible":{"type":0,"list_id":0},"more_info_type":0,"content_auth":0,"edit_config":{"edited":false},"bid":"xjQwCwqMm","pics":[{"pid":"4a564ec1gw1dk89ctp8ixj","url":"https:\/\/ww4.sinaimg.cn\/orj360\/4a564ec1gw1dk89ctp8ixj.jpg","size":"orj360","geo":false,"large":{"size":"large","url":"https:\/\/ww4.sinaimg.cn\/large\/4a564ec1gw1dk89ctp8ixj.jpg","geo":false}}]},"reposts_count":1,"comments_count":0,"attitudes_count":0,"pending_approval_count":0,"isLongText":false,"visible":{"type":0,"list_id":0},"more_info_type":0,"content_auth":0,"edit_config":{"edited":false},"mblogtype":0,"obj_ext":"","raw_text":"\u56de\u590d@\u9759-\u82f1\u8bed\u7ffb\u8bd1: \u6211\u5c31\u662f\u5f00\u4e2a\u73a9\u7b11\u3002\u4f60\u60f3\uff0c\u5927\u849c\u6ce1\u7eff\u8336\uff0c\u90a3\u5f97\u662f\u4ec0\u4e48\u5473\u513f\uff1f\u4eba\u5bb6\u4e5f\u6ca1\u7279\u522b\u9488\u5bf9\u4e2d\u56fd\u98df\u54c1\u3002\u7f8e\u56fdBBQ\u662f\u70e7\u70e4\uff0c\u65e5\u672c\u5929\u5987\u7f57\u662f\u6cb9\u70b8\u3002\u7f50\u5934\u3001\u751c\u70b9\u3001\u78b3\u9178\u996e\u6599\u7b49\u66f4\u662f\u5404\u56fd\u90fd\u6709\u3002\u4e0d\u7528\u90a3\u4e48\u654f\u611f\u3002 \/\/@\u9759-\u82f1\u8bed\u7ffb\u8bd1:\u8fd9\u4e0d\u662f\u6545\u610f\u5efa\u8bae\u5927\u5bb6\u4e0d\u8981\u5403\u4e2d\u56fd\u98df\u54c1\u5566\uff1f\u54ea\u6709\u90a3\u4e48\u5783\u573e\u4e86\uff0c\u6240\u8c13\u7684\u5783\u573e\u4e2d\u56fd\u98df\u54c1\uff0c\u5176\u5b9e\u53ea\u662f\u8c03\u5473\uff0c","bid":"xjQMzdNvS"},"show_type":0},{"card_type":9,"itemid":"1076031401527553_-_3347303096302726","scheme":"https:\/\/m.weibo.cn\/status\/xjQzjqrCS?mblogid=xjQzjqrCS&luicode=10000011&lfid=1076031401527553","mblog":{"created_at":"2011-08-17","id":"3347303096302726","idstr":"3347303096302726","mid":"3347303096302726","can_edit":false,"text":"\/\/<a href='https:\/\/m.weibo.cn\/n\/Jun'>@Jun<\/a>\uff1a\u6211\u5728\u65e5\u672c\uff0c\u4e00\u4e2a\u4ee4\u56fd\u4eba\u53cd\u611f\u7684\u8d44\u672c\u4e3b\u4e49\u56fd\u5ea6\uff0c\u6211\u662f\u5916\u56fd\u4eba\uff0c\u8fd9\u91cc\u5e7c\u513f\u56ed\u6ca1\u6709\u62d2\u7edd\u8fc7\u6211\u5b69\u5b50\uff0c\u8fd9\u91cc\u7684\u533b\u9662\u6ca1\u6709\u591a\u8981\u8fc7\u6211\u4e00\u5206\u94b1\uff0c\u53ea\u56e0\u6211\u4f4f\u5728\u8fd9\u91cc\u5373\u4f7f\u6211\u7684\u5b69\u5b50\u662f\u5728\u56fd\u5185\u51fa\u751f\u5e02\u653f\u5e9c\u4e5f\u652f\u4ed8\u7ed9\u6211\u76f8\u5f53\u4e8e3\u4e075\u5343\u4eba\u6c11\u5e01\u7684\u51fa\u751f\u8865\u8d34\u3002\u6211\u7684\u6237\u53e3\u5728\u5c71\u4e1c\uff0c\u6211\u5728\u8fd9\u91cc\u662f\u5916\u56fd\u4eba\u3002\u4f1f\u5927\u7684\u793e\u4f1a\u4e3b\u4e49\u7956\u56fd\uff0c\u8ba9\u6211\u62ff\u4ec0\u4e48\u53bb\u7231\u4f60\uff1f","source":"\u5fae\u535a weibo.com","favorited":false,"is_paid":false,"mblog_vip_type":0,"user":{"id":1401527553,"screen_name":"tombkeeper","profile_image_url":"https:\/\/tva2.sinaimg.cn\/crop.0.0.180.180.180\/53899d01jw8fcb9qpe7vbj2050050mx8.jpg","profile_url":"https:\/\/m.weibo.cn\/u\/1401527553?uid=1401527553&luicode=10000011&lfid=1076031401527553","statuses_count":15425,"verified":true,"verified_type":0,"verified_type_ext":1,"verified_reason":"\u77e5\u540d\u4e92\u8054\u7f51\u8d44\u8baf\u535a\u4e3b","close_blue_v":false,"description":"\u5fae\u535a\u672c\u5730\u8d44\u8baf\u535a\u4e3b\uff08\u521a\u679c\u5e03\u62c9\u67f4\u7ef4\u5c14\uff09","gender":"m","mbtype":12,"urank":48,"mbrank":6,"follow_me":false,"following":false,"followers_count":192533,"follow_count":277,"cover_image_phone":"https:\/\/tva1.sinaimg.cn\/crop.0.0.640.640.640\/549d0121tw1egm1kjly3jj20hs0hsq4f.jpg","avatar_hd":"https:\/\/ww2.sinaimg.cn\/orj480\/53899d01jw8fcb9qpe7vbj2050050mx8.jpg","like":false,"like_me":false,"badge":{"bind_taobao":1,"dzwbqlx_2016":1,"follow_whitelist_video":1,"hongbao_2018":1}},"pid":3347300819112612,"retweeted_status":{"created_at":"2011-08-16","id":"3347123139636019","idstr":"3347123139636019","mid":"3347123139636019","can_edit":false,"text":"\u3010\u5317\u4eac30\u6240\u6253\u5de5\u5b50\u5f1f\u6821\u6536\u5173\u505c\u901a\u77e5\u5f71\u54cd3\u4e07\u540d\u5b66\u751f\u3011\u4e24\u5929\u540e\uff0c\u662f\u6d77\u6dc0\u4e1c\u5347\u4e61\u6253\u5de5\u5b50\u5f1f\u5b66\u6821\u2014\u2014\u2014\u65b0\u5e0c\u671b\u5c0f\u5b66\u539f\u5b9a\u7684\u5f00\u5b66\u65e5\uff0c\u800c\u4eca\uff0c\u8fd9\u5904800\u591a\u540d\u5b69\u5b50\u7684\u6821\u820d\uff0c\u53ea\u4f59\u4e0b\u4e00\u5730\u74e6\u783e\u3002\u636e\u4e86\u89e3\uff0c\u81ea6\u6708\u4e2d\u65ec\u8d77\uff0c\u5927\u5174\u3001\u671d\u9633\u3001\u6d77\u6dc0\u8fd130\u6240\u6253\u5de5\u5b50\u5f1f\u5b66\u6821\u76f8\u7ee7\u6536\u5230\u5173\u505c\u901a\u77e5\uff0c\u6d89\u53ca\u8fd13\u4e07\u540d\u5b66\u751f\u3002<a data-url=\"http:\/\/t.cn\/aERMZp\" href=\"http:\/\/news.sina.com.cn\/c\/2011-08-16\/040122996001.shtml?luicode=10000011&lfid=1076031401527553&ep=xjLT3EqLF%252C1618051664%252CxjLT3EqLF%252C1618051664\" data-hide=\"\"><span class=\"url-icon\"><img src=\"\/\/h5.sinaimg.cn\/upload\/2015\/09\/25\/3\/timeline_card_small_web_default.png\"><\/span><\/i><span class=\"surl-text\">\u5317\u4eac30\u6240\u6253\u5de5\u5b50\u5f1f\u6821\u6536\u5173\u505c\u901a\u77e5\u5f71\u54cd3\u4e07\u540d\u5b66\u751f<\/a> \u200b\u200b\u200b","source":"\u5fae\u535a weibo.com","favorited":false,"thumbnail_pic":"http:\/\/ww4.sinaimg.cn\/thumbnail\/60718250jw1dk7ow54tujj.jpg","bmiddle_pic":"http:\/\/ww4.sinaimg.cn\/bmiddle\/60718250jw1dk7ow54tujj.jpg","original_pic":"http:\/\/ww4.sinaimg.cn\/large\/60718250jw1dk7ow54tujj.jpg","is_paid":false,"mblog_vip_type":0,"user":{"id":1618051664,"screen_name":"\u5934\u6761\u65b0\u95fb","profile_image_url":"https:\/\/tvax2.sinaimg.cn\/crop.18.21.500.500.180\/60718250ly1fe7kog3jroj20f00f03zj.jpg","profile_url":"https:\/\/m.weibo.cn\/u\/1618051664?uid=1618051664&luicode=10000011&lfid=1076031401527553","statuses_count":136522,"verified":true,"verified_type":3,"verified_type_ext":0,"verified_reason":"\u65b0\u6d6a\u65b0\u95fb\u4e2d\u5fc324\u5c0f\u65f6\u64ad\u62a5\u5168\u7403\u91cd\u5927\u65b0\u95fb","close_blue_v":false,"description":"\u6bcf\u65e5\u64ad\u62a5\u5168\u7403\u5404\u7c7b\u91cd\u8981\u8d44\u8baf\u3001\u7a81\u53d1\u65b0\u95fb\uff0c\u5168\u592924\u5c0f\u65f6\u5373\u65f6\u53d1\u5e03\u3002\u6b22\u8fce\u62a5\u6599\u3001\u6295\u7a3f\uff0c\u8bf7\u53d1\u79c1\u4fe1\u6216\u8005\u90ae\u4ef6\uff1axlttnews@vip.sina.com\u3002","gender":"f","mbtype":2,"urank":45,"mbrank":4,"follow_me":false,"following":false,"followers_count":52654315,"follow_count":1168,"cover_image_phone":"https:\/\/tva1.sinaimg.cn\/crop.0.0.640.640.640\/549d0121tw1egm1kjly3jj20hs0hsq4f.jpg","avatar_hd":"https:\/\/wx2.sinaimg.cn\/orj480\/60718250ly1fe7kog3jroj20f00f03zj.jpg","like":false,"like_me":false,"badge":{"enterprise":1,"zongyiji":1,"dzwbqlx_2016":1,"follow_whitelist_video":1,"hongbao_2018":1}},"reposts_count":7530,"comments_count":3203,"attitudes_count":0,"pending_approval_count":0,"isLongText":false,"visible":{"type":0,"list_id":0},"more_info_type":0,"content_auth":0,"edit_config":{"edited":false},"bid":"xjLT3EqLF","pics":[{"pid":"60718250jw1dk7ow54tujj","url":"https:\/\/ww4.sinaimg.cn\/orj360\/60718250jw1dk7ow54tujj.jpg","size":"orj360","geo":false,"large":{"size":"large","url":"https:\/\/ww4.sinaimg.cn\/large\/60718250jw1dk7ow54tujj.jpg","geo":false}}]},"reposts_count":4,"comments_count":1,"attitudes_count":0,"pending_approval_count":0,"isLongText":false,"visible":{"type":0,"list_id":0},"more_info_type":0,"content_auth":0,"edit_config":{"edited":false},"mblogtype":0,"obj_ext":"","raw_text":"\/\/@Jun\uff1a\u6211\u5728\u65e5\u672c\uff0c\u4e00\u4e2a\u4ee4\u56fd\u4eba\u53cd\u611f\u7684\u8d44\u672c\u4e3b\u4e49\u56fd\u5ea6\uff0c\u6211\u662f\u5916\u56fd\u4eba\uff0c\u8fd9\u91cc\u5e7c\u513f\u56ed\u6ca1\u6709\u62d2\u7edd\u8fc7\u6211\u5b69\u5b50\uff0c\u8fd9\u91cc\u7684\u533b\u9662\u6ca1\u6709\u591a\u8981\u8fc7\u6211\u4e00\u5206\u94b1\uff0c\u53ea\u56e0\u6211\u4f4f\u5728\u8fd9\u91cc\u5373\u4f7f\u6211\u7684\u5b69\u5b50\u662f\u5728\u56fd\u5185\u51fa\u751f\u5e02\u653f\u5e9c\u4e5f\u652f\u4ed8\u7ed9\u6211\u76f8\u5f53\u4e8e3\u4e075\u5343\u4eba\u6c11\u5e01\u7684\u51fa\u751f\u8865\u8d34\u3002\u6211\u7684\u6237\u53e3\u5728\u5c71\u4e1c\uff0c\u6211\u5728\u8fd9\u91cc\u662f\u5916\u56fd\u4eba\u3002\u4f1f\u5927\u7684\u793e\u4f1a\u4e3b\u4e49\u7956\u56fd\uff0c\u8ba9\u6211\u62ff\u4ec0\u4e48\u53bb\u7231\u4f60\uff1f","bid":"xjQzjqrCS"},"show_type":0}],"showAppTips":0,"scheme":"sinaweibo:\/\/cardlist?containerid=1076031401527553&extparam=&luicode=10000011&lfid=&featurecode="}}