{"ok":1,"data":{"cardlistInfo":{"containerid":"1076031401527553","v_p":42,"show_style":1,"total":15518,"page":50},"cards":[{"card_type":9,"itemid":"1076031401527553_-_3347302873998776","scheme":"https:\/\/m.weibo.cn\/status\/xjQyXgMgo?mblogid=xjQyXgMgo&luicode=10000011&lfid=1076031401527553","mblog":{"created_at":"2011-08-17","id":"3347302873998776","idstr":"3347302873998776","mid":"3347302873998776","can_edit":false,"text":"\u6211\u8bf7\u4f60\u5403\u897f\u7ea2\u67ff\u7096\u4e09\u6587\u9c7c\uff0c\u83e0\u83dc\u7092\u897f\u5170\u82b1\u3002\u4e3b\u98df\u71d5\u9ea6\u7ca5\uff0c\u559d\u70b9\u7ea2\u8461\u8404\u9152\u3002\u996d\u540e\u662f\u84dd\u8393\u548c\u575a\u679c\u3002\u6700\u540e\u6765\u4e00\u676f\u5927\u849c\u6ce1\u7eff\u8336\u3002","source":"\u5fae\u535a weibo.com","favorited":false,"is_paid":false,"mblog_vip_type":0,"user":{"id":1401527553,"screen_name":"tombkeeper","profile_image_url":"https:\/\/tva2.sinaimg.cn\/crop.0.0.180.180.180\/53899d01jw8fcb9qpe7vbj2050050mx8.jpg","profile_url":"https:\/\/m.weibo.cn\/u\/1401527553?uid=1401527553&luicode=10000011&lfid=1076031401527553","statuses_count":15425,"verified":true,"verified_type":0,"verified_type_ext":1,"verified_reason":"\u77e5\u540d\u4e92\u8054\u7f51\u8d44\u8baf\u535a\u4e3b","close_blue_v":false,"description":"\u5fae\u535a\u672c\u5730\u8d44\u8baf\u535a\u4e3b\uff08\u521a\u679c\u5e03\u62c9\u67f4\u7ef4\u5c14\uff09","gender":"m","mbtype":12,"urank":48,"mbrank":6,"follow_me":false,"following":false,"followers_count":192533,"follow_count":277,"cover_image_phone":"https:\/\/tva1.sinaimg.cn\/crop.0.0.640.640.640\/549d0121tw1egm1kjly3jj20hs0hsq4f.jpg","avatar_hd":"https:\/\/ww2.sinaimg.cn\/orj480\/53899d01jw8fcb9qpe7vbj2050050mx8.jpg","like":false,"like_me":false,"badge":{"bind_taobao":1,"dzwbqlx_2016":1,"follow_whitelist_video":1,"hongbao_2018":1}},"retweeted_status":{"created_at":"2011-08-17","id":"3347301427729438","idstr":"3347301427729438","mid":"3347301427729438","can_edit":false,"text":"\u4e16\u754c\u536b\u751f\u7ec4\u7ec7\u516c\u5e03\u7684\u5341\u5927\u5065\u5eb7\u98df\u54c1\u548c\u5783\u573e\u98df\u54c1 \u200b\u200b\u200b","source":"\u5fae\u535a weibo.com","favorited":false,"thumbnail_pic":"http:\/\/ww4.sinaimg.cn\/thumbnail\/4a564ec1gw1dk89ctp8ixj.jpg","bmiddle_pic":"http:\/\/ww4.sinaimg.cn\/bmiddle\/4a564ec1gw1dk89ctp8ixj.jpg","original_pic":"http:\/\/ww4.sinaimg.cn\/large\/4a564ec1gw1dk89ctp8ixj.jpg","is_paid":false,"mblog_vip_type":0,"user":{"id":1247170241,"screen_name":"lao_shan","profile_image_url":"https:\/\/tva3.sinaimg.cn\/crop.0.0.180.180.180\/4a564ec1jw1e8qgp5bmzyj2050050aa8.jpg","profile_url":"https:\/\/m.weibo.cn\/u\/1247170241?uid=1247170241&luicode=10000011&lfid=1076031401527553","statuses_count":3336,"verified":false,"verified_type":220,"close_blue_v":false,"description":"\u53e4\u5178\u81ea\u7531\u4e3b\u4e49\u8005","gender":"m","mbtype":13,"urank":38,"mbrank":6,"follow_me":false,"following":false,"followers_count":1305,"follow_count":269,"cover_image_phone":"https:\/\/tva1.sinaimg.cn\/crop.0.0.640.640.640\/549d0121tw1egm1kjly3jj20hs0hsq4f.jpg","avatar_hd":"https:\/\/ww3.sinaimg.cn\/orj480\/4a564ec1jw1e8qgp5bmzyj2050050aa8.jpg","like":false,"like_me":false,"badge":{"bind_taobao":1,"unread_pool":1,"unread_pool_ext":1}},"reposts_count":73,"comments_count":20,"attitudes_count":0,"pending_approval_count":0,"isLongText":false,"visible":{"type":0,"list_id":0},"more_info_type":0,"content_auth":0,"edit_config":{"edited":false},"bid":"xjQwCwqMm","pics":[{"pid":"4a564ec1gw1dk89ctp8ixj","url":"https:\/\/ww4.sinaimg.cn\/orj360\/4a564ec1gw1dk89ctp8ixj.jpg","size":"orj360","geo":false,"large":{"size":"large","url":"https:\/\/ww4.sinaimg.cn\/large\/4a564ec1gw1dk89ctp8ixj.jpg","geo":false}}]},"reposts_count":6,"comments_count":4,"attitudes_count":0,"pending_approval_count":0,"isLongText":false,"visible":{"type":0,"list_id":0},"more_info_type":0,"content_auth":0,"edit_config":{"edited":false},"mblogtype":0,"obj_ext":"","raw_text":"\u6211\u8bf7\u4f60\u5403\u897f\u7ea2\u67ff\u7096\u4e09\u6587\u9c7c\uff0c\u83e0\u83dc\u7092\u897f\u5170\u82b1\u3002\u4e3b\u98df\u71d5\u9ea6\u7ca5\uff0c\u559d\u70b9\u7ea2\u8461\u8404\u9152\u3002\u996d\u540e\u662f\u84dd\u8393\u548c\u575a\u679c\u3002\u6700\u540e\u6765\u4e00\u676f\u5927\u849c\u6ce1\u7eff\u8336\u3002","bid":"xjQyXgMgo"},"show_type":0},{"card_type":9,"itemid":"1076031401527553_-_3347294145713276","scheme":"https:\/\/m.weibo.cn\/status\/xjQkSnYhC?mblogid=xjQkSnYhC&luicode=10000011&lfid=1076031401527553","mblog":{"created_at":"2011-08-17","id":"3347294145713276","idstr":"3347294145713276","mid":"3347294145713276","can_edit":false,"text":"\u8001\u9a6c\u6b63\u5f80\u5bb6\u91cc\u642c\u65b0\u5f69\u7535\uff0c\u4f60\u4e0a\u4f60\u7684\u697c\u4e0d\u5c31\u5b8c\u4e86\u5417\uff0c\u4f46\u4f60\u975e\u5f97\u8bf4\u4e00\u53e5\uff1a\u201c\u54fc\uff0c\u6211\u4eec\u5bb6\u4e5f\u6709\u5927\u5f69\u7535\u201d\u3002\u6709\u4eba\u8bf4\u4f60\u968f\u5730\u5410\u75f0\uff0c\u4f60\u627f\u8ba4\u4e0d\u5c31\u5b8c\u4e86\u5417\uff0c\u4f46\u4f60\u975e\u5f97\u8bf4\u4e00\u53e5\u201c\u54fc\uff0c\u8001\u9a6c\u4e5f\u968f\u5730\u5410\u75f0\u201d\u3002\u7b2c\u4e00\u4e2a\u53eb\u4e0d\u81ea\u4fe1\uff0c\u7b2c\u4e8c\u4e2a\u53eb\u4e0d\u6253\u7b97\u6539\u3002 \u200b\u200b\u200b","source":"S60\u5ba2\u6237\u7aef","favorited":false,"is_paid":false,"mblog_vip_type":0,"user":{"id":1401527553,"screen_name":"tombkeeper","profile_image_url":"https:\/\/tva2.sinaimg.cn\/crop.0.0.180.180.180\/53899d01jw8fcb9qpe7vbj2050050mx8.jpg","profile_url":"https:\/\/m.weibo.cn\/u\/1401527553?uid=1401527553&luicode=10000011&lfid=1076031401527553","statuses_count":15425,"verified":true,"verified_type":0,"verified_type_ext":1,"verified_reason":"\u77e5\u540d\u4e92\u8054\u7f51\u8d44\u8baf\u535a\u4e3b","close_blue_v":false,"description":"\u5fae\u535a\u672c\u5730\u8d44\u8baf\u535a\u4e3b\uff08\u521a\u679c\u5e03\u62c9\u67f4\u7ef4\u5c14\uff09","gender":"m","mbtype":12,"urank":48,"mbrank":6,"follow_me":false,"following":false,"followers_count":192533,"follow_count":277,"cover_image_phone":"https:\/\/tva1.sinaimg.cn\/crop.0.0.640.640.640\/549d0121tw1egm1kjly3jj20hs0hsq4f.jpg","avatar_hd":"https:\/\/ww2.sinaimg.cn\/orj480\/53899d01jw8fcb9qpe7vbj2050050mx8.jpg","like":false,"like_me":false,"badge":{"bind_taobao":1,"dzwbqlx_2016":1,"follow_whitelist_video":1,"hongbao_2018":1}},"reposts_count":12,"comments_count":4,"attitudes_count":0,"pending_approval_count":0,"isLongText":false,"visible":{"type":0,"list_id":0},"more_info_type":0,"content_auth":0,"edit_config":{"edited":false},"mblogtype":0,"bid":"xjQkSnYhC"},"show_type":0},{"card_type":9,"itemid":"1076031401527553_-_3347276735180674","scheme":"https:\/\/m.weibo.cn\/status\/xjPSNlJJg?mblogid=xjPSNlJJg&luicode=10000011&lfid=1076031401527553","mblog":{"created_at":"2011-08-17","id":"3347276735180674","idstr":"3347276735180674","mid":"3347276735180674","can_edit":false,"text":"\u201c\u9886\u9888\u90fd\u4f38\u5f97\u5f88\u957f\uff0c\u4eff\u4f5b\u8bb8\u591a\u9e2d\uff0c\u88ab\u65e0\u5f62\u7684\u624b\u634f\u4f4f\u4e86\u4f3c\u7684\uff0c\u5411\u4e0a\u63d0\u7740\u3002\u201d\u2014\u2014\u8fd9\u662f\u9c81\u8fc5\u5728\u300a\u836f\u300b\u4e2d\u5bf9\u770b\u5ba2\u4eec\u7684\u63cf\u5199\u3002\u5feb\u4e00\u767e\u5e74\u8fc7\u53bb\u4e86\uff0c\u53ef\u6709\u6539\u53d8\uff1f \/\/<a href='https:\/\/m.weibo.cn\/n\/\u8303\u8303\u4e4b\u8bf4'>@\u8303\u8303\u4e4b\u8bf4<\/a>\uff1a\u8fd9\u4e2a\u6c11\u65cf\u4e0d\u662f\u8981\u5b8c\u4e86\uff0c\u800c\u662f\u65e9\u5df2\u5b8c\u4e86\uff01\u5e94\u8be5\u6709\u4e00\u4e2a\u65b0\u7684\u5f00\u59cb\u4e86\uff01\/\/<a href='https:\/\/m.weibo.cn\/n\/LiCheney'>@LiCheney<\/a>\uff1a\u8f6c\u53d1\u5fae\u535a\u3002","source":"\u5fae\u535a weibo.com","favorited":false,"is_paid":false,"mblog_vip_type":0,"user":{"id":1401527553,"screen_name":"tombkeeper","profile_image_url":"https:\/\/tva2.sinaimg.cn\/crop.0.0.180.180.180\/53899d01jw8fcb9qpe7vbj2050050mx8.jpg","profile_url":"https:\/\/m.weibo.cn\/u\/1401527553?uid=1401527553&luicode=10000011&lfid=1076031401527553","statuses_count":15425,"verified":true,"verified_type":0,"verified_type_ext":1,"verified_reason":"\u77e5\u540d\u4e92\u8054\u7f51\u8d44\u8baf\u535a\u4e3b","close_blue_v":false,"description":"\u5fae\u535a\u672c\u5730\u8d44\u8baf\u535a\u4e3b\uff08\u521a\u679c\u5e03\u62c9\u67f4\u7ef4\u5c14\uff09","gender":"m","mbtype":12,"urank":48,"mbrank":6,"follow_me":false,"following":false,"followers_count":192533,"follow_count":277,"cover_image_phone":"https:\/\/tva1.sinaimg.cn\/crop.0.0.640.640.640\/549d0121tw1egm1kjly3jj20hs0hsq4f.jpg","avatar_hd":"https:\/\/ww2.sinaimg.cn\/orj480\/53899d01jw8fcb9qpe7vbj2050050mx8.jpg","like":false,"like_me":false,"badge":{"bind_taobao":1,"dzwbqlx_2016":1,"follow_whitelist_video":1,"hongbao_2018":1}},"pid":3347170904456884,"retweeted_status":{"created_at":"2011-08-15","id":"3346752304918711","idstr":"3346752304918711","mid":"3346752304918711","can_edit":false,"text":"\u770b\u5b8c\u8fd9\u4e2a\u89c6\u9891\uff0c\u6211\u611f\u89c9\u8fd9\u4e2a\u6c11\u65cf\u8981\u5b8c\u4e86 <a data-url=\"http:\/\/t.cn\/aY50dj\" target=\"_blank\" href=\"https:\/\/weibo.cn\/sinaurl\/blocked52550e52?url_type=1&object_type=&pos=1&luicode=10000011&lfid=1076031401527553&u=http%3A%2F%2Fv.youku.com%2Fv_show%2Fid_XNjAxNDkxNzI%3D.html%3Furl_type%3D1%26object_type%3D%26pos%3D1&ep=xjCeWkDA3%252C1827265173%252CxjCeWkDA3%252C1827265173\" class=\"\"><span class=\"url-icon\"><img src=\"http:\/\/u1.sinaimg.cn\/upload\/2014\/10\/16\/timeline_card_small_video_default.png\"><\/span><\/i><span class=\"surl-text\">\u89c6\u9891<\/a> \u200b\u200b\u200b","source":"\u4f18\u9177\u571f\u8c46","favorited":false,"is_paid":false,"mblog_vip_type":0,"user":{"id":1827265173,"screen_name":"\u65af\u66fc\u5feb\u8dd1","profile_image_url":"https:\/\/tva3.sinaimg.cn\/crop.0.0.640.640.180\/6ce9da95jw8fajvc82nkqj20hs0hs402.jpg","profile_url":"https:\/\/m.weibo.cn\/u\/1827265173?uid=1827265173&luicode=10000011&lfid=1076031401527553","statuses_count":6272,"verified":true,"verified_type":0,"verified_type_ext":0,"verified_reason":"\u5317\u6d77\u5171\u521b\u4f1f\u4e1a\u623f\u5730\u4ea7\u4ee3\u7406\u6709\u9650\u516c\u53f8 \u8425\u9500\u7b56\u5212\u603b\u76d1 \u674e\u65af\u66fc","close_blue_v":false,"description":"\u261180\u540e\u2611\u6ca1\u8f66\u2611\u6ca1\u94b1\u2611\u6ca1\u624d\u2611\u6ca1\u5bf9\u8c61\u2611\u6ca1\u76f8\u8c8c\u2611\u6ca1\u7ecf\u9a8c\u2611\u6ca1\u6210\u7ee9\u2611\u6ca1\u8eab\u4efd\u2611\u6ca1\u80cc\u666f\u2611\u6ca1\u6b7b","gender":"m","mbtype":0,"urank":33,"mbrank":0,"follow_me":false,"following":false,"followers_count":1358,"follow_count":148,"cover_image_phone":"https:\/\/tva1.sinaimg.cn\/crop.0.0.640.640.640\/a1d3feabjw1ecat4uqw77j20hs0hsacp.jpg","avatar_hd":"https:\/\/ww3.sinaimg.cn\/orj480\/6ce9da95jw8fajvc82nkqj20hs0hs402.jpg","like":false,"like_me":false,"badge":{"bind_taobao":1,"unread_pool":1,"unread_pool_ext":1,"travel_2017":1,"hongbao_2018":1,"user_name_certificate":1}},"reposts_count":27672,"comments_count":9433,"attitudes_count":1,"pending_approval_count":0,"isLongText":false,"visible":{"type":0,"list_id":0},"more_info_type":0,"content_auth":0,"edit_config":{"edited":false},"bid":"xjCeWkDA3"},"reposts_count":4,"comments_count":2,"attitudes_count":0,"pending_approval_count":0,"isLongText":false,"visible":{"type":0,"list_id":0},"more_info_type":0,"content_auth":0,"edit_config":{"edited":false},"mblogtype":0,"obj_ext":"","raw_text":"\u201c\u9886\u9888\u90fd\u4f38\u5f97\u5f88\u957f\uff0c\u4eff\u4f5b\u8bb8\u591a\u9e2d\uff0c\u88ab\u65e0\u5f62\u7684\u624b\u634f\u4f4f\u4e86\u4f3c\u7684\uff0c\u5411\u4e0a\u63d0\u7740\u3002\u201d\u2014\u2014\u8fd9\u662f\u9c81\u8fc5\u5728\u300a\u836f\u300b\u4e2d\u5bf9\u770b\u5ba2\u4eec\u7684\u63cf\u5199\u3002\u5feb\u4e00\u767e\u5e74\u8fc7\u53bb\u4e86\uff0c\u53ef\u6709\u6539\u53d8\uff1f \/\/@\u8303\u8303\u4e4b\u8bf4\uff1a\u8fd9\u4e2a\u6c11\u65cf\u4e0d\u662f\u8981\u5b8c\u4e86\uff0c\u800c\u662f\u65e9\u5df2\u5b8c\u4e86\uff01\u5e94\u8be5\u6709\u4e00\u4e2a\u65b0\u7684\u5f00\u59cb\u4e86\uff01\/\/@LiCheney\uff1a\u8f6c\u53d1\u5fae\u535a\u3002","bid":"xjPSNlJJg"},"show_type":0},{"card_type":9,"itemid":"1076031401527553_-_3347126567093270","scheme":"https:\/\/m.weibo.cn\/status\/xjLYAtLhA?mblogid=xjLYAtLhA&luicode=10000011&lfid=1076031401527553","mblog":{"created_at":"2011-08-16","id":"3347126567093270","idstr":"3347126567093270","mid":"3347126567093270","can_edit":false,"text":"\u8fd9\u662f\u6ca1\u529e\u6cd5\u7684\u4e8b\u3002\u6700\u5feb\u901f\u7684\u8ba9\u5df4\u5e03\u4e9a\u65b0\u51e0\u5185\u4e9a\u98df\u4eba\u65cf\u4e0d\u518d\u5403\u4eba\u7684\u529e\u6cd5\u662f\u8ba9\u4ed6\u4eec\u4fe1\u57fa\u7763\u6559\u3002\u800c\u4e0d\u662f\u8ba9\u4ed6\u4eec\u90fd\u641e\u4e2a\u751f\u7406\u5b66\u5b66\u4f4d\uff0c\u5f04\u660e\u767d\u4e3a\u4ec0\u4e48\u5403\u4eba\u4e0d\u80fd\u83b7\u5f97\u4ed6\u4eba\u7684\u529b\u91cf\u548c\u667a\u6167\u3002 \/\/<a href='https:\/\/m.weibo.cn\/n\/\u795d\u56fd\u946b'>@\u795d\u56fd\u946b<\/a>\uff1a\u4fe1\u5f92\u6216\u8005\u8bf4\u201cfans\u201d\u672c\u8eab\u5c31\u662f\u5bf9\u4eba\u4e0d\u5bf9\u4e8b\u7684\u6982\u5ff5\u3002","source":"\u5fae\u535a weibo.com","favorited":false,"is_paid":false,"mblog_vip_type":0,"user":{"id":1401527553,"screen_name":"tombkeeper","profile_image_url":"https:\/\/tva2.sinaimg.cn\/crop.0.0.180.180.180\/53899d01jw8fcb9qpe7vbj2050050mx8.jpg","profile_url":"https:\/\/m.weibo.cn\/u\/1401527553?uid=1401527553&luicode=10000011&lfid=1076031401527553","statuses_count":15425,"verified":true,"verified_type":0,"verified_type_ext":1,"verified_reason":"\u77e5\u540d\u4e92\u8054\u7f51\u8d44\u8baf\u535a\u4e3b","close_blue_v":false,"description":"\u5fae\u535a\u672c\u5730\u8d44\u8baf\u535a\u4e3b\uff08\u521a\u679c\u5e03\u62c9\u67f4\u7ef4\u5c14\uff09","gender":"m","mbtype":12,"urank":48,"mbrank":6,"follow_me":false,"following":false,"followers_count":192533,"follow_count":277,"cover_image_phone":"https:\/\/tva1.sinaimg.cn\/crop.0.0.640.640.640\/549d0121tw1egm1kjly3jj20hs0hsq4f.jpg","avatar_hd":"https:\/\/ww2.sinaimg.cn\/orj480\/53899d01jw8fcb9qpe7vbj2050050mx8.jpg","like":false,"like_me":false,"badge":{"bind_taobao":1,"dzwbqlx_2016":1,"follow_whitelist_video":1,"hongbao_2018":1}},"pid":3347125337524469,"retweeted_status":{"created_at":"2011-08-16","id":"3347093028981449","idstr":"3347093028981449","mid":"3347093028981449","can_edit":false,"text":"\u65e0\u8bba\u8c01\u662f\u8c01\u975e\uff0c\u7ed3\u5c40\u5982\u4f55\uff0c\u8fd9\u4e00\u573a\u4e0b\u6765\u4e4b\u540e\uff0c<a href='https:\/\/m.weibo.cn\/n\/\u65b9\u821f\u5b50'>@\u65b9\u821f\u5b50<\/a> \u548c<a href='https:\/\/m.weibo.cn\/n\/\u8d3a\u536b\u65b9'>@\u8d3a\u536b\u65b9<\/a> \u4eec\u7684\u516c\u4fe1\u529b\u90fd\u4f1a\u635f\u5931\u3002\u800c\u4ed6\u4eec\u5404\u81ea\u7684\u654c\u4eba\uff0c\u751a\u81f3\u662f\u5171\u540c\u7684\u654c\u4eba\uff0c\u5219\u662f\u6700\u5927\u7684\u53d7\u76ca\u8005\u3002\u4e00\u65b9\u9762\uff0c\u4ed6\u4eec\u7ec8\u4e8e\u5f00\u5fc3\u4e86\u3002\u53e6\u4e00\u65b9\u9762\uff0c\u90a3\u4e9b\u539f\u672c\u5c31\u6ca1\u4ec0\u4e48\u81ea\u4e3b\u5224\u65ad\u529b\u548c\u903b\u8f91\u601d\u7ef4\u7684\u65b9\u3001\u8d3a\u4fe1\u5f92\uff0c\u53ef\u80fd\u4f1a\u4ece\u6b64\u8f6c\u800c\u8ba4\u4e3a<a href='https:\/\/m.weibo.cn\/n\/\u65b9\u821f\u5b50'>@\u65b9\u821f\u5b50<\/a> \u548c<a href='https:\/\/m.weibo.cn\/n\/\u8d3a\u536b\u65b9'>@\u8d3a\u536b\u65b9<\/a> \u4eec\u6240\u5ba3\u626c\u7684\u4e00\u5207\u90fd\u662f\u9519\u8bef\u7684\u3002 \u200b\u200b\u200b","source":"\u5fae\u535a weibo.com","favorited":false,"is_paid":false,"mblog_vip_type":0,"user":{"id":1401527553,"screen_name":"tombkeeper","profile_image_url":"https:\/\/tva2.sinaimg.cn\/crop.0.0.180.180.180\/53899d01jw8fcb9qpe7vbj2050050mx8.jpg","profile_url":"https:\/\/m.weibo.cn\/u\/1401527553?uid=1401527553&luicode=10000011&lfid=1076031401527553","statuses_count":15425,"verified":true,"verified_type":0,"verified_type_ext":1,"verified_reason":"\u77e5\u540d\u4e92\u8054\u7f51\u8d44\u8baf\u535a\u4e3b","close_blue_v":false,"description":"\u5fae\u535a\u672c\u5730\u8d44\u8baf\u535a\u4e3b\uff08\u521a\u679c\u5e03\u62c9\u67f4\u7ef4\u5c14\uff09","gender":"m","mbtype":12,"urank":48,"mbrank":6,"follow_me":false,"following":false,"followers_count":192533,"follow_count":277,"cover_image_phone":"https:\/\/tva1.sinaimg.cn\/crop.0.0.640.640.640\/549d0121tw1egm1kjly3jj20hs0hsq4f.jpg","avatar_hd":"https:\/\/ww2.sinaimg.cn\/orj480\/53899d01jw8fcb9qpe7vbj2050050mx8.jpg","like":false,"like_me":false,"badge":{"bind_taobao":1,"dzwbqlx_2016":1,"follow_whitelist_video":1,"hongbao_2018":1}},"reposts_count":10,"comments_count":9,"attitudes_count":1,"pending_approval_count":0,"isLongText":false,"visible":{"type":0,"list_id":0},"more_info_type":0,"content_auth":0,"edit_config":{"edited":false},"bid":"xjL6uBGu5"},"reposts_count":0,"comments_count":4,"attitudes_count":0,"pending_approval_count":0,"isLongText":false,"visible":{"type":0,"list_id":0},"more_info_type":0,"content_auth":0,"edit_config":{"edited":false},"mblogtype":0,"obj_ext":"","raw_text":"\u8fd9\u662f\u6ca1\u529e\u6cd5\u7684\u4e8b\u3002\u6700\u5feb\u901f\u7684\u8ba9\u5df4\u5e03\u4e9a\u65b0\u51e0\u5185\u4e9a\u98df\u4eba\u65cf\u4e0d\u518d\u5403\u4eba\u7684\u529e\u6cd5\u662f\u8ba9\u4ed6\u4eec\u4fe1\u57fa\u7763\u6559\u3002\u800c\u4e0d\u662f\u8ba9\u4ed6\u4eec\u90fd\u641e\u4e2a\u751f\u7406\u5b66\u5b66\u4f4d\uff0c\u5f04\u660e\u767d\u4e3a\u4ec0\u4e48\u5403\u4eba\u4e0d\u80fd\u83b7\u5f97\u4ed6\u4eba\u7684\u529b\u91cf\u548c\u667a\u6167\u3002 \/\/@\u795d\u56fd\u946b\uff1a\u4fe1\u5f92\u6216\u8005\u8bf4\u201cfans\u201d\u672c\u8eab\u5c31\u662f\u5bf9\u4eba\u4e0d\u5bf9\u4e8b\u7684\u6982\u5ff5\u3002","bid":"xjLYAtLhA"},"show_type":0},{"card_type":9,"itemid":"1076031401527553_-_3347120720156999","scheme":"https:\/\/m.weibo.cn\/status\/xjLPa0EQf?mblogid=xjLPa0EQf&luicode=10000011&lfid=1076031401527553","mblog":{"created_at":"2011-08-16","id":"3347120720156999","idstr":"3347120720156999","mid":"3347120720156999","can_edit":false,"text":"\u4e0a\u6b21\u5ba2\u6237\u95ee\u80fd\u5426\u641e\u4e2a\u5927\u578b\u57f9\u8bad\uff0c\u628a\u4ed6\u4eec\u7684\u6280\u672f\u4eba\u5458\u8bad\u7ec3\u6210\u72ec\u5f53\u4e00\u9762\u7684\u725b\u4eba\u3002\u6211\u8ddf\u4ed6\u8bf4\uff0c\u201c\u72ec\u5f53\u4e00\u9762\u7684\u725b\u4eba\u201d\u8fd9\u79cd\u4e1c\u897f\uff0c\u53ea\u80fd\u9009\u62d4\uff0c\u65e0\u6cd5\u57f9\u8bad\u3002 \/\/<a href='https:\/\/m.weibo.cn\/n\/lao_shan'>@lao_shan<\/a>\uff1a\u5bf9\u4e8e\u57f9\u8bad\u6765\u8bf4\uff0c\u4ea6\u662f\u5982\u6b64\u3002","source":"\u5fae\u535a weibo.com","favorited":false,"is_paid":false,"mblog_vip_type":0,"user":{"id":1401527553,"screen_name":"tombkeeper","profile_image_url":"https:\/\/tva2.sinaimg.cn\/crop.0.0.180.180.180\/53899d01jw8fcb9qpe7vbj2050050mx8.jpg","profile_url":"https:\/\/m.weibo.cn\/u\/1401527553?uid=1401527553&luicode=10000011&lfid=1076031401527553","statuses_count":15425,"verified":true,"verified_type":0,"verified_type_ext":1,"verified_reason":"\u77e5\u540d\u4e92\u8054\u7f51\u8d44\u8baf\u535a\u4e3b","close_blue_v":false,"description":"\u5fae\u535a\u672c\u5730\u8d44\u8baf\u535a\u4e3b\uff08\u521a\u679c\u5e03\u62c9\u67f4\u7ef4\u5c14\uff09","gender":"m","mbtype":12,"urank":48,"mbrank":6,"follow_me":false,"following":false,"followers_count":192533,"follow_count":277,"cover_image_phone":"https:\/\/tva1.sinaimg.cn\/crop.0.0.640.640.640\/549d0121tw1egm1kjly3jj20hs0hsq4f.jpg","avatar_hd":"https:\/\/ww2.sinaimg.cn\/orj480\/53899d01jw8fcb9qpe7vbj2050050mx8.jpg","like":false,"like_me":false,"badge":{"bind_taobao":1,"dzwbqlx_2016":1,"follow_whitelist_video":1,"hongbao_2018":1}},"pid":3347116758053811,"retweeted_status":{"created_at":"2011-08-16","id":"3347091146315561","idstr":"3347091146315561","mid":"3347091146315561","can_edit":false,"text":"\u201c\u6559\u80b2\u662f\u4ee4\u4eba\u7fa1\u6155\u7684\u4e1c\u897f\uff0c\u4f46\u662f\u8981\u4e0d\u65f6\u5730\u8bb0\u4f4f\uff1a\u51e1\u662f\u503c\u5f97\u77e5\u9053\u7684\uff0c\u6ca1\u6709\u4e00\u4e2a\u662f\u80fd\u591f\u6559\u4f1a\u7684\u3002\u201d \u2014\u2014\u5965\u65af\u5361\u2022\u738b\u5c14\u5fb7\uff08Oscar Wilder\uff09. \u4ece07\u5e74\u5f00\u59cb\uff0c\u6211\u603b\u628a\u8fd9\u53e5\u653e\u5728\u6211\u7684\u8bfe\u7a0b\u5927\u7eb2\u91cc\u3002 \u8fd9\u53e5\u8bdd\u4e5f\u662f\u5b69\u5b50\u4eec\u544a\u8bc9\u6211\u7684\uff0c \u6211\u89c9\u5f97\u975e\u5e38\u6709\u9053\u7406\u3002 \u200b\u200b\u200b","source":"\u5fae\u535a weibo.com","favorited":false,"is_paid":false,"mblog_vip_type":0,"user":{"id":2119317653,"screen_name":"\u4f55\u4f73_","profile_image_url":"https:\/\/tva3.sinaimg.cn\/crop.0.0.180.180.180\/7e523895jw1e8qgp5bmzyj2050050aa8.jpg","profile_url":"https:\/\/m.weibo.cn\/u\/2119317653?uid=2119317653&luicode=10000011&lfid=1076031401527553","statuses_count":1455,"verified":true,"verified_type":0,"verified_type_ext":0,"verified_reason":"\u9999\u6e2f\u4e2d\u6587\u5927\u5b66\u4e2d\u56fd\u91d1\u878d\u53d1\u5c55\u4e0e\u6539\u9769\u7814\u7a76\u4e2d\u5fc3\u4e3b\u4efb\u4f55\u4f73","close_blue_v":false,"description":"\u6e2f\u4e2d\u5927\u6559\u6388\uff0c\u6559\u80b2\u90e8\u957f\u6c5f\u5b66\u8005\u8bb2\u5ea7\u6559\u6388\uff0c\u535a\u5bfc\uff08\u6e05\u534e\uff0c\u4e0a\u4ea4\u5927\uff0c\u5ddd\u5927\uff09\uff0c\u4f46\u7ea2\u536b\u5175\uff0c\u5317\u5927\u8352\u77e5\u9752\uff0c\u5de5\u519c\u5175\u5b66\u5458\uff0c\u7559\u7f8e\u8001\u6d77\u5f52\uff0c\u6df1\u4ea4\u6240\u8bc1\u76d1\u4f1a\u7684\u7ecf\u5386\u5bf9\u6211\u5f71\u54cd\u6df1\u8fdc","gender":"m","mbtype":0,"urank":20,"mbrank":0,"follow_me":false,"following":false,"followers_count":43618,"follow_count":638,"cover_image_phone":"https:\/\/tva1.sinaimg.cn\/crop.0.0.640.640.640\/549d0121tw1egm1kjly3jj20hs0hsq4f.jpg","avatar_hd":"https:\/\/ww3.sinaimg.cn\/orj480\/7e523895jw1e8qgp5bmzyj2050050aa8.jpg","like":false,"like_me":false,"badge":{"unread_pool":1,"unread_pool_ext":1}},"reposts_count":71,"comments_count":15,"attitudes_count":0,"pending_approval_count":0,"isLongText":false,"visible":{"type":0,"list_id":0},"more_info_type":0,"content_auth":0,"edit_config":{"edited":false},"bid":"xjL3squXT"},"reposts_count":9,"comments_count":1,"attitudes_count":1,"pending_approval_count":0,"isLongText":false,"visible":{"type":0,"list_id":0},"more_info_type":0,"content_auth":0,"edit_config":{"edited":false},"mblogtype":0,"obj_ext":"","raw_text":"\u4e0a\u6b21\u5ba2\u6237\u95ee\u80fd\u5426\u641e\u4e2a\u5927\u578b\u57f9\u8bad\uff0c\u628a\u4ed6\u4eec\u7684\u6280\u672f\u4eba\u5458\u8bad\u7ec3\u6210\u72ec\u5f53\u4e00\u9762\u7684\u725b\u4eba\u3002\u6211\u8ddf\u4ed6\u8bf4\uff0c\u201c\u72ec\u5f53\u4e00\u9762\u7684\u725b\u4eba\u201d\u8fd9\u79cd\u4e1c\u897f\uff0c\u53ea\u80fd\u9009\u62d4\uff0c\u65e0\u6cd5\u57f9\u8bad\u3002 \/\/@lao_shan\uff1a\u5bf9\u4e8e\u57f9\u8bad\u6765\u8bf4\uff0c\u4ea6\u662f\u5982\u6b64\u3002","bid":"xjLPa0EQf"},"show_type":0},{"card_type":9,"itemid":"1076031401527553_-_3347119519833130","scheme":"https:\/\/m.weibo.cn\/status\/xjLNdFg2S?mblogid=xjLNdFg2S&luicode=10000011&lfid=1076031401527553","mblog":{"created_at":"2011-08-16","id":"3347119519833130","idstr":"3347119519833130","mid":"3347119519833130","can_edit":false,"text":"\u56de\u590d<a href='https:\/\/m.weibo.cn\/n\/3dnow'>@3dnow<\/a>: \u4eba\u505a\u4e8b\u7684\u52a8\u673a\uff0c\u540d\u4e5f\u597d\uff0c\u5229\u4e5f\u597d\uff0c\u975e\u540d\u975e\u5229\u4e5f\u597d\uff0c\u672c\u8d28\u90fd\u662f\u4e3a\u4e86\u76f4\u63a5\u6216\u8005\u95f4\u63a5\u83b7\u53d6\u826f\u6027\u7684\u4f53\u9a8c\u3002\u4ee5\u4ed6\u7684\u6267\u8457\uff0c\u5fc5\u7136\u6709\u5de8\u5927\u826f\u6027\u4f53\u9a8c\u5728\u9a71\u52a8\uff0c\u4f46\u662f\uff0c\u4e0d\u5faa\u52a8\u673a\u6765\u5bf9\u884c\u4e3a\u672c\u8eab\u8fdb\u884c\u5224\u65ad\uff0c\u662f\u8d70\u5411\u5ba2\u89c2\u7684\u7b2c\u4e00\u6b65\u3002 \/\/<a href='https:\/\/m.weibo.cn\/n\/3dnow'>@3dnow<\/a>:\u65b9\u7684\u76ee\u7684\u662f\u4e3a\u4e86\u63d0\u9ad8\u81ea\u5df1\u7684\u516c\u4fe1\u529b\u53c8\u6216\u8005\u662f\u4e3a\u4e86\u8ba9\u4fe1\u5f92\u4eec\u76f8\u4fe1\u5417\uff1f\u4e0d\uff0c\u4ed6\u53ea\u662f\u6c89\u8ff7\u4e8e\u6b64\u800c\u5df2","source":"\u5fae\u535a weibo.com","favorited":false,"is_paid":false,"mblog_vip_type":0,"user":{"id":1401527553,"screen_name":"tombkeeper","profile_image_url":"https:\/\/tva2.sinaimg.cn\/crop.0.0.180.180.180\/53899d01jw8fcb9qpe7vbj2050050mx8.jpg","profile_url":"https:\/\/m.weibo.cn\/u\/1401527553?uid=1401527553&luicode=10000011&lfid=1076031401527553","statuses_count":15425,"verified":true,"verified_type":0,"verified_type_ext":1,"verified_reason":"\u77e5\u540d\u4e92\u8054\u7f51\u8d44\u8baf\u535a\u4e3b","close_blue_v":false,"description":"\u5fae\u535a\u672c\u5730\u8d44\u8baf\u535a\u4e3b\uff08\u521a\u679c\u5e03\u62c9\u67f4\u7ef4\u5c14\uff09","gender":"m","mbtype":12,"urank":48,"mbrank":6,"follow_me":false,"following":false,"followers_count":192533,"follow_count":277,"cover_image_phone":"https:\/\/tva1.sinaimg.cn\/crop.0.0.640.640.640\/549d0121tw1egm1kjly3jj20hs0hsq4f.jpg","avatar_hd":"https:\/\/ww2.sinaimg.cn\/orj480\/53899d01jw8fcb9qpe7vbj2050050mx8.jpg","like":false,"like_me":false,"badge":{"bind_taobao":1,"dzwbqlx_2016":1,"follow_whitelist_video":1,"hongbao_2018":1}},"retweeted_status":{"created_at":"2011-08-16","id":"3347093028981449","idstr":"3347093028981449","mid":"3347093028981449","can_edit":false,"text":"\u65e0\u8bba\u8c01\u662f\u8c01\u975e\uff0c\u7ed3\u5c40\u5982\u4f55\uff0c\u8fd9\u4e00\u573a\u4e0b\u6765\u4e4b\u540e\uff0c<a href='https:\/\/m.weibo.cn\/n\/\u65b9\u821f\u5b50'>@\u65b9\u821f\u5b50<\/a> \u548c<a href='https:\/\/m.weibo.cn\/n\/\u8d3a\u536b\u65b9'>@\u8d3a\u536b\u65b9<\/a> \u4eec\u7684\u516c\u4fe1\u529b\u90fd\u4f1a\u635f\u5931\u3002\u800c\u4ed6\u4eec\u5404\u81ea\u7684\u654c\u4eba\uff0c\u751a\u81f3\u662f\u5171\u540c\u7684\u654c\u4eba\uff0c\u5219\u662f\u6700\u5927\u7684\u53d7\u76ca\u8005\u3002\u4e00\u65b9\u9762\uff0c\u4ed6\u4eec\u7ec8\u4e8e\u5f00\u5fc3\u4e86\u3002\u53e6\u4e00\u65b9\u9762\uff0c\u90a3\u4e9b\u539f\u672c\u5c31\u6ca1\u4ec0\u4e48\u81ea\u4e3b\u5224\u65ad\u529b\u548c\u903b\u8f91\u601d\u7ef4\u7684\u65b9\u3001\u8d3a\u4fe1\u5f92\uff0c\u53ef\u80fd\u4f1a\u4ece\u6b64\u8f6c\u800c\u8ba4\u4e3a<a href='https:\/\/m.weibo.cn\/n\/\u65b9\u821f\u5b50'>@\u65b9\u821f\u5b50<\/a> \u548c<a href='https:\/\/m.weibo.cn\/n\/\u8d3a\u536b\u65b9'>@\u8d3a\u536b\u65b9<\/a> \u4eec\u6240\u5ba3\u626c\u7684\u4e00\u5207\u90fd\u662f\u9519\u8bef\u7684\u3002 \u200b\u200b\u200b","source":"\u5fae\u535a weibo.com","favorited":false,"is_paid":false,"mblog_vip_type":0,"user":{"id":1401527553,"screen_name":"tombkeeper","profile_image_url":"https:\/\/tva2.sinaimg.cn\/crop.0.0.180.180.180\/53899d01jw8fcb9qpe7vbj2050050mx8.jpg","profile_url":"https:\/\/m.weibo.cn\/u\/1401527553?uid=1401527553&luicode=10000011&lfid=1076031401527553","statuses_count":15425,"verified":true,"verified_type":0,"verified_type_ext":1,"verified_reason":"\u77e5\u540d\u4e92\u8054\u7f51\u8d44\u8baf\u535a\u4e3b","close_blue_v":false,"description":"\u5fae\u535a\u672c\u5730\u8d44\u8baf\u535a\u4e3b\uff08\u521a\u679c\u5e03\u62c9\u67f4\u7ef4\u5c14\uff09","gender":"m","mbtype":12,"urank":48,"mbrank":6,"follow_me":false,"following":false,"followers_count":192533,"follow_count":277,"cover_image_phone":"https:\/\/tva1.sinaimg.cn\/crop.0.0.640.640.640\/549d0121tw1egm1kjly3jj20hs0hsq4f.jpg","avatar_hd":"https:\/\/ww2.sinaimg.cn\/orj480\/53899d01jw8fcb9qpe7vbj2050050mx8.jpg","like":false,"like_me":false,"badge":{"bind_taobao":1,"dzwbqlx_2016":1,"follow_whitelist_video":1,"hongbao_2018":1}},"reposts_count":10,"comments_count":9,"attitudes_count":1,"pending_approval_count":0,"isLongText":false,"visible":{"type":0,"list_id":0},"more_info_type":0,"content_auth":0,"edit_config":{"edited":false},"bid":"xjL6uBGu5"},"reposts_count":0,"comments_count":0,"attitudes_count":0,"pending_approval_count":0,"isLongText":false,"visible":{"type":0,"list_id":0},"more_info_type":0,"content_auth":0,"edit_config":{"edited":false},"mblogtype":0,"obj_ext":"","raw_text":"\u56de\u590d@3dnow: \u4eba\u505a\u4e8b\u7684\u52a8\u673a\uff0c\u540d\u4e5f\u597d\uff0c\u5229\u4e5f\u597d\uff0c\u975e\u540d\u975e\u5229\u4e5f\u597d\uff0c\u672c\u8d28\u90fd\u662f\u4e3a\u4e86\u76f4\u63a5\u6216\u8005\u95f4\u63a5\u83b7\u53d6\u826f\u6027\u7684\u4f53\u9a8c\u3002\u4ee5\u4ed6\u7684\u6267\u8457\uff0c\u5fc5\u7136\u6709\u5de8\u5927\u826f\u6027\u4f53\u9a8c\u5728\u9a71\u52a8\uff0c\u4f46\u662f\uff0c\u4e0d\u5faa\u52a8\u673a\u6765\u5bf9\u884c\u4e3a\u672c\u8eab\u8fdb\u884c\u5224\u65ad\uff0c\u662f\u8d70\u5411\u5ba2\u89c2\u7684\u7b2c\u4e00\u6b65\u3002 \/\/@3dnow:\u65b9\u7684\u76ee\u7684\u662f\u4e3a\u4e86\u63d0\u9ad8\u81ea\u5df1\u7684\u516c\u4fe1\u529b\u53c8\u6216\u8005\u662f\u4e3a\u4e86\u8ba9\u4fe1\u5f92\u4eec\u76f8\u4fe1\u5417\uff1f\u4e0d\uff0c\u4ed6\u53ea\u662f\u6c89\u8ff7\u4e8e\u6b64\u800c\u5df2","bid":"xjLNdFg2S"},"show_type":0},{"card_type":9,"itemid":"1076031401527553_-_3347094723154320","scheme":"https:\/\/m.weibo.cn\/status\/xjL9edeA8?mblogid=xjL9edeA8&luicode=10000011&lfid=1076031401527553","mblog":{"created_at":"2011-08-16","id":"3347094723154320","idstr":"3347094723154320","mid":"3347094723154320","can_edit":false,"text":"\u6211\u4e00\u76f4\u6709\u8fd9\u4e48\u4e2a\u9634\u8c0b\u8bba\u7684\u731c\u60f3\uff1a\u662f\u4e0d\u662f\u6709\u4eba\u4f1a\u64cd\u7eb5\u51e0\u4e2a\u8c8c\u4f3c\u5fe0\u5b9eFans\u7684ID\u7ecf\u5e38\u7ed9<a href='https:\/\/m.weibo.cn\/n\/\u65b9\u821f\u5b50'>@\u65b9\u821f\u5b50<\/a> \u53d1\u4e00\u4e9b\u6311\u5506\u7684\u79c1\u4fe1\uff1f","source":"\u5fae\u535a weibo.com","favorited":false,"is_paid":false,"mblog_vip_type":0,"user":{"id":1401527553,"screen_name":"tombkeeper","profile_image_url":"https:\/\/tva2.sinaimg.cn\/crop.0.0.180.180.180\/53899d01jw8fcb9qpe7vbj2050050mx8.jpg","profile_url":"https:\/\/m.weibo.cn\/u\/1401527553?uid=1401527553&luicode=10000011&lfid=1076031401527553","statuses_count":15425,"verified":true,"verified_type":0,"verified_type_ext":1,"verified_reason":"\u77e5\u540d\u4e92\u8054\u7f51\u8d44\u8baf\u535a\u4e3b","close_blue_v":false,"description":"\u5fae\u535a\u672c\u5730\u8d44\u8baf\u535a\u4e3b\uff08\u521a\u679c\u5e03\u62c9\u67f4\u7ef4\u5c14\uff09","gender":"m","mbtype":12,"urank":48,"mbrank":6,"follow_me":false,"following":false,"followers_count":192533,"follow_count":277,"cover_image_phone":"https:\/\/tva1.sinaimg.cn\/crop.0.0.640.640.640\/549d0121tw1egm1kjly3jj20hs0hsq4f.jpg","avatar_hd":"https:\/\/ww2.sinaimg.cn\/orj480\/53899d01jw8fcb9qpe7vbj2050050mx8.jpg","like":false,"like_me":false,"badge":{"bind_taobao":1,"dzwbqlx_2016":1,"follow_whitelist_video":1,"hongbao_2018":1}},"retweeted_status":{"created_at":"2011-08-16","id":"3347093028981449","idstr":"3347093028981449","mid":"3347093028981449","can_edit":false,"text":"\u65e0\u8bba\u8c01\u662f\u8c01\u975e\uff0c\u7ed3\u5c40\u5982\u4f55\uff0c\u8fd9\u4e00\u573a\u4e0b\u6765\u4e4b\u540e\uff0c<a href='https:\/\/m.weibo.cn\/n\/\u65b9\u821f\u5b50'>@\u65b9\u821f\u5b50<\/a> \u548c<a href='https:\/\/m.weibo.cn\/n\/\u8d3a\u536b\u65b9'>@\u8d3a\u536b\u65b9<\/a> \u4eec\u7684\u516c\u4fe1\u529b\u90fd\u4f1a\u635f\u5931\u3002\u800c\u4ed6\u4eec\u5404\u81ea\u7684\u654c\u4eba\uff0c\u751a\u81f3\u662f\u5171\u540c\u7684\u654c\u4eba\uff0c\u5219\u662f\u6700\u5927\u7684\u53d7\u76ca\u8005\u3002\u4e00\u65b9\u9762\uff0c\u4ed6\u4eec\u7ec8\u4e8e\u5f00\u5fc3\u4e86\u3002\u53e6\u4e00\u65b9\u9762\uff0c\u90a3\u4e9b\u539f\u672c\u5c31\u6ca1\u4ec0\u4e48\u81ea\u4e3b\u5224\u65ad\u529b\u548c\u903b\u8f91\u601d\u7ef4\u7684\u65b9\u3001\u8d3a\u4fe1\u5f92\uff0c\u53ef\u80fd\u4f1a\u4ece\u6b64\u8f6c\u800c\u8ba4\u4e3a<a href='https:\/\/m.weibo.cn\/n\/\u65b9\u821f\u5b50'>@\u65b9\u821f\u5b50<\/a> \u548c<a href='https:\/\/m.weibo.cn\/n\/\u8d3a\u536b\u65b9'>@\u8d3a\u536b\u65b9<\/a> \u4eec\u6240\u5ba3\u626c\u7684\u4e00\u5207\u90fd\u662f\u9519\u8bef\u7684\u3002 \u200b\u200b\u200b","source":"\u5fae\u535a weibo.com","favorited":false,"is_paid":false,"mblog_vip_type":0,"user":{"id":1401527553,"screen_name":"tombkeeper","profile_image_url":"https:\/\/tva2.sinaimg.cn\/crop.0.0.180.180.180\/53899d01jw8fcb9qpe7vbj2050050mx8.jpg","profile_url":"https:\/\/m.weibo.cn\/u\/1401527553?uid=1401527553&luicode=10000011&lfid=1076031401527553","statuses_count":15425,"verified":true,"verified_type":0,"verified_type_ext":1,"verified_reason":"\u77e5\u540d\u4e92\u8054\u7f51\u8d44\u8baf\u535a\u4e3b","close_blue_v":false,"description":"\u5fae\u535a\u672c\u5730\u8d44\u8baf\u535a\u4e3b\uff08\u521a\u679c\u5e03\u62c9\u67f4\u7ef4\u5c14\uff09","gender":"m","mbtype":12,"urank":48,"mbrank":6,"follow_me":false,"following":false,"followers_count":192533,"follow_count":277,"cover_image_phone":"https:\/\/tva1.sinaimg.cn\/crop.0.0.640.640.640\/549d0121tw1egm1kjly3jj20hs0hsq4f.jpg","avatar_hd":"https:\/\/ww2.sinaimg.cn\/orj480\/53899d01jw8fcb9qpe7vbj2050050mx8.jpg","like":false,"like_me":false,"badge":{"bind_taobao":1,"dzwbqlx_2016":1,"follow_whitelist_video":1,"hongbao_2018":1}},"reposts_count":10,"comments_count":9,"attitudes_count":1,"pending_approval_count":0,"isLongText":false,"visible":{"type":0,"list_id":0},"more_info_type":0,"content_auth":0,"edit_config":{"edited":false},"bid":"xjL6uBGu5"},"reposts_count":2,"comments_count":3,"attitudes_count":0,"pending_approval_count":0,"isLongText":false,"visible":{"type":0,"list_id":0},"more_info_type":0,"content_auth":0,"edit_config":{"edited":false},"mblogtype":0,"obj_ext":"","raw_text":"\u6211\u4e00\u76f4\u6709\u8fd9\u4e48\u4e2a\u9634\u8c0b\u8bba\u7684\u731c\u60f3\uff1a\u662f\u4e0d\u662f\u6709\u4eba\u4f1a\u64cd\u7eb5\u51e0\u4e2a\u8c8c\u4f3c\u5fe0\u5b9eFans\u7684ID\u7ecf\u5e38\u7ed9@\u65b9\u821f\u5b50 \u53d1\u4e00\u4e9b\u6311\u5506\u7684\u79c1\u4fe1\uff1f","bid":"xjL9edeA8"},"show_type":0},{"card_type":9,"itemid":"1076031401527553_-_3347093028981449","scheme":"https:\/\/m.weibo.cn\/status\/xjL6uBGu5?mblogid=xjL6uBGu5&luicode=10000011&lfid=1076031401527553","mblog":{"created_at":"2011-08-16","id":"3347093028981449","idstr":"3347093028981449","mid":"3347093028981449","can_edit":false,"text":"\u65e0\u8bba\u8c01\u662f\u8c01\u975e\uff0c\u7ed3\u5c40\u5982\u4f55\uff0c\u8fd9\u4e00\u573a\u4e0b\u6765\u4e4b\u540e\uff0c<a href='https:\/\/m.weibo.cn\/n\/\u65b9\u821f\u5b50'>@\u65b9\u821f\u5b50<\/a> \u548c<a href='https:\/\/m.weibo.cn\/n\/\u8d3a\u536b\u65b9'>@\u8d3a\u536b\u65b9<\/a> \u4eec\u7684\u516c\u4fe1\u529b\u90fd\u4f1a\u635f\u5931\u3002\u800c\u4ed6\u4eec\u5404\u81ea\u7684\u654c\u4eba\uff0c\u751a\u81f3\u662f\u5171\u540c\u7684\u654c\u4eba\uff0c\u5219\u662f\u6700\u5927\u7684\u53d7\u76ca\u8005\u3002\u4e00\u65b9\u9762\uff0c\u4ed6\u4eec\u7ec8\u4e8e\u5f00\u5fc3\u4e86\u3002\u53e6\u4e00\u65b9\u9762\uff0c\u90a3\u4e9b\u539f\u672c\u5c31\u6ca1\u4ec0\u4e48\u81ea\u4e3b\u5224\u65ad\u529b\u548c\u903b\u8f91\u601d\u7ef4\u7684\u65b9\u3001\u8d3a\u4fe1\u5f92\uff0c\u53ef\u80fd\u4f1a\u4ece\u6b64\u8f6c\u800c\u8ba4\u4e3a<a href='https:\/\/m.weibo.cn\/n\/\u65b9\u821f\u5b50'>@\u65b9\u821f\u5b50<\/a> \u548c<a href='https:\/\/m.weibo.cn\/n\/\u8d3a\u536b\u65b9'>@\u8d3a\u536b\u65b9<\/a> \u4eec\u6240\u5ba3\u626c\u7684\u4e00\u5207\u90fd\u662f\u9519\u8bef\u7684\u3002 \u200b\u200b\u200b","source":"\u5fae\u535a weibo.com","favorited":false,"is_paid":false,"mblog_vip_type":0,"user":{"id":1401527553,"screen_name":"tombkeeper","profile_image_url":"https:\/\/tva2.sinaimg.cn\/crop.0.0.180.180.180\/53899d01jw8fcb9qpe7vbj2050050mx8.jpg","profile_url":"https:\/\/m.weibo.cn\/u\/1401527553?uid=1401527553&luicode=10000011&lfid=1076031401527553","statuses_count":15425,"verified":true,"verified_type":0,"verified_type_ext":1,"verified_reason":"\u77e5\u540d\u4e92\u8054\u7f51\u8d44\u8baf\u535a\u4e3b","close_blue_v":false,"description":"\u5fae\u535a\u672c\u5730\u8d44\u8baf\u535a\u4e3b\uff08\u521a\u679c\u5e03\u62c9\u67f4\u7ef4\u5c14\uff09","gender":"m","mbtype":12,"urank":48,"mbrank":6,"follow_me":false,"following":false,"followers_count":192533,"follow_count":277,"cover_image_phone":"https:\/\/tva1.sinaimg.cn\/crop.0.0.640.640.640\/549d0121tw1egm1kjly3jj20hs0hsq4f.jpg","avatar_hd":"https:\/\/ww2.sinaimg.cn\/orj480\/53899d01jw8fcb9qpe7vbj2050050mx8.jpg","like":false,"like_me":false,"badge":{"bind_taobao":1,"dzwbqlx_2016":1,"follow_whitelist_video":1,"hongbao_2018":1}},"reposts_count":10,"comments_count":9,"attitudes_count":1,"pending_approval_count":0,"isLongText":false,"visible":{"type":0,"list_id":0},"more_info_type":0,"content_auth":0,"edit_config":{"edited":false},"mblogtype":0,"bid":"xjL6uBGu5"},"show_type":0},{"card_type":9,"itemid":"1076031401527553_-_3347019817472055","scheme":"https:\/\/m.weibo.cn\/status\/xjJcpvlP1?mblogid=xjJcpvlP1&luicode=10000011&lfid=1076031401527553","mblog":{"created_at":"2011-08-16","id":"3347019817472055","idstr":"3347019817472055","mid":"3347019817472055","can_edit":false,"text":"\u7f8e\u56fd\u6ca1\u6709\u54b1\u4eec\u53d1\u7968\u7684\u6982\u5ff5\u3002\u6709\u4e9b\u5730\u65b9\u7ed9\u53d1\u7968\uff0c\u4e5f\u5c31\u662f\u5f20A4\u7eb8\uff0c\u62ff\u6253\u5370\u673a\u6253\u51e0\u4e2a\u5b57\u3002\u51fa\u79df\u8f66\u7ed9\u7684\u7968\uff0c\u5c31\u662f\u5f20\u7a7a\u767d\u5c0f\u5361\u7247\uff0c\u91d1\u989d\u81ea\u5df1\u5199\u3002DEFCON\u7f34\u8d39\u7684\u65f6\u5019\uff0c\u95ee\u4ed6\u4eec\u6709\u6ca1\u6709\u53d1\u7968\u3002\u4ed6\u4eec\u8bf4\u7f51\u7ad9\u4e0a\u6709PDF\uff0c\u81ea\u5df1\u6253\u5370\u53bb\u3002\u4e8e\u662f\u6211\u4eec\u56de\u6765\u5c31\u4e0b\u8f7d\u6253\u5370\u4e86\uff0c\u7ed3\u679c\u53d1\u73b0\u662f\u8fd9\u4e48\u4e2a\u4e1c\u897f\u3002\u4e3a\u4e86\u7167\u987e\u5ba1\u8ba1\u516c\u53f8\u7684\u60c5\u7eea\uff0c\u770b\u6765\u53ea\u80fd\u627e\u522b\u7684\u53d1\u7968\u9876\u4e86\u3002 \u200b\u200b\u200b","source":"\u5fae\u535a weibo.com","favorited":false,"thumbnail_pic":"http:\/\/ww1.sinaimg.cn\/thumbnail\/53899d01gw1dk7cqjzrb8g.gif","bmiddle_pic":"http:\/\/ww1.sinaimg.cn\/bmiddle\/53899d01gw1dk7cqjzrb8g.gif","original_pic":"http:\/\/ww1.sinaimg.cn\/large\/53899d01gw1dk7cqjzrb8g.gif","is_paid":false,"mblog_vip_type":0,"user":{"id":1401527553,"screen_name":"tombkeeper","profile_image_url":"https:\/\/tva2.sinaimg.cn\/crop.0.0.180.180.180\/53899d01jw8fcb9qpe7vbj2050050mx8.jpg","profile_url":"https:\/\/m.weibo.cn\/u\/1401527553?uid=1401527553&luicode=10000011&lfid=1076031401527553","statuses_count":15425,"verified":true,"verified_type":0,"verified_type_ext":1,"verified_reason":"\u77e5\u540d\u4e92\u8054\u7f51\u8d44\u8baf\u535a\u4e3b","close_blue_v":false,"description":"\u5fae\u535a\u672c\u5730\u8d44\u8baf\u535a\u4e3b\uff08\u521a\u679c\u5e03\u62c9\u67f4\u7ef4\u5c14\uff09","gender":"m","mbtype":12,"urank":48,"mbrank":6,"follow_me":false,"following":false,"followers_count":192533,"follow_count":277,"cover_image_phone":"https:\/\/tva1.sinaimg.cn\/crop.0.0.640.640.640\/549d0121tw1egm1kjly3jj20hs0hsq4f.jpg","avatar_hd":"https:\/\/ww2.sinaimg.cn\/orj480\/53899d01jw8fcb9qpe7vbj2050050mx8.jpg","like":false,"like_me":false,"badge":{"bind_taobao":1,"dzwbqlx_2016":1,"follow_whitelist_video":1,"hongbao_2018":1}},"reposts_count":9,"comments_count":7,"attitudes_count":1,"pending_approval_count":0,"isLongText":false,"visible":{"type":0,"list_id":0},"more_info_type":0,"content_auth":0,"edit_config":{"edited":false},"mblogtype":0,"bid":"xjJcpvlP1","pics":[{"pid":"53899d01gw1dk7cqjzrb8g","url":"https:\/\/ww1.sinaimg.cn\/orj360\/53899d01gw1dk7cqjzrb8g.gif","size":"orj360","geo":false,"large":{"size":"large","url":"https:\/\/ww1.sinaimg.cn\/large\/53899d01gw1dk7cqjzrb8g.gif","geo":false}}]},"show_type":0}],"showAppTips":0,"scheme":"sinaweibo:\/\/cardlist?containerid=1076031401527553&extparam=&luicode=10000011&lfid=&featurecode="}}