{"ok":1,"data":{"cardlistInfo":{"containerid":"1076031401527553","v_p":42,"show_style":1,"total":15518,"page":50},"cards":[{"card_type":9,"itemid":"1076031401527553_-_3345576246990362","scheme":"https:\/\/m.weibo.cn\/status\/xj7E4tkvM?mblogid=xj7E4tkvM&luicode=10000011&lfid=1076031401527553","mblog":{"created_at":"2011-08-12","id":"3345576246990362","idstr":"3345576246990362","mid":"3345576246990362","can_edit":false,"text":"\u7f8e\u56fd\u6709\u8bb8\u591a\u5356Mexican Grill\u7684\u5feb\u9910\u5e97\uff0c\u6211\u89c9\u5f97\u6bd4\u7f8e\u5f0f\u5feb\u9910\u66f4\u5408\u4e2d\u56fd\u4eba\u53e3\u5473\uff0c\u4e5f\u66f4\u5065\u5eb7\u4e00\u4e9b\u3002\u53ef\u9009\u62e9\u5305\u5165\u591a\u79cd\u70e4\u8089\u3001\u83dc\u3001\u9171\u6599\u7b49\u3002\u5305\u591a\u5c11\u4ef7\u683c\u90fd\u4e00\u6837\uff0c\u7ea6\u4eba\u6c11\u5e0140\u5143\u3002\u6807\u51c6\u7684\u4e00\u4e2a\u5927\u6982\u957f\u4e03\u5bf8\uff0c\u76f4\u5f84\u4e24\u5bf8\uff0c\u91cd\u5f97\u6709\u4e00\u65a4\u534a\u3002\u6211\u6709\u81ea\u77e5\u4e4b\u660e\uff0c\u4ec5\u8ba9\u5305\u4e86\u4e00\u4efd\u8089\uff0c\u4e24\u4efd\u83dc\u3002\u80af\u5fb7\u57fa\u201c\u58a8\u897f\u54e5\u9e21\u8089\u5377\u201d\u53ef\u80fd\u5c31\u6e90\u81ea\u8fd9\u7c7b\u4e1c\u897f\u3002 \u200b\u200b\u200b","source":"\u5fae\u535a weibo.com","favorited":false,"thumbnail_pic":"http:\/\/ww4.sinaimg.cn\/thumbnail\/53899d01gw1dk2r8fpcq7j.jpg","bmiddle_pic":"http:\/\/ww4.sinaimg.cn\/bmiddle\/53899d01gw1dk2r8fpcq7j.jpg","original_pic":"http:\/\/ww4.sinaimg.cn\/large\/53899d01gw1dk2r8fpcq7j.jpg","is_paid":false,"mblog_vip_type":0,"user":{"id":1401527553,"screen_name":"tombkeeper","profile_image_url":"https:\/\/tva2.sinaimg.cn\/crop.0.0.180.180.180\/53899d01jw8fcb9qpe7vbj2050050mx8.jpg","profile_url":"https:\/\/m.weibo.cn\/u\/1401527553?uid=1401527553&luicode=10000011&lfid=1076031401527553","statuses_count":15425,"verified":true,"verified_type":0,"verified_type_ext":1,"verified_reason":"\u77e5\u540d\u4e92\u8054\u7f51\u8d44\u8baf\u535a\u4e3b","close_blue_v":false,"description":"\u5fae\u535a\u672c\u5730\u8d44\u8baf\u535a\u4e3b\uff08\u521a\u679c\u5e03\u62c9\u67f4\u7ef4\u5c14\uff09","gender":"m","mbtype":12,"urank":48,"mbrank":6,"follow_me":false,"following":false,"followers_count":192533,"follow_count":277,"cover_image_phone":"https:\/\/tva1.sinaimg.cn\/crop.0.0.640.640.640\/549d0121tw1egm1kjly3jj20hs0hsq4f.jpg","avatar_hd":"https:\/\/ww2.sinaimg.cn\/orj480\/53899d01jw8fcb9qpe7vbj2050050mx8.jpg","like":false,"like_me":false,"badge":{"bind_taobao":1,"dzwbqlx_2016":1,"follow_whitelist_video":1,"hongbao_2018":1}},"reposts_count":0,"comments_count":2,"attitudes_count":0,"pending_approval_count":0,"isLongText":false,"visible":{"type":0,"list_id":0},"more_info_type":0,"content_auth":0,"edit_config":{"edited":false},"mblogtype":0,"bid":"xj7E4tkvM","pics":[{"pid":"53899d01gw1dk2r8fpcq7j","url":"https:\/\/ww4.sinaimg.cn\/orj360\/53899d01gw1dk2r8fpcq7j.jpg","size":"orj360","geo":false,"large":{"size":"large","url":"https:\/\/ww4.sinaimg.cn\/large\/53899d01gw1dk2r8fpcq7j.jpg","geo":false}}]},"show_type":0},{"card_type":9,"itemid":"1076031401527553_-_3345571666583960","scheme":"https:\/\/m.weibo.cn\/status\/xj7wGrCMU?mblogid=xj7wGrCMU&luicode=10000011&lfid=1076031401527553","mblog":{"created_at":"2011-08-12","id":"3345571666583960","idstr":"3345571666583960","mid":"3345571666583960","can_edit":false,"text":"\u7f8e\u56fd\u67d0\u8d2d\u7269\u4e2d\u5fc3\u95e8\u53e3\u7684\u534e\u4e3a\u624b\u673a\u5e7f\u544a\u3002 \u200b\u200b\u200b","source":"\u5fae\u535a weibo.com","favorited":false,"thumbnail_pic":"http:\/\/ww2.sinaimg.cn\/thumbnail\/53899d01gw1dk2qork0rqj.jpg","bmiddle_pic":"http:\/\/ww2.sinaimg.cn\/bmiddle\/53899d01gw1dk2qork0rqj.jpg","original_pic":"http:\/\/ww2.sinaimg.cn\/large\/53899d01gw1dk2qork0rqj.jpg","is_paid":false,"mblog_vip_type":0,"user":{"id":1401527553,"screen_name":"tombkeeper","profile_image_url":"https:\/\/tva2.sinaimg.cn\/crop.0.0.180.180.180\/53899d01jw8fcb9qpe7vbj2050050mx8.jpg","profile_url":"https:\/\/m.weibo.cn\/u\/1401527553?uid=1401527553&luicode=10000011&lfid=1076031401527553","statuses_count":15425,"verified":true,"verified_type":0,"verified_type_ext":1,"verified_reason":"\u77e5\u540d\u4e92\u8054\u7f51\u8d44\u8baf\u535a\u4e3b","close_blue_v":false,"description":"\u5fae\u535a\u672c\u5730\u8d44\u8baf\u535a\u4e3b\uff08\u521a\u679c\u5e03\u62c9\u67f4\u7ef4\u5c14\uff09","gender":"m","mbtype":12,"urank":48,"mbrank":6,"follow_me":false,"following":false,"followers_count":192533,"follow_count":277,"cover_image_phone":"https:\/\/tva1.sinaimg.cn\/crop.0.0.640.640.640\/549d0121tw1egm1kjly3jj20hs0hsq4f.jpg","avatar_hd":"https:\/\/ww2.sinaimg.cn\/orj480\/53899d01jw8fcb9qpe7vbj2050050mx8.jpg","like":false,"like_me":false,"badge":{"bind_taobao":1,"dzwbqlx_2016":1,"follow_whitelist_video":1,"hongbao_2018":1}},"reposts_count":5,"comments_count":4,"attitudes_count":0,"pending_approval_count":0,"isLongText":false,"visible":{"type":0,"list_id":0},"more_info_type":0,"content_auth":0,"edit_config":{"edited":false},"mblogtype":0,"bid":"xj7wGrCMU","pics":[{"pid":"53899d01gw1dk2qork0rqj","url":"https:\/\/ww2.sinaimg.cn\/orj360\/53899d01gw1dk2qork0rqj.jpg","size":"orj360","geo":false,"large":{"size":"large","url":"https:\/\/ww2.sinaimg.cn\/large\/53899d01gw1dk2qork0rqj.jpg","geo":false}}]},"show_type":0},{"card_type":9,"itemid":"1076031401527553_-_3345564838322920","scheme":"https:\/\/m.weibo.cn\/status\/xj7lFyVaE?mblogid=xj7lFyVaE&luicode=10000011&lfid=1076031401527553","mblog":{"created_at":"2011-08-12","id":"3345564838322920","idstr":"3345564838322920","mid":"3345564838322920","can_edit":false,"text":"<a data-url=\"http:\/\/t.cn\/aEhN1l\" target=\"_blank\" href=\"https:\/\/weibo.cn\/sinaurl\/blocked95c73fac?luicode=10000011&lfid=1076031401527553&u=http%3A%2F%2Fculture.people.com.cn%2Fh%2F2011%2F0807%2Fc226948-3518789335.html&ep=xj7lFyVaE%252C1401527553%252Cxj7lFyVaE%252C1401527553\" class=\"\"><span class=\"url-icon\"><img src=\"\/\/h5.sinaimg.cn\/upload\/2015\/09\/25\/3\/timeline_card_small_web_default.png\"><\/span><\/i><span class=\"surl-text\">\u7f51\u9875\u94fe\u63a5<\/a> \u5cb3\u5357\uff1a\u300a\u5b54\u4e59\u5df1\u4eec\u590d\u6d3b\u4e86\uff0c\u9c81\u8fc5\u5feb\u56de\u6765\u5427\u300b\u3002\u201c\u9c81\u8fc5\u88ab\u8d76\u8dd1\uff0c\u662f\u56e0\u4e3a\u90a3\u4e9b\u66fe\u7ecf\u88ab\u653b\u51fb\u3001\u75db\u65a5\u3001\u8ba5\u8bbd\u3001\u601c\u60af\u7684\u4eba\u7269\u53c8\u4e00\u6b21\u590d\u6d3b\u4e86\uff0c\u9c81\u8fc5\u7684\u5b58\u5728\uff0c\u8ba9\u4ed6\u4eec\u611f\u5230\u6050\u60e7\u3001\u60ca\u614c\uff0c\u751a\u81f3\u65e0\u5730\u81ea\u5bb9\u201d \u3002\u201c\u7965\u6797\u5ac2\u3001\u534e\u8001\u6813\u3001\u6da6\u571f\u4eec\u590d\u6d3b\u4e86\u3002\u4ed6\u4eec\u4f9d\u7136\u9006\u6765\u987a\u53d7\uff0c\u60c5\u7eea\u7a33\u5b9a\u2026\u2026\u201d \u200b\u200b\u200b","source":"\u5fae\u535a weibo.com","favorited":false,"is_paid":false,"mblog_vip_type":0,"user":{"id":1401527553,"screen_name":"tombkeeper","profile_image_url":"https:\/\/tva2.sinaimg.cn\/crop.0.0.180.180.180\/53899d01jw8fcb9qpe7vbj2050050mx8.jpg","profile_url":"https:\/\/m.weibo.cn\/u\/1401527553?uid=1401527553&luicode=10000011&lfid=1076031401527553","statuses_count":15425,"verified":true,"verified_type":0,"verified_type_ext":1,"verified_reason":"\u77e5\u540d\u4e92\u8054\u7f51\u8d44\u8baf\u535a\u4e3b","close_blue_v":false,"description":"\u5fae\u535a\u672c\u5730\u8d44\u8baf\u535a\u4e3b\uff08\u521a\u679c\u5e03\u62c9\u67f4\u7ef4\u5c14\uff09","gender":"m","mbtype":12,"urank":48,"mbrank":6,"follow_me":false,"following":false,"followers_count":192533,"follow_count":277,"cover_image_phone":"https:\/\/tva1.sinaimg.cn\/crop.0.0.640.640.640\/549d0121tw1egm1kjly3jj20hs0hsq4f.jpg","avatar_hd":"https:\/\/ww2.sinaimg.cn\/orj480\/53899d01jw8fcb9qpe7vbj2050050mx8.jpg","like":false,"like_me":false,"badge":{"bind_taobao":1,"dzwbqlx_2016":1,"follow_whitelist_video":1,"hongbao_2018":1}},"reposts_count":1,"comments_count":0,"attitudes_count":0,"pending_approval_count":0,"isLongText":false,"visible":{"type":0,"list_id":0},"more_info_type":0,"content_auth":0,"edit_config":{"edited":false},"mblogtype":0,"bid":"xj7lFyVaE"},"show_type":0},{"card_type":9,"itemid":"1076031401527553_-_3345428486539930","scheme":"https:\/\/m.weibo.cn\/status\/xj3NKrrkK?mblogid=xj3NKrrkK&luicode=10000011&lfid=1076031401527553","mblog":{"created_at":"2011-08-12","id":"3345428486539930","idstr":"3345428486539930","mid":"3345428486539930","can_edit":false,"text":"\u6b66\u677e\u4f5c\u4e3a\u90fd\u5934\u5176\u5b9e\u5e76\u4e0d\u5408\u683c\u3002\u4ed6\u53ea\u662f\u56e0\u6253\u864e\u88ab\u7279\u62db\u8fdb\u53bf\u8859\uff0c\u5e76\u65e0\u76f8\u5173\u4ece\u4e1a\u8d44\u683c\uff0c\u66f4\u4e0d\u7528\u63d0\u540e\u6765\u77e5\u6cd5\u72af\u6cd5\u7684\u4e8b\u3002\u4f46\u8001\u767e\u59d3\u70ed\u7231\u6b66\u90fd\u5934\uff0c\u4e0d\u4f1a\u6709\u4eba\u5e0c\u671b\u4e00\u6761\u597d\u6c49\u56e0\u4efb\u804c\u8d44\u683c\u95ee\u9898\u5931\u4e86\u996d\u7897\u3002\u5728\u90a3\u4e2a\u7f3a\u4e4f\u89c4\u5219\u7684\u73af\u5883\uff0c\u6709\u4e2a\u6b66\u90fd\u5934\u597d\u8fc7\u6709\u4e2a\u897f\u95e8\u90fd\u5934\u3002\u82e5\u80fd\u629b\u5f00\u79c1\u4ec7\uff0c\u4ee5\u516c\u5b57\u5f53\u5148\uff0c\u4e5f\u662f\u4e00\u6761\u597d\u6c49\u3002","source":"S60\u5ba2\u6237\u7aef","favorited":false,"is_paid":false,"mblog_vip_type":0,"user":{"id":1401527553,"screen_name":"tombkeeper","profile_image_url":"https:\/\/tva2.sinaimg.cn\/crop.0.0.180.180.180\/53899d01jw8fcb9qpe7vbj2050050mx8.jpg","profile_url":"https:\/\/m.weibo.cn\/u\/1401527553?uid=1401527553&luicode=10000011&lfid=1076031401527553","statuses_count":15425,"verified":true,"verified_type":0,"verified_type_ext":1,"verified_reason":"\u77e5\u540d\u4e92\u8054\u7f51\u8d44\u8baf\u535a\u4e3b","close_blue_v":false,"description":"\u5fae\u535a\u672c\u5730\u8d44\u8baf\u535a\u4e3b\uff08\u521a\u679c\u5e03\u62c9\u67f4\u7ef4\u5c14\uff09","gender":"m","mbtype":12,"urank":48,"mbrank":6,"follow_me":false,"following":false,"followers_count":192533,"follow_count":277,"cover_image_phone":"https:\/\/tva1.sinaimg.cn\/crop.0.0.640.640.640\/549d0121tw1egm1kjly3jj20hs0hsq4f.jpg","avatar_hd":"https:\/\/ww2.sinaimg.cn\/orj480\/53899d01jw8fcb9qpe7vbj2050050mx8.jpg","like":false,"like_me":false,"badge":{"bind_taobao":1,"dzwbqlx_2016":1,"follow_whitelist_video":1,"hongbao_2018":1}},"retweeted_status":{"created_at":"2011-08-11","id":"3345313318607472","idstr":"3345313318607472","mid":"3345313318607472","can_edit":false,"text":"\u4e3a\u8d3a\u536b\u65b9\u8fa9\u62a4\u7684\u7406\u7531\u771f\u662f\u4e94\u82b1\u516b\u95e8\uff1a\u6709\u62ff\u4e00\u5806\u968f\u7b14\u3001\u8bc4\u8bba\u3001\u6f14\u8bb2\u7a3f\u5f53\u8bba\u6587\u6765\u5145\u6570\u7684\uff0c\u6709\u8bf4\u5f53\u6559\u6388\u4e0d\u4e00\u5b9a\u8981\u53d1\u8bba\u6587\u7684\uff0c\u6709\u8bf4\u8d3a\u536b\u65b9\u5199\u65f6\u8bc4\u505a\u6f14\u8bb2\u6bd4\u53d1\u8bba\u6587\u66f4\u6709\u610f\u4e49\u7684\uff0c\u6709\u8bf4\u4e0d\u5199\u8bba\u6587\u597d\u8fc7\u6284\u8bba\u6587\u7684\uff08\u8fd9\u662f\u8bf4\u8d3a\u536b\u65b9\u4e0d\u6284\u5199\u4e0d\u4e86\u8bba\u6587\uff1f\uff09\uff0c\u6709\u8bf4\u8d3a\u536b\u65b9\u88ab\u7981\u6b62\u53d1\u8bba\u6587\u7684\uff08\u5012\u662f\u4e0d\u7981\u6b62\u53d1\u65f6\u8bc4\uff09\u2026\u2026\u4f60\u4eec\u80fd\u4e0d\u80fd\u5148\u7edf\u4e00\u4e86\u610f\u89c1\u518d\u6765\uff1f \u200b\u200b\u200b","source":"\u5fae\u535a weibo.com","favorited":false,"is_paid":false,"mblog_vip_type":0,"user":{"id":1195403385,"screen_name":"\u65b9\u821f\u5b50","profile_image_url":"https:\/\/tva2.sinaimg.cn\/crop.0.0.180.180.180\/47406879jw1e8qgp5bmzyj2050050aa8.jpg","profile_url":"https:\/\/m.weibo.cn\/u\/1195403385?uid=1195403385&luicode=10000011&lfid=1076031401527553","statuses_count":11700,"verified":true,"verified_type":0,"verified_type_ext":0,"verified_reason":"\u5b66\u8005\u3001\u79d1\u666e\u4f5c\u5bb6","close_blue_v":false,"description":"\u63e1\u7d27\u6211\u7684\u624b \/ \u8ba9\u6211\u7684\u56fe\u817e\u70d9\u5728\u4f60\u7684\u624b\u4e0a \/ \u8bf7\u4f20\u9012\u8fd9\u4e00\u628a\u706b\u3000\u76f4\u5230 \/ \u767e\u5e74\u4e4b\u540e\u3000\u6211\u6240\u6709\u7edd\u671b\u7684\u5636\u53eb\u51dd\u56fa","gender":"m","mbtype":2,"urank":24,"mbrank":2,"follow_me":false,"following":false,"followers_count":4755905,"follow_count":25,"cover_image_phone":"https:\/\/tva1.sinaimg.cn\/crop.0.0.640.640.640\/549d0121tw1egm1kjly3jj20hs0hsq4f.jpg","avatar_hd":"https:\/\/ww2.sinaimg.cn\/orj480\/47406879jw1e8qgp5bmzyj2050050aa8.jpg","like":false,"like_me":false},"reposts_count":416,"comments_count":956,"attitudes_count":0,"pending_approval_count":0,"isLongText":false,"visible":{"type":0,"list_id":0},"more_info_type":0,"content_auth":0,"edit_config":{"edited":false},"bid":"xj0NZA7cc"},"reposts_count":1,"comments_count":0,"attitudes_count":0,"pending_approval_count":0,"isLongText":false,"visible":{"type":0,"list_id":0},"more_info_type":0,"content_auth":0,"edit_config":{"edited":false},"mblogtype":0,"obj_ext":"","raw_text":"\u6b66\u677e\u4f5c\u4e3a\u90fd\u5934\u5176\u5b9e\u5e76\u4e0d\u5408\u683c\u3002\u4ed6\u53ea\u662f\u56e0\u6253\u864e\u88ab\u7279\u62db\u8fdb\u53bf\u8859\uff0c\u5e76\u65e0\u76f8\u5173\u4ece\u4e1a\u8d44\u683c\uff0c\u66f4\u4e0d\u7528\u63d0\u540e\u6765\u77e5\u6cd5\u72af\u6cd5\u7684\u4e8b\u3002\u4f46\u8001\u767e\u59d3\u70ed\u7231\u6b66\u90fd\u5934\uff0c\u4e0d\u4f1a\u6709\u4eba\u5e0c\u671b\u4e00\u6761\u597d\u6c49\u56e0\u4efb\u804c\u8d44\u683c\u95ee\u9898\u5931\u4e86\u996d\u7897\u3002\u5728\u90a3\u4e2a\u7f3a\u4e4f\u89c4\u5219\u7684\u73af\u5883\uff0c\u6709\u4e2a\u6b66\u90fd\u5934\u597d\u8fc7\u6709\u4e2a\u897f\u95e8\u90fd\u5934\u3002\u82e5\u80fd\u629b\u5f00\u79c1\u4ec7\uff0c\u4ee5\u516c\u5b57\u5f53\u5148\uff0c\u4e5f\u662f\u4e00\u6761\u597d\u6c49\u3002","bid":"xj3NKrrkK"},"show_type":0},{"card_type":9,"itemid":"1076031401527553_-_3345419342910255","scheme":"https:\/\/m.weibo.cn\/status\/xj3z0cd5B?mblogid=xj3z0cd5B&luicode=10000011&lfid=1076031401527553","mblog":{"created_at":"2011-08-12","id":"3345419342910255","idstr":"3345419342910255","mid":"3345419342910255","can_edit":false,"text":"\u53c8\u5f00\u59cb\u51cc\u6668\u56db\u70b9\u9192\u7684\u65e5\u5b50\u4e86\u3002\u4f30\u8ba1\u8fd9\u56de\u8fc7\u6765\u7684\u65f6\u5dee\u8fd8\u5f97\u518d\u5012\u4e00\u5468\u3002 \u200b\u200b\u200b","source":"S60\u5ba2\u6237\u7aef","favorited":false,"is_paid":false,"mblog_vip_type":0,"user":{"id":1401527553,"screen_name":"tombkeeper","profile_image_url":"https:\/\/tva2.sinaimg.cn\/crop.0.0.180.180.180\/53899d01jw8fcb9qpe7vbj2050050mx8.jpg","profile_url":"https:\/\/m.weibo.cn\/u\/1401527553?uid=1401527553&luicode=10000011&lfid=1076031401527553","statuses_count":15425,"verified":true,"verified_type":0,"verified_type_ext":1,"verified_reason":"\u77e5\u540d\u4e92\u8054\u7f51\u8d44\u8baf\u535a\u4e3b","close_blue_v":false,"description":"\u5fae\u535a\u672c\u5730\u8d44\u8baf\u535a\u4e3b\uff08\u521a\u679c\u5e03\u62c9\u67f4\u7ef4\u5c14\uff09","gender":"m","mbtype":12,"urank":48,"mbrank":6,"follow_me":false,"following":false,"followers_count":192533,"follow_count":277,"cover_image_phone":"https:\/\/tva1.sinaimg.cn\/crop.0.0.640.640.640\/549d0121tw1egm1kjly3jj20hs0hsq4f.jpg","avatar_hd":"https:\/\/ww2.sinaimg.cn\/orj480\/53899d01jw8fcb9qpe7vbj2050050mx8.jpg","like":false,"like_me":false,"badge":{"bind_taobao":1,"dzwbqlx_2016":1,"follow_whitelist_video":1,"hongbao_2018":1}},"reposts_count":0,"comments_count":2,"attitudes_count":0,"pending_approval_count":0,"isLongText":false,"visible":{"type":0,"list_id":0},"more_info_type":0,"content_auth":0,"edit_config":{"edited":false},"mblogtype":0,"bid":"xj3z0cd5B"},"show_type":0},{"card_type":9,"itemid":"1076031401527553_-_3345181889892968","scheme":"https:\/\/m.weibo.cn\/status\/xiXo0FvC0?mblogid=xiXo0FvC0&luicode=10000011&lfid=1076031401527553","mblog":{"created_at":"2011-08-11","id":"3345181889892968","idstr":"3345181889892968","mid":"3345181889892968","can_edit":false,"text":"\u8fd9\u662f\u4e00\u79cd\u6bd4\u8f83\u7279\u6b8a\u7684\u725b\uff0c\u53eb\u725bA\uff0c\u6240\u4ee5\u5976\u4e2d\u7ef4\u751f\u7d20A\u542b\u91cf\u6bd4\u8f83\u9ad8\u3002\u6211\u8fd8\u542c\u8bf4\u6781\u5317\u82e6\u5bd2\u4e4b\u5730\uff0c\u6709\u4e00\u79cd\u725b\uff0c\u5976\u4e2d\u7ef4\u751f\u7d20B\u542b\u91cf\u6700\u9ad8\u3002 \/\/<a href='https:\/\/m.weibo.cn\/n\/\u65b9\u821f\u5b50'>@\u65b9\u821f\u5b50<\/a>\uff1a\u4e00\u676f\u666e\u901a\u725b\u5976\u542b68\u5fae\u514b\u7ef4\u751f\u7d20A\uff0c253\u500d\u5c31\u662f17204\u5fae\u514b\uff0c\u8fdc\u8fdc\u8d85\u8fc7\u4e86\u7ef4\u751f\u7d20A\u4e2d\u6bd2\u91cf\uff083000\u5fae\u514b\uff09\uff0c\u751a\u81f3\u559d\u4e00\u53e3\u5c31\u8fbe\u5230\u4e2d\u6bd2\u91cf\uff0c\u559d\u8fd9\u79cd\u6c34\u725b\u5976\u7a76\u7adf\u662f\u5728\u8fdb\u8865\u8fd8\u662f\u5728\u5403\u6bd2\u554a\uff1f","source":"\u5fae\u535a weibo.com","favorited":false,"is_paid":false,"mblog_vip_type":0,"user":{"id":1401527553,"screen_name":"tombkeeper","profile_image_url":"https:\/\/tva2.sinaimg.cn\/crop.0.0.180.180.180\/53899d01jw8fcb9qpe7vbj2050050mx8.jpg","profile_url":"https:\/\/m.weibo.cn\/u\/1401527553?uid=1401527553&luicode=10000011&lfid=1076031401527553","statuses_count":15425,"verified":true,"verified_type":0,"verified_type_ext":1,"verified_reason":"\u77e5\u540d\u4e92\u8054\u7f51\u8d44\u8baf\u535a\u4e3b","close_blue_v":false,"description":"\u5fae\u535a\u672c\u5730\u8d44\u8baf\u535a\u4e3b\uff08\u521a\u679c\u5e03\u62c9\u67f4\u7ef4\u5c14\uff09","gender":"m","mbtype":12,"urank":48,"mbrank":6,"follow_me":false,"following":false,"followers_count":192533,"follow_count":277,"cover_image_phone":"https:\/\/tva1.sinaimg.cn\/crop.0.0.640.640.640\/549d0121tw1egm1kjly3jj20hs0hsq4f.jpg","avatar_hd":"https:\/\/ww2.sinaimg.cn\/orj480\/53899d01jw8fcb9qpe7vbj2050050mx8.jpg","like":false,"like_me":false,"badge":{"bind_taobao":1,"dzwbqlx_2016":1,"follow_whitelist_video":1,"hongbao_2018":1}},"pid":3345179478452537,"retweeted_status":{"created_at":"2011-08-10","id":"3344904973653736","idstr":"3344904973653736","mid":"3344904973653736","can_edit":false,"text":"\u7ef4\u751f\u7d20\u542b\u91cf\u662f\u666e\u901a\u725b\u5976\u7684253\u500d\uff1f\u5439\u725b\u8981\u4e0d\u8981\u4e0a\u7a0e\u554a\uff1f\u6c42<a href='https:\/\/m.weibo.cn\/n\/\u65b9\u821f\u5b50'>@\u65b9\u821f\u5b50<\/a> \u79d1\u666e \u200b\u200b\u200b","source":"Android\u5ba2\u6237\u7aef","favorited":false,"thumbnail_pic":"http:\/\/ww4.sinaimg.cn\/thumbnail\/438ecf68jw1dk0m538u5qj.jpg","bmiddle_pic":"http:\/\/ww4.sinaimg.cn\/bmiddle\/438ecf68jw1dk0m538u5qj.jpg","original_pic":"http:\/\/ww4.sinaimg.cn\/large\/438ecf68jw1dk0m538u5qj.jpg","is_paid":false,"mblog_vip_type":0,"user":{"id":1133432680,"screen_name":"\u9171\u679c\u679c","profile_image_url":"https:\/\/tva3.sinaimg.cn\/crop.0.0.180.180.180\/438ecf68jw1e8qgp5bmzyj2050050aa8.jpg","profile_url":"https:\/\/m.weibo.cn\/u\/1133432680?uid=1133432680&luicode=10000011&lfid=1076031401527553","statuses_count":2655,"verified":false,"verified_type":-1,"close_blue_v":false,"description":"\u6392\u6392\u5750 \u5403\u679c\u679c","gender":"m","mbtype":0,"urank":18,"mbrank":0,"follow_me":false,"following":false,"followers_count":491,"follow_count":664,"cover_image_phone":"https:\/\/tva2.sinaimg.cn\/crop.0.0.640.640.640\/a1d3feabjw1ecasunmkncj20hs0hsq4j.jpg","avatar_hd":"https:\/\/ww3.sinaimg.cn\/orj480\/438ecf68jw1e8qgp5bmzyj2050050aa8.jpg","like":false,"like_me":false,"badge":{"bind_taobao":1}},"reposts_count":1778,"comments_count":508,"attitudes_count":0,"pending_approval_count":0,"isLongText":false,"visible":{"type":0,"list_id":0},"more_info_type":0,"content_auth":0,"edit_config":{"edited":false},"bid":"xiQbnfkve","pics":[{"pid":"438ecf68jw1dk0m538u5qj","url":"https:\/\/ww4.sinaimg.cn\/orj360\/438ecf68jw1dk0m538u5qj.jpg","size":"orj360","geo":false,"large":{"size":"large","url":"https:\/\/ww4.sinaimg.cn\/large\/438ecf68jw1dk0m538u5qj.jpg","geo":false}}]},"reposts_count":3,"comments_count":2,"attitudes_count":0,"pending_approval_count":0,"isLongText":false,"visible":{"type":0,"list_id":0},"more_info_type":0,"content_auth":0,"edit_config":{"edited":false},"mblogtype":0,"obj_ext":"","raw_text":"\u8fd9\u662f\u4e00\u79cd\u6bd4\u8f83\u7279\u6b8a\u7684\u725b\uff0c\u53eb\u725bA\uff0c\u6240\u4ee5\u5976\u4e2d\u7ef4\u751f\u7d20A\u542b\u91cf\u6bd4\u8f83\u9ad8\u3002\u6211\u8fd8\u542c\u8bf4\u6781\u5317\u82e6\u5bd2\u4e4b\u5730\uff0c\u6709\u4e00\u79cd\u725b\uff0c\u5976\u4e2d\u7ef4\u751f\u7d20B\u542b\u91cf\u6700\u9ad8\u3002 \/\/@\u65b9\u821f\u5b50\uff1a\u4e00\u676f\u666e\u901a\u725b\u5976\u542b68\u5fae\u514b\u7ef4\u751f\u7d20A\uff0c253\u500d\u5c31\u662f17204\u5fae\u514b\uff0c\u8fdc\u8fdc\u8d85\u8fc7\u4e86\u7ef4\u751f\u7d20A\u4e2d\u6bd2\u91cf\uff083000\u5fae\u514b\uff09\uff0c\u751a\u81f3\u559d\u4e00\u53e3\u5c31\u8fbe\u5230\u4e2d\u6bd2\u91cf\uff0c\u559d\u8fd9\u79cd\u6c34\u725b\u5976\u7a76\u7adf\u662f\u5728\u8fdb\u8865\u8fd8\u662f\u5728\u5403\u6bd2\u554a\uff1f","bid":"xiXo0FvC0"},"show_type":0},{"card_type":9,"itemid":"1076031401527553_-_3345180920979016","scheme":"https:\/\/m.weibo.cn\/status\/xiXms46GA?mblogid=xiXms46GA&luicode=10000011&lfid=1076031401527553","mblog":{"created_at":"2011-08-11","id":"3345180920979016","idstr":"3345180920979016","mid":"3345180920979016","can_edit":false,"text":"\u5927\u7ad9\u53ef\u4ee5\u62d6\u5e93\u3002\u5c0f\u7ad9\u4e5f\u4e0d\u6d6a\u8d39\uff0c\u53ef\u4ee5\u62ff\u6765\u6302\u94fe\u63a5\u3002\u5927\u5bb6\u641c&quot;\u30e2\u30f3\u30af\u30ec\u30fc\u30eb\u30b4\u30eb\u30d5\u7528\u54c1&quot;\uff0c\u5c31\u53ef\u4ee5\u770b\u5230\u6302\u94fe\u63a5\u7684\u4f8b\u5b50\u3002\u8fd9\u80cc\u540e\u53c8\u662f\u4e00\u5957\u4ea7\u4e1a\u94fe\u3002 \u200b\u200b\u200b","source":"\u5fae\u535a weibo.com","favorited":false,"is_paid":false,"mblog_vip_type":0,"user":{"id":1401527553,"screen_name":"tombkeeper","profile_image_url":"https:\/\/tva2.sinaimg.cn\/crop.0.0.180.180.180\/53899d01jw8fcb9qpe7vbj2050050mx8.jpg","profile_url":"https:\/\/m.weibo.cn\/u\/1401527553?uid=1401527553&luicode=10000011&lfid=1076031401527553","statuses_count":15425,"verified":true,"verified_type":0,"verified_type_ext":1,"verified_reason":"\u77e5\u540d\u4e92\u8054\u7f51\u8d44\u8baf\u535a\u4e3b","close_blue_v":false,"description":"\u5fae\u535a\u672c\u5730\u8d44\u8baf\u535a\u4e3b\uff08\u521a\u679c\u5e03\u62c9\u67f4\u7ef4\u5c14\uff09","gender":"m","mbtype":12,"urank":48,"mbrank":6,"follow_me":false,"following":false,"followers_count":192533,"follow_count":277,"cover_image_phone":"https:\/\/tva1.sinaimg.cn\/crop.0.0.640.640.640\/549d0121tw1egm1kjly3jj20hs0hsq4f.jpg","avatar_hd":"https:\/\/ww2.sinaimg.cn\/orj480\/53899d01jw8fcb9qpe7vbj2050050mx8.jpg","like":false,"like_me":false,"badge":{"bind_taobao":1,"dzwbqlx_2016":1,"follow_whitelist_video":1,"hongbao_2018":1}},"reposts_count":4,"comments_count":2,"attitudes_count":0,"pending_approval_count":0,"isLongText":false,"visible":{"type":0,"list_id":0},"more_info_type":0,"content_auth":0,"edit_config":{"edited":false},"mblogtype":0,"bid":"xiXms46GA"},"show_type":0},{"card_type":9,"itemid":"1076031401527553_-_3345175804134333","scheme":"https:\/\/m.weibo.cn\/status\/xiXechlwN?mblogid=xiXechlwN&luicode=10000011&lfid=1076031401527553","mblog":{"created_at":"2011-08-11","id":"3345175804134333","idstr":"3345175804134333","mid":"3345175804134333","can_edit":false,"text":"<a data-url=\"http:\/\/t.cn\/aRudrn\" target=\"_blank\" href=\"https:\/\/weibo.cn\/sinaurl\/blockeded4b53c8?luicode=10000011&lfid=1076031401527553&u=http%3A%2F%2Fwww.rmlt.com.cn%2FNews%2F201108%2F201108091352452930.html&ep=xiXechlwN%252C1401527553%252CxiXechlwN%252C1401527553\" class=\"\"><span class=\"url-icon\"><img src=\"\/\/h5.sinaimg.cn\/upload\/2015\/09\/25\/3\/timeline_card_small_web_default.png\"><\/span><\/i><span class=\"surl-text\">\u7f51\u9875\u94fe\u63a5<\/a> \u6768\u4f69\u660c\uff1a\u300a\u5fb7\u56fd\u4e3a\u4ec0\u4e48\u6c11\u5bcc\u56fd\u5f3a\u2014\u2014\u5fb7\u56fd\u7279\u8272\u7684\u793e\u4f1a\u4e3b\u4e49\u9053\u8def\u300b\u3002\u201c\u2026\u2026\u4e00\u822c\u6765\u8bf4\u4e00\u4e2a\u56fd\u5bb6\u8bae\u4f1a500\u4eba\u4ee5\u4e0b\u7684\u662f\u6c11\u4e3b\u56fd\u5bb6\uff0c500\u4eba\u4ee5\u4e0a\u662f\u72ec\u88c1\u4e13\u5236\u56fd\u5bb6\u3002\u5965\u5999\u5728\u90a3\u513f\uff1f\u56e0\u4e3a500\u4eba\u4ee5\u4e0b\u53ef\u4ee5\u6765\u8fa9\u8bba\u3001\u5435\u67b6\u7684\uff0c\u53ef\u4ee5\u9488\u950b\u76f8\u5bf9\uff0c500\u4eba\u4ee5\u4e0a\u5c31\u662f\u56e2\u7ed3\u7684\u5927\u4f1a\u3001\u80dc\u5229\u7684\u5927\u4f1a\u3002\u201d \u200b\u200b\u200b","source":"\u5fae\u535a weibo.com","favorited":false,"is_paid":false,"mblog_vip_type":0,"user":{"id":1401527553,"screen_name":"tombkeeper","profile_image_url":"https:\/\/tva2.sinaimg.cn\/crop.0.0.180.180.180\/53899d01jw8fcb9qpe7vbj2050050mx8.jpg","profile_url":"https:\/\/m.weibo.cn\/u\/1401527553?uid=1401527553&luicode=10000011&lfid=1076031401527553","statuses_count":15425,"verified":true,"verified_type":0,"verified_type_ext":1,"verified_reason":"\u77e5\u540d\u4e92\u8054\u7f51\u8d44\u8baf\u535a\u4e3b","close_blue_v":false,"description":"\u5fae\u535a\u672c\u5730\u8d44\u8baf\u535a\u4e3b\uff08\u521a\u679c\u5e03\u62c9\u67f4\u7ef4\u5c14\uff09","gender":"m","mbtype":12,"urank":48,"mbrank":6,"follow_me":false,"following":false,"followers_count":192533,"follow_count":277,"cover_image_phone":"https:\/\/tva1.sinaimg.cn\/crop.0.0.640.640.640\/549d0121tw1egm1kjly3jj20hs0hsq4f.jpg","avatar_hd":"https:\/\/ww2.sinaimg.cn\/orj480\/53899d01jw8fcb9qpe7vbj2050050mx8.jpg","like":false,"like_me":false,"badge":{"bind_taobao":1,"dzwbqlx_2016":1,"follow_whitelist_video":1,"hongbao_2018":1}},"reposts_count":17,"comments_count":5,"attitudes_count":0,"pending_approval_count":0,"isLongText":false,"visible":{"type":0,"list_id":0},"more_info_type":0,"content_auth":0,"edit_config":{"edited":false},"mblogtype":0,"bid":"xiXechlwN"},"show_type":0},{"card_type":9,"itemid":"1076031401527553_-_3345151800201417","scheme":"https:\/\/m.weibo.cn\/status\/xiWBu0QoF?mblogid=xiWBu0QoF&luicode=10000011&lfid=1076031401527553","mblog":{"created_at":"2011-08-11","id":"3345151800201417","idstr":"3345151800201417","mid":"3345151800201417","can_edit":false,"text":"\/\/<a href='https:\/\/m.weibo.cn\/n\/\u795d\u56fd\u946b'>@\u795d\u56fd\u946b<\/a>\uff1a\u6709\u56f0\uff0c\u96be\u627e\u8b66\u5bdf\u3002\u2014\u2014\u4eba\u5bb6\u4e2d\u6587\u4e5f\u662f\u8fd9\u4e2a\u610f\u601d\uff01\/\/<a href='https:\/\/m.weibo.cn\/n\/Barry\u77f3'>@Barry\u77f3<\/a>\uff1a\u5c31\u8fd9\u4e2a\u6c34\u5e73......\/\/<a href='https:\/\/m.weibo.cn\/n\/\u5954\u8dd1\u7684\u8001\u6751\u957f'>@\u5954\u8dd1\u7684\u8001\u6751\u957f<\/a>\uff1a\u5b9e\u8bdd\u5b9e\u8bf4","source":"\u5fae\u535a weibo.com","favorited":false,"is_paid":false,"mblog_vip_type":0,"user":{"id":1401527553,"screen_name":"tombkeeper","profile_image_url":"https:\/\/tva2.sinaimg.cn\/crop.0.0.180.180.180\/53899d01jw8fcb9qpe7vbj2050050mx8.jpg","profile_url":"https:\/\/m.weibo.cn\/u\/1401527553?uid=1401527553&luicode=10000011&lfid=1076031401527553","statuses_count":15425,"verified":true,"verified_type":0,"verified_type_ext":1,"verified_reason":"\u77e5\u540d\u4e92\u8054\u7f51\u8d44\u8baf\u535a\u4e3b","close_blue_v":false,"description":"\u5fae\u535a\u672c\u5730\u8d44\u8baf\u535a\u4e3b\uff08\u521a\u679c\u5e03\u62c9\u67f4\u7ef4\u5c14\uff09","gender":"m","mbtype":12,"urank":48,"mbrank":6,"follow_me":false,"following":false,"followers_count":192533,"follow_count":277,"cover_image_phone":"https:\/\/tva1.sinaimg.cn\/crop.0.0.640.640.640\/549d0121tw1egm1kjly3jj20hs0hsq4f.jpg","avatar_hd":"https:\/\/ww2.sinaimg.cn\/orj480\/53899d01jw8fcb9qpe7vbj2050050mx8.jpg","like":false,"like_me":false,"badge":{"bind_taobao":1,"dzwbqlx_2016":1,"follow_whitelist_video":1,"hongbao_2018":1}},"pid":3345130463952312,"retweeted_status":{"created_at":"2011-08-11","id":"3345122571855040","idstr":"3345122571855040","mid":"3345122571855040","can_edit":false,"text":"\u8fd9\u662f\u6c5f\u897f\u4e0a\u9976\u5e02\u516c\u5b89\u5c40\u4e09\u6e05\u5c71\u5206\u5c40\u67d0\u516c\u5b89\u670d\u52a1\u4fe1\u606f\u70b9\u7684\u8b66\u793a\u724c\uff0c\u7528\u4e86\u4e2d\u82f1\u97e9\u4e09\u79cd\u8bed\u8a00\u6ce8\u91ca\u201c\u6709\u56f0\u96be\uff0c\u627e\u8b66\u5bdf\u201d\uff0c\u6709\u4eba\u8c03\u4f83\u9053\uff0c\u53ea\u6709\u82f1\u6587\u8bf4\u4e86\u5b9e\u8bdd\uff1aDifficult to find the police\u3002 \u200b\u200b\u200b","source":"\u5b9a\u65f6showone","favorited":false,"thumbnail_pic":"http:\/\/ww2.sinaimg.cn\/thumbnail\/628dceaajw1dk1b4r0zu9j.jpg","bmiddle_pic":"http:\/\/ww2.sinaimg.cn\/bmiddle\/628dceaajw1dk1b4r0zu9j.jpg","original_pic":"http:\/\/ww2.sinaimg.cn\/large\/628dceaajw1dk1b4r0zu9j.jpg","is_paid":false,"mblog_vip_type":0,"user":{"id":1653460650,"screen_name":"\u5357\u65b9\u4eba\u7269\u5468\u520a","profile_image_url":"https:\/\/tva3.sinaimg.cn\/crop.201.128.568.568.180\/628dceaajw8eva8fattlmj20sg0sgae5.jpg","profile_url":"https:\/\/m.weibo.cn\/u\/1653460650?uid=1653460650&luicode=10000011&lfid=1076031401527553","statuses_count":15696,"verified":true,"verified_type":3,"verified_type_ext":0,"verified_reason":"\u300a\u5357\u65b9\u4eba\u7269\u5468\u520a\u300b\u5b98\u65b9\u5fae\u535a","close_blue_v":false,"description":"\u91cd\u65b0\u6253\u91cf\u6bcf\u4e2a\u751f\u547d","gender":"m","mbtype":2,"urank":45,"mbrank":4,"follow_me":false,"following":false,"followers_count":6545513,"follow_count":1007,"cover_image_phone":"https:\/\/tva1.sinaimg.cn\/crop.0.0.640.640\/549d0121tw1egm1kjly3jj20hs0hsq4f.jpg","avatar_hd":"https:\/\/ww3.sinaimg.cn\/orj480\/628dceaajw8eva8fattlmj20sg0sgae5.jpg","like":false,"like_me":false,"badge":{"bind_taobao":1,"olympic_2016":1,"dzwbqlx_2016":1,"follow_whitelist_video":1,"hongbao_2018":1}},"reposts_count":1640,"comments_count":525,"attitudes_count":0,"pending_approval_count":0,"isLongText":false,"visible":{"type":0,"list_id":0},"more_info_type":0,"content_auth":0,"edit_config":{"edited":false},"bid":"xiVQl7MA0","pics":[{"pid":"628dceaajw1dk1b4r0zu9j","url":"https:\/\/ww2.sinaimg.cn\/orj360\/628dceaajw1dk1b4r0zu9j.jpg","size":"orj360","geo":false,"large":{"size":"large","url":"https:\/\/ww2.sinaimg.cn\/large\/628dceaajw1dk1b4r0zu9j.jpg","geo":false}}]},"reposts_count":5,"comments_count":1,"attitudes_count":0,"pending_approval_count":0,"isLongText":false,"visible":{"type":0,"list_id":0},"more_info_type":0,"content_auth":0,"edit_config":{"edited":false},"mblogtype":0,"obj_ext":"","raw_text":"\/\/@\u795d\u56fd\u946b\uff1a\u6709\u56f0\uff0c\u96be\u627e\u8b66\u5bdf\u3002\u2014\u2014\u4eba\u5bb6\u4e2d\u6587\u4e5f\u662f\u8fd9\u4e2a\u610f\u601d\uff01\/\/@Barry\u77f3\uff1a\u5c31\u8fd9\u4e2a\u6c34\u5e73......\/\/@\u5954\u8dd1\u7684\u8001\u6751\u957f\uff1a\u5b9e\u8bdd\u5b9e\u8bf4","bid":"xiWBu0QoF"},"show_type":0}],"showAppTips":0,"scheme":"sinaweibo:\/\/cardlist?containerid=1076031401527553&extparam=&luicode=10000011&lfid=&featurecode="}}