{"ok":1,"data":{"cardlistInfo":{"containerid":"1076031401527553","v_p":42,"show_style":1,"total":15518,"page":50},"cards":[{"card_type":9,"itemid":"1076031401527553_-_3343254485760647","scheme":"https:\/\/m.weibo.cn\/status\/xi9fioaBF?mblogid=xi9fioaBF&luicode=10000011&lfid=1076031401527553","mblog":{"created_at":"2011-08-06","id":"3343254485760647","idstr":"3343254485760647","mid":"3343254485760647","can_edit":false,"text":"<a class='k' href='https:\/\/m.weibo.cn\/k\/defcon?from=feed'>#defcon#<\/a> \u56e0\u4e3a\u8fd9\u8fd1\u4e07\u53c2\u4f1a\u8005\u7684\u7f18\u6545\uff0c\u8fde\u5395\u6240\u5916\u90fd\u6392\u4e86\u8001\u957f\u7684\u961f\u3002\u5403\u996d\u7684\u5730\u65b9\u66f4\u662f\u6839\u672c\u6ca1\u620f\u3002\u4eca\u5e74\u7684\u4f1a\u573a\u9009\u62e9\u4e5f\u5f88\u7cdf\uff0c\u5728\u4e2a\u5565\u90fd\u4e0d\u9760\u7684\u5730\u65b9\uff0c\u60f3\u51fa\u53bb\u5403\u4e5f\u4e0d\u4fbf\u3002\u6211\u4eec\u53ea\u80fd\u5230\u5496\u5561\u5427\u4e70\u70b9\u86cb\u7cd5\u3002 \u200b\u200b\u200b","source":"S60\u5ba2\u6237\u7aef","favorited":false,"is_paid":false,"mblog_vip_type":0,"user":{"id":1401527553,"screen_name":"tombkeeper","profile_image_url":"https:\/\/tva2.sinaimg.cn\/crop.0.0.180.180.180\/53899d01jw8fcb9qpe7vbj2050050mx8.jpg","profile_url":"https:\/\/m.weibo.cn\/u\/1401527553?uid=1401527553&luicode=10000011&lfid=1076031401527553","statuses_count":15425,"verified":true,"verified_type":0,"verified_type_ext":1,"verified_reason":"\u77e5\u540d\u4e92\u8054\u7f51\u8d44\u8baf\u535a\u4e3b","close_blue_v":false,"description":"\u5fae\u535a\u672c\u5730\u8d44\u8baf\u535a\u4e3b\uff08\u521a\u679c\u5e03\u62c9\u67f4\u7ef4\u5c14\uff09","gender":"m","mbtype":12,"urank":48,"mbrank":6,"follow_me":false,"following":false,"followers_count":192533,"follow_count":277,"cover_image_phone":"https:\/\/tva1.sinaimg.cn\/crop.0.0.640.640.640\/549d0121tw1egm1kjly3jj20hs0hsq4f.jpg","avatar_hd":"https:\/\/ww2.sinaimg.cn\/orj480\/53899d01jw8fcb9qpe7vbj2050050mx8.jpg","like":false,"like_me":false,"badge":{"bind_taobao":1,"dzwbqlx_2016":1,"follow_whitelist_video":1,"hongbao_2018":1}},"reposts_count":1,"comments_count":1,"attitudes_count":0,"pending_approval_count":0,"isLongText":false,"visible":{"type":0,"list_id":0},"more_info_type":0,"content_auth":0,"edit_config":{"edited":false},"mblogtype":0,"bid":"xi9fioaBF"},"show_type":0},{"card_type":9,"itemid":"1076031401527553_-_3343251051264487","scheme":"https:\/\/m.weibo.cn\/status\/xi99L5iWX?mblogid=xi99L5iWX&luicode=10000011&lfid=1076031401527553","mblog":{"created_at":"2011-08-06","id":"3343251051264487","idstr":"3343251051264487","mid":"3343251051264487","can_edit":false,"text":"<a class='k' href='https:\/\/m.weibo.cn\/k\/defcon?from=feed'>#defcon#<\/a> \u4e24\u573a\u6f14\u8bb2\u540e\uff0c\u4e3b\u529e\u65b9\u8fdb\u6765\u8bf4\u975e\u5e38\u62b1\u6b49\uff0c\u5f97\u8bf7\u5927\u5bb6\u79bb\u573a\u3002\u56e0\u4e3a\u53c2\u4f1a\u4eba\u5b9e\u5728\u592a\u591a\uff0c\u5f88\u591a\u4eba\u8fd8\u5728\u95e8\u5916\u6392\u961f\u7b49\uff0c\u542c\u4e0d\u4e0a\u3002\u6211\u51fa\u95e8\u4e00\u770b\uff0c\u90a3\u4e2a\u961f\u6392\u7684\uff0c\u4e0d\u4e9a\u4e8eiphone\u53d1\u552e\u3002\u53ea\u80fd\u8bf4\u592a\u8d2a\u4e86\uff0c\u6ca1\u90a3\u4e48\u591a\u5ea7\u5c31\u522b\u5356\u90a3\u4e48\u591a\u7968\u561b\u3002\u6211\u7c97\u7565\u7b97\uff0c\u5356\u51fa\u53bb\u7684\u7968\u53ef\u80fd\u8fd1\u4e07\u3002 \u200b\u200b\u200b","source":"S60\u5ba2\u6237\u7aef","favorited":false,"is_paid":false,"mblog_vip_type":0,"user":{"id":1401527553,"screen_name":"tombkeeper","profile_image_url":"https:\/\/tva2.sinaimg.cn\/crop.0.0.180.180.180\/53899d01jw8fcb9qpe7vbj2050050mx8.jpg","profile_url":"https:\/\/m.weibo.cn\/u\/1401527553?uid=1401527553&luicode=10000011&lfid=1076031401527553","statuses_count":15425,"verified":true,"verified_type":0,"verified_type_ext":1,"verified_reason":"\u77e5\u540d\u4e92\u8054\u7f51\u8d44\u8baf\u535a\u4e3b","close_blue_v":false,"description":"\u5fae\u535a\u672c\u5730\u8d44\u8baf\u535a\u4e3b\uff08\u521a\u679c\u5e03\u62c9\u67f4\u7ef4\u5c14\uff09","gender":"m","mbtype":12,"urank":48,"mbrank":6,"follow_me":false,"following":false,"followers_count":192533,"follow_count":277,"cover_image_phone":"https:\/\/tva1.sinaimg.cn\/crop.0.0.640.640.640\/549d0121tw1egm1kjly3jj20hs0hsq4f.jpg","avatar_hd":"https:\/\/ww2.sinaimg.cn\/orj480\/53899d01jw8fcb9qpe7vbj2050050mx8.jpg","like":false,"like_me":false,"badge":{"bind_taobao":1,"dzwbqlx_2016":1,"follow_whitelist_video":1,"hongbao_2018":1}},"reposts_count":3,"comments_count":1,"attitudes_count":0,"pending_approval_count":0,"isLongText":false,"visible":{"type":0,"list_id":0},"more_info_type":0,"content_auth":0,"edit_config":{"edited":false},"mblogtype":0,"bid":"xi99L5iWX"},"show_type":0},{"card_type":9,"itemid":"1076031401527553_-_3343232738783507","scheme":"https:\/\/m.weibo.cn\/status\/xi8GdAQZt?mblogid=xi8GdAQZt&luicode=10000011&lfid=1076031401527553","mblog":{"created_at":"2011-08-06","id":"3343232738783507","idstr":"3343232738783507","mid":"3343232738783507","can_edit":false,"text":"<a class='k' href='https:\/\/m.weibo.cn\/k\/black+hat?from=feed'>#black hat#<\/a>\u7684\u6f14\u8bb2\u95e8\u69db\u4e0d\u7b97\u7279\u522b\u9ad8\uff0c\u56fd\u5185\u4e0d\u5c11\u4eba\u5b8c\u5168\u53ef\u4ee5\u53bb\u53c2\u52a0\u3002\u4eca\u5e74<a class='k' href='https:\/\/m.weibo.cn\/k\/black+hat?from=feed'>#black hat#<\/a>\u5c55\u4f1a\u4e0a\uff0cBIT9\u516c\u53f8\u7684T\u6064\u4e0a\u5370\u4e86\u4e00\u884c\u4e2d\u6587\u3002\u800c<a class='k' href='https:\/\/m.weibo.cn\/k\/defcon?from=feed'>#defcon#<\/a>\u4e3b\u529e\u8005\u81ea\u5df1\u6f14\u8bb2\u90a3\u573a\u7684PPT\u4e0a\u66f4\u591a\u6b21\u51fa\u73b0\u4e86\u4e2d\u6587\u3002\u5e0c\u671b\u67d0\u5929\u80fd\u6709\u4eba\u5728<a class='k' href='https:\/\/m.weibo.cn\/k\/black+hat?from=feed'>#black hat#<\/a>\u4e0a\u7528\u4e2d\u82f1\u6587\u6df7\u5408\u7684PPT\u6f14\u8bb2\u3002 \u200b\u200b\u200b","source":"S60\u5ba2\u6237\u7aef","favorited":false,"is_paid":false,"mblog_vip_type":0,"user":{"id":1401527553,"screen_name":"tombkeeper","profile_image_url":"https:\/\/tva2.sinaimg.cn\/crop.0.0.180.180.180\/53899d01jw8fcb9qpe7vbj2050050mx8.jpg","profile_url":"https:\/\/m.weibo.cn\/u\/1401527553?uid=1401527553&luicode=10000011&lfid=1076031401527553","statuses_count":15425,"verified":true,"verified_type":0,"verified_type_ext":1,"verified_reason":"\u77e5\u540d\u4e92\u8054\u7f51\u8d44\u8baf\u535a\u4e3b","close_blue_v":false,"description":"\u5fae\u535a\u672c\u5730\u8d44\u8baf\u535a\u4e3b\uff08\u521a\u679c\u5e03\u62c9\u67f4\u7ef4\u5c14\uff09","gender":"m","mbtype":12,"urank":48,"mbrank":6,"follow_me":false,"following":false,"followers_count":192533,"follow_count":277,"cover_image_phone":"https:\/\/tva1.sinaimg.cn\/crop.0.0.640.640.640\/549d0121tw1egm1kjly3jj20hs0hsq4f.jpg","avatar_hd":"https:\/\/ww2.sinaimg.cn\/orj480\/53899d01jw8fcb9qpe7vbj2050050mx8.jpg","like":false,"like_me":false,"badge":{"bind_taobao":1,"dzwbqlx_2016":1,"follow_whitelist_video":1,"hongbao_2018":1}},"reposts_count":6,"comments_count":3,"attitudes_count":0,"pending_approval_count":0,"isLongText":false,"visible":{"type":0,"list_id":0},"more_info_type":0,"content_auth":0,"edit_config":{"edited":false},"mblogtype":0,"page_info":{"page_pic":{"url":"https:\/\/ww2.sinaimg.cn\/thumb180\/74f67c55jw9ey1d5bokb5j2050050mx9.jpg"},"page_url":"https:\/\/m.weibo.cn\/p\/index?containerid=100808ee0ef21e4372f2391bc42e0da6ecd638&extparam=black+hat&luicode=10000011&lfid=1076031401527553","page_title":"#black hat#","content1":"","content2":"1\u4eba\u5173\u6ce8","type":"topic"},"bid":"xi8GdAQZt"},"show_type":0},{"card_type":9,"itemid":"1076031401527553_-_3343221137547793","scheme":"https:\/\/m.weibo.cn\/status\/xi8nvvFwB?mblogid=xi8nvvFwB&luicode=10000011&lfid=1076031401527553","mblog":{"created_at":"2011-08-06","id":"3343221137547793","idstr":"3343221137547793","mid":"3343221137547793","can_edit":false,"text":"<a class='k' href='https:\/\/m.weibo.cn\/k\/defcon?from=feed'>#defcon#<\/a> \u867d\u7136\u6ca1\u6709\u7279\u522b\u6df1\u7684\u6280\u672f\u7ec6\u8282\u6f14\u8bb2\uff0c\u4f46\u6709\u4e00\u4e9b\u8d44\u6df1\u4eba\u58eb\u4ecb\u7ecd\u65b9\u6cd5\u8bba\u5c42\u6b21\u7684\u4e1c\u897f\u3002\u8fd9\u5bf9\u521d\u5b66\u8005\uff0c\u751a\u81f3\u4ece\u4e1a\u591a\u5e74\u7684\u4eba\u53ef\u80fd\u90fd\u975e\u5e38\u6709\u4ef7\u503c\u3002\u53ea\u662f\u5982\u679c\u6ca1\u771f\u6b63\u5e72\u8fc7\u8fd9\u4e9b\u6d3b\uff0c\u4e5f\u8bb8\u4f1a\u89c9\u5f97\u7eaf\u5c5e\u5ffd\u60a0\u3002\u53ef\u4ee5\u8ba4\u4e3a<a class='k' href='https:\/\/m.weibo.cn\/k\/black+hat?from=feed'>#black hat#<\/a>\u4e3b\u8981\u662f\u6b66\u529f\u62db\u6570\uff0c\u800c\u8fd9\u4e9b\u5219\u662f\u5185\u529f\u5fc3\u6cd5\u3002 \u200b\u200b\u200b","source":"S60\u5ba2\u6237\u7aef","favorited":false,"is_paid":false,"mblog_vip_type":0,"user":{"id":1401527553,"screen_name":"tombkeeper","profile_image_url":"https:\/\/tva2.sinaimg.cn\/crop.0.0.180.180.180\/53899d01jw8fcb9qpe7vbj2050050mx8.jpg","profile_url":"https:\/\/m.weibo.cn\/u\/1401527553?uid=1401527553&luicode=10000011&lfid=1076031401527553","statuses_count":15425,"verified":true,"verified_type":0,"verified_type_ext":1,"verified_reason":"\u77e5\u540d\u4e92\u8054\u7f51\u8d44\u8baf\u535a\u4e3b","close_blue_v":false,"description":"\u5fae\u535a\u672c\u5730\u8d44\u8baf\u535a\u4e3b\uff08\u521a\u679c\u5e03\u62c9\u67f4\u7ef4\u5c14\uff09","gender":"m","mbtype":12,"urank":48,"mbrank":6,"follow_me":false,"following":false,"followers_count":192533,"follow_count":277,"cover_image_phone":"https:\/\/tva1.sinaimg.cn\/crop.0.0.640.640.640\/549d0121tw1egm1kjly3jj20hs0hsq4f.jpg","avatar_hd":"https:\/\/ww2.sinaimg.cn\/orj480\/53899d01jw8fcb9qpe7vbj2050050mx8.jpg","like":false,"like_me":false,"badge":{"bind_taobao":1,"dzwbqlx_2016":1,"follow_whitelist_video":1,"hongbao_2018":1}},"reposts_count":8,"comments_count":4,"attitudes_count":0,"pending_approval_count":0,"isLongText":false,"visible":{"type":0,"list_id":0},"more_info_type":0,"content_auth":0,"edit_config":{"edited":false},"mblogtype":0,"page_info":{"page_pic":{"url":"https:\/\/ww2.sinaimg.cn\/thumb180\/74f67c55jw9ey1d5bokb5j2050050mx9.jpg"},"page_url":"https:\/\/m.weibo.cn\/p\/index?containerid=100808ee0ef21e4372f2391bc42e0da6ecd638&extparam=black+hat&luicode=10000011&lfid=1076031401527553","page_title":"#black hat#","content1":"","content2":"1\u4eba\u5173\u6ce8","type":"topic"},"bid":"xi8nvvFwB"},"show_type":0},{"card_type":9,"itemid":"1076031401527553_-_3343218313810704","scheme":"https:\/\/m.weibo.cn\/status\/xi8iXfZkY?mblogid=xi8iXfZkY&luicode=10000011&lfid=1076031401527553","mblog":{"created_at":"2011-08-06","id":"3343218313810704","idstr":"3343218313810704","mid":"3343218313810704","can_edit":false,"text":"<a class='k' href='https:\/\/m.weibo.cn\/k\/black+hat?from=feed'>#black hat#<\/a> \u7684\u7b2c\u4e00\u5929\u7b2c\u4e00\u573a\uff0c\u539f\u672c\u5e94\u8be5\u662f\u90a3\u4e2aL0pht\u7684\u8001\u54e5\u8bb2\uff0c\u4f46\u4e34\u65f6\u6362\u6210\u4e00\u4e2a\u636e\u8bf4\u5e72\u4e86\u51e0\u5341\u5e74\u7684\u8001CIA\u4e0a\u6765\u3002\u4ed6\u8bb2\u4e86\u8bb8\u591a\u5b98\u8bdd\u3002\u4e8e\u662f\u4e0d\u5149\u542c\u4f17\u4e0d\u9ad8\u5174\uff0c\u4e3b\u529e\u65b9\u4e5f\u6012\u4e86\u3002\u4e3a\u8868\u793a\u4e0d\u6ee1\uff0c\u4f1a\u8bae\u7ec4\u7ec7\u8005\u8ba9\u9152\u5e97\u628a\u8fd9\u5c42\u697c\u7684\u5b89\u9632\u8b66\u62a5\u6253\u5f00\u3002\u4ed6\u4e00\u8bf4\u8bdd\uff0c\u8b66\u62a5\u5c31\u54cd\u3002\u4e00\u8bf4\u8bdd\uff0c\u8b66\u62a5\u5c31\u54cd\u3002\u4e00\u8bf4\u8bdd\uff0c\u8b66\u62a5\u5c31\u54cd\u3002 \u200b\u200b\u200b","source":"S60\u5ba2\u6237\u7aef","favorited":false,"is_paid":false,"mblog_vip_type":0,"user":{"id":1401527553,"screen_name":"tombkeeper","profile_image_url":"https:\/\/tva2.sinaimg.cn\/crop.0.0.180.180.180\/53899d01jw8fcb9qpe7vbj2050050mx8.jpg","profile_url":"https:\/\/m.weibo.cn\/u\/1401527553?uid=1401527553&luicode=10000011&lfid=1076031401527553","statuses_count":15425,"verified":true,"verified_type":0,"verified_type_ext":1,"verified_reason":"\u77e5\u540d\u4e92\u8054\u7f51\u8d44\u8baf\u535a\u4e3b","close_blue_v":false,"description":"\u5fae\u535a\u672c\u5730\u8d44\u8baf\u535a\u4e3b\uff08\u521a\u679c\u5e03\u62c9\u67f4\u7ef4\u5c14\uff09","gender":"m","mbtype":12,"urank":48,"mbrank":6,"follow_me":false,"following":false,"followers_count":192533,"follow_count":277,"cover_image_phone":"https:\/\/tva1.sinaimg.cn\/crop.0.0.640.640.640\/549d0121tw1egm1kjly3jj20hs0hsq4f.jpg","avatar_hd":"https:\/\/ww2.sinaimg.cn\/orj480\/53899d01jw8fcb9qpe7vbj2050050mx8.jpg","like":false,"like_me":false,"badge":{"bind_taobao":1,"dzwbqlx_2016":1,"follow_whitelist_video":1,"hongbao_2018":1}},"reposts_count":25,"comments_count":9,"attitudes_count":0,"pending_approval_count":0,"isLongText":false,"visible":{"type":0,"list_id":0},"more_info_type":0,"content_auth":0,"edit_config":{"edited":false},"mblogtype":0,"page_info":{"page_pic":{"url":"https:\/\/ww2.sinaimg.cn\/thumb180\/74f67c55jw9ey1d5bokb5j2050050mx9.jpg"},"page_url":"https:\/\/m.weibo.cn\/p\/index?containerid=100808ee0ef21e4372f2391bc42e0da6ecd638&extparam=black+hat&luicode=10000011&lfid=1076031401527553","page_title":"#black hat#","content1":"","content2":"1\u4eba\u5173\u6ce8","type":"topic"},"bid":"xi8iXfZkY"},"show_type":0},{"card_type":9,"itemid":"1076031401527553_-_3343215944630648","scheme":"https:\/\/m.weibo.cn\/status\/xi8f8jqDS?mblogid=xi8f8jqDS&luicode=10000011&lfid=1076031401527553","mblog":{"created_at":"2011-08-06","id":"3343215944630648","idstr":"3343215944630648","mid":"3343215944630648","can_edit":false,"text":"\u56de\u590d <a href='https:\/\/m.weibo.cn\/n\/Exa\u7801\u519c'>@Exa\u7801\u519c<\/a>:\u5728\u8fd9\u79cd\u5730\u65b9\uff0c\u5927\u80e1\u5b50\u957f\u5934\u53d1\u4e4b\u6d41\uff0c\u6839\u672c\u4e0d\u7b97\u53e6\u7c7b\u3002\u8fde\u7a7f\u82cf\u683c\u5170\u88d9\u7684\uff0c\u624e\u72b9\u592a\u5c0f\u8fab\u7684\u90fd\u6392\u4e0d\u4e0a\u53f7\u3002 \/\/<a href='https:\/\/m.weibo.cn\/n\/Exa\u7801\u519c'>@Exa\u7801\u519c<\/a>:\u6ca1\u6709\u5927\u80e1\u5b50\u957f\u5934\u53d1\u7684\u4fc4\u56fd\u3001\u4e1c\u6b27\u602a\u53d4\u53d4\uff1f","source":"S60\u5ba2\u6237\u7aef","favorited":false,"is_paid":false,"mblog_vip_type":0,"user":{"id":1401527553,"screen_name":"tombkeeper","profile_image_url":"https:\/\/tva2.sinaimg.cn\/crop.0.0.180.180.180\/53899d01jw8fcb9qpe7vbj2050050mx8.jpg","profile_url":"https:\/\/m.weibo.cn\/u\/1401527553?uid=1401527553&luicode=10000011&lfid=1076031401527553","statuses_count":15425,"verified":true,"verified_type":0,"verified_type_ext":1,"verified_reason":"\u77e5\u540d\u4e92\u8054\u7f51\u8d44\u8baf\u535a\u4e3b","close_blue_v":false,"description":"\u5fae\u535a\u672c\u5730\u8d44\u8baf\u535a\u4e3b\uff08\u521a\u679c\u5e03\u62c9\u67f4\u7ef4\u5c14\uff09","gender":"m","mbtype":12,"urank":48,"mbrank":6,"follow_me":false,"following":false,"followers_count":192533,"follow_count":277,"cover_image_phone":"https:\/\/tva1.sinaimg.cn\/crop.0.0.640.640.640\/549d0121tw1egm1kjly3jj20hs0hsq4f.jpg","avatar_hd":"https:\/\/ww2.sinaimg.cn\/orj480\/53899d01jw8fcb9qpe7vbj2050050mx8.jpg","like":false,"like_me":false,"badge":{"bind_taobao":1,"dzwbqlx_2016":1,"follow_whitelist_video":1,"hongbao_2018":1}},"retweeted_status":{"created_at":"2011-08-06","id":"3343213465763993","idstr":"3343213465763993","mid":"3343213465763993","can_edit":false,"text":"\u6211\u89c9\u5f97\u6211\u51fa\u5dee\u5e26\u7684\u9ed1\u9e703-Day\u548c\u8ff7\u4f60\u6742\u7269\u5305\u4e4b\u7c7b\u5df2\u7ecf\u6bd4\u8f83\u5938\u5f20\u4e86\u3002\u4f46<a class='k' href='https:\/\/m.weibo.cn\/k\/defcon?from=feed'>#defcon#<\/a>\u4f1a\u573a\u91cc\u6709\u8bb8\u591a\u5168\u8eabMOLLE\uff0c\u80cc\u4e2a\u6c34\u888b\u5305\uff0c\u7529\u4e2a\u6c34\u5634\u5728\u80f8\u524d\uff0c\u8fd8\u62ff\u624b\u7535\u7167\u6765\u7167\u53bb\u7684\u4eba\u3002 \u200b\u200b\u200b","source":"S60\u5ba2\u6237\u7aef","favorited":false,"is_paid":false,"mblog_vip_type":0,"user":{"id":1401527553,"screen_name":"tombkeeper","profile_image_url":"https:\/\/tva2.sinaimg.cn\/crop.0.0.180.180.180\/53899d01jw8fcb9qpe7vbj2050050mx8.jpg","profile_url":"https:\/\/m.weibo.cn\/u\/1401527553?uid=1401527553&luicode=10000011&lfid=1076031401527553","statuses_count":15425,"verified":true,"verified_type":0,"verified_type_ext":1,"verified_reason":"\u77e5\u540d\u4e92\u8054\u7f51\u8d44\u8baf\u535a\u4e3b","close_blue_v":false,"description":"\u5fae\u535a\u672c\u5730\u8d44\u8baf\u535a\u4e3b\uff08\u521a\u679c\u5e03\u62c9\u67f4\u7ef4\u5c14\uff09","gender":"m","mbtype":12,"urank":48,"mbrank":6,"follow_me":false,"following":false,"followers_count":192533,"follow_count":277,"cover_image_phone":"https:\/\/tva1.sinaimg.cn\/crop.0.0.640.640.640\/549d0121tw1egm1kjly3jj20hs0hsq4f.jpg","avatar_hd":"https:\/\/ww2.sinaimg.cn\/orj480\/53899d01jw8fcb9qpe7vbj2050050mx8.jpg","like":false,"like_me":false,"badge":{"bind_taobao":1,"dzwbqlx_2016":1,"follow_whitelist_video":1,"hongbao_2018":1}},"reposts_count":5,"comments_count":3,"attitudes_count":0,"pending_approval_count":0,"isLongText":false,"visible":{"type":0,"list_id":0},"more_info_type":0,"content_auth":0,"edit_config":{"edited":false},"bid":"xi8b8obtD"},"reposts_count":2,"comments_count":2,"attitudes_count":0,"pending_approval_count":0,"isLongText":false,"visible":{"type":0,"list_id":0},"more_info_type":0,"content_auth":0,"edit_config":{"edited":false},"mblogtype":0,"obj_ext":"","raw_text":"\u56de\u590d @Exa\u7801\u519c:\u5728\u8fd9\u79cd\u5730\u65b9\uff0c\u5927\u80e1\u5b50\u957f\u5934\u53d1\u4e4b\u6d41\uff0c\u6839\u672c\u4e0d\u7b97\u53e6\u7c7b\u3002\u8fde\u7a7f\u82cf\u683c\u5170\u88d9\u7684\uff0c\u624e\u72b9\u592a\u5c0f\u8fab\u7684\u90fd\u6392\u4e0d\u4e0a\u53f7\u3002 \/\/@Exa\u7801\u519c:\u6ca1\u6709\u5927\u80e1\u5b50\u957f\u5934\u53d1\u7684\u4fc4\u56fd\u3001\u4e1c\u6b27\u602a\u53d4\u53d4\uff1f","bid":"xi8f8jqDS"},"show_type":0},{"card_type":9,"itemid":"1076031401527553_-_3343215000541362","scheme":"https:\/\/m.weibo.cn\/status\/xi8dC2gPE?mblogid=xi8dC2gPE&luicode=10000011&lfid=1076031401527553","mblog":{"created_at":"2011-08-06","id":"3343215000541362","idstr":"3343215000541362","mid":"3343215000541362","can_edit":false,"text":"\u6211\u6ce8\u610f\u5230\uff0c\u53c2\u52a0<a class='k' href='https:\/\/m.weibo.cn\/k\/defcon?from=feed'>#defcon#<\/a>\u7684\u4eba\u603b\u4f53\u6bd4<a class='k' href='https:\/\/m.weibo.cn\/k\/black+hat?from=feed'>#black hat#<\/a>\u7626\u5f88\u591a\uff0c\u4e5f\u8bb8\u662f\u5e73\u5747\u5e74\u9f84\u8f83\u4f4e\u7684\u7f18\u6545\u5427\u3002\u5728<a class='k' href='https:\/\/m.weibo.cn\/k\/black+hat?from=feed'>#black hat#<\/a>\u4e0a\uff0c\u6211\u89c1\u5230\u4e86\u5f88\u591a\u81f3\u5c11350\u65a4\u7684\u4eba\u3002 \u200b\u200b\u200b","source":"S60\u5ba2\u6237\u7aef","favorited":false,"thumbnail_pic":"http:\/\/ww4.sinaimg.cn\/thumbnail\/53899d01jw1djv81tej0lj.jpg","bmiddle_pic":"http:\/\/ww4.sinaimg.cn\/bmiddle\/53899d01jw1djv81tej0lj.jpg","original_pic":"http:\/\/ww4.sinaimg.cn\/large\/53899d01jw1djv81tej0lj.jpg","is_paid":false,"mblog_vip_type":0,"user":{"id":1401527553,"screen_name":"tombkeeper","profile_image_url":"https:\/\/tva2.sinaimg.cn\/crop.0.0.180.180.180\/53899d01jw8fcb9qpe7vbj2050050mx8.jpg","profile_url":"https:\/\/m.weibo.cn\/u\/1401527553?uid=1401527553&luicode=10000011&lfid=1076031401527553","statuses_count":15425,"verified":true,"verified_type":0,"verified_type_ext":1,"verified_reason":"\u77e5\u540d\u4e92\u8054\u7f51\u8d44\u8baf\u535a\u4e3b","close_blue_v":false,"description":"\u5fae\u535a\u672c\u5730\u8d44\u8baf\u535a\u4e3b\uff08\u521a\u679c\u5e03\u62c9\u67f4\u7ef4\u5c14\uff09","gender":"m","mbtype":12,"urank":48,"mbrank":6,"follow_me":false,"following":false,"followers_count":192533,"follow_count":277,"cover_image_phone":"https:\/\/tva1.sinaimg.cn\/crop.0.0.640.640.640\/549d0121tw1egm1kjly3jj20hs0hsq4f.jpg","avatar_hd":"https:\/\/ww2.sinaimg.cn\/orj480\/53899d01jw8fcb9qpe7vbj2050050mx8.jpg","like":false,"like_me":false,"badge":{"bind_taobao":1,"dzwbqlx_2016":1,"follow_whitelist_video":1,"hongbao_2018":1}},"reposts_count":0,"comments_count":0,"attitudes_count":0,"pending_approval_count":0,"isLongText":false,"visible":{"type":0,"list_id":0},"more_info_type":0,"content_auth":0,"edit_config":{"edited":false},"mblogtype":0,"page_info":{"page_pic":{"url":"https:\/\/ww2.sinaimg.cn\/thumb180\/74f67c55jw9ey1d5bokb5j2050050mx9.jpg"},"page_url":"https:\/\/m.weibo.cn\/p\/index?containerid=100808ee0ef21e4372f2391bc42e0da6ecd638&extparam=black+hat&luicode=10000011&lfid=1076031401527553","page_title":"#black hat#","content1":"","content2":"1\u4eba\u5173\u6ce8","type":"topic"},"bid":"xi8dC2gPE","pics":[{"pid":"53899d01jw1djv81tej0lj","url":"https:\/\/ww4.sinaimg.cn\/orj360\/53899d01jw1djv81tej0lj.jpg","size":"orj360","geo":false,"large":{"size":"large","url":"https:\/\/ww4.sinaimg.cn\/large\/53899d01jw1djv81tej0lj.jpg","geo":false}}]},"show_type":0},{"card_type":9,"itemid":"1076031401527553_-_3343213465763993","scheme":"https:\/\/m.weibo.cn\/status\/xi8b8obtD?mblogid=xi8b8obtD&luicode=10000011&lfid=1076031401527553","mblog":{"created_at":"2011-08-06","id":"3343213465763993","idstr":"3343213465763993","mid":"3343213465763993","can_edit":false,"text":"\u6211\u89c9\u5f97\u6211\u51fa\u5dee\u5e26\u7684\u9ed1\u9e703-Day\u548c\u8ff7\u4f60\u6742\u7269\u5305\u4e4b\u7c7b\u5df2\u7ecf\u6bd4\u8f83\u5938\u5f20\u4e86\u3002\u4f46<a class='k' href='https:\/\/m.weibo.cn\/k\/defcon?from=feed'>#defcon#<\/a>\u4f1a\u573a\u91cc\u6709\u8bb8\u591a\u5168\u8eabMOLLE\uff0c\u80cc\u4e2a\u6c34\u888b\u5305\uff0c\u7529\u4e2a\u6c34\u5634\u5728\u80f8\u524d\uff0c\u8fd8\u62ff\u624b\u7535\u7167\u6765\u7167\u53bb\u7684\u4eba\u3002 \u200b\u200b\u200b","source":"S60\u5ba2\u6237\u7aef","favorited":false,"is_paid":false,"mblog_vip_type":0,"user":{"id":1401527553,"screen_name":"tombkeeper","profile_image_url":"https:\/\/tva2.sinaimg.cn\/crop.0.0.180.180.180\/53899d01jw8fcb9qpe7vbj2050050mx8.jpg","profile_url":"https:\/\/m.weibo.cn\/u\/1401527553?uid=1401527553&luicode=10000011&lfid=1076031401527553","statuses_count":15425,"verified":true,"verified_type":0,"verified_type_ext":1,"verified_reason":"\u77e5\u540d\u4e92\u8054\u7f51\u8d44\u8baf\u535a\u4e3b","close_blue_v":false,"description":"\u5fae\u535a\u672c\u5730\u8d44\u8baf\u535a\u4e3b\uff08\u521a\u679c\u5e03\u62c9\u67f4\u7ef4\u5c14\uff09","gender":"m","mbtype":12,"urank":48,"mbrank":6,"follow_me":false,"following":false,"followers_count":192533,"follow_count":277,"cover_image_phone":"https:\/\/tva1.sinaimg.cn\/crop.0.0.640.640.640\/549d0121tw1egm1kjly3jj20hs0hsq4f.jpg","avatar_hd":"https:\/\/ww2.sinaimg.cn\/orj480\/53899d01jw8fcb9qpe7vbj2050050mx8.jpg","like":false,"like_me":false,"badge":{"bind_taobao":1,"dzwbqlx_2016":1,"follow_whitelist_video":1,"hongbao_2018":1}},"reposts_count":5,"comments_count":3,"attitudes_count":0,"pending_approval_count":0,"isLongText":false,"visible":{"type":0,"list_id":0},"more_info_type":0,"content_auth":0,"edit_config":{"edited":false},"mblogtype":0,"bid":"xi8b8obtD"},"show_type":0},{"card_type":9,"itemid":"1076031401527553_-_3343208642240522","scheme":"https:\/\/m.weibo.cn\/status\/xi83m9oRs?mblogid=xi83m9oRs&luicode=10000011&lfid=1076031401527553","mblog":{"created_at":"2011-08-06","id":"3343208642240522","idstr":"3343208642240522","mid":"3343208642240522","can_edit":false,"text":"<a class='k' href='https:\/\/m.weibo.cn\/k\/defcon?from=feed'>#defcon#<\/a>\u7684\u7968\u4ef7\u4ec5\u4e3a<a class='k' href='https:\/\/m.weibo.cn\/k\/black+hat?from=feed'>#black hat#<\/a>\u7684\u5341\u5206\u4e4b\u4e00\uff0c\u518d\u52a0\u4e0a\u6f14\u8bb2\u7684\u6280\u672f\u6df1\u5ea6\u8f83\u4f4e\uff0c\u6574\u4f53\u5a31\u4e50\u6027\u53c8\u8f83\u5f3a\uff0c\u6240\u4ee5\u53c2\u4f1a\u4eba\u6570\u51e0\u500d\u4e8e<a class='k' href='https:\/\/m.weibo.cn\/k\/black+hat?from=feed'>#black hat#<\/a>\u3002\u5f88\u591a\u4eba\u5b8c\u5168\u662f\u5f53party\u6765\u53c2\u52a0\u7684\u3002 \u200b\u200b\u200b","source":"S60\u5ba2\u6237\u7aef","favorited":false,"is_paid":false,"mblog_vip_type":0,"user":{"id":1401527553,"screen_name":"tombkeeper","profile_image_url":"https:\/\/tva2.sinaimg.cn\/crop.0.0.180.180.180\/53899d01jw8fcb9qpe7vbj2050050mx8.jpg","profile_url":"https:\/\/m.weibo.cn\/u\/1401527553?uid=1401527553&luicode=10000011&lfid=1076031401527553","statuses_count":15425,"verified":true,"verified_type":0,"verified_type_ext":1,"verified_reason":"\u77e5\u540d\u4e92\u8054\u7f51\u8d44\u8baf\u535a\u4e3b","close_blue_v":false,"description":"\u5fae\u535a\u672c\u5730\u8d44\u8baf\u535a\u4e3b\uff08\u521a\u679c\u5e03\u62c9\u67f4\u7ef4\u5c14\uff09","gender":"m","mbtype":12,"urank":48,"mbrank":6,"follow_me":false,"following":false,"followers_count":192533,"follow_count":277,"cover_image_phone":"https:\/\/tva1.sinaimg.cn\/crop.0.0.640.640.640\/549d0121tw1egm1kjly3jj20hs0hsq4f.jpg","avatar_hd":"https:\/\/ww2.sinaimg.cn\/orj480\/53899d01jw8fcb9qpe7vbj2050050mx8.jpg","like":false,"like_me":false,"badge":{"bind_taobao":1,"dzwbqlx_2016":1,"follow_whitelist_video":1,"hongbao_2018":1}},"reposts_count":4,"comments_count":3,"attitudes_count":0,"pending_approval_count":0,"isLongText":false,"visible":{"type":0,"list_id":0},"more_info_type":0,"content_auth":0,"edit_config":{"edited":false},"mblogtype":0,"page_info":{"page_pic":{"url":"https:\/\/ww2.sinaimg.cn\/thumb180\/74f67c55jw9ey1d5bokb5j2050050mx9.jpg"},"page_url":"https:\/\/m.weibo.cn\/p\/index?containerid=100808ee0ef21e4372f2391bc42e0da6ecd638&extparam=black+hat&luicode=10000011&lfid=1076031401527553","page_title":"#black hat#","content1":"","content2":"1\u4eba\u5173\u6ce8","type":"topic"},"bid":"xi83m9oRs"},"show_type":0},{"card_type":9,"itemid":"1076031401527553_-_3343205484133370","scheme":"https:\/\/m.weibo.cn\/status\/xi7Yghlhg?mblogid=xi7Yghlhg&luicode=10000011&lfid=1076031401527553","mblog":{"created_at":"2011-08-06","id":"3343205484133370","idstr":"3343205484133370","mid":"3343205484133370","can_edit":false,"text":"\u6211\u524d\u9762\u8bf4\u4e86\uff0c<a class='k' href='https:\/\/m.weibo.cn\/k\/black+hat?from=feed'>#black hat#<\/a>\u8fd8\u7b97\u6bd4\u8f83\u6b63\u7ecf\u7684\u4f1a\uff0c\u5c31\u662f\u76f8\u5bf9<a class='k' href='https:\/\/m.weibo.cn\/k\/defcon?from=feed'>#defcon#<\/a>\u800c\u8a00\u7684\u3002<a class='k' href='https:\/\/m.weibo.cn\/k\/defcon?from=feed'>#defcon#<\/a>\u7684\u5b9a\u4f4d\u7edd\u5bf9\u662f\u628a\u5a31\u4e50\u653e\u5728\u7b2c\u4e00\u4f4d\u3002\u53ef\u4ee5\u8fd9\u4e48\u8bf4\uff1a<a class='k' href='https:\/\/m.weibo.cn\/k\/black+hat?from=feed'>#black hat#<\/a>\u4ea4\u6d41\u6280\u672f\uff0c\u800c<a class='k' href='https:\/\/m.weibo.cn\/k\/defcon?from=feed'>#defcon#<\/a>\u4f20\u64ad\u6587\u5316\u3002 \u200b\u200b\u200b","source":"S60\u5ba2\u6237\u7aef","favorited":false,"is_paid":false,"mblog_vip_type":0,"user":{"id":1401527553,"screen_name":"tombkeeper","profile_image_url":"https:\/\/tva2.sinaimg.cn\/crop.0.0.180.180.180\/53899d01jw8fcb9qpe7vbj2050050mx8.jpg","profile_url":"https:\/\/m.weibo.cn\/u\/1401527553?uid=1401527553&luicode=10000011&lfid=1076031401527553","statuses_count":15425,"verified":true,"verified_type":0,"verified_type_ext":1,"verified_reason":"\u77e5\u540d\u4e92\u8054\u7f51\u8d44\u8baf\u535a\u4e3b","close_blue_v":false,"description":"\u5fae\u535a\u672c\u5730\u8d44\u8baf\u535a\u4e3b\uff08\u521a\u679c\u5e03\u62c9\u67f4\u7ef4\u5c14\uff09","gender":"m","mbtype":12,"urank":48,"mbrank":6,"follow_me":false,"following":false,"followers_count":192533,"follow_count":277,"cover_image_phone":"https:\/\/tva1.sinaimg.cn\/crop.0.0.640.640.640\/549d0121tw1egm1kjly3jj20hs0hsq4f.jpg","avatar_hd":"https:\/\/ww2.sinaimg.cn\/orj480\/53899d01jw8fcb9qpe7vbj2050050mx8.jpg","like":false,"like_me":false,"badge":{"bind_taobao":1,"dzwbqlx_2016":1,"follow_whitelist_video":1,"hongbao_2018":1}},"reposts_count":0,"comments_count":1,"attitudes_count":0,"pending_approval_count":0,"isLongText":false,"visible":{"type":0,"list_id":0},"more_info_type":0,"content_auth":0,"edit_config":{"edited":false},"mblogtype":0,"page_info":{"page_pic":{"url":"https:\/\/ww2.sinaimg.cn\/thumb180\/74f67c55jw9ey1d5bokb5j2050050mx9.jpg"},"page_url":"https:\/\/m.weibo.cn\/p\/index?containerid=100808ee0ef21e4372f2391bc42e0da6ecd638&extparam=black+hat&luicode=10000011&lfid=1076031401527553","page_title":"#black hat#","content1":"","content2":"1\u4eba\u5173\u6ce8","type":"topic"},"bid":"xi7Yghlhg"},"show_type":0}],"showAppTips":0,"scheme":"sinaweibo:\/\/cardlist?containerid=1076031401527553&extparam=&luicode=10000011&lfid=&featurecode="}}