{"ok":1,"data":{"cardlistInfo":{"containerid":"1076031401527553","v_p":42,"show_style":1,"total":15518,"page":50},"cards":[{"card_type":9,"itemid":"1076031401527553_-_15690014852","scheme":"https:\/\/m.weibo.cn\/status\/pj03Ry?mblogid=pj03Ry&luicode=10000011&lfid=1076031401527553","mblog":{"created_at":"2011-07-30","id":"3340940412810110","idstr":"15690014852","mid":"3340940412810110","can_edit":false,"text":"\u8fd9\u6bd4\u201c\u54b1\u4eec\u56fd\u5bb6\u6cd5\u5f8b\u662ftxt\u6587\u4ef6\uff0c\u4e0d\u662fexe\u6587\u4ef6\u201d\u66f4\u6df1\u5165\u900f\u5f7b\u3002 \/\/<a href='https:\/\/m.weibo.cn\/n\/\u6881\u4f1f_Python'>@\u6881\u4f1f_Python<\/a>\uff1a\/\/<a href='https:\/\/m.weibo.cn\/n\/panda_nsfocus'>@panda_nsfocus<\/a>\uff1a\/\/<a href='https:\/\/m.weibo.cn\/n\/_\u6d77_\u6d9b'>@_\u6d77_\u6d9b<\/a>:\u65e0","source":"\u5fae\u535a weibo.com","favorited":false,"is_paid":false,"mblog_vip_type":0,"user":{"id":1401527553,"screen_name":"tombkeeper","profile_image_url":"https:\/\/tva2.sinaimg.cn\/crop.0.0.180.180.180\/53899d01jw8fcb9qpe7vbj2050050mx8.jpg","profile_url":"https:\/\/m.weibo.cn\/u\/1401527553?uid=1401527553&luicode=10000011&lfid=1076031401527553","statuses_count":15425,"verified":true,"verified_type":0,"verified_type_ext":1,"verified_reason":"\u77e5\u540d\u4e92\u8054\u7f51\u8d44\u8baf\u535a\u4e3b","close_blue_v":false,"description":"\u5fae\u535a\u672c\u5730\u8d44\u8baf\u535a\u4e3b\uff08\u521a\u679c\u5e03\u62c9\u67f4\u7ef4\u5c14\uff09","gender":"m","mbtype":12,"urank":48,"mbrank":6,"follow_me":false,"following":false,"followers_count":192533,"follow_count":277,"cover_image_phone":"https:\/\/tva1.sinaimg.cn\/crop.0.0.640.640.640\/549d0121tw1egm1kjly3jj20hs0hsq4f.jpg","avatar_hd":"https:\/\/ww2.sinaimg.cn\/orj480\/53899d01jw8fcb9qpe7vbj2050050mx8.jpg","like":false,"like_me":false,"badge":{"bind_taobao":1,"dzwbqlx_2016":1,"follow_whitelist_video":1,"hongbao_2018":1}},"pid":3340937021621214,"retweeted_status":{"created_at":"2011-07-29","id":"3340549356544651","idstr":"15606183536","mid":"3340549356544651","can_edit":false,"text":"\u6628\u5929\u5730\u677f\u4e0a\u770b\u5230\u7684\u56de\u590d\uff1a\u201c\u54b1\u4eec\u56fd\u5bb6\u6cd5\u5f8b\u662f rwxr-xr-- \u7684\u201d\uff0c\u592a\u7cbe\u8f9f\u4e86\u3002 \u54c8\u54c8 \u200b\u200b\u200b","source":"\u5fae\u535a weibo.com","favorited":false,"is_paid":false,"mblog_vip_type":0,"user":{"id":1751990281,"screen_name":"zz_xixi","profile_image_url":"https:\/\/tva3.sinaimg.cn\/crop.0.0.180.180.180\/686d4009jw1e8qgp5bmzyj2050050aa8.jpg","profile_url":"https:\/\/m.weibo.cn\/u\/1751990281?uid=1751990281&luicode=10000011&lfid=1076031401527553","statuses_count":2930,"verified":false,"verified_type":-1,"close_blue_v":false,"description":"\u7f51\u540dxixi\uff0c\u8d44\u6df1\u7f51\u7edc\u5b89\u5168\u5de5\u4f5c\u8005\uff0c\u4f2a\u8bdd\u75e8\uff0c\u4f2a\u6781\u5ba2\uff0c\u4f2a\u5305\u5de5\u5934\u3002","gender":"m","mbtype":0,"urank":22,"mbrank":0,"follow_me":false,"following":false,"followers_count":3917,"follow_count":1264,"cover_image_phone":"https:\/\/tva1.sinaimg.cn\/crop.0.0.640.640.640\/a1d3feabjw1ecat4uqw77j20hs0hsacp.jpg","avatar_hd":"https:\/\/ww3.sinaimg.cn\/orj480\/686d4009jw1e8qgp5bmzyj2050050aa8.jpg","like":false,"like_me":false,"badge":{"bind_taobao":1}},"reposts_count":64,"comments_count":14,"attitudes_count":1,"pending_approval_count":0,"isLongText":false,"visible":{"type":0,"list_id":0},"more_info_type":0,"content_auth":0,"edit_config":{"edited":false},"bid":"papWCs"},"reposts_count":13,"comments_count":2,"attitudes_count":1,"pending_approval_count":0,"isLongText":false,"visible":{"type":0,"list_id":0},"more_info_type":0,"content_auth":0,"edit_config":{"edited":false},"mblogtype":0,"obj_ext":"","raw_text":"\u8fd9\u6bd4\u201c\u54b1\u4eec\u56fd\u5bb6\u6cd5\u5f8b\u662ftxt\u6587\u4ef6\uff0c\u4e0d\u662fexe\u6587\u4ef6\u201d\u66f4\u6df1\u5165\u900f\u5f7b\u3002 \/\/@\u6881\u4f1f_Python\uff1a\/\/@panda_nsfocus\uff1a\/\/@_\u6d77_\u6d9b:\u65e0","bid":"pj03Ry"},"show_type":0},{"card_type":9,"itemid":"1076031401527553_-_15688530878","scheme":"https:\/\/m.weibo.cn\/status\/pizNgO?mblogid=pizNgO&luicode=10000011&lfid=1076031401527553","mblog":{"created_at":"2011-07-30","id":"3340934398513203","idstr":"15688530878","mid":"3340934398513203","can_edit":false,"text":"\u8fd9\u4e8b\u6307\u5b9a\u53c8\u8981\u5728double vagina\u65cf\u4e2d\u6380\u8d77\u65b0\u4e00\u62e8\u5173\u4e8e\u80fd\u529b\u5b66\u5386\u7684\u626f\u6de1\u3002 \/\/<a href='https:\/\/m.weibo.cn\/n\/\u53ec\u5524Beta'>@\u53ec\u5524Beta<\/a>\uff1a\u54e6\u539f\u6765\u8bf4\u7684\u662f\u4ed6\u554a... \/\/<a href='https:\/\/m.weibo.cn\/n\/caoz'>@caoz<\/a>:\u6709\u70b9\u610f\u601d","source":"\u5fae\u535a weibo.com","favorited":false,"is_paid":false,"mblog_vip_type":0,"user":{"id":1401527553,"screen_name":"tombkeeper","profile_image_url":"https:\/\/tva2.sinaimg.cn\/crop.0.0.180.180.180\/53899d01jw8fcb9qpe7vbj2050050mx8.jpg","profile_url":"https:\/\/m.weibo.cn\/u\/1401527553?uid=1401527553&luicode=10000011&lfid=1076031401527553","statuses_count":15425,"verified":true,"verified_type":0,"verified_type_ext":1,"verified_reason":"\u77e5\u540d\u4e92\u8054\u7f51\u8d44\u8baf\u535a\u4e3b","close_blue_v":false,"description":"\u5fae\u535a\u672c\u5730\u8d44\u8baf\u535a\u4e3b\uff08\u521a\u679c\u5e03\u62c9\u67f4\u7ef4\u5c14\uff09","gender":"m","mbtype":12,"urank":48,"mbrank":6,"follow_me":false,"following":false,"followers_count":192533,"follow_count":277,"cover_image_phone":"https:\/\/tva1.sinaimg.cn\/crop.0.0.640.640.640\/549d0121tw1egm1kjly3jj20hs0hsq4f.jpg","avatar_hd":"https:\/\/ww2.sinaimg.cn\/orj480\/53899d01jw8fcb9qpe7vbj2050050mx8.jpg","like":false,"like_me":false,"badge":{"bind_taobao":1,"dzwbqlx_2016":1,"follow_whitelist_video":1,"hongbao_2018":1}},"pid":3340843106697406,"retweeted_status":{"created_at":"2011-07-30","id":"3340826799471180","idstr":"15660753785","mid":"3340826799471180","can_edit":false,"text":"\u91d1\u5c71\u8bcd\u9738CEO\u8d3e\u7433\uff0c\u88ab\u66dd\u865a\u6784\u5de5\u4f5c\u7ecf\u5386\uff0c\u9760\u4e00\u8def\u9020\u5047\u5f53\u4e0aCEO\u3002\u636eTechweb\u62a5\u9053\uff0c\u4ed6\u865a\u62df\u817e\u8baf\u7ecf\u5386\u9762\u8bd5\u8fdb\u4e86\u963f\u91cc\u5df4\u5df4\uff0c\u88ab\u963f\u91cc\u5df4\u5df4\u53d1\u73b0\u80fd\u529b\u4e0d\u6d4e\u540e\uff0c\u4ee5\u963f\u91cc\u5df4\u5df4\u5de5\u4f5c\u7ecf\u5386\u8fdb\u5165\u817e\u8baf\uff0c\u88ab\u53d1\u73b0\u80fd\u529b\u4e0d\u591f\u5f00\u9664\u540e\uff0c\u4ee5\u963f\u91cc\u5df4\u5df4\u548c\u817e\u8baf\u7684\u5de5\u4f5c\u7ecf\u5386\uff0c\u8fdb\u5165\u4e2d\u56fd\u6392\u540d\u524d\u51e0\u5341\u540d\u4e92\u8054\u7f51\u516c\u53f8\u505aCEO\u3002 \u200b\u200b\u200b","source":"Follow5","favorited":false,"thumbnail_pic":"http:\/\/ww4.sinaimg.cn\/thumbnail\/64f8b67ajw1djnlroxbwvj.jpg","bmiddle_pic":"http:\/\/ww4.sinaimg.cn\/bmiddle\/64f8b67ajw1djnlroxbwvj.jpg","original_pic":"http:\/\/ww4.sinaimg.cn\/large\/64f8b67ajw1djnlroxbwvj.jpg","is_paid":false,"mblog_vip_type":0,"user":{"id":1694021242,"screen_name":"\u90ed\u5409\u519b","profile_image_url":"https:\/\/tva1.sinaimg.cn\/crop.0.5.502.502.180\/64f8b67ajw8f7zv13hvuqj20dy0e8js4.jpg","profile_url":"https:\/\/m.weibo.cn\/u\/1694021242?uid=1694021242&luicode=10000011&lfid=1076031401527553","statuses_count":23656,"verified":true,"verified_type":0,"verified_type_ext":0,"verified_reason":"\u56fd\u5185\u8349\u6839\u660e\u661f\u7ad9\u957f\u3002\u65d7\u4e0b\u6709\u7231\u805a\u96c6\u3001\u91cd\u5e86\u6e9c\u3001\u5feb\u5178\u7f51\u7b49","close_blue_v":false,"description":"gjj\uff0c\u4e92\u8054\u7f51\u6e38\u4fa0\u3001\u7f8e\u5973\u7ecf\u7eaa\u4eba\u3001\u975e\u4e13\u4e1a\u4e3b\u6301\u4eba\u3001IT\u884c\u4e1a\u76ae\u6761\u5ba2\uff0c\u5076\u5c14\u5ba2\u4e32\u6587\u827a\u5708\u3002\u73b0\u5c31\u804c\u4e8e\u5e7f\u4e1c\u51e1\u8dc3\u96c6\u56e2\uff0c\u4efb\u96c6\u56e2\u5546\u52a1\u526f\u603b\u88c1","gender":"m","mbtype":12,"urank":48,"mbrank":7,"follow_me":false,"following":false,"followers_count":163271,"follow_count":3143,"cover_image_phone":"https:\/\/tva4.sinaimg.cn\/crop.0.0.0.0\/64f8b67ajw1ex5czv747sj20ku0ktgoe.jpg","avatar_hd":"https:\/\/ww1.sinaimg.cn\/orj480\/64f8b67ajw8f7zv13hvuqj20dy0e8js4.jpg","like":false,"like_me":false,"badge":{"bind_taobao":1,"dailv":1,"zongyiji":1,"unread_pool":1,"unread_pool_ext":1,"dzwbqlx_2016":1,"follow_whitelist_video":1,"super_star_2017":1,"hongbao_2018":1}},"reposts_count":312,"comments_count":113,"attitudes_count":0,"pending_approval_count":0,"isLongText":false,"visible":{"type":0,"list_id":0},"more_info_type":0,"content_auth":0,"edit_config":{"edited":false},"bid":"pg3a5P","pics":[{"pid":"64f8b67ajw1djnlroxbwvj","url":"https:\/\/ww4.sinaimg.cn\/orj360\/64f8b67ajw1djnlroxbwvj.jpg","size":"orj360","geo":false,"large":{"size":"large","url":"https:\/\/ww4.sinaimg.cn\/large\/64f8b67ajw1djnlroxbwvj.jpg","geo":false}}]},"reposts_count":3,"comments_count":0,"attitudes_count":0,"pending_approval_count":0,"isLongText":false,"visible":{"type":0,"list_id":0},"more_info_type":0,"content_auth":0,"edit_config":{"edited":false},"mblogtype":0,"obj_ext":"","raw_text":"\u8fd9\u4e8b\u6307\u5b9a\u53c8\u8981\u5728double vagina\u65cf\u4e2d\u6380\u8d77\u65b0\u4e00\u62e8\u5173\u4e8e\u80fd\u529b\u5b66\u5386\u7684\u626f\u6de1\u3002 \/\/@\u53ec\u5524Beta\uff1a\u54e6\u539f\u6765\u8bf4\u7684\u662f\u4ed6\u554a... \/\/@caoz:\u6709\u70b9\u610f\u601d","bid":"pizNgO"},"show_type":0},{"card_type":9,"itemid":"1076031401527553_-_15688070774","scheme":"https:\/\/m.weibo.cn\/status\/pixRzM?mblogid=pixRzM&luicode=10000011&lfid=1076031401527553","mblog":{"created_at":"2011-07-30","id":"3340932506600924","idstr":"15688070774","mid":"3340932506600924","can_edit":false,"text":"\u867d\u7136\u6570\u5b57\u4e0a\u5dee3\u500d\uff0c\u4f460.31\u8fd8\u662f0.13\u90fd\u5728\u6b63\u5e38\u8303\u56f4\u5185\u3002\u4e25\u683c\u8bf4\u8d77\u6765\uff0c\u9999\u8549\u6bd4\u82f9\u679c\u7684\u8f90\u5c04\u4e5f\u9ad8\u5f88\u591a\u500d\uff0c\u4f46\u90fd\u53ef\u4ee5\u653e\u5fc3\u5403\u3002\u4ece\u7167\u7247\u770b\uff0c\u6d66\u4e1c\u673a\u573a\u5730\u4e0a\u94fa\u7684\u4f3c\u4e4e\u662f\u82b1\u5c97\u5ca9\u3002\u82b1\u5c97\u5ca9\u7684\u8f90\u5c04\u901a\u5e38\u90fd\u6bd4\u6b63\u5e38\u73af\u5883\u7a0d\u9ad8\u3002 \/\/<a href='https:\/\/m.weibo.cn\/n\/\u9867\u8302\u6797'>@\u9867\u8302\u6797<\/a> <a href='https:\/\/m.weibo.cn\/n\/\u674e\u5b66\u658cV'>@\u674e\u5b66\u658cV<\/a> <a href='https:\/\/m.weibo.cn\/n\/\u957f\u57ce\u4f1a_\u91d1\u71d5kimyean'>@\u957f\u57ce\u4f1a_\u91d1\u71d5kimyean<\/a> <a href='https:\/\/m.weibo.cn\/n\/\u5728\u65e5\u672c\u505a\u6e38\u620f\u7684\u65e5\u5b50'>@\u5728\u65e5\u672c\u505a\u6e38\u620f\u7684\u65e5\u5b50<\/a> <a href='https:\/\/m.weibo.cn\/n\/\u4e1c\u4eac\u6d41\u884c\u901a\u8baf\u603b\u7f16\u59da\u8fdc'>@\u4e1c\u4eac\u6d41\u884c\u901a\u8baf\u603b\u7f16\u59da\u8fdc<\/a> : \u3002","source":"\u5fae\u535a weibo.com","favorited":false,"is_paid":false,"mblog_vip_type":0,"user":{"id":1401527553,"screen_name":"tombkeeper","profile_image_url":"https:\/\/tva2.sinaimg.cn\/crop.0.0.180.180.180\/53899d01jw8fcb9qpe7vbj2050050mx8.jpg","profile_url":"https:\/\/m.weibo.cn\/u\/1401527553?uid=1401527553&luicode=10000011&lfid=1076031401527553","statuses_count":15425,"verified":true,"verified_type":0,"verified_type_ext":1,"verified_reason":"\u77e5\u540d\u4e92\u8054\u7f51\u8d44\u8baf\u535a\u4e3b","close_blue_v":false,"description":"\u5fae\u535a\u672c\u5730\u8d44\u8baf\u535a\u4e3b\uff08\u521a\u679c\u5e03\u62c9\u67f4\u7ef4\u5c14\uff09","gender":"m","mbtype":12,"urank":48,"mbrank":6,"follow_me":false,"following":false,"followers_count":192533,"follow_count":277,"cover_image_phone":"https:\/\/tva1.sinaimg.cn\/crop.0.0.640.640.640\/549d0121tw1egm1kjly3jj20hs0hsq4f.jpg","avatar_hd":"https:\/\/ww2.sinaimg.cn\/orj480\/53899d01jw8fcb9qpe7vbj2050050mx8.jpg","like":false,"like_me":false,"badge":{"bind_taobao":1,"dzwbqlx_2016":1,"follow_whitelist_video":1,"hongbao_2018":1}},"pid":3340895346753741,"retweeted_status":{"created_at":"2011-07-30","id":"3340873081463408","idstr":"15673494872","mid":"3340873081463408","can_edit":false,"text":"\u4eca\u5929\u98de\u62b5\u4e0a\u6d77\uff0c\u8f6c\u7a0b\u53bb\u6d59\u6c5f\u7701\u821f\u5c71\u7fa4\u5c9b\u65b0\u533a\u53c2\u52a0\u4e2d\u56fd\u6d77\u6d0b\u8282\u7684\u95ed\u5e55\u5f0f\u3002\u7279\u5730\u5e26\u4e86\u4e00\u4e2a\u5317\u4eac\u6838\u4eea\u5668\u5382\u751f\u4ea7\u7684\u6838\u8f90\u5c04\u68c0\u6d4b\u4eea\uff0c\u4e0b\u4e86\u98de\u673a\u5728\u4e0a\u6d77\u6d66\u4e1c\u673a\u573a\u6d4b\u4e86\u4e00\u4e0b\uff0c\u5413\u4e86\u4e00\u8df3\uff0c\u5c45\u7136\u8fbe\u52300.31\u7ef4\u897f\u5f17\uff0c\u800c\u6211\u524d\u5929\u665a\u4e0a\u5728\u4e1c\u4eac\u94f6\u5ea7\u6d4b\u5f97\u7684\u6570\u636e\u662f0.13\u5fae\u897f\u5f17\uff0c\u4e0a\u6d77\u6bd4\u4e1c\u4eac\u9ad8\u51fa\u4e863\u500d\u3002\u4e3a\u4ec0\u4e48\uff1f \u200b\u200b\u200b","source":"\u5fae\u535a weibo.com","favorited":false,"thumbnail_pic":"http:\/\/ww1.sinaimg.cn\/thumbnail\/4cd1c167tw1djnr2y823sj.jpg","bmiddle_pic":"http:\/\/ww1.sinaimg.cn\/bmiddle\/4cd1c167tw1djnr2y823sj.jpg","original_pic":"http:\/\/ww1.sinaimg.cn\/large\/4cd1c167tw1djnr2y823sj.jpg","is_paid":false,"mblog_vip_type":0,"user":{"id":1288814951,"screen_name":"\u5f90\u9759\u6ce2\u5fae\u535a","profile_image_url":"https:\/\/tva2.sinaimg.cn\/crop.0.0.511.511.180\/4cd1c167jw8fb8ostyu6ij20e80e7jsd.jpg","profile_url":"https:\/\/m.weibo.cn\/u\/1288814951?uid=1288814951&luicode=10000011&lfid=1076031401527553","statuses_count":13647,"verified":true,"verified_type":0,"verified_type_ext":1,"verified_reason":"\u4e9a\u6d32\u901a\u8baf\u793e\u793e\u957f\u5f90\u9759\u6ce2 \u5fae\u535a\u7b7e\u7ea6\u81ea\u5a92\u4f53","close_blue_v":false,"description":"(\u65e5\u672c)\u4e9a\u6d32\u901a\u8baf\u793e\u793e\u957f\uff0c\u8fde\u7eed20\u5e74\u91c7\u8bbf\u4e2d\u56fd\u4e24\u4f1a\u548c\u4e2d\u56fd\u5171\u4ea7\u515a\u5168\u56fd\u4ee3\u8868\u5927\u4f1a\u3002\u8fde\u7eed3\u5e74\u8bc4\u4e3a\u65b0\u6d6a\u7f51\u3001\u51e4\u51f0\u7f51\u300c\u6700\u503c\u5f97\u5173\u6ce8\u5341\u5927\u535a\u4e3b\u300d\u3002","gender":"m","mbtype":12,"urank":47,"mbrank":6,"follow_me":false,"following":false,"followers_count":454902,"follow_count":1165,"cover_image_phone":"https:\/\/tva1.sinaimg.cn\/crop.0.0.640.640.640\/6cf8d7ebjw1ehfr4xa8psj20hs0hsgpg.jpg","avatar_hd":"https:\/\/ww2.sinaimg.cn\/orj480\/4cd1c167jw8fb8ostyu6ij20e80e7jsd.jpg","like":false,"like_me":false,"badge":{"vip_activity2":1,"self_media":1,"dzwbqlx_2016":1,"follow_whitelist_video":1,"suishoupai_2017":1,"hongbao_2018":1}},"reposts_count":5158,"comments_count":1242,"attitudes_count":1,"pending_approval_count":0,"isLongText":false,"visible":{"type":0,"list_id":0},"more_info_type":0,"content_auth":0,"edit_config":{"edited":false},"bid":"pheFaU","pics":[{"pid":"4cd1c167tw1djnr2y823sj","url":"https:\/\/ww1.sinaimg.cn\/orj360\/4cd1c167tw1djnr2y823sj.jpg","size":"orj360","geo":false,"large":{"size":"large","url":"https:\/\/ww1.sinaimg.cn\/large\/4cd1c167tw1djnr2y823sj.jpg","geo":false}}]},"reposts_count":0,"comments_count":1,"attitudes_count":0,"pending_approval_count":0,"isLongText":false,"visible":{"type":0,"list_id":0},"more_info_type":0,"content_auth":0,"edit_config":{"edited":false},"mblogtype":0,"obj_ext":"","raw_text":"\u867d\u7136\u6570\u5b57\u4e0a\u5dee3\u500d\uff0c\u4f460.31\u8fd8\u662f0.13\u90fd\u5728\u6b63\u5e38\u8303\u56f4\u5185\u3002\u4e25\u683c\u8bf4\u8d77\u6765\uff0c\u9999\u8549\u6bd4\u82f9\u679c\u7684\u8f90\u5c04\u4e5f\u9ad8\u5f88\u591a\u500d\uff0c\u4f46\u90fd\u53ef\u4ee5\u653e\u5fc3\u5403\u3002\u4ece\u7167\u7247\u770b\uff0c\u6d66\u4e1c\u673a\u573a\u5730\u4e0a\u94fa\u7684\u4f3c\u4e4e\u662f\u82b1\u5c97\u5ca9\u3002\u82b1\u5c97\u5ca9\u7684\u8f90\u5c04\u901a\u5e38\u90fd\u6bd4\u6b63\u5e38\u73af\u5883\u7a0d\u9ad8\u3002 \/\/@\u9867\u8302\u6797 @\u674e\u5b66\u658cV @\u957f\u57ce\u4f1a_\u91d1\u71d5kimyean @\u5728\u65e5\u672c\u505a\u6e38\u620f\u7684\u65e5\u5b50 @\u4e1c\u4eac\u6d41\u884c\u901a\u8baf\u603b\u7f16\u59da\u8fdc : \u3002","bid":"pixRzM"},"show_type":0},{"card_type":9,"itemid":"1076031401527553_-_15649454052","scheme":"https:\/\/m.weibo.cn\/status\/peDFqI?mblogid=peDFqI&luicode=10000011&lfid=1076031401527553","mblog":{"created_at":"2011-07-30","id":"3340784578267125","idstr":"15649454052","mid":"3340784578267125","can_edit":false,"text":"\u3010\u65e5\u672c\u5171\u540c\u4f1a\u793e7\u670828\u65e5\u6d88\u606f\uff1a\u9ed1\u9f99\u6c5f\u7701\u65b9\u6b63\u53bf\u6295\u8d44\u7ea670\u4e07\u5143\u4eba\u6c11\u5e01\u5efa\u6210\u65e5\u672c\u201c\u6ee1\u6d32\u5f00\u62d3\u56e2\u201d\u901d\u8005\u7891\u3002\u77f3\u7891\u88ab\u7acb\u4e8e\u4e2d\u65e5\u53cb\u597d\u56ed\u6797\u7684\u65e5\u672c\u4eba\u516c\u5893\u65c1\u3002\u516c\u5893\u5185\u57cb\u846c\u4e86\u6218\u8d25\u540e\u5728\u56de\u56fd\u9014\u4e2d\u6b7b\u4ea1\u7684\u201c\u5f00\u62d3\u56e2\u201d\u6210\u5458\u3002\u3011\u4e0d\u77e5\u9053\u8fd9\u6b21\u7684\u4e8b\u4f1a\u4e0d\u4f1a\u6709\u4e2a\u7891\u3002\u6211\u4f30\u8ba1\u4e0d\u80fd\u6709\u3002\u56e0\u4e3a\u6709\u7891\u5c31\u6709\u4eba\u51ed\u540a\uff0c\u800c\u805a\u4f17\u51ed\u540a\u662f\u5f88\u4e0d\u5229\u4e8e\u7a33\u5b9a\u7684\u3002 \u200b\u200b\u200b","source":"\u5fae\u535a weibo.com","favorited":false,"thumbnail_pic":"http:\/\/ww2.sinaimg.cn\/thumbnail\/53899d01gw1djng7fwprcj.jpg","bmiddle_pic":"http:\/\/ww2.sinaimg.cn\/bmiddle\/53899d01gw1djng7fwprcj.jpg","original_pic":"http:\/\/ww2.sinaimg.cn\/large\/53899d01gw1djng7fwprcj.jpg","is_paid":false,"mblog_vip_type":0,"user":{"id":1401527553,"screen_name":"tombkeeper","profile_image_url":"https:\/\/tva2.sinaimg.cn\/crop.0.0.180.180.180\/53899d01jw8fcb9qpe7vbj2050050mx8.jpg","profile_url":"https:\/\/m.weibo.cn\/u\/1401527553?uid=1401527553&luicode=10000011&lfid=1076031401527553","statuses_count":15425,"verified":true,"verified_type":0,"verified_type_ext":1,"verified_reason":"\u77e5\u540d\u4e92\u8054\u7f51\u8d44\u8baf\u535a\u4e3b","close_blue_v":false,"description":"\u5fae\u535a\u672c\u5730\u8d44\u8baf\u535a\u4e3b\uff08\u521a\u679c\u5e03\u62c9\u67f4\u7ef4\u5c14\uff09","gender":"m","mbtype":12,"urank":48,"mbrank":6,"follow_me":false,"following":false,"followers_count":192533,"follow_count":277,"cover_image_phone":"https:\/\/tva1.sinaimg.cn\/crop.0.0.640.640.640\/549d0121tw1egm1kjly3jj20hs0hsq4f.jpg","avatar_hd":"https:\/\/ww2.sinaimg.cn\/orj480\/53899d01jw8fcb9qpe7vbj2050050mx8.jpg","like":false,"like_me":false,"badge":{"bind_taobao":1,"dzwbqlx_2016":1,"follow_whitelist_video":1,"hongbao_2018":1}},"reposts_count":2,"comments_count":0,"attitudes_count":0,"pending_approval_count":0,"isLongText":false,"visible":{"type":0,"list_id":0},"more_info_type":0,"content_auth":0,"edit_config":{"edited":false},"mblogtype":0,"bid":"peDFqI","pics":[{"pid":"53899d01gw1djng7fwprcj","url":"https:\/\/ww2.sinaimg.cn\/orj360\/53899d01gw1djng7fwprcj.jpg","size":"orj360","geo":false,"large":{"size":"large","url":"https:\/\/ww2.sinaimg.cn\/large\/53899d01gw1djng7fwprcj.jpg","geo":false}}]},"show_type":0}],"showAppTips":0,"scheme":"sinaweibo:\/\/cardlist?containerid=1076031401527553&extparam=&luicode=10000011&lfid=&featurecode="}}