{"ok":1,"data":{"cardlistInfo":{"containerid":"1076031401527553","v_p":42,"show_style":1,"total":15518,"page":50},"cards":[{"card_type":9,"itemid":"1076031401527553_-_13583885026","scheme":"https:\/\/m.weibo.cn\/status\/lUgiFI?mblogid=lUgiFI&luicode=10000011&lfid=1076031401527553","mblog":{"created_at":"2011-07-04","id":"5625304056409287637","idstr":"13583885026","mid":"5625304056409287637","can_edit":false,"text":"\u6210\u90fd\u67d0\u4e66\u5e97\u7684\u56fe\u4e66\u5206\u7c7b\u5b9e\u62cd\u56fe\u3002\u6211\u89c9\u5f97\u548c\u4f60\u8fd9\u6761<a data-url=\"http:\/\/weibo.com\/1273725432\/eDfl1Lr1EaI\" href=\"http:\/\/weibo.com\/1273725432\/eDfl1Lr1EaI?luicode=10000011&lfid=1076031401527553&ep=eDj1HwACY8B%252C1401527553%252CeDj1HwACY8B%252C1401527553\" data-hide=\"\"><span class=\"url-icon\"><img src=\"\/\/h5.sinaimg.cn\/upload\/2015\/09\/25\/3\/timeline_card_small_web_default.png\"><\/span><\/i><span class=\"surl-text\">\u7f51\u9875\u94fe\u63a5<\/a> \u662f\u5b8c\u7f8e\u642d\u914d\u3002 \/\/<a href='https:\/\/m.weibo.cn\/n\/\u6c88\u6c89\u821f'>@\u6c88\u6c89\u821f<\/a>\uff1a\u5171\u4ea7\u4e3b\u4e49\u4e0e\u56fd\u5bb6\u793e\u4f1a\u4e3b\u4e49\u3001\u4f0a\u65af\u5170\u539f\u6559\u65e8\u4e3b\u4e49\uff0c\u5176\u672c\u8d28\u4e0a\u90fd\u662f\u7528\u5c11\u6570\u7cbe\u82f1\u8bbe\u60f3\u7684\u7406\u60f3\u63a7\u5236\u522b\u4eba\u7684\u601d\u60f3\uff0c\u5e76\u5728\u524d\u884c\u7684\u8def\u4e0a\u515a\u540c\u4f10\u5f02\u3001\u987a\u660c\u9006\u4ea1\uff0c\u4ee5\u6b64\u7eaf\u6d01\u961f\u4f0d\u3001\u7edf\u4e00\u601d\u60f3\u3001\u6d88\u9664\u5f02\u7aef\u2026\u2026 \u200b\u200b\u200b","source":"\u5fae\u535a weibo.com","favorited":false,"thumbnail_pic":"http:\/\/ww3.sinaimg.cn\/thumbnail\/53899d01jw1ditf9q14srj.jpg","bmiddle_pic":"http:\/\/ww3.sinaimg.cn\/bmiddle\/53899d01jw1ditf9q14srj.jpg","original_pic":"http:\/\/ww3.sinaimg.cn\/large\/53899d01jw1ditf9q14srj.jpg","is_paid":false,"mblog_vip_type":0,"user":{"id":1401527553,"screen_name":"tombkeeper","profile_image_url":"https:\/\/tva2.sinaimg.cn\/crop.0.0.180.180.180\/53899d01jw8fcb9qpe7vbj2050050mx8.jpg","profile_url":"https:\/\/m.weibo.cn\/u\/1401527553?uid=1401527553&luicode=10000011&lfid=1076031401527553","statuses_count":15425,"verified":true,"verified_type":0,"verified_type_ext":1,"verified_reason":"\u77e5\u540d\u4e92\u8054\u7f51\u8d44\u8baf\u535a\u4e3b","close_blue_v":false,"description":"\u5fae\u535a\u672c\u5730\u8d44\u8baf\u535a\u4e3b\uff08\u521a\u679c\u5e03\u62c9\u67f4\u7ef4\u5c14\uff09","gender":"m","mbtype":12,"urank":48,"mbrank":6,"follow_me":false,"following":false,"followers_count":192533,"follow_count":277,"cover_image_phone":"https:\/\/tva1.sinaimg.cn\/crop.0.0.640.640.640\/549d0121tw1egm1kjly3jj20hs0hsq4f.jpg","avatar_hd":"https:\/\/ww2.sinaimg.cn\/orj480\/53899d01jw8fcb9qpe7vbj2050050mx8.jpg","like":false,"like_me":false,"badge":{"bind_taobao":1,"dzwbqlx_2016":1,"follow_whitelist_video":1,"hongbao_2018":1}},"reposts_count":4,"comments_count":0,"attitudes_count":0,"pending_approval_count":0,"isLongText":false,"visible":{"type":0,"list_id":0},"more_info_type":0,"content_auth":0,"edit_config":{"edited":false},"mblogtype":0,"bid":"lUgiFI","pics":[{"pid":"53899d01jw1ditf9q14srj","url":"https:\/\/ww3.sinaimg.cn\/orj360\/53899d01jw1ditf9q14srj.jpg","size":"orj360","geo":false,"large":{"size":"large","url":"https:\/\/ww3.sinaimg.cn\/large\/53899d01jw1ditf9q14srj.jpg","geo":false}}]},"show_type":0},{"card_type":9,"itemid":"1076031401527553_-_13583031020","scheme":"https:\/\/m.weibo.cn\/status\/lUcIvq?mblogid=lUcIvq&luicode=10000011&lfid=1076031401527553","mblog":{"created_at":"2011-07-04","id":"5625300594499130339","idstr":"13583031020","mid":"5625300594499130339","can_edit":false,"text":"\/\/<a href='https:\/\/m.weibo.cn\/n\/\u6881\u4f1f_Python'>@\u6881\u4f1f_Python<\/a>\uff1a\u8f6c\u53d1\u5fae\u535a\u3002","source":"\u5fae\u535a weibo.com","favorited":false,"is_paid":false,"mblog_vip_type":0,"user":{"id":1401527553,"screen_name":"tombkeeper","profile_image_url":"https:\/\/tva2.sinaimg.cn\/crop.0.0.180.180.180\/53899d01jw8fcb9qpe7vbj2050050mx8.jpg","profile_url":"https:\/\/m.weibo.cn\/u\/1401527553?uid=1401527553&luicode=10000011&lfid=1076031401527553","statuses_count":15425,"verified":true,"verified_type":0,"verified_type_ext":1,"verified_reason":"\u77e5\u540d\u4e92\u8054\u7f51\u8d44\u8baf\u535a\u4e3b","close_blue_v":false,"description":"\u5fae\u535a\u672c\u5730\u8d44\u8baf\u535a\u4e3b\uff08\u521a\u679c\u5e03\u62c9\u67f4\u7ef4\u5c14\uff09","gender":"m","mbtype":12,"urank":48,"mbrank":6,"follow_me":false,"following":false,"followers_count":192533,"follow_count":277,"cover_image_phone":"https:\/\/tva1.sinaimg.cn\/crop.0.0.640.640.640\/549d0121tw1egm1kjly3jj20hs0hsq4f.jpg","avatar_hd":"https:\/\/ww2.sinaimg.cn\/orj480\/53899d01jw8fcb9qpe7vbj2050050mx8.jpg","like":false,"like_me":false,"badge":{"bind_taobao":1,"dzwbqlx_2016":1,"follow_whitelist_video":1,"hongbao_2018":1}},"pid":3331362183971426,"retweeted_status":{"created_at":"2011-07-04","id":"2111107041391643","idstr":"13582639153","mid":"2111107041391643","can_edit":false,"text":"\u3010\u53f2\u4e0a\u6700\u725b\u7684\u516c\u5b89\u5c40\uff0c\u4f60\u4f24\u4e0d\u8d77\u3011\u6cb3\u5357\u5357\u9633\u7f51\u53cb\u53d1\u5e16\u53cd\u6620\u4ea4\u901a\u6574\u6cbb\u95ee\u9898\u3002\u5f53\u5730\u516c\u5b89\u5c40\u7adf\u5192\u51fa\u5f3a\u52bf\u56de\u590d\uff1a\u201c\u4f60\u7684\u60f3\u6cd5\u4e5f\u597d\uff0c\u547c\u5401\u4e5f\u597d\uff0c\u5b8c\u5168\u662f\u9006\u6f6e\u6d41\u800c\u52a8\uff0c\u662f\u87b3\u81c2\u6321\u8f66\u3002\u516c\u5b89\u673a\u5173\u5c06\u5bf9\u4f60\u542c\u5176\u8a00\u3001\u89c2\u5176\u884c\u3001\u89c2\u540e\u6548\uff0c\u5bc6\u5207\u5173\u6ce8\u4f60\u7684\u717d\u52a8\u6027\u8a00\u8bba\u662f\u5426\u9020\u6210\u4e0d\u826f\u793e\u4f1a\u5f71\u54cd\u518d\u89c6\u60c5\u5904\u7f6e\u3002\uff08\u65b0\u5feb\u62a5\uff09 \u200b\u200b\u200b","source":"\u4eab\u62cd\u5fae\u535a\u901a","favorited":false,"thumbnail_pic":"http:\/\/ww4.sinaimg.cn\/thumbnail\/624c6377jw1ditepylizjj.jpg","bmiddle_pic":"http:\/\/ww4.sinaimg.cn\/bmiddle\/624c6377jw1ditepylizjj.jpg","original_pic":"http:\/\/ww4.sinaimg.cn\/large\/624c6377jw1ditepylizjj.jpg","is_paid":false,"mblog_vip_type":0,"user":{"id":1649173367,"screen_name":"\u6bcf\u65e5\u7ecf\u6d4e\u65b0\u95fb","profile_image_url":"https:\/\/tva1.sinaimg.cn\/crop.17.13.195.195.180\/624c6377gw1f2o7dkri5nj206d05vq38.jpg","profile_url":"https:\/\/m.weibo.cn\/u\/1649173367?uid=1649173367&luicode=10000011&lfid=1076031401527553","statuses_count":155379,"verified":true,"verified_type":3,"verified_type_ext":0,"verified_reason":"\u300a\u6bcf\u65e5\u7ecf\u6d4e\u65b0\u95fb\u300b\u5b98\u65b9\u5fae\u535a","close_blue_v":false,"description":"\u4e2d\u56fd\u4e3b\u6d41\u8d22\u7ecf\u5168\u5a92\u4f53\u3002\u6bcf\u7ecf\u7f51nbd.com.cn","gender":"m","mbtype":11,"urank":46,"mbrank":5,"follow_me":false,"following":false,"followers_count":30317623,"follow_count":2481,"cover_image_phone":"https:\/\/tva2.sinaimg.cn\/crop.0.0.0.0\/624c6377jw1ew5dltzh5gj20e60e83ys.jpg","avatar_hd":"https:\/\/ww1.sinaimg.cn\/orj480\/624c6377gw1f2o7dkri5nj206d05vq38.jpg","like":false,"like_me":false,"badge":{"enterprise":1,"self_media":1,"olympic_2016":1,"dzwbqlx_2016":1,"follow_whitelist_video":1,"suishoupai_2017":1,"super_star_2017":1,"hongbao_2018":1}},"reposts_count":139,"comments_count":58,"attitudes_count":0,"pending_approval_count":0,"isLongText":false,"visible":{"type":0,"list_id":0},"more_info_type":0,"content_auth":0,"edit_config":{"edited":false},"bid":"lUb4yZ","pics":[{"pid":"624c6377jw1ditepylizjj","url":"https:\/\/ww4.sinaimg.cn\/orj360\/624c6377jw1ditepylizjj.jpg","size":"orj360","geo":false,"large":{"size":"large","url":"https:\/\/ww4.sinaimg.cn\/large\/624c6377jw1ditepylizjj.jpg","geo":false}}]},"reposts_count":2,"comments_count":3,"attitudes_count":0,"pending_approval_count":0,"isLongText":false,"visible":{"type":0,"list_id":0},"more_info_type":0,"content_auth":0,"edit_config":{"edited":false},"mblogtype":0,"obj_ext":"","raw_text":"\/\/@\u6881\u4f1f_Python\uff1a\u8f6c\u53d1\u5fae\u535a\u3002","bid":"lUcIvq"},"show_type":0},{"card_type":9,"itemid":"1076031401527553_-_13569403296","scheme":"https:\/\/m.weibo.cn\/status\/lSDse4?mblogid=lSDse4&luicode=10000011&lfid=1076031401527553","mblog":{"created_at":"2011-07-03","id":"5625152954994456259","idstr":"13569403296","mid":"5625152954994456259","can_edit":false,"text":"\u8fd9\u4e0d\u7b97\u65b0\u53d1\u660e\u3002\u5927\u6e05\u4ece\u96cd\u6b63\u7237\u5f00\u59cb\u641e\u201c\u517b\u5ec9\u94f6\u201d\uff0c\u6570\u91cf\u4e3a\u5b98\u5458\u6b63\u5e38\u85aa\u6c34\u7684\u51e0\u5341\u500d\u751a\u81f3\u4e0a\u767e\u500d\u3002\u517b\u51fa\u5ec9\u6765\u4e86\u5417\uff1f\/\/<a href='https:\/\/m.weibo.cn\/n\/lao_shan'>@lao_shan<\/a>\uff1a\u7ed9\u4e00\u4e2a\u5b98\u5458\u4e00\u5e74\u589e\u52a0\u51e0\u5341\u4e07\u5143\u7684\u663e\u6027\u5316\u6536\u5165\uff0c\u5c31\u53ef\u4ee5\u9884\u9632\u8150\u8d25\u5417\uff1f\u8fd9\u4e9b\u4e2d\u56fd\u7684\u7816\u5bb6\u53ef\u771f\u662f\u8bef\u56fd\u8bef\u6c11\u554a\u3002\u4e0d\uff0c\u9996\u5148\u80af\u5b9a\u662f\u8bef\u515a\u3002","source":"\u5fae\u535a weibo.com","favorited":false,"is_paid":false,"mblog_vip_type":0,"user":{"id":1401527553,"screen_name":"tombkeeper","profile_image_url":"https:\/\/tva2.sinaimg.cn\/crop.0.0.180.180.180\/53899d01jw8fcb9qpe7vbj2050050mx8.jpg","profile_url":"https:\/\/m.weibo.cn\/u\/1401527553?uid=1401527553&luicode=10000011&lfid=1076031401527553","statuses_count":15425,"verified":true,"verified_type":0,"verified_type_ext":1,"verified_reason":"\u77e5\u540d\u4e92\u8054\u7f51\u8d44\u8baf\u535a\u4e3b","close_blue_v":false,"description":"\u5fae\u535a\u672c\u5730\u8d44\u8baf\u535a\u4e3b\uff08\u521a\u679c\u5e03\u62c9\u67f4\u7ef4\u5c14\uff09","gender":"m","mbtype":12,"urank":48,"mbrank":6,"follow_me":false,"following":false,"followers_count":192533,"follow_count":277,"cover_image_phone":"https:\/\/tva1.sinaimg.cn\/crop.0.0.640.640.640\/549d0121tw1egm1kjly3jj20hs0hsq4f.jpg","avatar_hd":"https:\/\/ww2.sinaimg.cn\/orj480\/53899d01jw8fcb9qpe7vbj2050050mx8.jpg","like":false,"like_me":false,"badge":{"bind_taobao":1,"dzwbqlx_2016":1,"follow_whitelist_video":1,"hongbao_2018":1}},"pid":3331186799411805,"retweeted_status":{"created_at":"2011-07-03","id":"5624985051996172250","idstr":"13525384736","mid":"5624985051996172250","can_edit":false,"text":"\u3010\u4e13\u5bb6\u5efa\u8bae\u5b98\u5458\u7279\u6b8a\u5f85\u9047\u8d27\u5e01\u5316\u5e76\u5ef6\u7eed\u7ec8\u8eab\uff0c\u4ee5\u9884\u9632\u6743\u529b\u671f\u6743\u5316\u3011 \u8f66\u3001\u623f\u3001\u5404\u79cd\u9690\u6027\u6536\u5165\u3001\u516c\u6b3e\u6d88\u8d39\u7b49\uff0c\u4e00\u5e74\u56fd\u5bb6\u7ed9\u4e00\u4e2a\u5b98\u5458\u7684\u8d22\u653f\u652f\u51fa\u51e0\u5341\u4e07\u5143\u3002\u5982\u679c\u8fd9\u4e9b\u90fd\u8d27\u5e01\u5316\uff0c\u53d6\u6d88\u7279\u6b8a\u798f\u5229\uff0c\u589e\u52a0\u5b98\u5458\u5de5\u8d44\uff0c\u9000\u4f11\u4ee5\u540e\u5de5\u8d44\u4e5f\u4f1a\u76f8\u5e94\u63d0\u9ad8\uff0c\u6709\u52a9\u4e8e\u9000\u4f11\u4ee5\u540e\u907f\u514d\u5b98\u5458\u5fc3\u7406\u4e0a\u7684\u5931\u843d--\u5317\u4eac\u7406\u5de5\u5927\u5b66\u7ecf\u6d4e\u5b66\u6559\u6388\u80e1\u661f\u6597\u3002\uff08\u77ad\u671b\uff09 \u200b\u200b\u200b","source":"\u5fae\u535a weibo.com","favorited":false,"thumbnail_pic":"http:\/\/ww3.sinaimg.cn\/thumbnail\/61e04755tw1disfi7afx2j.jpg","bmiddle_pic":"http:\/\/ww3.sinaimg.cn\/bmiddle\/61e04755tw1disfi7afx2j.jpg","original_pic":"http:\/\/ww3.sinaimg.cn\/large\/61e04755tw1disfi7afx2j.jpg","is_paid":false,"mblog_vip_type":0,"user":{"id":1642088277,"screen_name":"\u8d22\u7ecf\u7f51","profile_image_url":"https:\/\/tva4.sinaimg.cn\/crop.0.0.360.360.180\/61e04755jw8ev8618io3bj20a00a00t9.jpg","profile_url":"https:\/\/m.weibo.cn\/u\/1642088277?uid=1642088277&luicode=10000011&lfid=1076031401527553","statuses_count":137732,"verified":true,"verified_type":3,"verified_type_ext":0,"verified_reason":"\u8d22\u7ecf\u7f51\u5b98\u65b9\u5fae\u535a","close_blue_v":false,"description":"\u5546\u52a1\u5408\u4f5c\uff1a \u5ed6\u5148\u751f QQ \uff1a3196598336 \u90ae\u7bb1\uff1akailiao@caijing.com.cn","gender":"m","mbtype":12,"urank":46,"mbrank":6,"follow_me":false,"following":false,"followers_count":23472514,"follow_count":980,"cover_image_phone":"https:\/\/tva1.sinaimg.cn\/crop.0.0.640.640.640\/549d0121tw1egm1kjly3jj20hs0hsq4f.jpg","avatar_hd":"https:\/\/ww4.sinaimg.cn\/orj480\/61e04755jw8ev8618io3bj20a00a00t9.jpg","like":false,"like_me":false,"badge":{"olympic_2016":1,"dzwbqlx_2016":1,"follow_whitelist_video":1,"hongbao_2018":1}},"reposts_count":384,"comments_count":314,"attitudes_count":0,"pending_approval_count":0,"isLongText":false,"visible":{"type":0,"list_id":0},"more_info_type":0,"content_auth":0,"edit_config":{"edited":false},"bid":"lOmAOA","pics":[{"pid":"61e04755tw1disfi7afx2j","url":"https:\/\/ww3.sinaimg.cn\/orj360\/61e04755tw1disfi7afx2j.jpg","size":"orj360","geo":false,"large":{"size":"large","url":"https:\/\/ww3.sinaimg.cn\/large\/61e04755tw1disfi7afx2j.jpg","geo":false}}]},"reposts_count":3,"comments_count":3,"attitudes_count":0,"pending_approval_count":0,"isLongText":false,"visible":{"type":0,"list_id":0},"more_info_type":0,"content_auth":0,"edit_config":{"edited":false},"mblogtype":0,"obj_ext":"","raw_text":"\u8fd9\u4e0d\u7b97\u65b0\u53d1\u660e\u3002\u5927\u6e05\u4ece\u96cd\u6b63\u7237\u5f00\u59cb\u641e\u201c\u517b\u5ec9\u94f6\u201d\uff0c\u6570\u91cf\u4e3a\u5b98\u5458\u6b63\u5e38\u85aa\u6c34\u7684\u51e0\u5341\u500d\u751a\u81f3\u4e0a\u767e\u500d\u3002\u517b\u51fa\u5ec9\u6765\u4e86\u5417\uff1f\/\/@lao_shan\uff1a\u7ed9\u4e00\u4e2a\u5b98\u5458\u4e00\u5e74\u589e\u52a0\u51e0\u5341\u4e07\u5143\u7684\u663e\u6027\u5316\u6536\u5165\uff0c\u5c31\u53ef\u4ee5\u9884\u9632\u8150\u8d25\u5417\uff1f\u8fd9\u4e9b\u4e2d\u56fd\u7684\u7816\u5bb6\u53ef\u771f\u662f\u8bef\u56fd\u8bef\u6c11\u554a\u3002\u4e0d\uff0c\u9996\u5148\u80af\u5b9a\u662f\u8bef\u515a\u3002","bid":"lSDse4"},"show_type":0},{"card_type":9,"itemid":"1076031401527553_-_13548520212","scheme":"https:\/\/m.weibo.cn\/status\/lQzKuM?mblogid=lQzKuM&luicode=10000011&lfid=1076031401527553","mblog":{"created_at":"2011-07-03","id":"5625078519079289484","idstr":"13548520212","mid":"5625078519079289484","can_edit":false,"text":"\/\/<a href='https:\/\/m.weibo.cn\/n\/\u9a6c\u4f2f\u5eb8'>@\u9a6c\u4f2f\u5eb8<\/a>:\u8fd9\u4e8b\u4ea4\u7ed9\u4f60\u4e86","source":"S60\u5ba2\u6237\u7aef","favorited":false,"is_paid":false,"mblog_vip_type":0,"user":{"id":1401527553,"screen_name":"tombkeeper","profile_image_url":"https:\/\/tva2.sinaimg.cn\/crop.0.0.180.180.180\/53899d01jw8fcb9qpe7vbj2050050mx8.jpg","profile_url":"https:\/\/m.weibo.cn\/u\/1401527553?uid=1401527553&luicode=10000011&lfid=1076031401527553","statuses_count":15425,"verified":true,"verified_type":0,"verified_type_ext":1,"verified_reason":"\u77e5\u540d\u4e92\u8054\u7f51\u8d44\u8baf\u535a\u4e3b","close_blue_v":false,"description":"\u5fae\u535a\u672c\u5730\u8d44\u8baf\u535a\u4e3b\uff08\u521a\u679c\u5e03\u62c9\u67f4\u7ef4\u5c14\uff09","gender":"m","mbtype":12,"urank":48,"mbrank":6,"follow_me":false,"following":false,"followers_count":192533,"follow_count":277,"cover_image_phone":"https:\/\/tva1.sinaimg.cn\/crop.0.0.640.640.640\/549d0121tw1egm1kjly3jj20hs0hsq4f.jpg","avatar_hd":"https:\/\/ww2.sinaimg.cn\/orj480\/53899d01jw8fcb9qpe7vbj2050050mx8.jpg","like":false,"like_me":false,"badge":{"bind_taobao":1,"dzwbqlx_2016":1,"follow_whitelist_video":1,"hongbao_2018":1}},"pid":3331141270241535,"retweeted_status":{"created_at":"2011-07-03","id":"5625072467470057062","idstr":"13547109556","mid":"5625072467470057062","can_edit":false,"text":"\u5b59\u6d77\u82f1\u5df2\u7ecf\u75af\u903c\u4e86\uff0c\u6211\u5199\u4e86\u8fd9\u6bb5\u8fd8\u89c9\u5f97\u610f\u72b9\u672a\u5c3d\uff0c\u867d\u7136\u54b1\u4eec\u7684\u539f\u5219\u662f\u4e0d\u5410\u69fd\u6f14\u5458\uff0c\u4e0d\u8fc7\u4eba\u53c2\u516c\u9e21\u8fd9\u4e48\u8111\u6b8b\u7684\u8d27\u4e0d\u8981\u7d27\u5427\uff1f\u4e0a\u5e1d\u4e5f\u4f1a\u89c9\u5f97\u6709\u8fd9\u6837\u7684\u8111\u6b8b\u7c89\u5f88\u4e22\u8138\u5427\uff1f\uff1f \u200b\u200b\u200b","source":"\u5fae\u535a weibo.com","favorited":false,"thumbnail_pic":"http:\/\/ww4.sinaimg.cn\/thumbnail\/6c83d38dtw1dispamejdnj.jpg","bmiddle_pic":"http:\/\/ww4.sinaimg.cn\/bmiddle\/6c83d38dtw1dispamejdnj.jpg","original_pic":"http:\/\/ww4.sinaimg.cn\/large\/6c83d38dtw1dispamejdnj.jpg","is_paid":false,"mblog_vip_type":0,"user":{"id":1820578701,"screen_name":"\u65af\u5e93\u91cc","profile_image_url":"https:\/\/tva4.sinaimg.cn\/crop.5.53.167.167.180\/6c83d38djw1ed2ip6wsqgj204v068jrp.jpg","profile_url":"https:\/\/m.weibo.cn\/u\/1820578701?uid=1820578701&luicode=10000011&lfid=1076031401527553","statuses_count":17090,"verified":true,"verified_type":0,"verified_type_ext":1,"verified_reason":"\u6587\u5b66\u8bc4\u8bba\u5bb6\u3001\u5f71\u89c6\u8bc4\u8bba\u8fbe\u4eba\u65af\u5e93\u91cc\uff0c\u51fa\u7248\u4f5c\u54c1\u6709\u300a\u5317\u4eac\u955c\u9274\u8bb0\u300b\u300a\u751f\u547d\u300b\u7b49","close_blue_v":false,"description":"\u51b7\u3001\u70c2\u3001\u6b20\u3001\u6e23\u7537\u3001\u52b3\u591c\u3001\u6076\u5f92\u3001\u516c\u77e5\u3001\u755c\u751f\u3001\u535a\u732a\u3001\u81ea\u5e72\u4e94\u3001\u72d7\u64cd\u7684\u3001\u9020\u8c23\u60ef\u72af\u3001\u51b7\u8273\u9ad8\u8d35\u3001\u4eba\u4e11\u5634\u8d31\u3001\u7279\u5927\u7caa\u7caa\u3001\u8f7b\u4f7b\u4e94\u6bdb\u3001\u8279\u7c89\u72c2\u9b54\uff0c\u5c11\u6570\u6c11\u65cf\u7687\u6c49\u3002","gender":"m","mbtype":12,"urank":43,"mbrank":5,"follow_me":false,"following":false,"followers_count":656652,"follow_count":1084,"cover_image_phone":"https:\/\/tva1.sinaimg.cn\/crop.0.0.640.640.640\/a1d3feabjw1ecat4uqw77j20hs0hsacp.jpg","avatar_hd":"https:\/\/ww4.sinaimg.cn\/orj480\/6c83d38djw1ed2ip6wsqgj204v068jrp.jpg","like":false,"like_me":false,"badge":{"bind_taobao":1,"olympic_2016":1,"dzwbqlx_2016":1,"follow_whitelist_video":1,"panda":1,"hongbao_2018":1}},"reposts_count":9371,"comments_count":2886,"attitudes_count":2,"pending_approval_count":0,"isLongText":false,"visible":{"type":0,"list_id":0},"more_info_type":0,"content_auth":0,"edit_config":{"edited":false},"bid":"lQtPwg","pics":[{"pid":"6c83d38dtw1dispamejdnj","url":"https:\/\/ww4.sinaimg.cn\/orj360\/6c83d38dtw1dispamejdnj.jpg","size":"orj360","geo":false,"large":{"size":"large","url":"https:\/\/ww4.sinaimg.cn\/large\/6c83d38dtw1dispamejdnj.jpg","geo":false}}]},"reposts_count":5,"comments_count":3,"attitudes_count":0,"pending_approval_count":0,"isLongText":false,"visible":{"type":0,"list_id":0},"more_info_type":0,"content_auth":0,"edit_config":{"edited":false},"mblogtype":0,"obj_ext":"","raw_text":"\/\/@\u9a6c\u4f2f\u5eb8:\u8fd9\u4e8b\u4ea4\u7ed9\u4f60\u4e86","bid":"lQzKuM"},"show_type":0},{"card_type":9,"itemid":"1076031401527553_-_13516460818","scheme":"https:\/\/m.weibo.cn\/status\/lNr6KK?mblogid=lNr6KK&luicode=10000011&lfid=1076031401527553","mblog":{"created_at":"2011-07-03","id":"5624949730028405530","idstr":"13516460818","mid":"5624949730028405530","can_edit":false,"text":"\u5207\u8bb0\uff1a\u751f\u547d\u5728\u4e8e\u9759\u6b62\uff0c\u6545\u4f5b\u6709\u4e0d\u52a8\u660e\u738b\uff1b\u751f\u547d\u5728\u4e8e\u5ba4\u5185\uff0c\u6545\u9053\u6709\u623f\u4e2d\u4e4b\u672f\u3002 \/\/<a href='https:\/\/m.weibo.cn\/n\/\u6c88\u6c89\u821f'>@\u6c88\u6c89\u821f<\/a>: <a href='https:\/\/m.weibo.cn\/n\/issyissy'>@issyissy<\/a>  \uff0c\u6ca1\u4e8b\u522b\u592a\u75af\u4e86\u3002","source":"S60\u5ba2\u6237\u7aef","favorited":false,"is_paid":false,"mblog_vip_type":0,"user":{"id":1401527553,"screen_name":"tombkeeper","profile_image_url":"https:\/\/tva2.sinaimg.cn\/crop.0.0.180.180.180\/53899d01jw8fcb9qpe7vbj2050050mx8.jpg","profile_url":"https:\/\/m.weibo.cn\/u\/1401527553?uid=1401527553&luicode=10000011&lfid=1076031401527553","statuses_count":15425,"verified":true,"verified_type":0,"verified_type_ext":1,"verified_reason":"\u77e5\u540d\u4e92\u8054\u7f51\u8d44\u8baf\u535a\u4e3b","close_blue_v":false,"description":"\u5fae\u535a\u672c\u5730\u8d44\u8baf\u535a\u4e3b\uff08\u521a\u679c\u5e03\u62c9\u67f4\u7ef4\u5c14\uff09","gender":"m","mbtype":12,"urank":48,"mbrank":6,"follow_me":false,"following":false,"followers_count":192533,"follow_count":277,"cover_image_phone":"https:\/\/tva1.sinaimg.cn\/crop.0.0.640.640.640\/549d0121tw1egm1kjly3jj20hs0hsq4f.jpg","avatar_hd":"https:\/\/ww2.sinaimg.cn\/orj480\/53899d01jw8fcb9qpe7vbj2050050mx8.jpg","like":false,"like_me":false,"badge":{"bind_taobao":1,"dzwbqlx_2016":1,"follow_whitelist_video":1,"hongbao_2018":1}},"pid":3331009644855911,"retweeted_status":{"created_at":"2011-07-02","id":"5624735540174481812","idstr":"13485165710","mid":"5624735540174481812","can_edit":false,"text":"\u3010\u72ec\u884c\u5ddd\u85cf\u5973\u5b69\u88ab\u8bc1\u5b9e\u906d\u52ab\u6740\u301125\u5c81\u5e7f\u5dde\u5973\u751f\u9b4f\u8335\uff0c4\u6708\u4e2d\u65ec\u72ec\u884c\u5ddd\u85cf\u540e\u5931\u8e2a\u3002\u524d\u5929\u5176\u5bb6\u5c5e\u6536\u5230\u8b66\u65b9\u6765\u7535\uff0c\u79f0\u5176\u5728\u4e91\u5357\u8fea\u5e86\u9047\u5bb3\uff0c\u57cb\u5728\u6ce5\u571f\u91cc\u591a\u65e5\u3002\u8be5\u5730\u504f\u50fb\uff0c\u9b4f\u8335\u62b5\u8fbe\u540e\u5750\u4e86\u4e00\u8f86\u642d\u5ba2\u7684\u6469\u6258\uff0c\u88ab\u6293\u83b7\u7684\u51f6\u624b\u5c31\u662f\u5f00\u6469\u6258\u8005\uff0c\u4f30\u8ba1\u4e3a\u52ab\u8d22\u884c\u51f6\u3002\u9b4f\u8335\u66fe\u4f5c\u4e3a\u5fd7\u613f\u8005\u53bb\u5370\u5ea6\u5ba3\u4f20\u9884\u9632\u827e\u6ecb\u75c5\uff0c\u662f\u4e2a\u6e34\u671b\u65c5\u884c\u7684\u5973\u5b69\u3002(\u7f8a\u57ce\u665a\u62a5) \u200b\u200b\u200b","source":"\u5fae\u535a weibo.com","favorited":false,"thumbnail_pic":"http:\/\/ww2.sinaimg.cn\/thumbnail\/61e04755jw1dirnim79z3j.jpg","bmiddle_pic":"http:\/\/ww2.sinaimg.cn\/bmiddle\/61e04755jw1dirnim79z3j.jpg","original_pic":"http:\/\/ww2.sinaimg.cn\/large\/61e04755jw1dirnim79z3j.jpg","is_paid":false,"mblog_vip_type":0,"user":{"id":1642088277,"screen_name":"\u8d22\u7ecf\u7f51","profile_image_url":"https:\/\/tva4.sinaimg.cn\/crop.0.0.360.360.180\/61e04755jw8ev8618io3bj20a00a00t9.jpg","profile_url":"https:\/\/m.weibo.cn\/u\/1642088277?uid=1642088277&luicode=10000011&lfid=1076031401527553","statuses_count":137732,"verified":true,"verified_type":3,"verified_type_ext":0,"verified_reason":"\u8d22\u7ecf\u7f51\u5b98\u65b9\u5fae\u535a","close_blue_v":false,"description":"\u5546\u52a1\u5408\u4f5c\uff1a \u5ed6\u5148\u751f QQ \uff1a3196598336 \u90ae\u7bb1\uff1akailiao@caijing.com.cn","gender":"m","mbtype":12,"urank":46,"mbrank":6,"follow_me":false,"following":false,"followers_count":23472514,"follow_count":980,"cover_image_phone":"https:\/\/tva1.sinaimg.cn\/crop.0.0.640.640.640\/549d0121tw1egm1kjly3jj20hs0hsq4f.jpg","avatar_hd":"https:\/\/ww4.sinaimg.cn\/orj480\/61e04755jw8ev8618io3bj20a00a00t9.jpg","like":false,"like_me":false,"badge":{"olympic_2016":1,"dzwbqlx_2016":1,"follow_whitelist_video":1,"hongbao_2018":1}},"reposts_count":17426,"comments_count":5765,"attitudes_count":2,"pending_approval_count":0,"isLongText":false,"visible":{"type":0,"list_id":0},"more_info_type":0,"content_auth":0,"edit_config":{"edited":false},"bid":"lKlFPU","pics":[{"pid":"61e04755jw1dirnim79z3j","url":"https:\/\/ww2.sinaimg.cn\/orj360\/61e04755jw1dirnim79z3j.jpg","size":"orj360","geo":false,"large":{"size":"large","url":"https:\/\/ww2.sinaimg.cn\/large\/61e04755jw1dirnim79z3j.jpg","geo":false}}]},"reposts_count":1,"comments_count":4,"attitudes_count":0,"pending_approval_count":0,"isLongText":false,"visible":{"type":0,"list_id":0},"more_info_type":0,"content_auth":0,"edit_config":{"edited":false},"mblogtype":0,"obj_ext":"","raw_text":"\u5207\u8bb0\uff1a\u751f\u547d\u5728\u4e8e\u9759\u6b62\uff0c\u6545\u4f5b\u6709\u4e0d\u52a8\u660e\u738b\uff1b\u751f\u547d\u5728\u4e8e\u5ba4\u5185\uff0c\u6545\u9053\u6709\u623f\u4e2d\u4e4b\u672f\u3002 \/\/@\u6c88\u6c89\u821f: @issyissy  \uff0c\u6ca1\u4e8b\u522b\u592a\u75af\u4e86\u3002","bid":"lNr6KK"},"show_type":0},{"card_type":9,"itemid":"1076031401527553_-_13516113716","scheme":"https:\/\/m.weibo.cn\/status\/lNpEsk?mblogid=lNpEsk&luicode=10000011&lfid=1076031401527553","mblog":{"created_at":"2011-07-03","id":"5624948213904849103","idstr":"13516113716","mid":"5624948213904849103","can_edit":false,"text":"\/\/<a href='https:\/\/m.weibo.cn\/n\/\u795d\u56fd\u946b'>@\u795d\u56fd\u946b<\/a>:\u725b\u5927\u53c9\u4e86\u3002\/\/ <a href='https:\/\/m.weibo.cn\/n\/\u8d75\u7cae'>@\u8d75\u7cae<\/a> \uff1a\u9760\uff0c\u6f47\u6d12\/\/ <a href='https:\/\/m.weibo.cn\/n\/\u848b\u6d9bCSDN'>@\u848b\u6d9bCSDN<\/a> :geek\u5230\u6b7b \/\/  <a href='https:\/\/m.weibo.cn\/n\/thomasluo\u9a86\u8f76\u822a'>@thomasluo\u9a86\u8f76\u822a<\/a>  :\u521b\u59cb\u548cIPO\u4e4b\u521d\u8fd9\u4e48\u73a9\uff0c\u6211\u4eec\u8bf4\u60a8\u9177\uff0c\u73b0\u5728\u8fd9\u4e48\u73a9\uff0c\u5c31\u2026\u2026","source":"S60\u5ba2\u6237\u7aef","favorited":false,"is_paid":false,"mblog_vip_type":0,"user":{"id":1401527553,"screen_name":"tombkeeper","profile_image_url":"https:\/\/tva2.sinaimg.cn\/crop.0.0.180.180.180\/53899d01jw8fcb9qpe7vbj2050050mx8.jpg","profile_url":"https:\/\/m.weibo.cn\/u\/1401527553?uid=1401527553&luicode=10000011&lfid=1076031401527553","statuses_count":15425,"verified":true,"verified_type":0,"verified_type_ext":1,"verified_reason":"\u77e5\u540d\u4e92\u8054\u7f51\u8d44\u8baf\u535a\u4e3b","close_blue_v":false,"description":"\u5fae\u535a\u672c\u5730\u8d44\u8baf\u535a\u4e3b\uff08\u521a\u679c\u5e03\u62c9\u67f4\u7ef4\u5c14\uff09","gender":"m","mbtype":12,"urank":48,"mbrank":6,"follow_me":false,"following":false,"followers_count":192533,"follow_count":277,"cover_image_phone":"https:\/\/tva1.sinaimg.cn\/crop.0.0.640.640.640\/549d0121tw1egm1kjly3jj20hs0hsq4f.jpg","avatar_hd":"https:\/\/ww2.sinaimg.cn\/orj480\/53899d01jw8fcb9qpe7vbj2050050mx8.jpg","like":false,"like_me":false,"badge":{"bind_taobao":1,"dzwbqlx_2016":1,"follow_whitelist_video":1,"hongbao_2018":1}},"pid":3331010508358087,"retweeted_status":{"created_at":"2011-07-02","id":"5624671532273650019","idstr":"13470448790","mid":"5624671532273650019","can_edit":false,"text":"Google \u5b9e\u5728\u6709\u8da3\u3002\u5728\u4e0a\u5468\u5bf9\u5317\u7535 6000 \u9879\u4e13\u5229\u7684\u7ade\u8d2d\u4e2d\uff0c\u5b83\u7684\u4e09\u6b21\u51fa\u4ef7\u5206\u522b\u662f 1.90216\u30012.61497\u30013.14159 \uff08\u5355\u4f4d\uff1a\u5341\u4ebf\u7f8e\u5143\uff09\u3002\u8fd9\u4e9b\u532a\u5937\u6240\u601d\u7684\u6570\u5b57\u5206\u522b\u662f\uff1a\u5e03\u6717\u5e38\u6570\uff08B2) \u3001Meissel-Mertens \u5e38\u6570\uff08M1\uff09\u7684\u5341\u500d\u3001\u5706\u5468\u7387\uff08\u03c0\uff09\u3002\u5f53\u7136\uff0c\u4e5f\u53ef\u80fd Larry Page \u95f2\u5f97\u96be\u53d7\u4e86\u6765\u9017\u82f9\u679c\u73a9\u73a9\u3002 \u200b\u200b\u200b","source":"\u5fae\u535a weibo.com","favorited":false,"thumbnail_pic":"http:\/\/ww1.sinaimg.cn\/thumbnail\/61b93dfdtw1dirgc8a21oj.jpg","bmiddle_pic":"http:\/\/ww1.sinaimg.cn\/bmiddle\/61b93dfdtw1dirgc8a21oj.jpg","original_pic":"http:\/\/ww1.sinaimg.cn\/large\/61b93dfdtw1dirgc8a21oj.jpg","is_paid":false,"mblog_vip_type":0,"user":{"id":1639529981,"screen_name":"flypig","profile_image_url":"https:\/\/tvax3.sinaimg.cn\/crop.0.14.1125.1125.180\/61b93dfdly8fnbu63g5csj20v90w2wh3.jpg","profile_url":"https:\/\/m.weibo.cn\/u\/1639529981?uid=1639529981&luicode=10000011&lfid=1076031401527553","statuses_count":40061,"verified":true,"verified_type":0,"verified_type_ext":1,"verified_reason":"\u5170\u4ead\u96c6\u52bf\uff08LightInTheBox\uff09\u526f\u603b\u88c1","close_blue_v":false,"description":"\u4e00\u4e2a\u5947\u602a\u7684\u4eba\u3002","gender":"m","mbtype":12,"urank":44,"mbrank":5,"follow_me":false,"following":false,"followers_count":498605,"follow_count":882,"cover_image_phone":"https:\/\/tva1.sinaimg.cn\/crop.0.0.640.640.640\/a1d3feabjw1ecat4uqw77j20hs0hsacp.jpg","avatar_hd":"https:\/\/wx3.sinaimg.cn\/orj480\/61b93dfdly8fnbu63g5csj20v90w2wh3.jpg","like":false,"like_me":false,"badge":{"bind_taobao":1,"olympic_2016":1,"dzwbqlx_2016":1,"follow_whitelist_video":1,"video_attention":1,"travel_2017":1,"hongbao_2018":1}},"reposts_count":1341,"comments_count":165,"attitudes_count":0,"pending_approval_count":0,"isLongText":false,"visible":{"type":0,"list_id":0},"more_info_type":0,"content_auth":0,"edit_config":{"edited":false},"bid":"lJ1SKy","pics":[{"pid":"61b93dfdtw1dirgc8a21oj","url":"https:\/\/ww1.sinaimg.cn\/orj360\/61b93dfdtw1dirgc8a21oj.jpg","size":"orj360","geo":false,"large":{"size":"large","url":"https:\/\/ww1.sinaimg.cn\/large\/61b93dfdtw1dirgc8a21oj.jpg","geo":false}}]},"reposts_count":0,"comments_count":1,"attitudes_count":0,"pending_approval_count":0,"isLongText":false,"visible":{"type":0,"list_id":0},"more_info_type":0,"content_auth":0,"edit_config":{"edited":false},"mblogtype":0,"obj_ext":"","raw_text":"\/\/@\u795d\u56fd\u946b:\u725b\u5927\u53c9\u4e86\u3002\/\/ @\u8d75\u7cae \uff1a\u9760\uff0c\u6f47\u6d12\/\/ @\u848b\u6d9bCSDN :geek\u5230\u6b7b \/\/  @thomasluo\u9a86\u8f76\u822a  :\u521b\u59cb\u548cIPO\u4e4b\u521d\u8fd9\u4e48\u73a9\uff0c\u6211\u4eec\u8bf4\u60a8\u9177\uff0c\u73b0\u5728\u8fd9\u4e48\u73a9\uff0c\u5c31\u2026\u2026","bid":"lNpEsk"},"show_type":0},{"card_type":9,"itemid":"1076031401527553_-_13509069814","scheme":"https:\/\/m.weibo.cn\/status\/lMC3tk?mblogid=lMC3tk&luicode=10000011&lfid=1076031401527553","mblog":{"created_at":"2011-07-03","id":"5624906239359700060","idstr":"13509069814","mid":"5624906239359700060","can_edit":false,"text":"NHK\uff1a\u53e4\u5df4\u653f\u5e9c\u4e3a\u632f\u5174\u7ecf\u6d4e\uff0c\u51b3\u5b9a\u90e8\u5206\u5f15\u8fdb\u5e02\u573a\u539f\u7406\uff0c\u5e76\u4e8e1\u65e5\u5ba3\u5e03\uff0c\u65e9\u7684\u8bdd\uff0c\u5c06\u5728\u4eca\u5e74\u5185\u89e3\u9664\u7981\u6b62\u8fdb\u884c\u623f\u4ea7\u548c\u6c7d\u8f66\u4ea4\u6613\u7684\u9650\u5236\u63aa\u65bd\u2026\u2026\u53e4\u5df4\u653f\u5e9c\u5e0c\u671b\u901a\u8fc7\u5bf9\u623f\u4ea7\u7b49\u4ea4\u6613\u8bfe\u7a0e\uff0c\u589e\u52a0\u8d22\u653f\u6536\u5165\u3002<a data-url=\"http:\/\/t.cn\/hbFSCx\" target=\"_blank\" href=\"https:\/\/weibo.cn\/sinaurl\/blocked0475f59b?luicode=10000011&lfid=1076031401527553&u=http%3A%2F%2Fwww3.nhk.or.jp%2Fnhkworld%2Fchinese%2Ftop%2Fnews07.html&ep=eDf2CjtEHqA%252C1401527553%252CeDf2CjtEHqA%252C1401527553\" class=\"\"><span class=\"url-icon\"><img src=\"\/\/h5.sinaimg.cn\/upload\/2015\/09\/25\/3\/timeline_card_small_web_default.png\"><\/span><\/i><span class=\"surl-text\">\u7f51\u9875\u94fe\u63a5<\/a>  \uff08\u53e4\u5df4\u4e5f\u7ec8\u4e8e\u660e\u767d\u6ca1\u94b1\u82b1\u5c31\u5012\u817e\u623f\u5b50\u8fd9\u4e2a\u9053\u7406\uff0c\u4f46\u91cd\u70b9\u4e0d\u662f\u5141\u8bb8\u4ea4\u6613\uff0c\u5f97\u5356\u5730\u554a\uff0c\u5361\u65af\u7279\u7f57\u7237\u7237\u3002\uff09 \u200b\u200b\u200b","source":"\u5fae\u535a weibo.com","favorited":false,"is_paid":false,"mblog_vip_type":0,"user":{"id":1401527553,"screen_name":"tombkeeper","profile_image_url":"https:\/\/tva2.sinaimg.cn\/crop.0.0.180.180.180\/53899d01jw8fcb9qpe7vbj2050050mx8.jpg","profile_url":"https:\/\/m.weibo.cn\/u\/1401527553?uid=1401527553&luicode=10000011&lfid=1076031401527553","statuses_count":15425,"verified":true,"verified_type":0,"verified_type_ext":1,"verified_reason":"\u77e5\u540d\u4e92\u8054\u7f51\u8d44\u8baf\u535a\u4e3b","close_blue_v":false,"description":"\u5fae\u535a\u672c\u5730\u8d44\u8baf\u535a\u4e3b\uff08\u521a\u679c\u5e03\u62c9\u67f4\u7ef4\u5c14\uff09","gender":"m","mbtype":12,"urank":48,"mbrank":6,"follow_me":false,"following":false,"followers_count":192533,"follow_count":277,"cover_image_phone":"https:\/\/tva1.sinaimg.cn\/crop.0.0.640.640.640\/549d0121tw1egm1kjly3jj20hs0hsq4f.jpg","avatar_hd":"https:\/\/ww2.sinaimg.cn\/orj480\/53899d01jw8fcb9qpe7vbj2050050mx8.jpg","like":false,"like_me":false,"badge":{"bind_taobao":1,"dzwbqlx_2016":1,"follow_whitelist_video":1,"hongbao_2018":1}},"reposts_count":0,"comments_count":0,"attitudes_count":0,"pending_approval_count":0,"isLongText":false,"visible":{"type":0,"list_id":0},"more_info_type":0,"content_auth":0,"edit_config":{"edited":false},"mblogtype":0,"bid":"lMC3tk"},"show_type":0},{"card_type":9,"itemid":"1076031401527553_-_13476002274","scheme":"https:\/\/m.weibo.cn\/status\/lJpbsS?mblogid=lJpbsS&luicode=10000011&lfid=1076031401527553","mblog":{"created_at":"2011-07-02","id":"5624696593409000724","idstr":"13476002274","mid":"5624696593409000724","can_edit":false,"text":"\u8fd9\u79cd\u8bfb\u8005\u77e5\u97f3\u9e21\u6c64\u6587\u5c31\u522b\u6df1\u7a76\u4e86\u3002 \/\/<a href='https:\/\/m.weibo.cn\/n\/\u795d\u56fd\u946b'>@\u795d\u56fd\u946b<\/a>:\u5a74\u513f\u4e0d\u592a\u53ef\u80fd\u662f\u6545\u610f\u7684\u5427\u3002\/\/ <a href='https:\/\/m.weibo.cn\/n\/\u67e5\u7acb'>@\u67e5\u7acb<\/a> \uff1a<span class=\"url-icon\"><img src=\"\/\/h5.sinaimg.cn\/m\/emoticon\/icon\/others\/l_xin-8e9a1a0346.png\" style=\"width:1em;height:1em;\" alt=\"[\u5fc3]\"><\/span> <span class=\"url-icon\"><img src=\"\/\/h5.sinaimg.cn\/m\/emoticon\/icon\/others\/l_xin-8e9a1a0346.png\" style=\"width:1em;height:1em;\" alt=\"[\u5fc3]\"><\/span> \/\/ <a href='https:\/\/m.weibo.cn\/n\/\u738b\u5229\u82ac'>@\u738b\u5229\u82ac<\/a> \uff1a\/\/ <a href='https:\/\/m.weibo.cn\/n\/\u4eac\u4e1c\u5218\u5f3a\u4e1c'>@\u4eac\u4e1c\u5218\u5f3a\u4e1c<\/a> \uff1a\u4eb2\u60c5\u6c38\u8fdc\u662f\u4eba\u7c7b\u5b9d\u8d35\u3001\u514b\u670d\u56f0\u96be\u7684\u529b\u91cf\uff01","source":"S60\u5ba2\u6237\u7aef","favorited":false,"is_paid":false,"mblog_vip_type":0,"user":{"id":1401527553,"screen_name":"tombkeeper","profile_image_url":"https:\/\/tva2.sinaimg.cn\/crop.0.0.180.180.180\/53899d01jw8fcb9qpe7vbj2050050mx8.jpg","profile_url":"https:\/\/m.weibo.cn\/u\/1401527553?uid=1401527553&luicode=10000011&lfid=1076031401527553","statuses_count":15425,"verified":true,"verified_type":0,"verified_type_ext":1,"verified_reason":"\u77e5\u540d\u4e92\u8054\u7f51\u8d44\u8baf\u535a\u4e3b","close_blue_v":false,"description":"\u5fae\u535a\u672c\u5730\u8d44\u8baf\u535a\u4e3b\uff08\u521a\u679c\u5e03\u62c9\u67f4\u7ef4\u5c14\uff09","gender":"m","mbtype":12,"urank":48,"mbrank":6,"follow_me":false,"following":false,"followers_count":192533,"follow_count":277,"cover_image_phone":"https:\/\/tva1.sinaimg.cn\/crop.0.0.640.640.640\/549d0121tw1egm1kjly3jj20hs0hsq4f.jpg","avatar_hd":"https:\/\/ww2.sinaimg.cn\/orj480\/53899d01jw8fcb9qpe7vbj2050050mx8.jpg","like":false,"like_me":false,"badge":{"bind_taobao":1,"dzwbqlx_2016":1,"follow_whitelist_video":1,"hongbao_2018":1}},"pid":3330761610494327,"retweeted_status":{"created_at":"2011-06-19","id":"5619937653515385693","idstr":"12645536373","mid":"5619937653515385693","can_edit":false,"text":"\u4e24\u4e2a\u5a74\u513f\u65e9\u4ea7\uff0c\u5206\u522b\u88ab\u653e\u7f6e\u5728\u5404\u81ea\u7684\u4fdd\u80b2\u7bb1\u91cc\uff0c\u5176\u4e2d\u4e00\u4e2a\u53ef\u80fd\u6d3b\u4e0d\u4e0b\u6765\u3002\u533b\u9662\u62a4\u58eb\u4e0d\u987e\u533b\u9662\u5b88\u5219\uff0c\u5c06\u4e24\u4e2a\u5a74\u513f\u653e\u5230\u4e86\u4e00\u4e2a\u4fdd\u80b2\u7bb1\u91cc\u3002\u5f53\u5979\u4eec\u88ab\u653e\u5230\u4e00\u5904\u7684\u65f6\u5019\uff0c\u4e24\u4e2a\u4e2d\u8f83\u5065\u5eb7\u7684\u4e00\u4e2a\u4f38\u81c2\u6402\u4f4f\u4e86\u59b9\u59b9\u3002\u59b9\u59b9\u7684\u5fc3\u810f\u6e10\u6e10\u7684\u8df3\u5f97\u7a33\u4e86\uff0c\u4f53\u6e29\u4e5f\u56de\u5347\u5230\u4e86\u6b63\u5e38\u6e29\u5ea6\u3002<a data-url=\"http:\/\/t.cn\/h5X0Ua\" target=\"_blank\" href=\"https:\/\/weibo.cn\/sinaurl\/blocked37f0a76f?tid=2295&page=1&extra=&luicode=10000011&lfid=1076031401527553&u=http%3A%2F%2Fbbs.zaochan.net%2Fviewthread.php%3Ftid%3D2295%26page%3D1%26extra%3D%23pid13479&ep=eCrfNxtmB41%252C1660209951%252CeCrfNxtmB41%252C1660209951#pid13479\" class=\"\"><span class=\"url-icon\"><img src=\"\/\/h5.sinaimg.cn\/upload\/2015\/09\/25\/3\/timeline_card_small_web_default.png\"><\/span><\/i><span class=\"surl-text\">\u7f51\u9875\u94fe\u63a5<\/a> \u200b\u200b\u200b","source":"\u5fae\u535a weibo.com","favorited":false,"thumbnail_pic":"http:\/\/ww3.sinaimg.cn\/thumbnail\/62f4cb1fjw1dicpel1g9uj.jpg","bmiddle_pic":"http:\/\/ww3.sinaimg.cn\/bmiddle\/62f4cb1fjw1dicpel1g9uj.jpg","original_pic":"http:\/\/ww3.sinaimg.cn\/large\/62f4cb1fjw1dicpel1g9uj.jpg","is_paid":false,"mblog_vip_type":0,"user":{"id":1660209951,"screen_name":"\u5168\u7403\u65f6\u5c1a","profile_image_url":"https:\/\/tva4.sinaimg.cn\/crop.0.0.180.180.180\/62f4cb1fjw1e8qgp5bmzyj2050050aa8.jpg","profile_url":"https:\/\/m.weibo.cn\/u\/1660209951?uid=1660209951&luicode=10000011&lfid=1076031401527553","statuses_count":85859,"verified":true,"verified_type":0,"verified_type_ext":1,"verified_reason":"\u5fae\u535a\u77e5\u540d\u65f6\u5c1a\u5e10\u53f7 \u65f6\u5c1a\u7f8e\u5986\u89c6\u9891\u81ea\u5a92\u4f53","close_blue_v":false,"description":"\u5206\u4eab\u65f6\u5c1a\u7684\u751f\u6d3b\u6001\u5ea6\u3001\u4f20\u9012\u65b0\u9c9c\u70ed\u95e8\u7684\u65f6\u5c1a\u8d44\u8baf\uff0c\u7efc\u5408\u56fd\u9645\u89c6\u91ce\u3001\u6f6e\u6d41\u521b\u610f\uff0c\u4ece\u8863\u3001\u98df\u3001\u4f4f\u3001\u884c\u5851\u9020\u4f60\u7684\u65f6\u5c1a\u795e\u7ecf\u3002\u4e2a\u4eba\u5fae\u4fe1ID\uff1aslzd001","gender":"f","mbtype":12,"urank":48,"mbrank":7,"follow_me":false,"following":false,"followers_count":7534398,"follow_count":94,"cover_image_phone":"https:\/\/wx4.sinaimg.cn\/crop.0.0.640.640.640\/62f4cb1fgy1fjsolbf16wj20yi0yjjuv.jpg","avatar_hd":"https:\/\/ww4.sinaimg.cn\/orj480\/62f4cb1fjw1e8qgp5bmzyj2050050aa8.jpg","like":false,"like_me":false,"badge":{"anniversary":1,"gongyi":1,"gongyi_level":1,"dailv":1,"zongyiji":1,"olympic_2016":1,"dzwbqlx_2016":1,"follow_whitelist_video":1,"suishoupai_2017":1,"travel_2017":1,"cz_wed_2017":1,"hongbao_2018":1}},"reposts_count":13667,"comments_count":2563,"attitudes_count":0,"pending_approval_count":0,"isLongText":false,"visible":{"type":0,"list_id":0},"more_info_type":0,"content_auth":0,"edit_config":{"edited":false},"bid":"konegl","pics":[{"pid":"62f4cb1fjw1dicpel1g9uj","url":"https:\/\/ww3.sinaimg.cn\/orj360\/62f4cb1fjw1dicpel1g9uj.jpg","size":"orj360","geo":false,"large":{"size":"large","url":"https:\/\/ww3.sinaimg.cn\/large\/62f4cb1fjw1dicpel1g9uj.jpg","geo":false}}]},"reposts_count":0,"comments_count":0,"attitudes_count":0,"pending_approval_count":0,"isLongText":false,"visible":{"type":0,"list_id":0},"more_info_type":0,"content_auth":0,"edit_config":{"edited":false},"mblogtype":0,"obj_ext":"","raw_text":"\u8fd9\u79cd\u8bfb\u8005\u77e5\u97f3\u9e21\u6c64\u6587\u5c31\u522b\u6df1\u7a76\u4e86\u3002 \/\/@\u795d\u56fd\u946b:\u5a74\u513f\u4e0d\u592a\u53ef\u80fd\u662f\u6545\u610f\u7684\u5427\u3002\/\/ @\u67e5\u7acb \uff1a[\u5fc3] [\u5fc3] \/\/ @\u738b\u5229\u82ac \uff1a\/\/ @\u4eac\u4e1c\u5218\u5f3a\u4e1c \uff1a\u4eb2\u60c5\u6c38\u8fdc\u662f\u4eba\u7c7b\u5b9d\u8d35\u3001\u514b\u670d\u56f0\u96be\u7684\u529b\u91cf\uff01","bid":"lJpbsS"},"show_type":0},{"card_type":9,"itemid":"1076031401527553_-_13450900392","scheme":"https:\/\/m.weibo.cn\/status\/lH3Mes?mblogid=lH3Mes&luicode=10000011&lfid=1076031401527553","mblog":{"created_at":"2011-07-02","id":"5624589318005696292","idstr":"13450900392","mid":"5624589318005696292","can_edit":false,"text":"\u4f60\u90a3\u4e2a\u624b\u672f\u85cf\u4e0d\u4e86\u68c9\u7d6e\uff0c\u4e0d\u7528\u62c5\u5fc3\u3002 \/\/<a href='https:\/\/m.weibo.cn\/n\/\u6234\u4e91\u6770'>@\u6234\u4e91\u6770<\/a>\uff1a\u8fd9\uff0c\u4e09\u7532\u4e5f\u8fd9\u9e1f\u6837\uff0c\u6211\u53bb\u54ea\u624b\u672f\uff1f","source":"\u5fae\u535a weibo.com","favorited":false,"is_paid":false,"mblog_vip_type":0,"user":{"id":1401527553,"screen_name":"tombkeeper","profile_image_url":"https:\/\/tva2.sinaimg.cn\/crop.0.0.180.180.180\/53899d01jw8fcb9qpe7vbj2050050mx8.jpg","profile_url":"https:\/\/m.weibo.cn\/u\/1401527553?uid=1401527553&luicode=10000011&lfid=1076031401527553","statuses_count":15425,"verified":true,"verified_type":0,"verified_type_ext":1,"verified_reason":"\u77e5\u540d\u4e92\u8054\u7f51\u8d44\u8baf\u535a\u4e3b","close_blue_v":false,"description":"\u5fae\u535a\u672c\u5730\u8d44\u8baf\u535a\u4e3b\uff08\u521a\u679c\u5e03\u62c9\u67f4\u7ef4\u5c14\uff09","gender":"m","mbtype":12,"urank":48,"mbrank":6,"follow_me":false,"following":false,"followers_count":192533,"follow_count":277,"cover_image_phone":"https:\/\/tva1.sinaimg.cn\/crop.0.0.640.640.640\/549d0121tw1egm1kjly3jj20hs0hsq4f.jpg","avatar_hd":"https:\/\/ww2.sinaimg.cn\/orj480\/53899d01jw8fcb9qpe7vbj2050050mx8.jpg","like":false,"like_me":false,"badge":{"bind_taobao":1,"dzwbqlx_2016":1,"follow_whitelist_video":1,"hongbao_2018":1}},"pid":3330666906779663,"retweeted_status":{"created_at":"2011-07-02","id":"5624575165927503510","idstr":"13447268360","mid":"5624575165927503510","can_edit":false,"text":"\u533b\u751f\u5728\u5bf9\u75c5\u4eba\u7684\u773c\u7403\u624b\u672f\u4e2d\uff0c\u5c45\u7136\u53d1\u73b0\u6709\u68c9\u7d6e\u3002\u800c\u8fd9\u4e00\u5207\u53c8\u88ab\u4fdd\u5b58\u5728\u4e86\u624b\u672f\u5f55\u50cf\u4e2d\u3002\u4f46\u771f\u76f8\u5e76\u4e0d\u5bb9\u6613\u660e\u4e86\uff0c\u4e00\u5f00\u59cb\u7684\u7ed3\u8bba\u79f0\u662f\u533b\u751f\u7684\u5931\u8bef\u6240\u81f4\u3002\u4f46\u5f53\u4e8b\u533b\u751f\u627e\u5230\u4e86\u66f4\u539f\u59cb\u7684\u624b\u672f\u5f55\u50cf\uff0c\u8bd5\u56fe\u8bc1\u660e\uff0c\u8fd9\u662f\u4e00\u8d77\u683d\u8d43\u2014\u2014\u53e6\u6709\u533b\u751f\u6545\u610f\u628a\u68c9\u7d6e\u653e\u5728\u75c5\u4eba\u773c\u4e2d\uff0c\u7528\u4ee5\u9677\u5bb3\u4ed6\u2026\u2026 <a data-url=\"http:\/\/t.cn\/aNp5QR\" href=\"http:\/\/finance.sina.com.cn\/consume\/puguangtai\/20110701\/105810079696.shtml?luicode=10000011&lfid=1076031401527553&ep=eDbvxpmvu0m%252C1401527553%252CeDbvxpmvu0m%252C1401527553\" data-hide=\"\"><span class=\"url-icon\"><img src=\"\/\/h5.sinaimg.cn\/upload\/2015\/09\/25\/3\/timeline_card_small_web_default.png\"><\/span><\/i><span class=\"surl-text\">\u7f51\u9875\u94fe\u63a5<\/a> \u200b\u200b\u200b","source":"\u5fae\u535a weibo.com","favorited":false,"is_paid":false,"mblog_vip_type":0,"user":{"id":1401527553,"screen_name":"tombkeeper","profile_image_url":"https:\/\/tva2.sinaimg.cn\/crop.0.0.180.180.180\/53899d01jw8fcb9qpe7vbj2050050mx8.jpg","profile_url":"https:\/\/m.weibo.cn\/u\/1401527553?uid=1401527553&luicode=10000011&lfid=1076031401527553","statuses_count":15425,"verified":true,"verified_type":0,"verified_type_ext":1,"verified_reason":"\u77e5\u540d\u4e92\u8054\u7f51\u8d44\u8baf\u535a\u4e3b","close_blue_v":false,"description":"\u5fae\u535a\u672c\u5730\u8d44\u8baf\u535a\u4e3b\uff08\u521a\u679c\u5e03\u62c9\u67f4\u7ef4\u5c14\uff09","gender":"m","mbtype":12,"urank":48,"mbrank":6,"follow_me":false,"following":false,"followers_count":192533,"follow_count":277,"cover_image_phone":"https:\/\/tva1.sinaimg.cn\/crop.0.0.640.640.640\/549d0121tw1egm1kjly3jj20hs0hsq4f.jpg","avatar_hd":"https:\/\/ww2.sinaimg.cn\/orj480\/53899d01jw8fcb9qpe7vbj2050050mx8.jpg","like":false,"like_me":false,"badge":{"bind_taobao":1,"dzwbqlx_2016":1,"follow_whitelist_video":1,"hongbao_2018":1}},"reposts_count":4,"comments_count":1,"attitudes_count":0,"pending_approval_count":0,"isLongText":false,"visible":{"type":0,"list_id":0},"more_info_type":0,"content_auth":0,"edit_config":{"edited":false},"bid":"lGuuPC"},"reposts_count":0,"comments_count":0,"attitudes_count":0,"pending_approval_count":0,"isLongText":false,"visible":{"type":0,"list_id":0},"more_info_type":0,"content_auth":0,"edit_config":{"edited":false},"mblogtype":0,"obj_ext":"","raw_text":"\u4f60\u90a3\u4e2a\u624b\u672f\u85cf\u4e0d\u4e86\u68c9\u7d6e\uff0c\u4e0d\u7528\u62c5\u5fc3\u3002 \/\/@\u6234\u4e91\u6770\uff1a\u8fd9\uff0c\u4e09\u7532\u4e5f\u8fd9\u9e1f\u6837\uff0c\u6211\u53bb\u54ea\u624b\u672f\uff1f","bid":"lH3Mes"},"show_type":0}],"showAppTips":0,"scheme":"sinaweibo:\/\/cardlist?containerid=1076031401527553&extparam=&luicode=10000011&lfid=&featurecode="}}