{"ok":1,"data":{"cardlistInfo":{"containerid":"1076031401527553","v_p":42,"show_style":1,"total":15519,"page":50},"cards":[{"card_type":9,"itemid":"1076031401527553_-_4107403089292489","scheme":"https:\/\/m.weibo.cn\/status\/F36AsCZoR?mblogid=F36AsCZoR&luicode=10000011&lfid=1076031401527553","mblog":{"created_at":"2017-05-14","id":"4107403089292489","idstr":"4107403089292489","mid":"4107403089292489","can_edit":false,"text":"\u5728\u98de\u673a\u4e0a\u770b\u4e86\u7535\u5f71\u300a\u76d7\u5893\u7b14\u8bb0\u300b\uff0c\u611f\u89c9\u662f\u4e2a LGBT \u4e3b\u9898\u7684\u7247\u5b50\u3002 \u200b\u200b\u200b","textLength":56,"source":"","favorited":false,"is_paid":false,"mblog_vip_type":0,"user":{"id":1401527553,"screen_name":"tombkeeper","profile_image_url":"https:\/\/tva2.sinaimg.cn\/crop.0.0.180.180.180\/53899d01jw8fcb9qpe7vbj2050050mx8.jpg","profile_url":"https:\/\/m.weibo.cn\/u\/1401527553?uid=1401527553&luicode=10000011&lfid=1076031401527553","statuses_count":15425,"verified":true,"verified_type":0,"verified_type_ext":1,"verified_reason":"\u77e5\u540d\u4e92\u8054\u7f51\u8d44\u8baf\u535a\u4e3b","close_blue_v":false,"description":"\u5fae\u535a\u672c\u5730\u8d44\u8baf\u535a\u4e3b\uff08\u521a\u679c\u5e03\u62c9\u67f4\u7ef4\u5c14\uff09","gender":"m","mbtype":12,"urank":48,"mbrank":6,"follow_me":false,"following":false,"followers_count":192533,"follow_count":277,"cover_image_phone":"https:\/\/tva1.sinaimg.cn\/crop.0.0.640.640.640\/549d0121tw1egm1kjly3jj20hs0hsq4f.jpg","avatar_hd":"https:\/\/ww2.sinaimg.cn\/orj480\/53899d01jw8fcb9qpe7vbj2050050mx8.jpg","like":false,"like_me":false,"badge":{"bind_taobao":1,"dzwbqlx_2016":1,"follow_whitelist_video":1,"hongbao_2018":1}},"reposts_count":12,"comments_count":13,"attitudes_count":32,"pending_approval_count":0,"isLongText":false,"visible":{"type":0,"list_id":0},"more_info_type":0,"content_auth":0,"edit_config":{"edited":false},"mblogtype":0,"bid":"F36AsCZoR"},"show_type":0},{"card_type":9,"itemid":"1076031401527553_-_4107391362153643","scheme":"https:\/\/m.weibo.cn\/status\/F36hy92gb?mblogid=F36hy92gb&luicode=10000011&lfid=1076031401527553","mblog":{"created_at":"2017-05-14","id":"4107391362153643","idstr":"4107391362153643","mid":"4107391362153643","can_edit":false,"text":"\u771f\u6ca1\u60f3\u5230\u8fd9\u6761\u8fd9\u4e48\u5feb\u5c31\u8981renew\u4e86\u2026\u2026","source":"","favorited":false,"is_paid":false,"mblog_vip_type":0,"user":{"id":1401527553,"screen_name":"tombkeeper","profile_image_url":"https:\/\/tva2.sinaimg.cn\/crop.0.0.180.180.180\/53899d01jw8fcb9qpe7vbj2050050mx8.jpg","profile_url":"https:\/\/m.weibo.cn\/u\/1401527553?uid=1401527553&luicode=10000011&lfid=1076031401527553","statuses_count":15425,"verified":true,"verified_type":0,"verified_type_ext":1,"verified_reason":"\u77e5\u540d\u4e92\u8054\u7f51\u8d44\u8baf\u535a\u4e3b","close_blue_v":false,"description":"\u5fae\u535a\u672c\u5730\u8d44\u8baf\u535a\u4e3b\uff08\u521a\u679c\u5e03\u62c9\u67f4\u7ef4\u5c14\uff09","gender":"m","mbtype":12,"urank":48,"mbrank":6,"follow_me":false,"following":false,"followers_count":192533,"follow_count":277,"cover_image_phone":"https:\/\/tva1.sinaimg.cn\/crop.0.0.640.640.640\/549d0121tw1egm1kjly3jj20hs0hsq4f.jpg","avatar_hd":"https:\/\/ww2.sinaimg.cn\/orj480\/53899d01jw8fcb9qpe7vbj2050050mx8.jpg","like":false,"like_me":false,"badge":{"bind_taobao":1,"dzwbqlx_2016":1,"follow_whitelist_video":1,"hongbao_2018":1}},"retweeted_status":{"created_at":"2017-04-28","id":"4101516555475852","idstr":"4101516555475852","mid":"4101516555475852","can_edit":false,"text":"2003\u5e748\u670812\u65e5\uff0cMSBlaster\u8815\u866b\u7206\u53d1\u30022003\u5e748\u670818\u65e5\uff0c\u51fa\u73b0\u4e86\u4e00\u4e2aWelchia\u8815\u866b\u3002Welchia\u8815\u866b\u7684\u529f\u80fd\u5c31\u662f\u6e05\u9664MSBlaster\u8815\u866b\u4ee5\u53ca\u7ed9\u7cfb\u7edf\u6253\u4e0a\u8865\u4e01\u3002\u4f46\u7531\u4e8eWelchia\u8815\u866b\u8bbe\u8ba1\u5b9e\u73b0\u7684\u4e00\u4e9b\u95ee\u9898\uff0c\u5b9e\u9645\u4e0a\u51e0\u4e4e\u9020\u6210\u4e86\u5bf9\u6574\u4e2a\u4e92\u8054\u7f51\u7684\u62d2\u7edd\u670d\u52a1\u3002\u540e\u6765\u5927\u5bb6\u63d0\u5230\u8fd9\u4ef6\u4e8b\u7684\u65f6\u5019\uff0c\u5df2\u7ecf\u51e0\u4e4e\u6ca1\u4eba\u8bb0\u5f97\u8fd8\u6709\u4e2aWelchia\u8815\u866b\u4e86\uff0c\u90fd\u79f0\u4e4b\u4e3aMS \u200b\u200b\u200b...<a href=\"\/status\/4101516555475852\">\u5168\u6587<\/a>","textLength":388,"source":"","favorited":false,"is_paid":false,"mblog_vip_type":0,"user":{"id":1401527553,"screen_name":"tombkeeper","profile_image_url":"https:\/\/tva2.sinaimg.cn\/crop.0.0.180.180.180\/53899d01jw8fcb9qpe7vbj2050050mx8.jpg","profile_url":"https:\/\/m.weibo.cn\/u\/1401527553?uid=1401527553&luicode=10000011&lfid=1076031401527553","statuses_count":15425,"verified":true,"verified_type":0,"verified_type_ext":1,"verified_reason":"\u77e5\u540d\u4e92\u8054\u7f51\u8d44\u8baf\u535a\u4e3b","close_blue_v":false,"description":"\u5fae\u535a\u672c\u5730\u8d44\u8baf\u535a\u4e3b\uff08\u521a\u679c\u5e03\u62c9\u67f4\u7ef4\u5c14\uff09","gender":"m","mbtype":12,"urank":48,"mbrank":6,"follow_me":false,"following":false,"followers_count":192533,"follow_count":277,"cover_image_phone":"https:\/\/tva1.sinaimg.cn\/crop.0.0.640.640.640\/549d0121tw1egm1kjly3jj20hs0hsq4f.jpg","avatar_hd":"https:\/\/ww2.sinaimg.cn\/orj480\/53899d01jw8fcb9qpe7vbj2050050mx8.jpg","like":false,"like_me":false,"badge":{"bind_taobao":1,"dzwbqlx_2016":1,"follow_whitelist_video":1,"hongbao_2018":1}},"reposts_count":53,"comments_count":16,"attitudes_count":43,"pending_approval_count":0,"isLongText":true,"visible":{"type":0,"list_id":0},"more_info_type":0,"content_auth":0,"edit_config":{"edited":false},"bid":"F0Ds3mYwc"},"reposts_count":26,"comments_count":5,"attitudes_count":26,"pending_approval_count":0,"isLongText":false,"visible":{"type":0,"list_id":0},"more_info_type":0,"content_auth":0,"edit_config":{"edited":false},"mblogtype":0,"obj_ext":"","raw_text":"\u771f\u6ca1\u60f3\u5230\u8fd9\u6761\u8fd9\u4e48\u5feb\u5c31\u8981renew\u4e86\u2026\u2026","bid":"F36hy92gb"},"show_type":0},{"card_type":9,"itemid":"1076031401527553_-_4107324648504504","scheme":"https:\/\/m.weibo.cn\/status\/F34xWzGpq?mblogid=F34xWzGpq&luicode=10000011&lfid=1076031401527553","mblog":{"created_at":"2017-05-14","id":"4107324648504504","idstr":"4107324648504504","mid":"4107324648504504","can_edit":false,"text":"\u7279\u60c5\u4e86\uff0c\u88ab\u618b\u5728\u98de\u673a\u4e0a\u3002 \u200b\u200b\u200b","textLength":22,"source":"","favorited":false,"thumbnail_pic":"http:\/\/wx1.sinaimg.cn\/thumbnail\/53899d01gy1ffkwtqpl6zj20ku0kumzl.jpg","bmiddle_pic":"http:\/\/wx1.sinaimg.cn\/bmiddle\/53899d01gy1ffkwtqpl6zj20ku0kumzl.jpg","original_pic":"http:\/\/wx1.sinaimg.cn\/large\/53899d01gy1ffkwtqpl6zj20ku0kumzl.jpg","is_paid":false,"mblog_vip_type":0,"user":{"id":1401527553,"screen_name":"tombkeeper","profile_image_url":"https:\/\/tva2.sinaimg.cn\/crop.0.0.180.180.180\/53899d01jw8fcb9qpe7vbj2050050mx8.jpg","profile_url":"https:\/\/m.weibo.cn\/u\/1401527553?uid=1401527553&luicode=10000011&lfid=1076031401527553","statuses_count":15425,"verified":true,"verified_type":0,"verified_type_ext":1,"verified_reason":"\u77e5\u540d\u4e92\u8054\u7f51\u8d44\u8baf\u535a\u4e3b","close_blue_v":false,"description":"\u5fae\u535a\u672c\u5730\u8d44\u8baf\u535a\u4e3b\uff08\u521a\u679c\u5e03\u62c9\u67f4\u7ef4\u5c14\uff09","gender":"m","mbtype":12,"urank":48,"mbrank":6,"follow_me":false,"following":false,"followers_count":192533,"follow_count":277,"cover_image_phone":"https:\/\/tva1.sinaimg.cn\/crop.0.0.640.640.640\/549d0121tw1egm1kjly3jj20hs0hsq4f.jpg","avatar_hd":"https:\/\/ww2.sinaimg.cn\/orj480\/53899d01jw8fcb9qpe7vbj2050050mx8.jpg","like":false,"like_me":false,"badge":{"bind_taobao":1,"dzwbqlx_2016":1,"follow_whitelist_video":1,"hongbao_2018":1}},"reposts_count":1,"comments_count":10,"attitudes_count":21,"pending_approval_count":0,"isLongText":false,"visible":{"type":0,"list_id":0},"more_info_type":0,"content_auth":0,"edit_config":{"edited":false},"mblogtype":0,"bid":"F34xWzGpq","pics":[{"pid":"53899d01gy1ffkwtqpl6zj20ku0kumzl","url":"https:\/\/wx1.sinaimg.cn\/orj360\/53899d01gy1ffkwtqpl6zj20ku0kumzl.jpg","size":"orj360","geo":{"width":360,"height":360,"croped":false},"large":{"size":"large","url":"https:\/\/wx1.sinaimg.cn\/large\/53899d01gy1ffkwtqpl6zj20ku0kumzl.jpg","geo":{"width":"750","height":"750","croped":false}}}]},"show_type":0},{"card_type":9,"itemid":"1076031401527553_-_4107262828612043","scheme":"https:\/\/m.weibo.cn\/status\/F32WeA8nV?mblogid=F32WeA8nV&luicode=10000011&lfid=1076031401527553","mblog":{"created_at":"2017-05-14","id":"4107262828612043","idstr":"4107262828612043","mid":"4107262828612043","can_edit":false,"text":"\u5c0f\u660e\u62ff\u51fa 2003 \u5e74\u201c\u51b2\u51fb\u6ce2\u201d\u8815\u866b\u65f6\u5199\u7684\u5e94\u6025\u5904\u7f6e\u65b9\u6848\uff0c\u6539\u4e86\u51e0\u4e2a\u5b57\uff0c\u53d1\u7ed9\u4e86\u5de5\u7a0b\u5e08\u4eec\u3002 \u200b\u200b\u200b","textLength":78,"source":"","favorited":false,"is_paid":false,"mblog_vip_type":0,"user":{"id":1401527553,"screen_name":"tombkeeper","profile_image_url":"https:\/\/tva2.sinaimg.cn\/crop.0.0.180.180.180\/53899d01jw8fcb9qpe7vbj2050050mx8.jpg","profile_url":"https:\/\/m.weibo.cn\/u\/1401527553?uid=1401527553&luicode=10000011&lfid=1076031401527553","statuses_count":15425,"verified":true,"verified_type":0,"verified_type_ext":1,"verified_reason":"\u77e5\u540d\u4e92\u8054\u7f51\u8d44\u8baf\u535a\u4e3b","close_blue_v":false,"description":"\u5fae\u535a\u672c\u5730\u8d44\u8baf\u535a\u4e3b\uff08\u521a\u679c\u5e03\u62c9\u67f4\u7ef4\u5c14\uff09","gender":"m","mbtype":12,"urank":48,"mbrank":6,"follow_me":false,"following":false,"followers_count":192533,"follow_count":277,"cover_image_phone":"https:\/\/tva1.sinaimg.cn\/crop.0.0.640.640.640\/549d0121tw1egm1kjly3jj20hs0hsq4f.jpg","avatar_hd":"https:\/\/ww2.sinaimg.cn\/orj480\/53899d01jw8fcb9qpe7vbj2050050mx8.jpg","like":false,"like_me":false,"badge":{"bind_taobao":1,"dzwbqlx_2016":1,"follow_whitelist_video":1,"hongbao_2018":1}},"reposts_count":107,"comments_count":42,"attitudes_count":125,"pending_approval_count":0,"isLongText":false,"visible":{"type":0,"list_id":0},"more_info_type":0,"content_auth":0,"edit_config":{"edited":false},"mblogtype":0,"bid":"F32WeA8nV"},"show_type":0},{"card_type":9,"itemid":"1076031401527553_-_4107080509901044","scheme":"https:\/\/m.weibo.cn\/status\/F2YcaFxIg?mblogid=F2YcaFxIg&luicode=10000011&lfid=1076031401527553","mblog":{"created_at":"2017-05-13","id":"4107080509901044","idstr":"4107080509901044","mid":"4107080509901044","can_edit":false,"text":"\u8fd9\u4e2a\u7528\u201cEternalBlue\u201d \u4e2d\u7684\u6f0f\u6d1e\u5236\u4f5c\u51fa\u6765\u7684\u201cWannaCry\u201d\u52d2\u7d22\u8815\u866b\uff0c\u5176\u5b9e\u65e9\u5728\u53bb\u5e74\u5c31\u6709\u8c36\u8bed\u505a\u51fa\u4e86\u9884\u8a00\uff1a\u84dd\u7626\u9999\u83c7\u3002 \u200b\u200b\u200b","textLength":111,"source":"","favorited":false,"is_paid":false,"mblog_vip_type":0,"user":{"id":1401527553,"screen_name":"tombkeeper","profile_image_url":"https:\/\/tva2.sinaimg.cn\/crop.0.0.180.180.180\/53899d01jw8fcb9qpe7vbj2050050mx8.jpg","profile_url":"https:\/\/m.weibo.cn\/u\/1401527553?uid=1401527553&luicode=10000011&lfid=1076031401527553","statuses_count":15425,"verified":true,"verified_type":0,"verified_type_ext":1,"verified_reason":"\u77e5\u540d\u4e92\u8054\u7f51\u8d44\u8baf\u535a\u4e3b","close_blue_v":false,"description":"\u5fae\u535a\u672c\u5730\u8d44\u8baf\u535a\u4e3b\uff08\u521a\u679c\u5e03\u62c9\u67f4\u7ef4\u5c14\uff09","gender":"m","mbtype":12,"urank":48,"mbrank":6,"follow_me":false,"following":false,"followers_count":192533,"follow_count":277,"cover_image_phone":"https:\/\/tva1.sinaimg.cn\/crop.0.0.640.640.640\/549d0121tw1egm1kjly3jj20hs0hsq4f.jpg","avatar_hd":"https:\/\/ww2.sinaimg.cn\/orj480\/53899d01jw8fcb9qpe7vbj2050050mx8.jpg","like":false,"like_me":false,"badge":{"bind_taobao":1,"dzwbqlx_2016":1,"follow_whitelist_video":1,"hongbao_2018":1}},"reposts_count":102,"comments_count":41,"attitudes_count":196,"pending_approval_count":0,"isLongText":false,"visible":{"type":0,"list_id":0},"more_info_type":0,"content_auth":0,"edit_config":{"edited":false},"mblogtype":0,"bid":"F2YcaFxIg"},"show_type":0},{"card_type":9,"itemid":"1076031401527553_-_4106965943182747","scheme":"https:\/\/m.weibo.cn\/status\/F2VdodlYD?mblogid=F2VdodlYD&luicode=10000011&lfid=1076031401527553","mblog":{"created_at":"2017-05-13","id":"4106965943182747","idstr":"4106965943182747","mid":"4106965943182747","can_edit":false,"text":"\u6700\u65b0\u6d88\u606f\uff1a\u7531\u4e8e\u672c\u6b21 Wannacry \u52d2\u7d22\u8815\u866b\u4e8b\u4ef6\u5f71\u54cd\u5de8\u5927\uff0c\u5fae\u8f6f\u521a\u624d\u51b3\u5b9a\u5bf9\u5df2\u7ecf\u505c\u6b62\u652f\u6301\u7684 Windows XP \u548c Windows 2003 \u53d1\u5e03\u7279\u522b\u8865\u4e01 <a data-url=\"http:\/\/t.cn\/RaoW00v\" target=\"_blank\" href=\"https:\/\/weibo.cn\/sinaurl\/blockedd354a8b4?luicode=10000011&lfid=1076031401527553&u=https%3A%2F%2Fblogs.technet.microsoft.com%2Fmsrc%2F2017%2F05%2F12%2Fcustomer-guidance-for-wannacrypt-attacks%2F&ep=F2VdodlYD%252C1401527553%252CF2VdodlYD%252C1401527553\" class=\"\"><span class=\"url-icon\"><img src=\"\/\/h5.sinaimg.cn\/upload\/2015\/09\/25\/3\/timeline_card_small_web_default.png\"><\/span><\/i><span class=\"surl-text\">\u7f51\u9875\u94fe\u63a5<\/a> <a data-url=\"http:\/\/t.cn\/RaotveZ\" target=\"_blank\" href=\"https:\/\/weibo.cn\/sinaurl\/blocked629122b6?q=KB4012598&luicode=10000011&lfid=1076031401527553&u=http%3A%2F%2Fwww.catalog.update.microsoft.com%2FSearch.aspx%3Fq%3DKB4012598&ep=F2VdodlYD%252C1401527553%252CF2VdodlYD%252C1401527553\" class=\"\"><span class=\"url-icon\"><img src=\"\/\/h5.sinaimg.cn\/upload\/2015\/09\/25\/3\/timeline_card_small_web_default.png\"><\/span><\/i><span class=\"surl-text\">\u7f51\u9875\u94fe\u63a5<\/a> \u200b\u200b\u200b","textLength":158,"source":"","favorited":false,"is_paid":false,"mblog_vip_type":0,"user":{"id":1401527553,"screen_name":"tombkeeper","profile_image_url":"https:\/\/tva2.sinaimg.cn\/crop.0.0.180.180.180\/53899d01jw8fcb9qpe7vbj2050050mx8.jpg","profile_url":"https:\/\/m.weibo.cn\/u\/1401527553?uid=1401527553&luicode=10000011&lfid=1076031401527553","statuses_count":15425,"verified":true,"verified_type":0,"verified_type_ext":1,"verified_reason":"\u77e5\u540d\u4e92\u8054\u7f51\u8d44\u8baf\u535a\u4e3b","close_blue_v":false,"description":"\u5fae\u535a\u672c\u5730\u8d44\u8baf\u535a\u4e3b\uff08\u521a\u679c\u5e03\u62c9\u67f4\u7ef4\u5c14\uff09","gender":"m","mbtype":12,"urank":48,"mbrank":6,"follow_me":false,"following":false,"followers_count":192533,"follow_count":277,"cover_image_phone":"https:\/\/tva1.sinaimg.cn\/crop.0.0.640.640.640\/549d0121tw1egm1kjly3jj20hs0hsq4f.jpg","avatar_hd":"https:\/\/ww2.sinaimg.cn\/orj480\/53899d01jw8fcb9qpe7vbj2050050mx8.jpg","like":false,"like_me":false,"badge":{"bind_taobao":1,"dzwbqlx_2016":1,"follow_whitelist_video":1,"hongbao_2018":1}},"reposts_count":400,"comments_count":61,"attitudes_count":161,"pending_approval_count":0,"isLongText":false,"visible":{"type":0,"list_id":0},"more_info_type":0,"content_auth":0,"edit_config":{"edited":false},"mblogtype":0,"bid":"F2VdodlYD"},"show_type":0},{"card_type":9,"itemid":"1076031401527553_-_4106955306201397","scheme":"https:\/\/m.weibo.cn\/status\/F2UWeq1gx?mblogid=F2UWeq1gx&luicode=10000011&lfid=1076031401527553","mblog":{"created_at":"2017-05-13","id":"4106955306201397","idstr":"4106955306201397","mid":"4106955306201397","can_edit":false,"text":"\u4f60\u4eec\u61d2\u5f97\u6253\u8865\u4e01\uff0c\u53c8\u4e0d\u613f\u4ea4\u8d4e\u91d1\uff0c\u771f\u7684\u8ba9\u6211\u5f88\u4e3a\u96be\u3002 \u200b\u200b\u200b","textLength":46,"source":"","favorited":false,"is_paid":false,"mblog_vip_type":0,"user":{"id":1401527553,"screen_name":"tombkeeper","profile_image_url":"https:\/\/tva2.sinaimg.cn\/crop.0.0.180.180.180\/53899d01jw8fcb9qpe7vbj2050050mx8.jpg","profile_url":"https:\/\/m.weibo.cn\/u\/1401527553?uid=1401527553&luicode=10000011&lfid=1076031401527553","statuses_count":15425,"verified":true,"verified_type":0,"verified_type_ext":1,"verified_reason":"\u77e5\u540d\u4e92\u8054\u7f51\u8d44\u8baf\u535a\u4e3b","close_blue_v":false,"description":"\u5fae\u535a\u672c\u5730\u8d44\u8baf\u535a\u4e3b\uff08\u521a\u679c\u5e03\u62c9\u67f4\u7ef4\u5c14\uff09","gender":"m","mbtype":12,"urank":48,"mbrank":6,"follow_me":false,"following":false,"followers_count":192533,"follow_count":277,"cover_image_phone":"https:\/\/tva1.sinaimg.cn\/crop.0.0.640.640.640\/549d0121tw1egm1kjly3jj20hs0hsq4f.jpg","avatar_hd":"https:\/\/ww2.sinaimg.cn\/orj480\/53899d01jw8fcb9qpe7vbj2050050mx8.jpg","like":false,"like_me":false,"badge":{"bind_taobao":1,"dzwbqlx_2016":1,"follow_whitelist_video":1,"hongbao_2018":1}},"reposts_count":75,"comments_count":66,"attitudes_count":189,"pending_approval_count":0,"isLongText":false,"visible":{"type":0,"list_id":0},"more_info_type":0,"content_auth":0,"edit_config":{"edited":false},"mblogtype":0,"bid":"F2UWeq1gx"},"show_type":0},{"card_type":9,"itemid":"1076031401527553_-_4106885164700874","scheme":"https:\/\/m.weibo.cn\/status\/F2T76jIUy?mblogid=F2T76jIUy&luicode=10000011&lfid=1076031401527553","mblog":{"created_at":"2017-05-13","id":"4106885164700874","idstr":"4106885164700874","mid":"4106885164700874","can_edit":false,"text":"\u4fc4\u7f57\u65af\u5c0f\u4f19\u5b50\u7a7f\u7740\u4e00\u6b21\u6027\u62d6\u978b\u5728\u9ed1 Cisco \u4ea4\u6362\u673a\uff1a \u200b\u200b\u200b","textLength":45,"source":"","favorited":false,"thumbnail_pic":"http:\/\/wx4.sinaimg.cn\/thumbnail\/53899d01gy1ffjibr5vjzj20qo0qoagh.jpg","bmiddle_pic":"http:\/\/wx4.sinaimg.cn\/bmiddle\/53899d01gy1ffjibr5vjzj20qo0qoagh.jpg","original_pic":"http:\/\/wx4.sinaimg.cn\/large\/53899d01gy1ffjibr5vjzj20qo0qoagh.jpg","is_paid":false,"mblog_vip_type":0,"user":{"id":1401527553,"screen_name":"tombkeeper","profile_image_url":"https:\/\/tva2.sinaimg.cn\/crop.0.0.180.180.180\/53899d01jw8fcb9qpe7vbj2050050mx8.jpg","profile_url":"https:\/\/m.weibo.cn\/u\/1401527553?uid=1401527553&luicode=10000011&lfid=1076031401527553","statuses_count":15425,"verified":true,"verified_type":0,"verified_type_ext":1,"verified_reason":"\u77e5\u540d\u4e92\u8054\u7f51\u8d44\u8baf\u535a\u4e3b","close_blue_v":false,"description":"\u5fae\u535a\u672c\u5730\u8d44\u8baf\u535a\u4e3b\uff08\u521a\u679c\u5e03\u62c9\u67f4\u7ef4\u5c14\uff09","gender":"m","mbtype":12,"urank":48,"mbrank":6,"follow_me":false,"following":false,"followers_count":192533,"follow_count":277,"cover_image_phone":"https:\/\/tva1.sinaimg.cn\/crop.0.0.640.640.640\/549d0121tw1egm1kjly3jj20hs0hsq4f.jpg","avatar_hd":"https:\/\/ww2.sinaimg.cn\/orj480\/53899d01jw8fcb9qpe7vbj2050050mx8.jpg","like":false,"like_me":false,"badge":{"bind_taobao":1,"dzwbqlx_2016":1,"follow_whitelist_video":1,"hongbao_2018":1}},"reposts_count":26,"comments_count":25,"attitudes_count":104,"pending_approval_count":0,"isLongText":false,"visible":{"type":0,"list_id":0},"more_info_type":0,"content_auth":0,"edit_config":{"edited":false},"mblogtype":0,"bid":"F2T76jIUy","pics":[{"pid":"53899d01gy1ffjibr5vjzj20qo0qoagh","url":"https:\/\/wx4.sinaimg.cn\/orj360\/53899d01gy1ffjibr5vjzj20qo0qoagh.jpg","size":"orj360","geo":{"width":360,"height":360,"croped":false},"large":{"size":"large","url":"https:\/\/wx4.sinaimg.cn\/large\/53899d01gy1ffjibr5vjzj20qo0qoagh.jpg","geo":{"width":"960","height":"960","croped":false}}},{"pid":"53899d01gy1ffjibj7pttj20qo0qote1","url":"https:\/\/wx1.sinaimg.cn\/orj360\/53899d01gy1ffjibj7pttj20qo0qote1.jpg","size":"orj360","geo":{"width":360,"height":360,"croped":false},"large":{"size":"large","url":"https:\/\/wx1.sinaimg.cn\/large\/53899d01gy1ffjibj7pttj20qo0qote1.jpg","geo":{"width":"960","height":"960","croped":false}}}]},"show_type":0},{"card_type":9,"itemid":"1076031401527553_-_4106872787798607","scheme":"https:\/\/m.weibo.cn\/status\/F2SN8wILZ?mblogid=F2SN8wILZ&luicode=10000011&lfid=1076031401527553","mblog":{"created_at":"2017-05-13","id":"4106872787798607","idstr":"4106872787798607","mid":"4106872787798607","can_edit":false,"text":"\u8239\u5927\u8fd8\u662f\u633a\u7a33\u7684\uff0c\u57fa\u672c\u611f\u89c9\u4e0d\u51fa\u662f\u5728\u6d77\u4e0a\u3002\u6211\u5267\u900f\u4e00\u4e0b\uff0c\u4eca\u5929\u9879\u76ee\u91cc\u6709\u4e2a Cisco \u7684 RCE 0day\u3002 \u200b\u200b\u200b","textLength":84,"source":"","favorited":false,"thumbnail_pic":"http:\/\/wx4.sinaimg.cn\/thumbnail\/53899d01gy1ffjglyzm72j20qo0qoq98.jpg","bmiddle_pic":"http:\/\/wx4.sinaimg.cn\/bmiddle\/53899d01gy1ffjglyzm72j20qo0qoq98.jpg","original_pic":"http:\/\/wx4.sinaimg.cn\/large\/53899d01gy1ffjglyzm72j20qo0qoq98.jpg","is_paid":false,"mblog_vip_type":0,"user":{"id":1401527553,"screen_name":"tombkeeper","profile_image_url":"https:\/\/tva2.sinaimg.cn\/crop.0.0.180.180.180\/53899d01jw8fcb9qpe7vbj2050050mx8.jpg","profile_url":"https:\/\/m.weibo.cn\/u\/1401527553?uid=1401527553&luicode=10000011&lfid=1076031401527553","statuses_count":15425,"verified":true,"verified_type":0,"verified_type_ext":1,"verified_reason":"\u77e5\u540d\u4e92\u8054\u7f51\u8d44\u8baf\u535a\u4e3b","close_blue_v":false,"description":"\u5fae\u535a\u672c\u5730\u8d44\u8baf\u535a\u4e3b\uff08\u521a\u679c\u5e03\u62c9\u67f4\u7ef4\u5c14\uff09","gender":"m","mbtype":12,"urank":48,"mbrank":6,"follow_me":false,"following":false,"followers_count":192533,"follow_count":277,"cover_image_phone":"https:\/\/tva1.sinaimg.cn\/crop.0.0.640.640.640\/549d0121tw1egm1kjly3jj20hs0hsq4f.jpg","avatar_hd":"https:\/\/ww2.sinaimg.cn\/orj480\/53899d01jw8fcb9qpe7vbj2050050mx8.jpg","like":false,"like_me":false,"badge":{"bind_taobao":1,"dzwbqlx_2016":1,"follow_whitelist_video":1,"hongbao_2018":1}},"reposts_count":6,"comments_count":22,"attitudes_count":84,"pending_approval_count":0,"isLongText":false,"visible":{"type":0,"list_id":0},"more_info_type":0,"content_auth":0,"edit_config":{"edited":false},"mblogtype":0,"bid":"F2SN8wILZ","pics":[{"pid":"53899d01gy1ffjglyzm72j20qo0qoq98","url":"https:\/\/wx4.sinaimg.cn\/orj360\/53899d01gy1ffjglyzm72j20qo0qoq98.jpg","size":"orj360","geo":{"width":360,"height":360,"croped":false},"large":{"size":"large","url":"https:\/\/wx4.sinaimg.cn\/large\/53899d01gy1ffjglyzm72j20qo0qoq98.jpg","geo":{"width":"960","height":"960","croped":false}}},{"pid":"53899d01gy1ffjgm7bowlj20zk0qon2d","url":"https:\/\/wx2.sinaimg.cn\/orj360\/53899d01gy1ffjgm7bowlj20zk0qon2d.jpg","size":"orj360","geo":{"width":360,"height":270,"croped":false},"large":{"size":"large","url":"https:\/\/wx2.sinaimg.cn\/large\/53899d01gy1ffjgm7bowlj20zk0qon2d.jpg","geo":{"width":"1280","height":"960","croped":false}}},{"pid":"53899d01gy1ffjglt8690j20qo0qpgol","url":"https:\/\/wx2.sinaimg.cn\/orj360\/53899d01gy1ffjglt8690j20qo0qpgol.jpg","size":"orj360","geo":{"width":360,"height":360,"croped":false},"large":{"size":"large","url":"https:\/\/wx2.sinaimg.cn\/large\/53899d01gy1ffjglt8690j20qo0qpgol.jpg","geo":{"width":"960","height":"961","croped":false}}}]},"show_type":0}],"showAppTips":0,"scheme":"sinaweibo:\/\/cardlist?containerid=1076031401527553&extparam=&luicode=10000011&lfid=&featurecode="}}